HIERARCHY
ROOT Root
{
  OFFSET 0.0 0.0 0.0
  CHANNELS 6 Xposition Yposition Zposition Zrotation Yrotation Xrotation
  JOINT Hips
  {
    OFFSET 0.0 100.0 0.0
    CHANNELS 6 Xposition Yposition Zposition Zrotation Yrotation Xrotation
    JOINT Spine1
    {
      OFFSET -0.013727 5.003763 -0.053727
      CHANNELS 3 Zrotation Yrotation Xrotation
      JOINT Spine2
      {
        OFFSET -0.0 7.125301 -0.029825
        CHANNELS 3 Zrotation Yrotation Xrotation
        JOINT Chest
        {
          OFFSET -1e-06 7.550063 -0.815971
          CHANNELS 3 Zrotation Yrotation Xrotation
          JOINT Neck1
          {
            OFFSET -0.181677 26.311295 -0.553348
            CHANNELS 3 Zrotation Yrotation Xrotation
            JOINT Neck2
            {
              OFFSET -3e-06 7.709397 2.302585
              CHANNELS 3 Zrotation Yrotation Xrotation
              JOINT Head
              {
                OFFSET -5e-06 6.128916 1.953709
                CHANNELS 3 Zrotation Yrotation Xrotation
                JOINT HeadEnd
                {
                  OFFSET 0.003598 16.065403 -1.835379
                  CHANNELS 3 Zrotation Yrotation Xrotation
                }
                JOINT Jaw
                {
                  OFFSET 0.002637 0.475592 3.094941
                  CHANNELS 3 Zrotation Yrotation Xrotation
                }
                JOINT LeftEye
                {
                  OFFSET 3.206381 5.380205 7.586883
                  CHANNELS 3 Zrotation Yrotation Xrotation
                }
                JOINT RightEye
                {
                  OFFSET -3.22244 5.361869 7.558234
                  CHANNELS 3 Zrotation Yrotation Xrotation
                }
              }
            }
          }
          JOINT LeftShoulder
          {
            OFFSET 1.621652 23.237164 5.113413
            CHANNELS 3 Zrotation Yrotation Xrotation
            JOINT LeftArm
            {
              OFFSET 14.919846 2e-06 -5.502326
              CHANNELS 3 Zrotation Yrotation Xrotation
              JOINT LeftForeArm
              {
                OFFSET 28.739307 0.0 -0.002588
                CHANNELS 3 Zrotation Yrotation Xrotation
                JOINT LeftHand
                {
                  OFFSET 27.093981 -1e-06 0.002609
                  CHANNELS 3 Zrotation Yrotation Xrotation
                  JOINT LeftHandThumb1
                  {
                    OFFSET 2.276482 -1.392045 3.191413
                    CHANNELS 3 Zrotation Yrotation Xrotation
                    JOINT LeftHandThumb2
                    {
                      OFFSET 4.012836 -1.828127 1.641654
                      CHANNELS 3 Zrotation Yrotation Xrotation
                      JOINT LeftHandThumb3
                      {
                        OFFSET 2.798515 0.0 -3e-06
                        CHANNELS 3 Zrotation Yrotation Xrotation
                        JOINT LeftHandThumbEnd
                        {
                          OFFSET 3.180793 -4e-06 4e-06
                          CHANNELS 3 Zrotation Yrotation Xrotation
                        }
                      }
                    }
                  }
                  JOINT LeftHandIndex1
                  {
                    OFFSET 3.247555 -0.531998 2.296169
                    CHANNELS 3 Zrotation Yrotation Xrotation
                    JOINT LeftHandIndex2
                    {
                      OFFSET 6.364578 0.01206 0.1786
                      CHANNELS 3 Zrotation Yrotation Xrotation
                      JOINT LeftHandIndex3
                      {
                        OFFSET 3.662364 0.0 0.0
                        CHANNELS 3 Zrotation Yrotation Xrotation
                        JOINT LeftHandIndex4
                        {
                          OFFSET 2.329242 4e-06 4e-06
                          CHANNELS 3 Zrotation Yrotation Xrotation
                          JOINT LeftHandIndexEnd
                          {
                            OFFSET 2.759615 -0.180537 -0.113024
                            CHANNELS 3 Zrotation Yrotation Xrotation
                          }
                        }
                      }
                    }
                  }
                  JOINT LeftHandMiddle1
                  {
                    OFFSET 3.163495 0.240981 1.000332
                    CHANNELS 3 Zrotation Yrotation Xrotation
                    JOINT LeftHandMiddle2
                    {
                      OFFSET 6.19078 -0.259278 -1.002548
                      CHANNELS 3 Zrotation Yrotation Xrotation
                      JOINT LeftHandMiddle3
                      {
                        OFFSET 4.35652 -4e-06 -1e-06
                        CHANNELS 3 Zrotation Yrotation Xrotation
                        JOINT LeftHandMiddle4
                        {
                          OFFSET 2.996877 -8e-06 0.0
                          CHANNELS 3 Zrotation Yrotation Xrotation
                          JOINT LeftHandMiddleEnd
                          {
                            OFFSET 2.304287 -0.294569 -0.031741
                            CHANNELS 3 Zrotation Yrotation Xrotation
                          }
                        }
                      }
                    }
                  }
                  JOINT LeftHandRing1
                  {
                    OFFSET 2.882643 -0.053652 -0.322543
                    CHANNELS 3 Zrotation Yrotation Xrotation
                    JOINT LeftHandRing2
                    {
                      OFFSET 5.854541 -0.486202 -1.373841
                      CHANNELS 3 Zrotation Yrotation Xrotation
                      JOINT LeftHandRing3
                      {
                        OFFSET 4.350578 0.0 3e-06
                        CHANNELS 3 Zrotation Yrotation Xrotation
                        JOINT LeftHandRing4
                        {
                          OFFSET 2.651321 7e-06 2e-06
                          CHANNELS 3 Zrotation Yrotation Xrotation
                          JOINT LeftHandRingEnd
                          {
                            OFFSET 1.936105 0.077687 -7.1e-05
                            CHANNELS 3 Zrotation Yrotation Xrotation
                          }
                        }
                      }
                    }
                  }
                  JOINT LeftHandPinky1
                  {
                    OFFSET 2.8655 -0.310005 -1.600378
                    CHANNELS 3 Zrotation Yrotation Xrotation
                    JOINT LeftHandPinky2
                    {
                      OFFSET 5.087849 -1.331141 -1.77123
                      CHANNELS 3 Zrotation Yrotation Xrotation
                      JOINT LeftHandPinky3
                      {
                        OFFSET 3.070974 4e-06 0.0
                        CHANNELS 3 Zrotation Yrotation Xrotation
                        JOINT LeftHandPinky4
                        {
                          OFFSET 1.549672 0.0 1e-06
                          CHANNELS 3 Zrotation Yrotation Xrotation
                          JOINT LeftHandPinkyEnd
                          {
                            OFFSET 1.944893 -0.157802 0.057219
                            CHANNELS 3 Zrotation Yrotation Xrotation
                          }
                        }
                      }
                    }
                  }
                }
              }
            }
          }
          JOINT RightShoulder
          {
            OFFSET -1.380118 23.180309 5.214158
            CHANNELS 3 Zrotation Yrotation Xrotation
            JOINT RightArm
            {
              OFFSET -15.037196 1.2e-05 -5.545604
              CHANNELS 3 Zrotation Yrotation Xrotation
              JOINT RightForeArm
              {
                OFFSET -28.736639 2e-06 -0.002597
                CHANNELS 3 Zrotation Yrotation Xrotation
                JOINT RightHand
                {
                  OFFSET -27.133619 -0.0 0.002613
                  CHANNELS 3 Zrotation Yrotation Xrotation
                  JOINT RightHandThumb1
                  {
                    OFFSET -2.274032 -1.383988 3.163127
                    CHANNELS 3 Zrotation Yrotation Xrotation
                    JOINT RightHandThumb2
                    {
                      OFFSET -4.011429 -1.827466 1.640914
                      CHANNELS 3 Zrotation Yrotation Xrotation
                      JOINT RightHandThumb3
                      {
                        OFFSET -2.794935 -4e-06 -3e-06
                        CHANNELS 3 Zrotation Yrotation Xrotation
                        JOINT RightHandThumbEnd
                        {
                          OFFSET -3.183852 4e-06 1e-06
                          CHANNELS 3 Zrotation Yrotation Xrotation
                        }
                      }
                    }
                  }
                  JOINT RightHandIndex1
                  {
                    OFFSET -3.253266 -0.520057 2.282866
                    CHANNELS 3 Zrotation Yrotation Xrotation
                    JOINT RightHandIndex2
                    {
                      OFFSET -6.341917 0.012471 0.178266
                      CHANNELS 3 Zrotation Yrotation Xrotation
                      JOINT RightHandIndex3
                      {
                        OFFSET -3.654871 -8e-06 -0.0
                        CHANNELS 3 Zrotation Yrotation Xrotation
                        JOINT RightHandIndex4
                        {
                          OFFSET -2.327586 0.0 1e-06
                          CHANNELS 3 Zrotation Yrotation Xrotation
                          JOINT RightHandIndexEnd
                          {
                            OFFSET -2.76179 -0.180656 -0.113078
                            CHANNELS 3 Zrotation Yrotation Xrotation
                          }
                        }
                      }
                    }
                  }
                  JOINT RightHandMiddle1
                  {
                    OFFSET -3.168106 0.246593 1.00103
                    CHANNELS 3 Zrotation Yrotation Xrotation
                    JOINT RightHandMiddle2
                    {
                      OFFSET -6.180828 -0.258836 -1.000895
                      CHANNELS 3 Zrotation Yrotation Xrotation
                      JOINT RightHandMiddle3
                      {
                        OFFSET -4.348901 0.0 -0.0
                        CHANNELS 3 Zrotation Yrotation Xrotation
                        JOINT RightHandMiddle4
                        {
                          OFFSET -3.00024 -4e-06 -2e-06
                          CHANNELS 3 Zrotation Yrotation Xrotation
                          JOINT RightHandMiddleEnd
                          {
                            OFFSET -2.30252 -0.29437 -0.031706
                            CHANNELS 3 Zrotation Yrotation Xrotation
                          }
                        }
                      }
                    }
                  }
                  JOINT RightHandRing1
                  {
                    OFFSET -2.88569 -0.067952 -0.308858
                    CHANNELS 3 Zrotation Yrotation Xrotation
                    JOINT RightHandRing2
                    {
                      OFFSET -5.854198 -0.48613 -1.373731
                      CHANNELS 3 Zrotation Yrotation Xrotation
                      JOINT RightHandRing3
                      {
                        OFFSET -4.33881 -4e-06 -0.0
                        CHANNELS 3 Zrotation Yrotation Xrotation
                        JOINT RightHandRing4
                        {
                          OFFSET -2.654903 -4e-06 4e-06
                          CHANNELS 3 Zrotation Yrotation Xrotation
                          JOINT RightHandRingEnd
                          {
                            OFFSET -1.933568 0.077527 -5.2e-05
                            CHANNELS 3 Zrotation Yrotation Xrotation
                          }
                        }
                      }
                    }
                  }
                  JOINT RightHandPinky1
                  {
                    OFFSET -2.866425 -0.342796 -1.584145
                    CHANNELS 3 Zrotation Yrotation Xrotation
                    JOINT RightHandPinky2
                    {
                      OFFSET -5.091371 -1.332055 -1.772385
                      CHANNELS 3 Zrotation Yrotation Xrotation
                      JOINT RightHandPinky3
                      {
                        OFFSET -3.062664 -4e-06 1e-06
                        CHANNELS 3 Zrotation Yrotation Xrotation
                        JOINT RightHandPinky4
                        {
                          OFFSET -1.546529 4e-06 -2e-06
                          CHANNELS 3 Zrotation Yrotation Xrotation
                          JOINT RightHandPinkyEnd
                          {
                            OFFSET -1.945119 -0.157718 0.057211
                            CHANNELS 3 Zrotation Yrotation Xrotation
                          }
                        }
                      }
                    }
                  }
                }
              }
            }
          }
        }
      }
    }
    JOINT LeftLeg
    {
      OFFSET 10.043214 -8.434526 2.595655
      CHANNELS 3 Zrotation Yrotation Xrotation
      JOINT LeftShin
      {
        OFFSET -1e-06 -43.221752 -0.802913
        CHANNELS 3 Zrotation Yrotation Xrotation
        JOINT LeftFoot
        {
          OFFSET 1e-06 -42.155094 -3.481523
          CHANNELS 3 Zrotation Yrotation Xrotation
          JOINT LeftToeBase
          {
            OFFSET 0.0 -5.059472 13.231529
            CHANNELS 3 Zrotation Yrotation Xrotation
            JOINT LeftToeEnd
            {
              OFFSET -0.009607 -1.647619 6.513017
              CHANNELS 3 Zrotation Yrotation Xrotation
            }
          }
        }
      }
    }
    JOINT RightLeg
    {
      OFFSET -10.047278 -8.29526 2.620317
      CHANNELS 3 Zrotation Yrotation Xrotation
      JOINT RightShin
      {
        OFFSET 1e-06 -43.362206 -0.805556
        CHANNELS 3 Zrotation Yrotation Xrotation
        JOINT RightFoot
        {
          OFFSET 2e-06 -42.117393 -3.478398
          CHANNELS 3 Zrotation Yrotation Xrotation
          JOINT RightToeBase
          {
            OFFSET -0.0 -5.079609 13.284196
            CHANNELS 3 Zrotation Yrotation Xrotation
            JOINT RightToeEnd
            {
              OFFSET 0.009532 -1.634378 6.460591
              CHANNELS 3 Zrotation Yrotation Xrotation
            }
          }
        }
      }
    }
  }
}
MOTION
Frames: 120
Frame Time: 0.03333333333333333
0.0 0.0 0.0 0.0 -0.0 0.0 -3.243411 93.682579 -1.491622 -1.053167 0.004987 -0.661082 -0.361705 -0.145504 4.34321 -0.314606 -1.996085 -3.193825 1.007739 -3.564667 5.495557 4.995918 1.272054 -2.460601 -0.913115 1.043402 -3.325205 0.170924 -0.342042 -12.713793 7.7e-05 -2.2e-05 6e-06 0.033717 0.089113 0.017334 0.712022 -3.660854 -10.507119 -0.641064 3.841955 -10.490408 -12.84588 -8.22866 12.45073 -57.587704 -9.702229 33.000851 -0.279704 -23.465662 0.018484 -3.995313 4.407379 -9.82207 -5.882102 9.861279 0.70259 -10.936861 -0.360574 7.156197 0.0 8.774815 -0.0 -17.121367 17.816303 5.415571 -1.844031 2.498503 -2.507276 -10.16359 4.678941 4.621104 -20.975996 -1e-06 1e-06 -21.226254 2.451698 -3.593995 0.0 -6e-06 -0.0 -1.362681 2.240797 -0.746323 -21.334892 0.58491 3.008319 -13.821196 -1e-06 1e-06 -23.887129 -0.249075 -0.839485 -61.028492 2.107775 -1.115411 -0.294025 1.679686 0.833255 -14.218195 0.093215 1.300579 -34.212002 -0.287561 0.967166 -20.033176 0.964536 1.212838 0.0 -0.0 0.0 -3.440387 0.788233 0.501655 -15.928172 -3.167306 2.999703 -6.338817 -0.0 1e-06 -18.123419 3.648181 -4.905662 -4e-06 0.0 -2e-06 12.783191 7.512928 10.624569 60.642895 7.409891 24.114319 0.560903 18.992743 0.040778 1.783331 -5.128427 -15.003766 2.24354 -5.255033 -3.180156 14.282877 -0.826594 6.952496 -0.0 -12.690593 -1e-06 16.510401 -17.502779 2.053035 1.665665 -1.95592 -2.878297 4.727794 -4.170584 4.993919 11.020511 1e-06 -0.0 12.109032 -3.735715 -2.866778 0.0 -0.0 0.0 1.291985 -1.928548 -1.498088 14.800115 0.567467 3.865604 14.242553 -1.341738 -6.660648 19.631935 0.143921 -0.648243 49.318089 -0.027661 -6.224989 0.353029 -1.51115 -0.03194 20.222769 3.684305 2.316629 18.787249 1e-06 -1e-06 10.751608 -0.47987 1.397903 0.0 -0.0 0.0 3.273804 0.305947 -0.58011 21.48679 11.830364 2.266131 8.162915 0.0 -0.0 18.399052 -3.798986 -4.940567 3e-06 0.0 -1e-06 6.058647 6.29933 12.997539 -0.206413 -0.232186 42.371414 -1.206619 -5.686974 9.834595 2.171231 -1.484282 -22.612589 0.0 -0.0 2e-06 2.759124 1.673357 -33.118443 0.084177 -0.14502 23.746481 -1.098578 -0.647311 10.069391 -1.330067 1.119725 -2.246498 0.0 -0.0 -1e-06 
0.0 0.0 0.0 0.0 -0.0 0.0 -3.967886 94.60099 3.637116 -2.759253 0.203638 -1.499255 0.588038 -0.010279 5.154521 -0.20306 -1.575305 -3.043187 1.905902 -3.410825 5.219125 4.531977 1.102981 -2.041256 -0.67263 0.83764 -3.408716 0.30316 -0.033969 -12.769579 7.7e-05 -2.2e-05 6e-06 0.021042 0.058449 -0.024163 0.724817 -3.686128 -10.536934 -0.680316 3.800326 -10.500186 -10.063323 -8.296798 12.341883 -60.410858 -10.113637 36.912125 -0.288419 -23.307127 0.046485 -7.210545 4.676355 -7.893575 -5.882102 9.861279 0.70259 -10.936861 -0.360574 7.156197 0.0 8.774815 -0.0 -16.866375 17.572823 5.526025 -1.844031 2.498503 -2.507276 -10.16359 4.678941 4.621104 -20.975996 -1e-06 1e-06 -21.226254 2.451698 -3.593995 0.0 -6e-06 -0.0 -1.362681 2.240797 -0.746323 -21.334892 0.58491 3.008319 -13.821196 -1e-06 1e-06 -23.887129 -0.249075 -0.839485 -60.634827 2.116924 -1.046807 -0.294025 1.679686 0.833255 -14.218195 0.093215 1.300579 -34.212002 -0.287561 0.967166 -20.033176 0.964536 1.212838 0.0 -0.0 0.0 -3.440387 0.788233 0.501655 -15.928172 -3.167306 2.999703 -6.338817 -0.0 1e-06 -18.123419 3.648181 -4.905662 -4e-06 0.0 -2e-06 10.530525 8.334792 10.93785 61.733315 8.689515 24.164003 1.024683 19.318699 0.149668 2.737491 -4.972847 -15.388234 2.24354 -5.255033 -3.180156 14.282877 -0.826594 6.952496 -0.0 -12.690593 -1e-06 16.40119 -17.440859 2.138518 1.665665 -1.95592 -2.878297 4.727794 -4.170584 4.993919 11.020511 1e-06 -0.0 12.109032 -3.735715 -2.866778 0.0 -0.0 0.0 1.291985 -1.928548 -1.498088 14.800115 0.567467 3.865604 14.242553 -1.341738 -6.660648 19.631935 0.143921 -0.648243 49.463833 -0.067961 -6.176697 0.353029 -1.51115 -0.03194 20.222769 3.684305 2.316629 18.787249 1e-06 -1e-06 10.751608 -0.47987 1.397903 0.0 -0.0 0.0 3.273804 0.305947 -0.58011 21.48679 11.830364 2.266131 8.162915 0.0 -0.0 18.399052 -3.798986 -4.940567 3e-06 0.0 -1e-06 8.099138 5.415362 5.993146 -0.055317 -0.372552 55.871223 -2.30855 -3.166091 17.304613 1.94741 -1.776989 -9.292418 0.0 -0.0 2e-06 5.272904 1.281186 -29.422598 0.122431 -0.069228 25.514435 -1.178704 -0.557698 5.44236 -1.380298 1.06589 -1.508795 0.0 -0.0 -1e-06 
0.0 0.0 0.0 0.0 -0.0 0.0 -4.474061 95.502502 8.87403 -3.578561 0.282612 -2.126074 1.215596 0.071109 5.66727 -0.161963 -1.148652 -2.896782 2.036823 -3.124719 5.159333 4.362201 0.97528 -1.441232 -0.552583 0.765116 -3.380378 0.509366 -0.097912 -13.111998 7.7e-05 -2.2e-05 6e-06 -0.002487 -0.006614 -0.013042 0.700106 -3.754801 -10.578291 -0.703528 3.738312 -10.521745 -9.053891 -8.051604 12.244051 -60.735435 -10.366876 39.341145 -0.212585 -24.148151 0.04595 -9.043412 4.552514 -7.364087 -5.882102 9.861279 0.70259 -10.936861 -0.360574 7.156197 0.0 8.774815 -0.0 -16.639986 17.774445 5.75523 -1.844031 2.498503 -2.507276 -10.16359 4.678941 4.621104 -20.975996 -1e-06 1e-06 -21.226254 2.451698 -3.593995 0.0 -6e-06 -0.0 -1.362681 2.240797 -0.746323 -21.334892 0.58491 3.008319 -13.821196 -1e-06 1e-06 -23.887129 -0.249075 -0.839485 -60.641937 2.350888 -1.177846 -0.294025 1.679686 0.833255 -14.218195 0.093215 1.300579 -34.212002 -0.287561 0.967166 -20.033176 0.964536 1.212838 0.0 -0.0 0.0 -3.440387 0.788233 0.501655 -15.928172 -3.167306 2.999703 -6.338817 -0.0 1e-06 -18.123419 3.648181 -4.905662 -4e-06 0.0 -2e-06 9.839151 8.999461 11.085598 61.221951 10.154851 24.133255 1.34684 20.289309 0.22093 2.401228 -4.786034 -15.652353 2.24354 -5.255033 -3.180156 14.282877 -0.826594 6.952496 -0.0 -12.690593 -1e-06 16.445021 -17.389408 2.236849 1.665665 -1.95592 -2.878297 4.727794 -4.170584 4.993919 11.020511 1e-06 -0.0 12.109032 -3.735715 -2.866778 0.0 -0.0 0.0 1.291985 -1.928548 -1.498088 14.800115 0.567467 3.865604 14.242553 -1.341738 -6.660648 19.631935 0.143921 -0.648243 49.608032 -0.152 -6.218412 0.353029 -1.51115 -0.03194 20.222769 3.684305 2.316629 18.787249 1e-06 -1e-06 10.751608 -0.47987 1.397903 0.0 -0.0 0.0 3.273804 0.305947 -0.58011 21.48679 11.830364 2.266131 8.162915 0.0 -0.0 18.399052 -3.798986 -4.940567 3e-06 0.0 -1e-06 8.814871 4.893208 -1.198363 -0.058269 -0.368979 65.460205 -1.277162 -1.250097 14.573145 1.956265 -1.892042 -5.285079 0.0 -0.0 2e-06 6.792305 0.03493 -25.46932 0.094152 -0.090096 26.389729 -1.013999 0.345551 1.21785 -1.401795 1.053876 -0.983416 0.0 -0.0 -1e-06 
0.0 0.0 0.0 0.0 -0.0 0.0 -4.889235 96.517502 13.865126 -3.638844 0.150629 -2.748502 1.510237 0.20347 5.968742 -0.183993 -0.713096 -2.773545 1.720756 -2.740072 5.256197 4.212804 1.028421 -0.634818 -0.601257 0.657449 -3.351002 0.664276 -0.31069 -13.212856 7.7e-05 -2.2e-05 6e-06 -0.015588 -0.047921 0.010049 0.668855 -3.799346 -10.606997 -0.69961 3.700673 -10.549617 -9.24449 -7.438084 11.960628 -59.631432 -10.245566 39.844513 -0.308668 -25.35037 0.078202 -9.091975 4.100602 -7.30267 -5.882102 9.861279 0.70259 -10.936861 -0.360574 7.156197 0.0 8.774815 -0.0 -16.497795 17.928699 5.891417 -1.844031 2.498503 -2.507276 -10.16359 4.678941 4.621104 -20.975996 -1e-06 1e-06 -21.226254 2.451698 -3.593995 0.0 -6e-06 -0.0 -1.362681 2.240797 -0.746323 -21.334892 0.58491 3.008319 -13.821196 -1e-06 1e-06 -23.887129 -0.249075 -0.839485 -60.68005 2.571291 -1.313141 -0.294025 1.679686 0.833255 -14.218195 0.093215 1.300579 -34.212002 -0.287561 0.967166 -20.033176 0.964536 1.212838 0.0 -0.0 0.0 -3.440387 0.788233 0.501655 -15.928172 -3.167306 2.999703 -6.338817 -0.0 1e-06 -18.123419 3.648181 -4.905662 -4e-06 0.0 -2e-06 10.082802 9.618484 11.226695 59.87352 11.573668 23.637232 1.435278 21.524963 0.274273 1.198923 -4.576926 -15.499806 2.24354 -5.255033 -3.180156 14.282877 -0.826594 6.952496 -0.0 -12.690593 -1e-06 16.53174 -17.441442 2.287232 1.665665 -1.95592 -2.878297 4.727794 -4.170584 4.993919 11.020511 1e-06 -0.0 12.109032 -3.735715 -2.866778 0.0 -0.0 0.0 1.291985 -1.928548 -1.498088 14.800115 0.567467 3.865604 14.242553 -1.341738 -6.660648 19.631935 0.143921 -0.648243 49.628571 -0.241618 -6.351093 0.353029 -1.51115 -0.03194 20.222769 3.684305 2.316629 18.787249 1e-06 -1e-06 10.751608 -0.47987 1.397903 0.0 -0.0 0.0 3.273804 0.305947 -0.58011 21.48679 11.830364 2.266131 8.162915 0.0 -0.0 18.399052 -3.798986 -4.940567 3e-06 0.0 -1e-06 8.544559 5.280033 -8.076182 -0.113477 -0.196576 70.220528 0.57614 0.192203 9.235925 1.946593 -1.903775 -5.066044 0.0 -0.0 2e-06 7.282958 -1.345655 -20.743168 0.089098 -0.103199 25.337452 -0.777226 1.777159 -1.816377 -1.4097 1.060675 -0.721644 0.0 -0.0 -1e-06 
0.0 0.0 0.0 0.0 -0.0 0.0 -5.24055 97.47052 18.838478 -3.35649 -0.161431 -3.537036 1.709462 0.395254 6.274641 -0.236883 -0.252761 -2.593917 1.218928 -2.353862 5.38979 3.910871 1.149357 0.267055 -0.676394 0.518427 -3.358158 0.798447 -0.613017 -13.177126 7.7e-05 -2.2e-05 6e-06 -0.020859 -0.079702 0.034948 0.650745 -3.831307 -10.615912 -0.693753 3.668586 -10.572662 -9.738498 -6.687259 11.644754 -58.281296 -9.997683 39.341072 -0.347791 -26.520601 0.084459 -8.297713 3.588597 -7.246027 -5.882102 9.861279 0.70259 -10.936861 -0.360574 7.156197 0.0 8.774815 -0.0 -16.439293 18.01265 5.948474 -1.844031 2.498503 -2.507276 -10.16359 4.678941 4.621104 -20.975996 -1e-06 1e-06 -21.226254 2.451698 -3.593995 0.0 -6e-06 -0.0 -1.362681 2.240797 -0.746323 -21.334892 0.58491 3.008319 -13.821196 -1e-06 1e-06 -23.887129 -0.249075 -0.839485 -60.731522 2.662832 -1.346437 -0.294025 1.679686 0.833255 -14.218195 0.093215 1.300579 -34.212002 -0.287561 0.967166 -20.033176 0.964536 1.212838 0.0 -0.0 0.0 -3.440387 0.788233 0.501655 -15.928172 -3.167306 2.999703 -6.338817 -0.0 1e-06 -18.123419 3.648181 -4.905662 -4e-06 0.0 -2e-06 10.360091 10.326406 11.328461 58.536476 12.906006 22.824223 1.430959 22.75997 0.333688 -0.095971 -4.352806 -15.585547 2.24354 -5.255033 -3.180156 14.282877 -0.826594 6.952496 -0.0 -12.690593 -1e-06 16.467649 -17.447536 2.363322 1.665665 -1.95592 -2.878297 4.727794 -4.170584 4.993919 11.020511 1e-06 -0.0 12.109032 -3.735715 -2.866778 0.0 -0.0 0.0 1.291985 -1.928548 -1.498088 14.800115 0.567467 3.865604 14.242553 -1.341738 -6.660648 19.631935 0.143921 -0.648243 49.474266 -0.336517 -6.433424 0.353029 -1.51115 -0.03194 20.222769 3.684305 2.316629 18.787249 1e-06 -1e-06 10.751608 -0.47987 1.397903 0.0 -0.0 0.0 3.273804 0.305947 -0.58011 21.48679 11.830364 2.266131 8.162915 0.0 -0.0 18.399052 -3.798986 -4.940567 3e-06 0.0 -1e-06 7.678883 6.500572 -13.974643 -0.133489 -0.054373 70.683167 2.312229 1.590583 4.984817 1.943436 -1.917246 -5.466627 0.0 -0.0 2e-06 7.150316 -2.760263 -15.289879 0.127142 -0.085765 23.090603 -0.550053 3.40177 -4.172497 -1.409106 1.031014 -0.645634 0.0 -0.0 -1e-06 
0.0 0.0 0.0 0.0 -0.0 0.0 -5.557892 98.140015 24.061962 -3.045797 -0.682042 -4.44135 1.906148 0.57666 6.637323 -0.278075 0.226975 -2.370778 0.720436 -1.985175 5.548607 3.443876 1.319779 1.060703 -0.733595 0.327573 -3.416888 0.955656 -0.956331 -13.096935 7.7e-05 -2.2e-05 6e-06 -0.023098 -0.10601 0.050917 0.639711 -3.852287 -10.605707 -0.689103 3.636354 -10.587475 -10.343363 -5.988055 11.404484 -57.017902 -9.652504 38.027622 -0.317753 -27.511415 0.058653 -7.165958 3.147332 -7.399055 -5.882102 9.861279 0.70259 -10.936861 -0.360574 7.156197 0.0 8.774815 -0.0 -16.386271 18.057436 5.994083 -1.844031 2.498503 -2.507276 -10.16359 4.678941 4.621104 -20.975996 -1e-06 1e-06 -21.226254 2.451698 -3.593995 0.0 -6e-06 -0.0 -1.362681 2.240797 -0.746323 -21.334892 0.58491 3.008319 -13.821196 -1e-06 1e-06 -23.887129 -0.249075 -0.839485 -60.778118 2.651028 -1.261478 -0.294025 1.679686 0.833255 -14.218195 0.093215 1.300579 -34.212002 -0.287561 0.967166 -20.033176 0.964536 1.212838 0.0 -0.0 0.0 -3.440387 0.788233 0.501655 -15.928172 -3.167306 2.999703 -6.338817 -0.0 1e-06 -18.123419 3.648181 -4.905662 -4e-06 0.0 -2e-06 10.622279 11.074667 11.453399 57.176773 14.205305 22.026867 1.394584 24.036572 0.415028 -1.093266 -4.066593 -16.100208 2.24354 -5.255033 -3.180156 14.282877 -0.826594 6.952496 -0.0 -12.690593 -1e-06 16.267332 -17.406013 2.494446 1.665665 -1.95592 -2.878297 4.727794 -4.170584 4.993919 11.020511 1e-06 -0.0 12.109032 -3.735715 -2.866778 0.0 -0.0 0.0 1.291985 -1.928548 -1.498088 14.800115 0.567467 3.865604 14.242553 -1.341738 -6.660648 19.631935 0.143921 -0.648243 49.325668 -0.431893 -6.39313 0.353029 -1.51115 -0.03194 20.222769 3.684305 2.316629 18.787249 1e-06 -1e-06 10.751608 -0.47987 1.397903 0.0 -0.0 0.0 3.273804 0.305947 -0.58011 21.48679 11.830364 2.266131 8.162915 0.0 -0.0 18.399052 -3.798986 -4.940567 3e-06 0.0 -1e-06 6.625264 8.12971 -18.602957 -0.072412 0.106142 67.534019 3.321346 2.647542 1.618364 1.930506 -1.94394 -5.818326 0.0 -0.0 2e-06 6.748235 -3.8444 -9.397243 0.166358 -0.056492 20.470343 -0.489227 4.87709 -6.452078 -1.408617 0.976724 -0.732177 0.0 -0.0 -1e-06 
0.0 0.0 0.0 0.0 -0.0 0.0 -5.772951 98.373985 29.312002 -2.951888 -1.361921 -5.344739 2.183681 0.660682 7.026491 -0.275965 0.703777 -2.168646 0.351032 -1.64194 5.776034 2.890955 1.505422 1.646098 -0.759676 0.194903 -3.488275 1.104365 -1.307054 -13.097852 7.7e-05 -2.2e-05 6e-06 -0.020885 -0.109235 0.060934 0.625449 -3.849294 -10.572921 -0.672331 3.626726 -10.581192 -11.109968 -5.407941 11.252276 -55.851181 -9.200613 36.138664 -0.221431 -28.335846 0.001844 -5.912426 2.818097 -8.061656 -5.882102 9.861279 0.70259 -10.936861 -0.360574 7.156197 0.0 8.774815 -0.0 -16.326935 18.023659 6.012979 -1.844031 2.498503 -2.507276 -10.16359 4.678941 4.621104 -20.975996 -1e-06 1e-06 -21.226254 2.451698 -3.593995 0.0 -6e-06 -0.0 -1.362681 2.240797 -0.746323 -21.334892 0.58491 3.008319 -13.821196 -1e-06 1e-06 -23.887129 -0.249075 -0.839485 -60.724365 2.596481 -1.06638 -0.294025 1.679686 0.833255 -14.218195 0.093215 1.300579 -34.212002 -0.287561 0.967166 -20.033176 0.964536 1.212838 0.0 -0.0 0.0 -3.440387 0.788233 0.501655 -15.928172 -3.167306 2.999703 -6.338817 -0.0 1e-06 -18.123419 3.648181 -4.905662 -4e-06 0.0 -2e-06 11.031751 11.816525 11.671778 55.638264 15.472671 21.327265 1.25594 25.566168 0.438936 -1.876147 -3.684404 -17.047697 2.24354 -5.255033 -3.180156 14.282877 -0.826594 6.952496 -0.0 -12.690593 -1e-06 16.051487 -17.386972 2.652854 1.665665 -1.95592 -2.878297 4.727794 -4.170584 4.993919 11.020511 1e-06 -0.0 12.109032 -3.735715 -2.866778 0.0 -0.0 0.0 1.291985 -1.928548 -1.498088 14.800115 0.567467 3.865604 14.242553 -1.341738 -6.660648 19.631935 0.143921 -0.648243 49.29018 -0.497362 -6.273644 0.353029 -1.51115 -0.03194 20.222769 3.684305 2.316629 18.787249 1e-06 -1e-06 10.751608 -0.47987 1.397903 0.0 -0.0 0.0 3.273804 0.305947 -0.58011 21.48679 11.830364 2.266131 8.162915 0.0 -0.0 18.399052 -3.798986 -4.940567 3e-06 0.0 -1e-06 5.765669 9.644587 -22.069689 0.069936 0.290371 61.242672 3.166883 2.778068 -0.710507 1.893973 -1.976367 -5.963416 0.0 -0.0 2e-06 6.409791 -4.226682 -3.6052 0.167628 -0.012295 17.998817 -0.661664 5.856031 -8.798656 -1.409051 0.936802 -0.876567 0.0 -0.0 -1e-06 
0.0 0.0 0.0 0.0 -0.0 0.0 -5.829579 98.104958 34.328842 -3.182863 -2.221027 -6.082555 2.626178 0.605986 7.35882 -0.224212 1.143062 -2.015893 0.168194 -1.282754 6.065207 2.2469 1.684554 2.016445 -0.737428 0.155849 -3.524219 1.201735 -1.615861 -13.35593 7.7e-05 -2.2e-05 6e-06 -0.013702 -0.073133 0.067628 0.610309 -3.808956 -10.535704 -0.644764 3.658726 -10.570583 -12.004338 -4.853646 11.146524 -54.945179 -8.748809 34.116585 0.002455 -28.794493 -0.090778 -4.673856 2.592576 -9.253897 -5.882102 9.861279 0.70259 -10.936861 -0.360574 7.156197 0.0 8.774815 -0.0 -16.285084 17.950262 5.963895 -1.844031 2.498503 -2.507276 -10.16359 4.678941 4.621104 -20.975996 -1e-06 1e-06 -21.226254 2.451698 -3.593995 0.0 -6e-06 -0.0 -1.362681 2.240797 -0.746323 -21.334892 0.58491 3.008319 -13.821196 -1e-06 1e-06 -23.887129 -0.249075 -0.839485 -60.52523 2.567183 -0.913758 -0.294025 1.679686 0.833255 -14.218195 0.093215 1.300579 -34.212002 -0.287561 0.967166 -20.033176 0.964536 1.212838 0.0 -0.0 0.0 -3.440387 0.788233 0.501655 -15.928172 -3.167306 2.999703 -6.338817 -0.0 1e-06 -18.123419 3.648181 -4.905662 -4e-06 0.0 -2e-06 11.43203 12.542989 11.946147 54.149815 16.734877 20.650677 1.052215 27.245996 0.39657 -2.630293 -3.210293 -18.530657 2.24354 -5.255033 -3.180156 14.282877 -0.826594 6.952496 -0.0 -12.690593 -1e-06 15.879314 -17.392771 2.781374 1.665665 -1.95592 -2.878297 4.727794 -4.170584 4.993919 11.020511 1e-06 -0.0 12.109032 -3.735715 -2.866778 0.0 -0.0 0.0 1.291985 -1.928548 -1.498088 14.800115 0.567467 3.865604 14.242553 -1.341738 -6.660648 19.631935 0.143921 -0.648243 49.269756 -0.524397 -6.162716 0.353029 -1.51115 -0.03194 20.222769 3.684305 2.316629 18.787249 1e-06 -1e-06 10.751608 -0.47987 1.397903 0.0 -0.0 0.0 3.273804 0.305947 -0.58011 21.48679 11.830364 2.266131 8.162915 0.0 -0.0 18.399052 -3.798986 -4.940567 3e-06 0.0 -1e-06 5.342577 10.468101 -24.473963 0.220378 0.412282 52.452255 2.020953 2.540318 -1.418503 1.852774 -2.027359 -6.030705 0.0 -0.0 2e-06 6.39395 -4.037329 1.371196 0.138474 0.06858 16.467768 -1.181328 6.445538 -11.455483 -1.410217 0.917512 -0.937871 0.0 -0.0 -1e-06 
0.0 0.0 0.0 0.0 -0.0 0.0 -5.724359 97.413406 39.337578 -3.728805 -3.328308 -6.559811 3.234567 0.454521 7.585243 -0.141869 1.495021 -1.902536 0.204329 -0.847388 6.363688 1.497087 1.894381 2.245817 -0.663523 0.192066 -3.518348 1.265568 -1.789475 -13.903415 7.7e-05 -2.2e-05 6e-06 -0.003142 -0.022598 0.076895 0.606329 -3.757882 -10.520281 -0.621414 3.70992 -10.577512 -12.978745 -4.22367 10.987614 -54.400608 -8.331079 32.076199 0.185383 -28.703566 -0.152386 -3.404549 2.515225 -10.473411 -5.882102 9.861279 0.70259 -10.936861 -0.360574 7.156197 0.0 8.774815 -0.0 -16.189466 17.901102 5.915058 -1.844031 2.498503 -2.507276 -10.16359 4.678941 4.621104 -20.975996 -1e-06 1e-06 -21.226254 2.451698 -3.593995 0.0 -6e-06 -0.0 -1.362681 2.240797 -0.746323 -21.334892 0.58491 3.008319 -13.821196 -1e-06 1e-06 -23.887129 -0.249075 -0.839485 -60.304234 2.559912 -0.875143 -0.294025 1.679686 0.833255 -14.218195 0.093215 1.300579 -34.212002 -0.287561 0.967166 -20.033176 0.964536 1.212838 0.0 -0.0 0.0 -3.440387 0.788233 0.501655 -15.928172 -3.167306 2.999703 -6.338817 -0.0 1e-06 -18.123419 3.648181 -4.905662 -4e-06 0.0 -2e-06 11.715032 13.271497 12.183684 52.888306 18.004318 20.052689 0.902356 28.78738 0.336368 -3.266163 -2.768702 -20.200926 2.24354 -5.255033 -3.180156 14.282877 -0.826594 6.952496 -0.0 -12.690593 -1e-06 15.783355 -17.391176 2.831484 1.665665 -1.95592 -2.878297 4.727794 -4.170584 4.993919 11.020511 1e-06 -0.0 12.109032 -3.735715 -2.866778 0.0 -0.0 0.0 1.291985 -1.928548 -1.498088 14.800115 0.567467 3.865604 14.242553 -1.341738 -6.660648 19.631935 0.143921 -0.648243 49.241436 -0.556706 -6.11117 0.353029 -1.51115 -0.03194 20.222769 3.684305 2.316629 18.787249 1e-06 -1e-06 10.751608 -0.47987 1.397903 0.0 -0.0 0.0 3.273804 0.305947 -0.58011 21.48679 11.830364 2.266131 8.162915 0.0 -0.0 18.399052 -3.798986 -4.940567 3e-06 0.0 -1e-06 5.473486 10.696699 -25.816021 0.282814 0.47009 41.361782 0.486784 2.546481 -0.235275 1.803919 -2.059062 -5.969789 0.0 -0.0 2e-06 6.628487 -3.536964 5.759883 0.077104 0.156271 15.647834 -1.878963 6.866986 -14.481118 -1.411356 0.929347 -0.912685 0.0 -0.0 -1e-06 
0.0 0.0 0.0 0.0 -0.0 0.0 -5.482831 96.4254 44.511967 -4.430851 -4.705277 -6.816391 3.921577 0.346837 7.769131 -0.046403 1.707468 -1.811904 0.384504 -0.383676 6.582381 0.710323 2.176899 2.397514 -0.592972 0.234591 -3.509877 1.412178 -1.75882 -14.550115 7.7e-05 -2.2e-05 6e-06 0.008914 0.016972 0.083553 0.618266 -3.726051 -10.545294 -0.610816 3.759222 -10.603691 -13.966549 -3.521371 10.832894 -54.272831 -8.016595 29.860764 0.163697 -27.900772 -0.145879 -2.213921 2.65783 -11.155094 -5.882102 9.861279 0.70259 -10.936861 -0.360574 7.156197 0.0 8.774815 -0.0 -16.035486 17.865583 5.931733 -1.844031 2.498503 -2.507276 -10.16359 4.678941 4.621104 -20.975996 -1e-06 1e-06 -21.226254 2.451698 -3.593995 0.0 -6e-06 -0.0 -1.362681 2.240797 -0.746323 -21.334892 0.58491 3.008319 -13.821196 -1e-06 1e-06 -23.887129 -0.249075 -0.839485 -60.158417 2.576255 -0.835757 -0.294025 1.679686 0.833255 -14.218195 0.093215 1.300579 -34.212002 -0.287561 0.967166 -20.033176 0.964536 1.212838 0.0 -0.0 0.0 -3.440387 0.788233 0.501655 -15.928172 -3.167306 2.999703 -6.338817 -0.0 1e-06 -18.123419 3.648181 -4.905662 -4e-06 0.0 -2e-06 11.789095 14.028242 12.289978 52.108906 19.31122 19.91305 0.796779 29.674204 0.275617 -3.526163 -2.537908 -21.431211 2.24354 -5.255033 -3.180156 14.282877 -0.826594 6.952496 -0.0 -12.690593 -1e-06 15.759414 -17.291344 2.798865 1.665665 -1.95592 -2.878297 4.727794 -4.170584 4.993919 11.020511 1e-06 -0.0 12.109032 -3.735715 -2.866778 0.0 -0.0 0.0 1.291985 -1.928548 -1.498088 14.800115 0.567467 3.865604 14.242553 -1.341738 -6.660648 19.631935 0.143921 -0.648243 49.199337 -0.596959 -6.093589 0.353029 -1.51115 -0.03194 20.222769 3.684305 2.316629 18.787249 1e-06 -1e-06 10.751608 -0.47987 1.397903 0.0 -0.0 0.0 3.273804 0.305947 -0.58011 21.48679 11.830364 2.266131 8.162915 0.0 -0.0 18.399052 -3.798986 -4.940567 3e-06 0.0 -1e-06 6.095242 10.663732 -26.016968 0.217334 0.502074 28.64683 -1.161571 2.938849 1.420733 1.765074 -2.060901 -5.500661 0.0 -0.0 2e-06 6.873433 -2.930671 10.165249 -0.005406 0.21511 14.577982 -2.498647 7.425126 -17.466888 -1.416916 0.961995 -1.086823 0.0 -0.0 -1e-06 
0.0 0.0 0.0 0.0 -0.0 0.0 -5.147149 95.309952 49.826256 -5.084862 -6.242431 -6.872966 4.512328 0.240059 7.930139 0.030947 1.881686 -1.789684 0.621173 -0.006419 6.757086 0.014255 2.45162 2.363137 -0.568624 0.517779 -3.400399 1.564007 -1.514798 -15.251232 7.7e-05 -2.2e-05 6e-06 0.02783 0.099471 0.111677 0.642874 -3.65942 -10.541165 -0.599022 3.858157 -10.603559 -15.004011 -2.7205 10.770488 -54.475853 -7.853774 27.475752 0.114327 -26.419563 -0.122078 -1.255107 2.942452 -11.361348 -5.882102 9.861279 0.70259 -10.936861 -0.360574 7.156197 0.0 8.774815 -0.0 -16.011492 17.905014 5.950793 -1.844031 2.498503 -2.507276 -10.16359 4.678941 4.621104 -20.975996 -1e-06 1e-06 -21.226254 2.451698 -3.593995 0.0 -6e-06 -0.0 -1.362681 2.240797 -0.746323 -21.334892 0.58491 3.008319 -13.821196 -1e-06 1e-06 -23.887129 -0.249075 -0.839485 -60.215576 2.532092 -0.759451 -0.294025 1.679686 0.833255 -14.218195 0.093215 1.300579 -34.212002 -0.287561 0.967166 -20.033176 0.964536 1.212838 0.0 -0.0 0.0 -3.440387 0.788233 0.501655 -15.928172 -3.167306 2.999703 -6.338817 -0.0 1e-06 -18.123419 3.648181 -4.905662 -4e-06 0.0 -2e-06 11.683154 14.850196 12.264519 51.877037 20.645247 20.269596 0.747289 29.655008 0.307505 -3.213522 -2.575464 -21.835457 2.24354 -5.255033 -3.180156 14.282877 -0.826594 6.952496 -0.0 -12.690593 -1e-06 15.844388 -17.190498 2.722486 1.665665 -1.95592 -2.878297 4.727794 -4.170584 4.993919 11.020511 1e-06 -0.0 12.109032 -3.735715 -2.866778 0.0 -0.0 0.0 1.291985 -1.928548 -1.498088 14.800115 0.567467 3.865604 14.242553 -1.341738 -6.660648 19.631935 0.143921 -0.648243 49.3643 -0.754292 -6.106706 0.353029 -1.51115 -0.03194 20.222769 3.684305 2.316629 18.787249 1e-06 -1e-06 10.751608 -0.47987 1.397903 0.0 -0.0 0.0 3.273804 0.305947 -0.58011 21.48679 11.830364 2.266131 8.162915 0.0 -0.0 18.399052 -3.798986 -4.940567 3e-06 0.0 -1e-06 7.063947 10.065637 -25.552008 0.034947 0.35382 15.565128 -3.231212 3.6407 2.069865 1.660357 -2.177386 -5.030373 0.0 -0.0 2e-06 6.770698 -2.453473 14.473573 -0.088897 0.177303 13.55316 -2.900791 8.153835 -19.745079 -1.437079 0.911839 -1.700108 0.0 -0.0 -1e-06 
0.0 0.0 0.0 0.0 -0.0 0.0 -4.708302 94.2155 55.341179 -5.43211 -7.773098 -6.551066 4.78368 0.10427 7.816486 0.081255 2.165795 -1.855327 0.858526 0.148878 6.946308 -0.690223 2.721306 2.112187 -0.480535 0.923873 -3.381415 1.741028 -1.176322 -15.641545 7.7e-05 -2.2e-05 6e-06 0.025881 0.100788 0.132584 0.616511 -3.665504 -10.510945 -0.577857 3.866654 -10.556481 -16.101898 -2.072948 10.609134 -54.919674 -7.489723 25.298704 0.126758 -24.43507 -0.08942 -0.57189 3.051273 -11.730379 -5.882102 9.861279 0.70259 -10.936861 -0.360574 7.156197 0.0 8.774815 -0.0 -16.021776 17.912849 5.917222 -1.844031 2.498503 -2.507276 -10.16359 4.678941 4.621104 -20.975996 -1e-06 1e-06 -21.226254 2.451698 -3.593995 0.0 -6e-06 -0.0 -1.362681 2.240797 -0.746323 -21.334892 0.58491 3.008319 -13.821196 -1e-06 1e-06 -23.887129 -0.249075 -0.839485 -60.335964 2.562086 -0.826811 -0.294025 1.679686 0.833255 -14.218195 0.093215 1.300579 -34.212002 -0.287561 0.967166 -20.033176 0.964536 1.212838 0.0 -0.0 0.0 -3.440387 0.788233 0.501655 -15.928172 -3.167306 2.999703 -6.338817 -0.0 1e-06 -18.123419 3.648181 -4.905662 -4e-06 0.0 -2e-06 11.689586 15.642202 12.272232 51.821178 21.882097 21.047287 0.655517 29.024868 0.327606 -2.235688 -2.870938 -21.800241 2.24354 -5.255033 -3.180156 14.282877 -0.826594 6.952496 -0.0 -12.690593 -1e-06 15.815758 -17.151958 2.696388 1.665665 -1.95592 -2.878297 4.727794 -4.170584 4.993919 11.020511 1e-06 -0.0 12.109032 -3.735715 -2.866778 0.0 -0.0 0.0 1.291985 -1.928548 -1.498088 14.800115 0.567467 3.865604 14.242553 -1.341738 -6.660648 19.631935 0.143921 -0.648243 49.457981 -0.744759 -6.130049 0.353029 -1.51115 -0.03194 20.222769 3.684305 2.316629 18.787249 1e-06 -1e-06 10.751608 -0.47987 1.397903 0.0 -0.0 0.0 3.273804 0.305947 -0.58011 21.48679 11.830364 2.266131 8.162915 0.0 -0.0 18.399052 -3.798986 -4.940567 3e-06 0.0 -1e-06 7.648902 9.560374 -25.327232 -0.088151 0.179242 5.005952 -5.8785 4.677366 1.780155 1.485079 -2.324599 -5.148882 0.0 -0.0 2e-06 6.004059 -1.983757 18.48604 -0.100976 0.159383 12.597583 -2.904596 9.315059 -20.697741 -1.436062 0.83978 -2.965966 0.0 -0.0 -1e-06 
0.0 0.0 0.0 0.0 -0.0 0.0 -4.207521 93.211555 61.012478 -5.46351 -9.006401 -5.924109 4.772723 0.080138 7.538292 0.093188 2.46014 -1.980681 0.990196 0.18859 6.992187 -1.192505 2.823236 1.637771 -0.294401 1.158213 -3.37145 1.808042 -0.79734 -15.7616 7.7e-05 -2.2e-05 6e-06 0.013532 0.051725 0.136038 0.590783 -3.710204 -10.473423 -0.577779 3.814013 -10.509197 -16.91083 -1.709002 10.456428 -55.47847 -6.978906 24.20676 0.174893 -22.751209 -0.060151 -0.24247 3.135226 -12.308238 -5.882102 9.861279 0.70259 -10.936861 -0.360574 7.156197 0.0 8.774815 -0.0 -16.071997 17.866951 5.884623 -1.844031 2.498503 -2.507276 -10.16359 4.678941 4.621104 -20.975996 -1e-06 1e-06 -21.226254 2.451698 -3.593995 0.0 -6e-06 -0.0 -1.362681 2.240797 -0.746323 -21.334892 0.58491 3.008319 -13.821196 -1e-06 1e-06 -23.887129 -0.249075 -0.839485 -60.38821 2.542499 -0.886166 -0.294025 1.679686 0.833255 -14.218195 0.093215 1.300579 -34.212002 -0.287561 0.967166 -20.033176 0.964536 1.212838 0.0 -0.0 0.0 -3.440387 0.788233 0.501655 -15.928172 -3.167306 2.999703 -6.338817 -0.0 1e-06 -18.123419 3.648181 -4.905662 -4e-06 0.0 -2e-06 11.647263 16.099466 12.265647 52.191933 22.729513 21.768368 0.578456 28.28524 0.377007 -1.233473 -3.049268 -21.634172 2.24354 -5.255033 -3.180156 14.282877 -0.826594 6.952496 -0.0 -12.690593 -1e-06 15.842329 -17.130869 2.634443 1.665665 -1.95592 -2.878297 4.727794 -4.170584 4.993919 11.020511 1e-06 -0.0 12.109032 -3.735715 -2.866778 0.0 -0.0 0.0 1.291985 -1.928548 -1.498088 14.800115 0.567467 3.865604 14.242553 -1.341738 -6.660648 19.631935 0.143921 -0.648243 49.555798 -0.664688 -6.199332 0.353029 -1.51115 -0.03194 20.222769 3.684305 2.316629 18.787249 1e-06 -1e-06 10.751608 -0.47987 1.397903 0.0 -0.0 0.0 3.273804 0.305947 -0.58011 21.48679 11.830364 2.266131 8.162915 0.0 -0.0 18.399052 -3.798986 -4.940567 3e-06 0.0 -1e-06 7.190811 9.969389 -26.437071 -0.120618 0.055899 0.770744 -8.41082 5.655886 0.758986 1.347924 -2.36358 -5.286499 0.0 -0.0 2e-06 4.66164 -1.5911 22.743044 -0.112199 0.172011 10.621478 -2.476951 10.780628 -19.588287 -1.413375 0.787899 -5.001545 0.0 -0.0 -1e-06 
0.0 0.0 0.0 0.0 -0.0 0.0 -3.642904 92.355843 66.94146 -4.865518 -9.808753 -4.924889 4.191835 0.196911 6.940141 0.038634 2.769208 -2.124382 0.951734 0.144187 6.725468 -1.21148 2.766824 1.02637 -0.135319 1.367481 -3.397296 1.668159 -0.600488 -15.467054 7.7e-05 -2.2e-05 6e-06 0.003438 0.026667 0.117588 0.598404 -3.734665 -10.501802 -0.604968 3.789453 -10.535872 -17.220814 -1.573623 10.395336 -56.110069 -6.317597 24.21283 0.163693 -21.813124 0.021936 -0.501278 3.509175 -11.990535 -5.882102 9.861279 0.70259 -10.936861 -0.360574 7.156197 0.0 8.774815 -0.0 -16.259874 17.767406 5.797554 -1.844031 2.498503 -2.507276 -10.16359 4.678941 4.621104 -20.975996 -1e-06 1e-06 -21.226254 2.451698 -3.593995 0.0 -6e-06 -0.0 -1.362681 2.240797 -0.746323 -21.334892 0.58491 3.008319 -13.821196 -1e-06 1e-06 -23.887129 -0.249075 -0.839485 -60.467972 2.528147 -0.950175 -0.294025 1.679686 0.833255 -14.218195 0.093215 1.300579 -34.212002 -0.287561 0.967166 -20.033176 0.964536 1.212838 0.0 -0.0 0.0 -3.440387 0.788233 0.501655 -15.928172 -3.167306 2.999703 -6.338817 -0.0 1e-06 -18.123419 3.648181 -4.905662 -4e-06 0.0 -2e-06 11.666359 16.225161 12.26276 52.863468 22.733046 22.25601 0.475435 27.899179 0.377073 -0.551806 -3.248949 -21.965197 2.24354 -5.255033 -3.180156 14.282877 -0.826594 6.952496 -0.0 -12.690593 -1e-06 16.092749 -16.996601 2.440913 1.665665 -1.95592 -2.878297 4.727794 -4.170584 4.993919 11.020511 1e-06 -0.0 12.109032 -3.735715 -2.866778 0.0 -0.0 0.0 1.291985 -1.928548 -1.498088 14.800115 0.567467 3.865604 14.242553 -1.341738 -6.660648 19.631935 0.143921 -0.648243 49.430634 -0.531879 -6.260364 0.353029 -1.51115 -0.03194 20.222769 3.684305 2.316629 18.787249 1e-06 -1e-06 10.751608 -0.47987 1.397903 0.0 -0.0 0.0 3.273804 0.305947 -0.58011 21.48679 11.830364 2.266131 8.162915 0.0 -0.0 18.399052 -3.798986 -4.940567 3e-06 0.0 -1e-06 5.60825 10.558666 -28.022701 -0.181928 0.010578 2.624837 -9.387592 5.856044 0.908755 1.411547 -2.321516 -5.700344 0.0 -0.0 2e-06 2.562327 -0.858199 25.499897 -0.067459 0.239997 10.319097 -1.757956 12.516211 -17.132164 -1.398966 0.794123 -8.763868 0.0 -0.0 -1e-06 
0.0 0.0 0.0 0.0 -0.0 0.0 -3.000503 92.011719 73.27475 -3.149081 -10.104845 -3.369736 2.611901 0.439208 5.874616 -0.112227 2.876583 -2.484187 0.717963 0.140927 6.338 -0.698875 2.664956 -0.017271 -0.197215 1.420092 -3.44591 1.600181 -0.544105 -14.681552 7.7e-05 -2.2e-05 6e-06 0.012551 0.020538 0.110864 0.614223 -3.745731 -10.532313 -0.600497 3.788455 -10.562179 -17.643593 -1.733306 9.984794 -56.216305 -5.28859 25.378208 -0.006637 -21.267311 0.035128 -1.197689 3.629606 -11.023354 -5.882102 9.861279 0.70259 -10.936861 -0.360574 7.156197 0.0 8.774815 -0.0 -16.391596 17.998434 5.864884 -1.844031 2.498503 -2.507276 -10.16359 4.678941 4.621104 -20.975996 -1e-06 1e-06 -21.226254 2.451698 -3.593995 0.0 -6e-06 -0.0 -1.362681 2.240797 -0.746323 -21.334892 0.58491 3.008319 -13.821196 -1e-06 1e-06 -23.887129 -0.249075 -0.839485 -60.463165 2.489904 -0.891692 -0.294025 1.679686 0.833255 -14.218195 0.093215 1.300579 -34.212002 -0.287561 0.967166 -20.033176 0.964536 1.212838 0.0 -0.0 0.0 -3.440387 0.788233 0.501655 -15.928172 -3.167306 2.999703 -6.338817 -0.0 1e-06 -18.123419 3.648181 -4.905662 -4e-06 0.0 -2e-06 12.577003 15.875472 11.944684 53.020523 21.582731 22.878981 0.479173 27.521338 0.258598 -0.24213 -3.203752 -21.308121 2.24354 -5.255033 -3.180156 14.282877 -0.826594 6.952496 -0.0 -12.690593 -1e-06 16.079945 -16.999311 2.549041 1.665665 -1.95592 -2.878297 4.727794 -4.170584 4.993919 11.020511 1e-06 -0.0 12.109032 -3.735715 -2.866778 0.0 -0.0 0.0 1.291985 -1.928548 -1.498088 14.800115 0.567467 3.865604 14.242553 -1.341738 -6.660648 19.631935 0.143921 -0.648243 49.726135 -0.628677 -6.210137 0.353029 -1.51115 -0.03194 20.222769 3.684305 2.316629 18.787249 1e-06 -1e-06 10.751608 -0.47987 1.397903 0.0 -0.0 0.0 3.273804 0.305947 -0.58011 21.48679 11.830364 2.266131 8.162915 0.0 -0.0 18.399052 -3.798986 -4.940567 3e-06 0.0 -1e-06 2.974099 10.133545 -30.737474 -0.316767 -0.069904 9.27939 -6.985235 4.574806 6.820194 1.624113 -2.283075 -6.162941 0.0 -0.0 2e-06 -0.860447 -0.354345 25.78163 -0.020741 0.418612 12.821944 -1.347574 14.2235 -13.161518 -1.401879 0.771783 -15.512198 0.0 -0.0 -1e-06 
0.0 0.0 0.0 0.0 -0.0 0.0 -2.362879 92.240669 79.584137 -0.617131 -9.630718 -1.958024 0.934619 0.579745 5.039394 -0.492076 3.035919 -2.847374 -0.458911 -0.015154 5.819297 0.361387 2.34111 -1.174145 -0.334557 1.014833 -3.489311 1.638984 -0.48386 -14.558865 7.7e-05 -2.2e-05 6e-06 0.022616 0.017437 0.070333 0.648224 -3.745945 -10.533962 -0.614111 3.780315 -10.583759 -16.942629 -2.484629 9.738809 -56.519203 -4.855381 28.088041 -0.292569 -20.453247 0.101069 -2.50502 3.316268 -10.274618 -5.882102 9.861279 0.70259 -10.936861 -0.360574 7.156197 0.0 8.774815 -0.0 -16.520342 17.977207 5.703929 -1.844031 2.498503 -2.507276 -10.16359 4.678941 4.621104 -20.975996 -1e-06 1e-06 -21.226254 2.451698 -3.593995 0.0 -6e-06 -0.0 -1.362681 2.240797 -0.746323 -21.334892 0.58491 3.008319 -13.821196 -1e-06 1e-06 -23.887129 -0.249075 -0.839485 -60.429546 2.436464 -0.906214 -0.294025 1.679686 0.833255 -14.218195 0.093215 1.300579 -34.212002 -0.287561 0.967166 -20.033176 0.964536 1.212838 0.0 -0.0 0.0 -3.440387 0.788233 0.501655 -15.928172 -3.167306 2.999703 -6.338817 -0.0 1e-06 -18.123419 3.648181 -4.905662 -4e-06 0.0 -2e-06 13.476187 14.985391 11.786875 53.986572 20.149254 22.682194 0.471371 26.741549 0.236346 -0.389363 -3.248978 -20.131599 2.24354 -5.255033 -3.180156 14.282877 -0.826594 6.952496 -0.0 -12.690593 -1e-06 16.088398 -17.189707 2.52887 1.665665 -1.95592 -2.878297 4.727794 -4.170584 4.993919 11.020511 1e-06 -0.0 12.109032 -3.735715 -2.866778 0.0 -0.0 0.0 1.291985 -1.928548 -1.498088 14.800115 0.567467 3.865604 14.242553 -1.341738 -6.660648 19.631935 0.143921 -0.648243 49.865273 -0.567363 -6.261298 0.353029 -1.51115 -0.03194 20.222769 3.684305 2.316629 18.787249 1e-06 -1e-06 10.751608 -0.47987 1.397903 0.0 -0.0 0.0 3.273804 0.305947 -0.58011 21.48679 11.830364 2.266131 8.162915 0.0 -0.0 18.399052 -3.798986 -4.940567 3e-06 0.0 -1e-06 -0.31634 8.440293 -34.123161 -0.211925 -0.101511 17.688162 -3.2767 3.326216 11.941466 1.711224 -2.20066 -4.038869 0.0 -0.0 2e-06 -5.040072 -0.583723 23.545576 -0.127424 0.593909 19.114334 -1.003181 15.406732 -5.135928 -1.454509 0.737404 -25.995949 0.0 -0.0 -1e-06 
0.0 0.0 0.0 0.0 -0.0 0.0 -1.838057 92.870522 85.708229 1.014764 -8.192912 -1.508938 0.178586 0.559236 4.98585 -0.810787 2.782279 -2.90621 -1.565521 0.093385 5.250503 1.305281 1.909629 -1.698899 -0.646981 0.164798 -3.390376 1.695639 -0.624933 -15.064546 7.7e-05 -2.2e-05 6e-06 0.020887 0.006942 0.076323 0.68 -3.740224 -10.488987 -0.64924 3.75002 -10.52826 -14.290151 -3.89641 10.32689 -58.54266 -5.815413 31.003601 -0.517042 -19.603838 0.187927 -3.956682 3.790967 -9.510872 -5.882102 9.861279 0.70259 -10.936861 -0.360574 7.156197 0.0 8.774815 -0.0 -16.686842 18.045397 5.625519 -1.844031 2.498503 -2.507276 -10.16359 4.678941 4.621104 -20.975996 -1e-06 1e-06 -21.226254 2.451698 -3.593995 0.0 -6e-06 -0.0 -1.362681 2.240797 -0.746323 -21.334892 0.58491 3.008319 -13.821196 -1e-06 1e-06 -23.887129 -0.249075 -0.839485 -60.5009 2.432444 -1.069713 -0.294025 1.679686 0.833255 -14.218195 0.093215 1.300579 -34.212002 -0.287561 0.967166 -20.033176 0.964536 1.212838 0.0 -0.0 0.0 -3.440387 0.788233 0.501655 -15.928172 -3.167306 2.999703 -6.338817 -0.0 1e-06 -18.123419 3.648181 -4.905662 -4e-06 0.0 -2e-06 11.57028 14.027925 11.45547 57.910141 18.715124 21.680952 0.737035 25.016232 0.284977 -0.43817 -3.914671 -19.509403 2.24354 -5.255033 -3.180156 14.282877 -0.826594 6.952496 -0.0 -12.690593 -1e-06 16.306009 -17.281437 2.408384 1.665665 -1.95592 -2.878297 4.727794 -4.170584 4.993919 11.020511 1e-06 -0.0 12.109032 -3.735715 -2.866778 0.0 -0.0 0.0 1.291985 -1.928548 -1.498088 14.800115 0.567467 3.865604 14.242553 -1.341738 -6.660648 19.631935 0.143921 -0.648243 50.02961 -0.345359 -6.314884 0.353029 -1.51115 -0.03194 20.222769 3.684305 2.316629 18.787249 1e-06 -1e-06 10.751608 -0.47987 1.397903 0.0 -0.0 0.0 3.273804 0.305947 -0.58011 21.48679 11.830364 2.266131 8.162915 0.0 -0.0 18.399052 -3.798986 -4.940567 3e-06 0.0 -1e-06 -2.550712 6.80044 -34.792553 -0.212786 -0.168705 24.809944 -2.116381 2.453509 9.492338 1.63509 -2.120634 -2.188519 0.0 -0.0 2e-06 -7.410275 -1.149733 19.666872 -0.120321 0.770932 28.817474 -0.237688 14.53514 7.095206 -1.500027 0.646079 -33.328953 0.0 -0.0 -1e-06 
0.0 0.0 0.0 0.0 -0.0 0.0 -1.393768 93.720016 91.491661 2.143451 -6.949108 -1.472636 -0.40508 0.419941 5.206011 -0.974586 2.628328 -2.872546 -2.129483 -0.135088 5.026103 1.56536 1.776093 -1.929626 -0.864911 -0.177743 -3.404462 1.664915 -1.128727 -14.711096 7.7e-05 -2.2e-05 6e-06 0.029363 0.044917 0.08114 0.678572 -3.708333 -10.472322 -0.632769 3.789957 -10.491633 -12.574639 -5.172992 10.717507 -59.662453 -6.743723 31.975302 -0.554056 -19.557178 0.159263 -4.363059 4.311738 -8.963228 -5.882102 9.861279 0.70259 -10.936861 -0.360574 7.156197 0.0 8.774815 -0.0 -16.846451 17.94293 5.450642 -1.844031 2.498503 -2.507276 -10.16359 4.678941 4.621104 -20.975996 -1e-06 1e-06 -21.226254 2.451698 -3.593995 0.0 -6e-06 -0.0 -1.362681 2.240797 -0.746323 -21.334892 0.58491 3.008319 -13.821196 -1e-06 1e-06 -23.887129 -0.249075 -0.839485 -60.3433 2.490098 -1.319706 -0.294025 1.679686 0.833255 -14.218195 0.093215 1.300579 -34.212002 -0.287561 0.967166 -20.033176 0.964536 1.212838 0.0 -0.0 0.0 -3.440387 0.788233 0.501655 -15.928172 -3.167306 2.999703 -6.338817 -0.0 1e-06 -18.123419 3.648181 -4.905662 -4e-06 0.0 -2e-06 9.991812 13.720353 11.35663 60.546894 17.534025 21.409672 0.75686 23.185949 0.236906 1.0356 -4.70219 -18.564077 2.24354 -5.255033 -3.180156 14.282877 -0.826594 6.952496 -0.0 -12.690593 -1e-06 16.562817 -17.381317 2.377295 1.665665 -1.95592 -2.878297 4.727794 -4.170584 4.993919 11.020511 1e-06 -0.0 12.109032 -3.735715 -2.866778 0.0 -0.0 0.0 1.291985 -1.928548 -1.498088 14.800115 0.567467 3.865604 14.242553 -1.341738 -6.660648 19.631935 0.143921 -0.648243 49.836365 -0.293731 -6.488877 0.353029 -1.51115 -0.03194 20.222769 3.684305 2.316629 18.787249 1e-06 -1e-06 10.751608 -0.47987 1.397903 0.0 -0.0 0.0 3.273804 0.305947 -0.58011 21.48679 11.830364 2.266131 8.162915 0.0 -0.0 18.399052 -3.798986 -4.940567 3e-06 0.0 -1e-06 -4.451302 6.231747 -32.680962 -0.19361 -0.002554 28.083149 -0.496191 1.285908 5.510602 1.610287 -2.084137 -1.394095 0.0 -0.0 2e-06 -8.937734 -1.272138 13.561606 0.032658 0.754402 40.744629 3.887221 11.540132 21.763969 -1.189406 0.654339 -22.121166 0.0 -0.0 -1e-06 
0.0 0.0 0.0 0.0 -0.0 0.0 -0.997202 94.731133 96.913231 3.184443 -6.586291 -1.562811 -1.011276 0.267401 5.53425 -1.114672 2.455705 -2.829363 -2.404214 -0.352158 4.906598 1.323198 1.976642 -1.86342 -0.809632 -0.385271 -3.44357 1.566364 -1.311931 -14.614056 7.7e-05 -2.2e-05 6e-06 0.036949 0.089039 0.106258 0.679554 -3.670431 -10.466657 -0.619063 3.842327 -10.46929 -12.250137 -5.741108 10.866728 -59.018032 -7.593402 32.009907 -0.371009 -20.380722 0.125507 -3.556256 4.328734 -10.388477 -5.882102 9.861279 0.70259 -10.936861 -0.360574 7.156197 0.0 8.774815 -0.0 -16.935671 17.984457 5.472616 -1.844031 2.498503 -2.507276 -10.16359 4.678941 4.621104 -20.975996 -1e-06 1e-06 -21.226254 2.451698 -3.593995 0.0 -6e-06 -0.0 -1.362681 2.240797 -0.746323 -21.334892 0.58491 3.008319 -13.821196 -1e-06 1e-06 -23.887129 -0.249075 -0.839485 -60.381573 2.371939 -1.373604 -0.294025 1.679686 0.833255 -14.218195 0.093215 1.300579 -34.212002 -0.287561 0.967166 -20.033176 0.964536 1.212838 0.0 -0.0 0.0 -3.440387 0.788233 0.501655 -15.928172 -3.167306 2.999703 -6.338817 -0.0 1e-06 -18.123419 3.648181 -4.905662 -4e-06 0.0 -2e-06 9.471806 13.5615 11.324427 61.355698 16.752047 21.926239 0.955652 21.91708 0.241961 2.190165 -5.357242 -17.555119 2.24354 -5.255033 -3.180156 14.282877 -0.826594 6.952496 -0.0 -12.690593 -1e-06 16.58098 -17.281744 2.416634 1.665665 -1.95592 -2.878297 4.727794 -4.170584 4.993919 11.020511 1e-06 -0.0 12.109032 -3.735715 -2.866778 0.0 -0.0 0.0 1.291985 -1.928548 -1.498088 14.800115 0.567467 3.865604 14.242553 -1.341738 -6.660648 19.631935 0.143921 -0.648243 49.539108 -0.371785 -6.457421 0.353029 -1.51115 -0.03194 20.222769 3.684305 2.316629 18.787249 1e-06 -1e-06 10.751608 -0.47987 1.397903 0.0 -0.0 0.0 3.273804 0.305947 -0.58011 21.48679 11.830364 2.266131 8.162915 0.0 -0.0 18.399052 -3.798986 -4.940567 3e-06 0.0 -1e-06 -5.939918 5.909941 -29.335403 -0.038071 0.164547 28.980831 0.223055 1.231117 1.147655 1.614837 -2.038695 -1.277514 0.0 -0.0 2e-06 -10.050106 -0.996441 6.2874 0.070728 0.623918 52.34549 4.699752 9.008092 26.750214 -1.05216 0.869189 -7.04492 0.0 -0.0 -1e-06 
0.0 0.0 0.0 0.0 -0.0 0.0 -0.695243 95.952606 102.031532 3.84009 -6.692347 -1.945155 -1.482568 0.157758 5.847472 -1.179568 2.072045 -2.797766 -2.431761 -0.511728 4.961775 1.074675 2.244481 -1.423825 -0.762507 -0.346212 -3.447503 1.36352 -1.107525 -14.63265 7.7e-05 -2.2e-05 6e-06 0.036044 0.088456 0.115857 0.689507 -3.674143 -10.48419 -0.630305 3.846602 -10.485284 -12.436825 -5.871825 10.88591 -57.658943 -8.359299 31.534039 -0.286973 -21.313986 0.112837 -1.989201 4.20797 -11.721407 -5.882102 9.861279 0.70259 -10.936861 -0.360574 7.156197 0.0 8.774815 -0.0 -16.918682 18.055429 5.529711 -1.844031 2.498503 -2.507276 -10.16359 4.678941 4.621104 -20.975996 -1e-06 1e-06 -21.226254 2.451698 -3.593995 0.0 -6e-06 -0.0 -1.362681 2.240797 -0.746323 -21.334892 0.58491 3.008319 -13.821196 -1e-06 1e-06 -23.887129 -0.249075 -0.839485 -60.452721 2.338905 -1.39969 -0.294025 1.679686 0.833255 -14.218195 0.093215 1.300579 -34.212002 -0.287561 0.967166 -20.033176 0.964536 1.212838 0.0 -0.0 0.0 -3.440387 0.788233 0.501655 -15.928172 -3.167306 2.999703 -6.338817 -0.0 1e-06 -18.123419 3.648181 -4.905662 -4e-06 0.0 -2e-06 9.337121 13.471848 11.338993 61.601803 16.129124 22.140631 1.120386 21.209911 0.204564 2.218951 -5.822946 -16.736284 2.24354 -5.255033 -3.180156 14.282877 -0.826594 6.952496 -0.0 -12.690593 -1e-06 16.577765 -17.335682 2.440869 1.665665 -1.95592 -2.878297 4.727794 -4.170584 4.993919 11.020511 1e-06 -0.0 12.109032 -3.735715 -2.866778 0.0 -0.0 0.0 1.291985 -1.928548 -1.498088 14.800115 0.567467 3.865604 14.242553 -1.341738 -6.660648 19.631935 0.143921 -0.648243 49.59639 -0.420221 -6.37165 0.353029 -1.51115 -0.03194 20.222769 3.684305 2.316629 18.787249 1e-06 -1e-06 10.751608 -0.47987 1.397903 0.0 -0.0 0.0 3.273804 0.305947 -0.58011 21.48679 11.830364 2.266131 8.162915 0.0 -0.0 18.399052 -3.798986 -4.940567 3e-06 0.0 -1e-06 -6.822136 5.86958 -24.50205 0.027189 0.182974 27.283628 0.486943 1.760031 -1.740297 1.593122 -2.069124 -1.180698 0.0 -0.0 2e-06 -10.497612 -0.974301 -0.707866 0.126035 0.289025 60.911716 1.618733 7.289363 20.445837 -1.19817 0.899879 -5.285014 0.0 -0.0 -1e-06 
0.0 0.0 0.0 0.0 -0.0 0.0 -0.486685 97.195221 107.084335 3.975254 -6.721192 -2.656676 -1.766915 -0.001981 6.240043 -1.101499 1.631227 -2.69507 -2.227052 -0.811133 5.07108 0.967055 2.448148 -0.703607 -0.726197 -0.19504 -3.429847 1.108524 -0.748554 -14.388774 7.7e-05 -2.2e-05 6e-06 0.036073 0.079209 0.113105 0.697368 -3.684814 -10.498849 -0.636784 3.839626 -10.499497 -12.266742 -6.067923 10.988192 -56.565216 -9.136791 30.788502 -0.303875 -22.334997 0.119632 -0.886777 4.264713 -12.455983 -5.882102 9.861279 0.70259 -10.936861 -0.360574 7.156197 0.0 8.774815 -0.0 -16.800541 18.144667 5.660223 -1.844031 2.498503 -2.507276 -10.16359 4.678941 4.621104 -20.975996 -1e-06 1e-06 -21.226254 2.451698 -3.593995 0.0 -6e-06 -0.0 -1.362681 2.240797 -0.746323 -21.334892 0.58491 3.008319 -13.821196 -1e-06 1e-06 -23.887129 -0.249075 -0.839485 -60.567112 2.301811 -1.3302 -0.294025 1.679686 0.833255 -14.218195 0.093215 1.300579 -34.212002 -0.287561 0.967166 -20.033176 0.964536 1.212838 0.0 -0.0 0.0 -3.440387 0.788233 0.501655 -15.928172 -3.167306 2.999703 -6.338817 -0.0 1e-06 -18.123419 3.648181 -4.905662 -4e-06 0.0 -2e-06 8.933316 13.240811 11.283292 61.982445 15.436378 22.103563 1.194491 21.279631 0.151083 1.839831 -6.132907 -16.491482 2.24354 -5.255033 -3.180156 14.282877 -0.826594 6.952496 -0.0 -12.690593 -1e-06 16.571493 -17.445171 2.478492 1.665665 -1.95592 -2.878297 4.727794 -4.170584 4.993919 11.020511 1e-06 -0.0 12.109032 -3.735715 -2.866778 0.0 -0.0 0.0 1.291985 -1.928548 -1.498088 14.800115 0.567467 3.865604 14.242553 -1.341738 -6.660648 19.631935 0.143921 -0.648243 49.714928 -0.368864 -6.256822 0.353029 -1.51115 -0.03194 20.222769 3.684305 2.316629 18.787249 1e-06 -1e-06 10.751608 -0.47987 1.397903 0.0 -0.0 0.0 3.273804 0.305947 -0.58011 21.48679 11.830364 2.266131 8.162915 0.0 -0.0 18.399052 -3.798986 -4.940567 3e-06 0.0 -1e-06 -7.053971 5.891856 -18.508329 -0.006828 0.071295 23.920221 0.653522 2.110116 -3.700475 1.590309 -2.062231 -1.106524 0.0 -0.0 2e-06 -9.949049 -1.237906 -7.053458 0.168643 0.007029 64.89254 -1.468282 5.7628 14.108752 -1.320029 0.905279 -4.982588 0.0 -0.0 -1e-06 
0.0 0.0 0.0 0.0 -0.0 0.0 -0.403401 98.256386 112.117096 3.632996 -6.361846 -3.651867 -1.913426 -0.189195 6.737315 -0.942465 1.112899 -2.512844 -1.798337 -1.357997 5.213522 1.039405 2.443184 0.189221 -0.624618 0.023883 -3.403151 0.858428 -0.288181 -13.86936 7.7e-05 -2.2e-05 6e-06 0.036928 0.076486 0.107374 0.707271 -3.688005 -10.524088 -0.643099 3.837168 -10.523818 -11.612363 -6.561346 11.132187 -55.811176 -9.716233 29.900482 -0.437378 -23.693027 0.131257 -0.328385 4.31852 -12.788946 -5.882102 9.861279 0.70259 -10.936861 -0.360574 7.156197 0.0 8.774815 -0.0 -16.565525 18.240139 5.839617 -1.844031 2.498503 -2.507276 -10.16359 4.678941 4.621104 -20.975996 -1e-06 1e-06 -21.226254 2.451698 -3.593995 0.0 -6e-06 -0.0 -1.362681 2.240797 -0.746323 -21.334892 0.58491 3.008319 -13.821196 -1e-06 1e-06 -23.887129 -0.249075 -0.839485 -60.597454 2.322378 -1.243507 -0.294025 1.679686 0.833255 -14.218195 0.093215 1.300579 -34.212002 -0.287561 0.967166 -20.033176 0.964536 1.212838 0.0 -0.0 0.0 -3.440387 0.788233 0.501655 -15.928172 -3.167306 2.999703 -6.338817 -0.0 1e-06 -18.123419 3.648181 -4.905662 -4e-06 0.0 -2e-06 8.482327 12.75034 11.098972 62.207382 14.641192 22.372339 1.277758 21.970968 0.15605 1.893835 -6.147125 -16.384445 2.24354 -5.255033 -3.180156 14.282877 -0.826594 6.952496 -0.0 -12.690593 -1e-06 16.508772 -17.493567 2.492942 1.665665 -1.95592 -2.878297 4.727794 -4.170584 4.993919 11.020511 1e-06 -0.0 12.109032 -3.735715 -2.866778 0.0 -0.0 0.0 1.291985 -1.928548 -1.498088 14.800115 0.567467 3.865604 14.242553 -1.341738 -6.660648 19.631935 0.143921 -0.648243 49.675632 -0.331974 -6.203191 0.353029 -1.51115 -0.03194 20.222769 3.684305 2.316629 18.787249 1e-06 -1e-06 10.751608 -0.47987 1.397903 0.0 -0.0 0.0 3.273804 0.305947 -0.58011 21.48679 11.830364 2.266131 8.162915 0.0 -0.0 18.399052 -3.798986 -4.940567 3e-06 0.0 -1e-06 -6.692185 5.943784 -11.740182 -0.056198 -0.094849 19.583849 0.710151 1.899891 -5.058732 1.600963 -2.019562 -1.104105 0.0 -0.0 2e-06 -8.527998 -1.56946 -12.238261 0.173725 -0.183061 64.397568 -3.352526 4.82163 9.23173 -1.386938 0.887048 -5.110523 0.0 -0.0 -1e-06 
0.0 0.0 0.0 0.0 -0.0 0.0 -0.462592 98.940536 117.036308 3.069558 -5.575195 -4.662677 -2.028614 -0.326292 7.178862 -0.794566 0.538267 -2.31597 -1.257619 -2.073678 5.426728 1.340502 2.233674 1.089891 -0.512833 0.274678 -3.405554 0.688435 0.022656 -13.083425 7.7e-05 -2.2e-05 6e-06 0.038531 0.079296 0.094963 0.708287 -3.684447 -10.551458 -0.638522 3.838924 -10.546437 -10.855307 -7.36285 11.164673 -54.881088 -10.02457 29.2924 -0.604322 -25.546991 0.152618 -0.164589 4.281723 -12.96175 -5.882102 9.861279 0.70259 -10.936861 -0.360574 7.156197 0.0 8.774815 -0.0 -16.325956 18.38629 6.035325 -1.844031 2.498503 -2.507276 -10.16359 4.678941 4.621104 -20.975996 -1e-06 1e-06 -21.226254 2.451698 -3.593995 0.0 -6e-06 -0.0 -1.362681 2.240797 -0.746323 -21.334892 0.58491 3.008319 -13.821196 -1e-06 1e-06 -23.887129 -0.249075 -0.839485 -60.690857 2.405573 -1.156742 -0.294025 1.679686 0.833255 -14.218195 0.093215 1.300579 -34.212002 -0.287561 0.967166 -20.033176 0.964536 1.212838 0.0 -0.0 0.0 -3.440387 0.788233 0.501655 -15.928172 -3.167306 2.999703 -6.338817 -0.0 1e-06 -18.123419 3.648181 -4.905662 -4e-06 0.0 -2e-06 8.454895 11.969606 10.913383 61.812134 13.784147 23.00939 1.300137 23.048449 0.21383 2.351648 -5.913137 -16.051186 2.24354 -5.255033 -3.180156 14.282877 -0.826594 6.952496 -0.0 -12.690593 -1e-06 16.415197 -17.511581 2.534435 1.665665 -1.95592 -2.878297 4.727794 -4.170584 4.993919 11.020511 1e-06 -0.0 12.109032 -3.735715 -2.866778 0.0 -0.0 0.0 1.291985 -1.928548 -1.498088 14.800115 0.567467 3.865604 14.242553 -1.341738 -6.660648 19.631935 0.143921 -0.648243 49.557495 -0.364493 -6.203483 0.353029 -1.51115 -0.03194 20.222769 3.684305 2.316629 18.787249 1e-06 -1e-06 10.751608 -0.47987 1.397903 0.0 -0.0 0.0 3.273804 0.305947 -0.58011 21.48679 11.830364 2.266131 8.162915 0.0 -0.0 18.399052 -3.798986 -4.940567 3e-06 0.0 -1e-06 -5.980433 5.905797 -5.006762 -0.06852 -0.205587 15.13419 0.690297 1.158357 -6.171078 1.619255 -1.962021 -1.073112 0.0 -0.0 2e-06 -6.762002 -1.608698 -16.543854 0.09436 -0.320839 60.386986 -4.150597 3.628304 5.702291 -1.423627 0.867268 -5.167199 0.0 -0.0 -1e-06 
0.0 0.0 0.0 0.0 -0.0 0.0 -0.632416 99.092323 121.934868 2.802331 -4.445705 -5.424292 -2.318369 -0.348809 7.441082 -0.739201 -0.030471 -2.148623 -0.876604 -2.791056 5.698684 1.956899 1.904806 1.77319 -0.530484 0.421899 -3.43564 0.63937 -0.035482 -12.42724 7.7e-05 -2.2e-05 6e-06 0.039434 0.078276 0.084835 0.697187 -3.680467 -10.556429 -0.623508 3.833752 -10.538736 -10.405659 -8.305429 11.119239 -53.315655 -10.352875 29.173435 -0.654785 -27.809097 0.146112 -0.185201 4.137216 -13.294462 -5.882102 9.861279 0.70259 -10.936861 -0.360574 7.156197 0.0 8.774815 -0.0 -16.091505 18.49848 6.209635 -1.844031 2.498503 -2.507276 -10.16359 4.678941 4.621104 -20.975996 -1e-06 1e-06 -21.226254 2.451698 -3.593995 0.0 -6e-06 -0.0 -1.362681 2.240797 -0.746323 -21.334892 0.58491 3.008319 -13.821196 -1e-06 1e-06 -23.887129 -0.249075 -0.839485 -60.803329 2.528938 -1.10431 -0.294025 1.679686 0.833255 -14.218195 0.093215 1.300579 -34.212002 -0.287561 0.967166 -20.033176 0.964536 1.212838 0.0 -0.0 0.0 -3.440387 0.788233 0.501655 -15.928172 -3.167306 2.999703 -6.338817 -0.0 1e-06 -18.123419 3.648181 -4.905662 -4e-06 0.0 -2e-06 8.995337 11.004427 10.876176 60.873734 12.952644 23.456573 1.221748 24.186607 0.236195 2.434982 -5.592512 -15.657857 2.24354 -5.255033 -3.180156 14.282877 -0.826594 6.952496 -0.0 -12.690593 -1e-06 16.375 -17.519554 2.592429 1.665665 -1.95592 -2.878297 4.727794 -4.170584 4.993919 11.020511 1e-06 -0.0 12.109032 -3.735715 -2.866778 0.0 -0.0 0.0 1.291985 -1.928548 -1.498088 14.800115 0.567467 3.865604 14.242553 -1.341738 -6.660648 19.631935 0.143921 -0.648243 49.516518 -0.419788 -6.214063 0.353029 -1.51115 -0.03194 20.222769 3.684305 2.316629 18.787249 1e-06 -1e-06 10.751608 -0.47987 1.397903 0.0 -0.0 0.0 3.273804 0.305947 -0.58011 21.48679 11.830364 2.266131 8.162915 0.0 -0.0 18.399052 -3.798986 -4.940567 3e-06 0.0 -1e-06 -5.496998 5.670742 0.913599 -0.047621 -0.209826 11.585988 0.689508 0.203622 -7.632932 1.636667 -1.919147 -0.973926 0.0 -0.0 2e-06 -5.556093 -1.152903 -20.224171 0.00275 -0.322402 53.458138 -4.166881 1.651955 3.68048 -1.44138 0.876768 -5.007853 0.0 -0.0 -1e-06 
0.0 0.0 0.0 0.0 -0.0 0.0 -0.808142 98.690895 126.882576 3.187393 -3.117382 -5.939886 -2.898461 -0.281625 7.571924 -0.780956 -0.57627 -1.98785 -0.889726 -3.326123 5.999398 2.855745 1.501161 2.088959 -0.721775 0.361252 -3.440387 0.681215 -0.375364 -12.178125 7.7e-05 -2.2e-05 6e-06 0.035738 0.069214 0.092597 0.677646 -3.683382 -10.537163 -0.610294 3.819897 -10.510266 -10.338656 -9.212185 11.086576 -51.24369 -10.987641 29.081345 -0.499096 -29.982431 0.070502 -0.113499 3.898694 -13.929455 -5.882102 9.861279 0.70259 -10.936861 -0.360574 7.156197 0.0 8.774815 -0.0 -15.880752 18.519258 6.324859 -1.844031 2.498503 -2.507276 -10.16359 4.678941 4.621104 -20.975996 -1e-06 1e-06 -21.226254 2.451698 -3.593995 0.0 -6e-06 -0.0 -1.362681 2.240797 -0.746323 -21.334892 0.58491 3.008319 -13.821196 -1e-06 1e-06 -23.887129 -0.249075 -0.839485 -60.829548 2.648969 -1.09891 -0.294025 1.679686 0.833255 -14.218195 0.093215 1.300579 -34.212002 -0.287561 0.967166 -20.033176 0.964536 1.212838 0.0 -0.0 0.0 -3.440387 0.788233 0.501655 -15.928172 -3.167306 2.999703 -6.338817 -0.0 1e-06 -18.123419 3.648181 -4.905662 -4e-06 0.0 -2e-06 9.821131 10.033392 10.91836 59.909538 12.11082 23.534636 1.008674 25.125494 0.164425 2.02749 -5.319313 -15.286194 2.24354 -5.255033 -3.180156 14.282877 -0.826594 6.952496 -0.0 -12.690593 -1e-06 16.415852 -17.520231 2.612736 1.665665 -1.95592 -2.878297 4.727794 -4.170584 4.993919 11.020511 1e-06 -0.0 12.109032 -3.735715 -2.866778 0.0 -0.0 0.0 1.291985 -1.928548 -1.498088 14.800115 0.567467 3.865604 14.242553 -1.341738 -6.660648 19.631935 0.143921 -0.648243 49.632687 -0.466921 -6.200542 0.353029 -1.51115 -0.03194 20.222769 3.684305 2.316629 18.787249 1e-06 -1e-06 10.751608 -0.47987 1.397903 0.0 -0.0 0.0 3.273804 0.305947 -0.58011 21.48679 11.830364 2.266131 8.162915 0.0 -0.0 18.399052 -3.798986 -4.940567 3e-06 0.0 -1e-06 -5.686649 5.352111 6.050496 -0.037487 -0.133866 9.063669 0.844726 -0.665447 -9.659068 1.648447 -1.921442 -0.810502 0.0 -0.0 2e-06 -5.60039 -0.357598 -22.954199 0.019867 -0.137825 43.656849 -3.902092 -0.923852 3.232888 -1.444162 0.919921 -4.702035 0.0 -0.0 -1e-06 
0.0 0.0 0.0 0.0 -0.0 0.0 -0.96376 97.875824 131.900696 4.06079 -1.701981 -6.303506 -3.564851 -0.200802 7.708875 -0.872447 -0.996695 -1.884382 -1.300761 -3.637972 6.34887 3.78875 1.063885 2.034572 -0.925564 0.06692 -3.403876 0.74728 -0.825791 -12.21664 7.7e-05 -2.2e-05 6e-06 0.026032 0.062248 0.101683 0.659067 -3.687623 -10.541338 -0.610923 3.811698 -10.515927 -10.540162 -10.01963 11.122257 -49.161602 -12.02947 28.515333 -0.146327 -31.515619 -0.09029 0.28409 3.599158 -14.600764 -5.882102 9.861279 0.70259 -10.936861 -0.360574 7.156197 0.0 8.774815 -0.0 -15.748663 18.450268 6.3212 -1.844031 2.498503 -2.507276 -10.16359 4.678941 4.621104 -20.975996 -1e-06 1e-06 -21.226254 2.451698 -3.593995 0.0 -6e-06 -0.0 -1.362681 2.240797 -0.746323 -21.334892 0.58491 3.008319 -13.821196 -1e-06 1e-06 -23.887129 -0.249075 -0.839485 -60.842869 2.690864 -1.163085 -0.294025 1.679686 0.833255 -14.218195 0.093215 1.300579 -34.212002 -0.287561 0.967166 -20.033176 0.964536 1.212838 0.0 -0.0 0.0 -3.440387 0.788233 0.501655 -15.928172 -3.167306 2.999703 -6.338817 -0.0 1e-06 -18.123419 3.648181 -4.905662 -4e-06 0.0 -2e-06 10.53857 9.15099 10.902711 59.354195 11.250388 23.325502 0.747252 25.585562 0.075396 1.533642 -5.053125 -15.147553 2.24354 -5.255033 -3.180156 14.282877 -0.826594 6.952496 -0.0 -12.690593 -1e-06 16.446459 -17.517334 2.625585 1.665665 -1.95592 -2.878297 4.727794 -4.170584 4.993919 11.020511 1e-06 -0.0 12.109032 -3.735715 -2.866778 0.0 -0.0 0.0 1.291985 -1.928548 -1.498088 14.800115 0.567467 3.865604 14.242553 -1.341738 -6.660648 19.631935 0.143921 -0.648243 49.88784 -0.490029 -6.109624 0.353029 -1.51115 -0.03194 20.222769 3.684305 2.316629 18.787249 1e-06 -1e-06 10.751608 -0.47987 1.397903 0.0 -0.0 0.0 3.273804 0.305947 -0.58011 21.48679 11.830364 2.266131 8.162915 0.0 -0.0 18.399052 -3.798986 -4.940567 3e-06 0.0 -1e-06 -6.368942 4.990776 11.186405 -0.048424 -0.003237 6.283421 1.130385 -1.417148 -11.676835 1.657614 -1.983918 -0.639101 0.0 -0.0 2e-06 -6.813257 0.461614 -24.292255 0.111281 0.030616 31.045109 -3.547278 -3.073019 4.114704 -1.442238 0.99662 -4.367183 0.0 -0.0 -1e-06 
0.0 0.0 0.0 0.0 -0.0 0.0 -1.152908 96.725662 136.992798 5.12949 -0.197895 -6.532152 -4.142877 -0.075013 7.886425 -1.002126 -1.211956 -1.898164 -1.906997 -3.915686 6.766116 4.665731 0.762545 1.776368 -1.060704 -0.437751 -3.377847 0.747415 -1.445334 -12.451686 7.7e-05 -2.2e-05 6e-06 0.017582 0.082914 0.100381 0.654101 -3.665473 -10.574759 -0.623174 3.833092 -10.557884 -10.796167 -10.749155 11.192264 -47.610214 -13.370753 27.48221 0.373902 -32.257488 -0.370462 1.020761 3.307629 -15.079003 -5.882102 9.861279 0.70259 -10.936861 -0.360574 7.156197 0.0 8.774815 -0.0 -15.746262 18.470055 6.308968 -1.844031 2.498503 -2.507276 -10.16359 4.678941 4.621104 -20.975996 -1e-06 1e-06 -21.226254 2.451698 -3.593995 0.0 -6e-06 -0.0 -1.362681 2.240797 -0.746323 -21.334892 0.58491 3.008319 -13.821196 -1e-06 1e-06 -23.887129 -0.249075 -0.839485 -60.92778 2.66313 -1.251229 -0.294025 1.679686 0.833255 -14.218195 0.093215 1.300579 -34.212002 -0.287561 0.967166 -20.033176 0.964536 1.212838 0.0 -0.0 0.0 -3.440387 0.788233 0.501655 -15.928172 -3.167306 2.999703 -6.338817 -0.0 1e-06 -18.123419 3.648181 -4.905662 -4e-06 0.0 -2e-06 11.003707 8.481073 10.918648 59.304062 10.456027 22.863716 0.464463 25.346226 0.040614 1.290484 -4.658521 -15.287291 2.24354 -5.255033 -3.180156 14.282877 -0.826594 6.952496 -0.0 -12.690593 -1e-06 16.471838 -17.63307 2.679327 1.665665 -1.95592 -2.878297 4.727794 -4.170584 4.993919 11.020511 1e-06 -0.0 12.109032 -3.735715 -2.866778 0.0 -0.0 0.0 1.291985 -1.928548 -1.498088 14.800115 0.567467 3.865604 14.242553 -1.341738 -6.660648 19.631935 0.143921 -0.648243 50.273617 -0.490134 -6.032783 0.353029 -1.51115 -0.03194 20.222769 3.684305 2.316629 18.787249 1e-06 -1e-06 10.751608 -0.47987 1.397903 0.0 -0.0 0.0 3.273804 0.305947 -0.58011 21.48679 11.830364 2.266131 8.162915 0.0 -0.0 18.399052 -3.798986 -4.940567 3e-06 0.0 -1e-06 -7.138267 4.857431 16.265497 -0.046074 0.079346 3.562473 1.528102 -2.477845 -13.572529 1.67124 -2.079231 -0.698 0.0 -0.0 2e-06 -8.633351 0.906953 -24.282167 0.210396 -0.054315 16.779512 -2.648645 -3.981801 4.596712 -1.414325 1.062633 -4.502801 0.0 -0.0 -1e-06 
0.0 0.0 0.0 0.0 -0.0 0.0 -1.455565 95.311607 142.301498 5.918497 1.312292 -6.353914 -4.442071 0.03803 7.86914 -1.124822 -1.356364 -1.966942 -2.386595 -4.052159 7.127553 5.494663 0.552036 1.287421 -1.229715 -1.041761 -3.413915 0.678441 -2.33476 -12.774329 7.7e-05 -2.2e-05 6e-06 0.025632 0.115124 0.070156 0.673933 -3.634361 -10.628715 -0.627532 3.869295 -10.6357 -11.251584 -11.343063 10.921662 -46.526031 -14.654653 26.554657 0.742015 -32.340466 -0.453988 1.900103 3.135826 -15.295953 -5.882102 9.861279 0.70259 -10.936861 -0.360574 7.156197 0.0 8.774815 -0.0 -15.721733 18.489529 6.334888 -1.844031 2.498503 -2.507276 -10.16359 4.678941 4.621104 -20.975996 -1e-06 1e-06 -21.226254 2.451698 -3.593995 0.0 -6e-06 -0.0 -1.362681 2.240797 -0.746323 -21.334892 0.58491 3.008319 -13.821196 -1e-06 1e-06 -23.887129 -0.249075 -0.839485 -60.849369 2.617982 -1.415195 -0.294025 1.679686 0.833255 -14.218195 0.093215 1.300579 -34.212002 -0.287561 0.967166 -20.033176 0.964536 1.212838 0.0 -0.0 0.0 -3.440387 0.788233 0.501655 -15.928172 -3.167306 2.999703 -6.338817 -0.0 1e-06 -18.123419 3.648181 -4.905662 -4e-06 0.0 -2e-06 11.629644 8.073447 10.875867 59.253567 9.548923 22.076786 0.250129 24.344456 0.022666 1.420229 -4.413395 -15.447245 2.24354 -5.255033 -3.180156 14.282877 -0.826594 6.952496 -0.0 -12.690593 -1e-06 16.402479 -17.762728 2.756728 1.665665 -1.95592 -2.878297 4.727794 -4.170584 4.993919 11.020511 1e-06 -0.0 12.109032 -3.735715 -2.866778 0.0 -0.0 0.0 1.291985 -1.928548 -1.498088 14.800115 0.567467 3.865604 14.242553 -1.341738 -6.660648 19.631935 0.143921 -0.648243 50.375542 -0.565914 -6.135799 0.353029 -1.51115 -0.03194 20.222769 3.684305 2.316629 18.787249 1e-06 -1e-06 10.751608 -0.47987 1.397903 0.0 -0.0 0.0 3.273804 0.305947 -0.58011 21.48679 11.830364 2.266131 8.162915 0.0 -0.0 18.399052 -3.798986 -4.940567 3e-06 0.0 -1e-06 -7.169803 5.039526 19.989136 -0.039415 0.118167 3.209194 1.967658 -4.119408 -16.274343 1.729972 -2.045121 -0.894016 0.0 -0.0 2e-06 -9.89216 0.325993 -24.343575 0.186507 -0.199252 4.053118 -0.362284 -4.679698 3.591081 -1.331657 1.13635 -4.322213 0.0 -0.0 -1e-06 
0.0 0.0 0.0 0.0 -0.0 0.0 -1.857585 93.896622 147.90564 6.1738 2.67306 -5.926247 -4.454436 0.042072 7.818507 -1.202435 -1.515004 -1.995221 -2.572732 -3.926883 7.230213 6.191832 0.397207 0.613471 -1.246384 -1.476622 -3.41722 0.585598 -2.816951 -13.118397 7.7e-05 -2.2e-05 6e-06 0.036451 0.11246 0.065209 0.672524 -3.634449 -10.622926 -0.603308 3.86502 -10.623594 -11.794727 -11.639822 10.547405 -45.983002 -15.905439 25.177877 0.4239 -32.030891 -0.379836 2.584836 3.245509 -14.962096 -5.882102 9.861279 0.70259 -10.936861 -0.360574 7.156197 0.0 8.774815 -0.0 -15.73723 18.433252 6.340957 -1.844031 2.498503 -2.507276 -10.16359 4.678941 4.621104 -20.975996 -1e-06 1e-06 -21.226254 2.451698 -3.593995 0.0 -6e-06 -0.0 -1.362681 2.240797 -0.746323 -21.334892 0.58491 3.008319 -13.821196 -1e-06 1e-06 -23.887129 -0.249075 -0.839485 -60.859787 2.504703 -1.152214 -0.294025 1.679686 0.833255 -14.218195 0.093215 1.300579 -34.212002 -0.287561 0.967166 -20.033176 0.964536 1.212838 0.0 -0.0 0.0 -3.440387 0.788233 0.501655 -15.928172 -3.167306 2.999703 -6.338817 -0.0 1e-06 -18.123419 3.648181 -4.905662 -4e-06 0.0 -2e-06 12.539115 7.86348 10.818185 59.141754 8.869493 20.795111 0.147624 22.488503 -0.052812 1.799209 -4.496309 -15.744394 2.24354 -5.255033 -3.180156 14.282877 -0.826594 6.952496 -0.0 -12.690593 -1e-06 16.381962 -17.710787 2.710414 1.665665 -1.95592 -2.878297 4.727794 -4.170584 4.993919 11.020511 1e-06 -0.0 12.109032 -3.735715 -2.866778 0.0 -0.0 0.0 1.291985 -1.928548 -1.498088 14.800115 0.567467 3.865604 14.242553 -1.341738 -6.660648 19.631935 0.143921 -0.648243 50.119572 -0.474794 -6.364796 0.353029 -1.51115 -0.03194 20.222769 3.684305 2.316629 18.787249 1e-06 -1e-06 10.751608 -0.47987 1.397903 0.0 -0.0 0.0 3.273804 0.305947 -0.58011 21.48679 11.830364 2.266131 8.162915 0.0 -0.0 18.399052 -3.798986 -4.940567 3e-06 0.0 -1e-06 -6.197509 5.494008 23.271378 -0.098112 -0.008837 3.525119 2.020791 -5.882556 -18.230967 1.778897 -1.926761 -1.512965 0.0 -0.0 2e-06 -9.531636 -1.653695 -25.727583 0.086302 -0.130166 -2.573115 2.938369 -5.683546 1.70295 -1.262994 1.139702 -4.054371 0.0 -0.0 -1e-06 
0.0 0.0 0.0 0.0 -0.0 0.0 -2.372178 92.674438 153.674789 6.138829 3.969619 -5.288136 -4.474679 -0.061462 7.695831 -1.191878 -1.713316 -2.032979 -2.470723 -3.907926 7.053339 6.71203 0.238358 -0.281697 -1.249158 -1.445164 -3.35728 0.487676 -3.026572 -13.705642 7.7e-05 -2.2e-05 6e-06 0.032439 0.102599 0.080822 0.67419 -3.650523 -10.61099 -0.611343 3.860384 -10.584886 -11.175025 -11.947029 10.50113 -47.336517 -16.732634 23.516901 0.010156 -31.643578 -0.304214 3.04936 3.488367 -14.390247 -5.882102 9.861279 0.70259 -10.936861 -0.360574 7.156197 0.0 8.774815 -0.0 -15.881559 18.34428 6.263728 -1.844031 2.498503 -2.507276 -10.16359 4.678941 4.621104 -20.975996 -1e-06 1e-06 -21.226254 2.451698 -3.593995 0.0 -6e-06 -0.0 -1.362681 2.240797 -0.746323 -21.334892 0.58491 3.008319 -13.821196 -1e-06 1e-06 -23.887129 -0.249075 -0.839485 -61.033157 2.452005 -0.994354 -0.294025 1.679686 0.833255 -14.218195 0.093215 1.300579 -34.212002 -0.287561 0.967166 -20.033176 0.964536 1.212838 0.0 -0.0 0.0 -3.440387 0.788233 0.501655 -15.928172 -3.167306 2.999703 -6.338817 -0.0 1e-06 -18.123419 3.648181 -4.905662 -4e-06 0.0 -2e-06 12.803414 7.84021 10.723847 59.874123 8.529025 19.416996 0.060745 20.101614 -0.070934 2.024659 -4.89705 -16.588694 2.24354 -5.255033 -3.180156 14.282877 -0.826594 6.952496 -0.0 -12.690593 -1e-06 16.461037 -17.59487 2.649187 1.665665 -1.95592 -2.878297 4.727794 -4.170584 4.993919 11.020511 1e-06 -0.0 12.109032 -3.735715 -2.866778 0.0 -0.0 0.0 1.291985 -1.928548 -1.498088 14.800115 0.567467 3.865604 14.242553 -1.341738 -6.660648 19.631935 0.143921 -0.648243 49.940434 -0.215057 -6.335901 0.353029 -1.51115 -0.03194 20.222769 3.684305 2.316629 18.787249 1e-06 -1e-06 10.751608 -0.47987 1.397903 0.0 -0.0 0.0 3.273804 0.305947 -0.58011 21.48679 11.830364 2.266131 8.162915 0.0 -0.0 18.399052 -3.798986 -4.940567 3e-06 0.0 -1e-06 -4.758444 5.752866 25.388643 -0.080745 -0.301094 5.767974 1.978679 -7.200034 -18.646519 1.815865 -1.872251 -3.34467 0.0 -0.0 2e-06 -8.255014 -3.917151 -27.540497 0.165707 0.087611 -2.751796 5.167891 -5.592803 0.634311 -1.249746 1.125872 -4.170453 0.0 -0.0 -1e-06 
0.0 0.0 0.0 0.0 -0.0 0.0 -2.998052 91.969597 159.652359 5.029712 5.157286 -3.929769 -3.803653 -0.193997 6.921789 -1.06187 -1.85022 -2.139612 -1.961983 -4.162076 6.605822 6.854268 0.3442 -1.407385 -1.224276 -1.638593 -3.339635 0.478677 -3.082116 -13.713776 7.7e-05 -2.2e-05 6e-06 0.013821 0.082906 0.096273 0.65562 -3.670948 -10.530084 -0.626053 3.839673 -10.505009 -11.221566 -12.070674 10.498727 -48.612354 -16.495884 22.904783 -0.071977 -31.467136 -0.355381 2.662748 3.752788 -15.15681 -5.882102 9.861279 0.70259 -10.936861 -0.360574 7.156197 0.0 8.774815 -0.0 -16.005646 18.255707 6.162407 -1.844031 2.498503 -2.507276 -10.16359 4.678941 4.621104 -20.975996 -1e-06 1e-06 -21.226254 2.451698 -3.593995 0.0 -6e-06 -0.0 -1.362681 2.240797 -0.746323 -21.334892 0.58491 3.008319 -13.821196 -1e-06 1e-06 -23.887129 -0.249075 -0.839485 -61.066433 2.337231 -1.026906 -0.294025 1.679686 0.833255 -14.218195 0.093215 1.300579 -34.212002 -0.287561 0.967166 -20.033176 0.964536 1.212838 0.0 -0.0 0.0 -3.440387 0.788233 0.501655 -15.928172 -3.167306 2.999703 -6.338817 -0.0 1e-06 -18.123419 3.648181 -4.905662 -4e-06 0.0 -2e-06 13.465713 7.661953 10.358131 60.085064 7.871032 18.218897 0.079821 18.37904 0.005498 2.00377 -5.550827 -17.530783 2.24354 -5.255033 -3.180156 14.282877 -0.826594 6.952496 -0.0 -12.690593 -1e-06 16.333378 -17.460529 2.634895 1.665665 -1.95592 -2.878297 4.727794 -4.170584 4.993919 11.020511 1e-06 -0.0 12.109032 -3.735715 -2.866778 0.0 -0.0 0.0 1.291985 -1.928548 -1.498088 14.800115 0.567467 3.865604 14.242553 -1.341738 -6.660648 19.631935 0.143921 -0.648243 50.077602 -0.00435 -6.102456 0.353029 -1.51115 -0.03194 20.222769 3.684305 2.316629 18.787249 1e-06 -1e-06 10.751608 -0.47987 1.397903 0.0 -0.0 0.0 3.273804 0.305947 -0.58011 21.48679 11.830364 2.266131 8.162915 0.0 -0.0 18.399052 -3.798986 -4.940567 3e-06 0.0 -1e-06 -1.743617 6.134842 25.791267 0.032801 -0.699944 9.621991 2.075286 -8.852291 -17.138432 1.905575 -1.868806 -7.745126 0.0 -0.0 2e-06 -6.213508 -4.878037 -29.16724 0.288179 0.160989 1.694289 4.106266 -4.034507 3.150728 -1.279597 1.196676 -5.020071 0.0 -0.0 -1e-06 
0.0 0.0 0.0 0.0 -0.0 0.0 -3.76904 91.977921 165.979614 2.374768 6.013025 -1.855962 -1.880364 -0.287559 5.640257 -0.856964 -1.932771 -2.573986 -0.981179 -4.490172 6.067232 6.588097 0.712288 -3.189932 -1.3944 -1.251973 -3.434927 0.340207 -3.383776 -12.625381 7.7e-05 -2.2e-05 6e-06 -0.001456 0.053562 0.048487 0.659918 -3.695744 -10.530045 -0.658211 3.805642 -10.509615 -13.297356 -11.819161 9.769149 -48.12463 -14.793578 23.878801 -0.163027 -31.253775 -0.34739 1.440013 3.977191 -16.21833 -5.882102 9.861279 0.70259 -10.936861 -0.360574 7.156197 0.0 8.774815 -0.0 -16.390928 18.045172 5.868008 -1.844031 2.498503 -2.507276 -10.16359 4.678941 4.621104 -20.975996 -1e-06 1e-06 -21.226254 2.451698 -3.593995 0.0 -6e-06 -0.0 -1.362681 2.240797 -0.746323 -21.334892 0.58491 3.008319 -13.821196 -1e-06 1e-06 -23.887129 -0.249075 -0.839485 -61.022202 2.081931 -0.947461 -0.294025 1.679686 0.833255 -14.218195 0.093215 1.300579 -34.212002 -0.287561 0.967166 -20.033176 0.964536 1.212838 0.0 -0.0 0.0 -3.440387 0.788233 0.501655 -15.928172 -3.167306 2.999703 -6.338817 -0.0 1e-06 -18.123419 3.648181 -4.905662 -4e-06 0.0 -2e-06 15.275604 7.629767 9.796981 58.903564 6.800676 17.180996 0.045924 17.273344 -0.030363 1.850382 -6.286828 -17.401064 2.24354 -5.255033 -3.180156 14.282877 -0.826594 6.952496 -0.0 -12.690593 -1e-06 16.301512 -17.390591 2.559282 1.665665 -1.95592 -2.878297 4.727794 -4.170584 4.993919 11.020511 1e-06 -0.0 12.109032 -3.735715 -2.866778 0.0 -0.0 0.0 1.291985 -1.928548 -1.498088 14.800115 0.567467 3.865604 14.242553 -1.341738 -6.660648 19.631935 0.143921 -0.648243 50.275448 0.00561 -6.131705 0.353029 -1.51115 -0.03194 20.222769 3.684305 2.316629 18.787249 1e-06 -1e-06 10.751608 -0.47987 1.397903 0.0 -0.0 0.0 3.273804 0.305947 -0.58011 21.48679 11.830364 2.266131 8.162915 0.0 -0.0 18.399052 -3.798986 -4.940567 3e-06 0.0 -1e-06 3.217416 6.768738 23.482769 -0.012131 -0.823245 16.061968 1.941049 -10.475713 -12.486644 2.021583 -1.742676 -15.390752 0.0 -0.0 2e-06 -3.209097 -3.607693 -32.750729 0.266462 0.080579 9.300785 1.16101 -3.539703 12.821511 -1.347148 1.193923 -5.007296 0.0 -0.0 -1e-06 
0.0 0.0 0.0 0.0 -0.0 0.0 -4.484431 92.374298 172.554977 0.18507 5.800574 -0.759188 -0.676201 -0.367841 5.109632 -0.482206 -2.126394 -2.780892 0.446974 -4.434451 5.360776 5.817234 1.214942 -4.55413 -1.541099 -0.699061 -3.515108 0.209799 -2.894242 -12.829717 7.7e-05 -2.2e-05 6e-06 -0.009162 0.027092 0.001669 0.711795 -3.745274 -10.655162 -0.724582 3.800399 -10.638263 -12.995667 -11.316348 9.258994 -50.925247 -13.239429 24.908974 -0.180744 -29.434958 -0.274435 -0.008686 4.352394 -16.713768 -5.882102 9.861279 0.70259 -10.936861 -0.360574 7.156197 0.0 8.774815 -0.0 -16.821192 17.641142 5.525579 -1.844031 2.498503 -2.507276 -10.16359 4.678941 4.621104 -20.975996 -1e-06 1e-06 -21.226254 2.451698 -3.593995 0.0 -6e-06 -0.0 -1.362681 2.240797 -0.746323 -21.334892 0.58491 3.008319 -13.821196 -1e-06 1e-06 -23.887129 -0.249075 -0.839485 -61.024632 1.972403 -0.850956 -0.294025 1.679686 0.833255 -14.218195 0.093215 1.300579 -34.212002 -0.287561 0.967166 -20.033176 0.964536 1.212838 0.0 -0.0 0.0 -3.440387 0.788233 0.501655 -15.928172 -3.167306 2.999703 -6.338817 -0.0 1e-06 -18.123419 3.648181 -4.905662 -4e-06 0.0 -2e-06 14.196588 8.310002 9.592629 60.031715 6.892792 17.44902 0.101037 16.03591 -0.059358 1.596901 -7.152119 -17.021961 2.24354 -5.255033 -3.180156 14.282877 -0.826594 6.952496 -0.0 -12.690593 -1e-06 16.419283 -17.412573 2.415663 1.665665 -1.95592 -2.878297 4.727794 -4.170584 4.993919 11.020511 1e-06 -0.0 12.109032 -3.735715 -2.866778 0.0 -0.0 0.0 1.291985 -1.928548 -1.498088 14.800115 0.567467 3.865604 14.242553 -1.341738 -6.660648 19.631935 0.143921 -0.648243 50.290306 0.009629 -6.124782 0.353029 -1.51115 -0.03194 20.222769 3.684305 2.316629 18.787249 1e-06 -1e-06 10.751608 -0.47987 1.397903 0.0 -0.0 0.0 3.273804 0.305947 -0.58011 21.48679 11.830364 2.266131 8.162915 0.0 -0.0 18.399052 -3.798986 -4.940567 3e-06 0.0 -1e-06 6.562906 7.152841 19.750967 -0.067366 -0.848955 25.795647 2.119534 -9.882253 -3.741554 2.146469 -1.563519 -24.513556 0.0 -0.0 2e-06 -0.348086 -2.427157 -35.41526 0.161786 0.125071 18.125271 0.614509 -3.587202 15.446704 -1.381509 1.086265 -3.534043 0.0 -0.0 -1e-06 
0.0 0.0 0.0 0.0 -0.0 0.0 -4.980351 93.280014 178.838455 -0.964354 4.72758 -0.763745 0.00093 -0.22621 5.437262 -0.160321 -2.171303 -2.713288 1.199529 -4.232189 4.724618 5.090031 1.649822 -5.050708 -1.277217 -0.580915 -3.430317 0.222263 -2.283098 -13.722763 7.7e-05 -2.2e-05 6e-06 0.012006 0.08866 -0.007391 0.749461 -3.660307 -10.617834 -0.722488 3.836028 -10.590279 -9.852103 -11.178131 9.463889 -56.353268 -12.672439 26.119217 -0.098881 -26.516882 -0.237376 -2.802519 5.012582 -16.692278 -5.882102 9.861279 0.70259 -10.936861 -0.360574 7.156197 0.0 8.774815 -0.0 -16.918774 17.570162 5.430814 -1.844031 2.498503 -2.507276 -10.16359 4.678941 4.621104 -20.975996 -1e-06 1e-06 -21.226254 2.451698 -3.593995 0.0 -6e-06 -0.0 -1.362681 2.240797 -0.746323 -21.334892 0.58491 3.008319 -13.821196 -1e-06 1e-06 -23.887129 -0.249075 -0.839485 -60.92091 2.125566 -1.0904 -0.294025 1.679686 0.833255 -14.218195 0.093215 1.300579 -34.212002 -0.287561 0.967166 -20.033176 0.964536 1.212838 0.0 -0.0 0.0 -3.440387 0.788233 0.501655 -15.928172 -3.167306 2.999703 -6.338817 -0.0 1e-06 -18.123419 3.648181 -4.905662 -4e-06 0.0 -2e-06 10.871969 9.545806 9.820902 63.194912 7.996049 18.211222 0.498744 15.804713 0.064411 1.447314 -8.346749 -16.603849 2.24354 -5.255033 -3.180156 14.282877 -0.826594 6.952496 -0.0 -12.690593 -1e-06 16.511213 -17.561588 2.359895 1.665665 -1.95592 -2.878297 4.727794 -4.170584 4.993919 11.020511 1e-06 -0.0 12.109032 -3.735715 -2.866778 0.0 -0.0 0.0 1.291985 -1.928548 -1.498088 14.800115 0.567467 3.865604 14.242553 -1.341738 -6.660648 19.631935 0.143921 -0.648243 50.044205 0.011767 -6.195093 0.353029 -1.51115 -0.03194 20.222769 3.684305 2.316629 18.787249 1e-06 -1e-06 10.751608 -0.47987 1.397903 0.0 -0.0 0.0 3.273804 0.305947 -0.58011 21.48679 11.830364 2.266131 8.162915 0.0 -0.0 18.399052 -3.798986 -4.940567 3e-06 0.0 -1e-06 7.565326 7.277901 14.228654 -0.109111 -0.880204 38.393856 1.568171 -7.478702 9.047571 2.102091 -1.426855 -25.159866 0.0 -0.0 2e-06 1.71678 -2.237981 -34.530659 0.18401 -0.047503 23.568895 0.741532 -1.990279 12.612292 -1.369812 1.007639 -2.247602 0.0 -0.0 -1e-06 
0.0 0.0 0.0 0.0 -0.0 0.0 -5.466001 94.168732 184.722473 -2.05466 4.08942 -0.934252 0.732772 -0.151365 5.899776 -0.010038 -1.84145 -2.64379 1.735554 -4.210876 4.429543 4.742679 1.538092 -5.252735 -1.018455 -0.524867 -3.402625 0.254314 -1.573819 -14.286768 7.7e-05 -2.2e-05 6e-06 0.004753 0.076346 -0.021269 0.728285 -3.685461 -10.609001 -0.717427 3.82913 -10.558814 -7.678558 -11.053279 9.554569 -59.675232 -12.329576 28.427757 -0.251945 -24.859215 -0.158905 -5.725237 5.220169 -15.697373 -5.882102 9.861279 0.70259 -10.936861 -0.360574 7.156197 0.0 8.774815 -0.0 -16.953413 17.327311 5.451179 -1.844031 2.498503 -2.507276 -10.16359 4.678941 4.621104 -20.975996 -1e-06 1e-06 -21.226254 2.451698 -3.593995 0.0 -6e-06 -0.0 -1.362681 2.240797 -0.746323 -21.334892 0.58491 3.008319 -13.821196 -1e-06 1e-06 -23.887129 -0.249075 -0.839485 -60.823635 2.203051 -0.941733 -0.294025 1.679686 0.833255 -14.218195 0.093215 1.300579 -34.212002 -0.287561 0.967166 -20.033176 0.964536 1.212838 0.0 -0.0 0.0 -3.440387 0.788233 0.501655 -15.928172 -3.167306 2.999703 -6.338817 -0.0 1e-06 -18.123419 3.648181 -4.905662 -4e-06 0.0 -2e-06 8.790966 10.372078 9.854655 64.353233 8.949308 19.507254 0.914071 17.658264 0.168734 1.661413 -8.240066 -16.83589 2.24354 -5.255033 -3.180156 14.282877 -0.826594 6.952496 -0.0 -12.690593 -1e-06 16.538155 -17.505087 2.406859 1.665665 -1.95592 -2.878297 4.727794 -4.170584 4.993919 11.020511 1e-06 -0.0 12.109032 -3.735715 -2.866778 0.0 -0.0 0.0 1.291985 -1.928548 -1.498088 14.800115 0.567467 3.865604 14.242553 -1.341738 -6.660648 19.631935 0.143921 -0.648243 50.084225 -0.02604 -6.11884 0.353029 -1.51115 -0.03194 20.222769 3.684305 2.316629 18.787249 1e-06 -1e-06 10.751608 -0.47987 1.397903 0.0 -0.0 0.0 3.273804 0.305947 -0.58011 21.48679 11.830364 2.266131 8.162915 0.0 -0.0 18.399052 -3.798986 -4.940567 3e-06 0.0 -1e-06 8.16432 6.897724 6.831254 -0.047092 -0.853975 51.482861 0.339541 -3.707022 18.550301 1.875357 -1.767446 -9.990675 0.0 -0.0 2e-06 3.832777 -2.875756 -32.009083 0.169893 -0.04421 26.855709 0.07528 -0.65834 6.050305 -1.398761 0.939758 -1.590241 0.0 -0.0 -1e-06 
0.0 0.0 0.0 0.0 -0.0 0.0 -5.872831 95.16069 190.257904 -2.759409 3.649628 -1.041083 1.32014 -0.039694 6.168791 0.048232 -1.434043 -2.580473 1.846799 -3.970522 4.438385 4.603382 1.296357 -5.138329 -0.896777 -0.557007 -3.374666 0.51137 -1.424249 -14.602979 7.7e-05 -2.2e-05 6e-06 -0.014888 0.035081 -0.0093 0.695746 -3.732512 -10.600331 -0.725199 3.793554 -10.542658 -7.650087 -10.480384 9.615005 -59.967136 -12.179845 30.642811 -0.479721 -24.60837 -0.071932 -7.233191 4.807349 -14.795962 -5.882102 9.861279 0.70259 -10.936861 -0.360574 7.156197 0.0 8.774815 -0.0 -16.916386 17.369526 5.50657 -1.844031 2.498503 -2.507276 -10.16359 4.678941 4.621104 -20.975996 -1e-06 1e-06 -21.226254 2.451698 -3.593995 0.0 -6e-06 -0.0 -1.362681 2.240797 -0.746323 -21.334892 0.58491 3.008319 -13.821196 -1e-06 1e-06 -23.887129 -0.249075 -0.839485 -60.834625 2.325975 -0.964155 -0.294025 1.679686 0.833255 -14.218195 0.093215 1.300579 -34.212002 -0.287561 0.967166 -20.033176 0.964536 1.212838 0.0 -0.0 0.0 -3.440387 0.788233 0.501655 -15.928172 -3.167306 2.999703 -6.338817 -0.0 1e-06 -18.123419 3.648181 -4.905662 -4e-06 0.0 -2e-06 8.690132 10.610805 9.899447 63.21067 10.017039 20.395506 1.212358 20.154846 0.182593 1.039868 -7.003452 -17.23037 2.24354 -5.255033 -3.180156 14.282877 -0.826594 6.952496 -0.0 -12.690593 -1e-06 16.57984 -17.468142 2.424208 1.665665 -1.95592 -2.878297 4.727794 -4.170584 4.993919 11.020511 1e-06 -0.0 12.109032 -3.735715 -2.866778 0.0 -0.0 0.0 1.291985 -1.928548 -1.498088 14.800115 0.567467 3.865604 14.242553 -1.341738 -6.660648 19.631935 0.143921 -0.648243 50.046741 -0.188691 -6.12156 0.353029 -1.51115 -0.03194 20.222769 3.684305 2.316629 18.787249 1e-06 -1e-06 10.751608 -0.47987 1.397903 0.0 -0.0 0.0 3.273804 0.305947 -0.58011 21.48679 11.830364 2.266131 8.162915 0.0 -0.0 18.399052 -3.798986 -4.940567 3e-06 0.0 -1e-06 8.115267 6.462686 -0.738683 -0.092939 -0.678928 61.826176 -0.084523 -1.993582 16.288757 1.877135 -1.884831 -5.381333 0.0 -0.0 2e-06 5.270938 -3.642224 -28.627241 0.058432 -0.062031 27.983984 -0.314064 0.50927 1.383877 -1.406806 0.946236 -1.293668 0.0 -0.0 -1e-06 
0.0 0.0 0.0 0.0 -0.0 0.0 -6.229977 96.385681 195.656494 -2.697927 3.251119 -1.456626 1.471815 0.135835 6.357452 -0.040284 -1.005751 -2.467966 1.526254 -3.576015 4.653279 4.564872 1.214268 -4.581838 -0.909291 -0.632938 -3.320799 0.711625 -1.693844 -14.38653 7.7e-05 -2.2e-05 6e-06 -0.027217 -0.016025 0.018242 0.653844 -3.783381 -10.561445 -0.70895 3.745568 -10.513829 -8.512669 -9.747375 9.682607 -59.117752 -12.034513 31.196545 -0.804622 -24.481762 0.095411 -7.126164 4.306525 -14.043881 -5.882102 9.861279 0.70259 -10.936861 -0.360574 7.156197 0.0 8.774815 -0.0 -16.804195 17.46081 5.573159 -1.844031 2.498503 -2.507276 -10.16359 4.678941 4.621104 -20.975996 -1e-06 1e-06 -21.226254 2.451698 -3.593995 0.0 -6e-06 -0.0 -1.362681 2.240797 -0.746323 -21.334892 0.58491 3.008319 -13.821196 -1e-06 1e-06 -23.887129 -0.249075 -0.839485 -60.792679 2.486292 -1.087388 -0.294025 1.679686 0.833255 -14.218195 0.093215 1.300579 -34.212002 -0.287561 0.967166 -20.033176 0.964536 1.212838 0.0 -0.0 0.0 -3.440387 0.788233 0.501655 -15.928172 -3.167306 2.999703 -6.338817 -0.0 1e-06 -18.123419 3.648181 -4.905662 -4e-06 0.0 -2e-06 9.461151 10.759149 10.138935 61.456078 11.462957 21.002892 1.257923 21.722198 0.194817 -0.104785 -6.081549 -16.731319 2.24354 -5.255033 -3.180156 14.282877 -0.826594 6.952496 -0.0 -12.690593 -1e-06 16.573284 -17.443329 2.399998 1.665665 -1.95592 -2.878297 4.727794 -4.170584 4.993919 11.020511 1e-06 -0.0 12.109032 -3.735715 -2.866778 0.0 -0.0 0.0 1.291985 -1.928548 -1.498088 14.800115 0.567467 3.865604 14.242553 -1.341738 -6.660648 19.631935 0.143921 -0.648243 49.832733 -0.264566 -6.208963 0.353029 -1.51115 -0.03194 20.222769 3.684305 2.316629 18.787249 1e-06 -1e-06 10.751608 -0.47987 1.397903 0.0 -0.0 0.0 3.273804 0.305947 -0.58011 21.48679 11.830364 2.266131 8.162915 0.0 -0.0 18.399052 -3.798986 -4.940567 3e-06 0.0 -1e-06 7.219573 6.494565 -7.634322 -0.172779 -0.359614 67.593002 0.770946 -0.902095 11.264984 1.858572 -1.871085 -5.385579 0.0 -0.0 2e-06 5.571037 -4.329136 -23.798454 0.036912 -0.045392 26.854666 -0.596471 1.584262 -1.885659 -1.411856 0.971348 -1.104184 0.0 -0.0 -1e-06 
0.0 0.0 0.0 0.0 -0.0 0.0 -6.585766 97.55545 201.113586 -2.292804 2.863754 -2.332946 1.521998 0.360352 6.654932 -0.194814 -0.562685 -2.304935 0.910626 -3.099565 4.844184 4.410832 1.178849 -3.468875 -0.955998 -0.723701 -3.292522 0.93332 -2.18381 -13.836293 7.7e-05 -2.2e-05 6e-06 -0.027061 -0.047906 0.046657 0.622829 -3.811155 -10.532388 -0.67885 3.711489 -10.498392 -8.96794 -9.122295 9.760442 -58.700436 -11.689853 30.360361 -0.902524 -24.216846 0.200516 -6.710424 4.278476 -13.076228 -5.882102 9.861279 0.70259 -10.936861 -0.360574 7.156197 0.0 8.774815 -0.0 -16.763615 17.615942 5.633554 -1.844031 2.498503 -2.507276 -10.16359 4.678941 4.621104 -20.975996 -1e-06 1e-06 -21.226254 2.451698 -3.593995 0.0 -6e-06 -0.0 -1.362681 2.240797 -0.746323 -21.334892 0.58491 3.008319 -13.821196 -1e-06 1e-06 -23.887129 -0.249075 -0.839485 -60.735744 2.607266 -1.175399 -0.294025 1.679686 0.833255 -14.218195 0.093215 1.300579 -34.212002 -0.287561 0.967166 -20.033176 0.964536 1.212838 0.0 -0.0 0.0 -3.440387 0.788233 0.501655 -15.928172 -3.167306 2.999703 -6.338817 -0.0 1e-06 -18.123419 3.648181 -4.905662 -4e-06 0.0 -2e-06 9.622074 11.108618 10.363887 60.587288 12.938484 21.515526 1.1576 22.577528 0.244026 -0.98266 -5.843915 -15.762354 2.24354 -5.255033 -3.180156 14.282877 -0.826594 6.952496 -0.0 -12.690593 -1e-06 16.487404 -17.405939 2.383173 1.665665 -1.95592 -2.878297 4.727794 -4.170584 4.993919 11.020511 1e-06 -0.0 12.109032 -3.735715 -2.866778 0.0 -0.0 0.0 1.291985 -1.928548 -1.498088 14.800115 0.567467 3.865604 14.242553 -1.341738 -6.660648 19.631935 0.143921 -0.648243 49.480637 -0.317413 -6.339303 0.353029 -1.51115 -0.03194 20.222769 3.684305 2.316629 18.787249 1e-06 -1e-06 10.751608 -0.47987 1.397903 0.0 -0.0 0.0 3.273804 0.305947 -0.58011 21.48679 11.830364 2.266131 8.162915 0.0 -0.0 18.399052 -3.798986 -4.940567 3e-06 0.0 -1e-06 5.949157 6.921041 -13.454474 -0.204711 -0.136404 69.130104 2.414576 0.866042 7.238542 1.868722 -1.874372 -5.577271 0.0 -0.0 2e-06 5.253588 -4.783667 -17.70857 0.091285 0.008954 24.25811 -1.031187 2.269231 -4.469799 -1.408595 0.970045 -0.941707 0.0 -0.0 -1e-06 
0.0 0.0 0.0 0.0 -0.0 0.0 -6.924947 98.384247 206.675339 -1.930163 2.327138 -3.421356 1.658636 0.599047 7.061833 -0.305522 -0.013006 -2.12033 0.203323 -2.589157 4.973605 4.016725 1.196746 -2.182069 -1.030528 -0.926117 -3.316509 1.236951 -2.771442 -13.272742 7.7e-05 -2.2e-05 6e-06 -0.019913 -0.046159 0.06158 0.611038 -3.801795 -10.526682 -0.654603 3.70593 -10.50701 -9.318386 -8.430584 9.872774 -58.404137 -11.09155 28.335228 -0.768307 -24.245543 0.228664 -5.810198 4.513354 -12.337565 -5.882102 9.861279 0.70259 -10.936861 -0.360574 7.156197 0.0 8.774815 -0.0 -16.704748 17.718752 5.727639 -1.844031 2.498503 -2.507276 -10.16359 4.678941 4.621104 -20.975996 -1e-06 1e-06 -21.226254 2.451698 -3.593995 0.0 -6e-06 -0.0 -1.362681 2.240797 -0.746323 -21.334892 0.58491 3.008319 -13.821196 -1e-06 1e-06 -23.887129 -0.249075 -0.839485 -60.760033 2.641631 -1.161252 -0.294025 1.679686 0.833255 -14.218195 0.093215 1.300579 -34.212002 -0.287561 0.967166 -20.033176 0.964536 1.212838 0.0 -0.0 0.0 -3.440387 0.788233 0.501655 -15.928172 -3.167306 2.999703 -6.338817 -0.0 1e-06 -18.123419 3.648181 -4.905662 -4e-06 0.0 -2e-06 9.202888 11.623816 10.527662 60.262985 14.223207 22.053679 0.977351 23.444717 0.301234 -1.607381 -5.656884 -15.12252 2.24354 -5.255033 -3.180156 14.282877 -0.826594 6.952496 -0.0 -12.690593 -1e-06 16.322912 -17.357363 2.428541 1.665665 -1.95592 -2.878297 4.727794 -4.170584 4.993919 11.020511 1e-06 -0.0 12.109032 -3.735715 -2.866778 0.0 -0.0 0.0 1.291985 -1.928548 -1.498088 14.800115 0.567467 3.865604 14.242553 -1.341738 -6.660648 19.631935 0.143921 -0.648243 49.169743 -0.4106 -6.405096 0.353029 -1.51115 -0.03194 20.222769 3.684305 2.316629 18.787249 1e-06 -1e-06 10.751608 -0.47987 1.397903 0.0 -0.0 0.0 3.273804 0.305947 -0.58011 21.48679 11.830364 2.266131 8.162915 0.0 -0.0 18.399052 -3.798986 -4.940567 3e-06 0.0 -1e-06 4.774172 7.319778 -18.19165 -0.143077 0.062557 67.000587 3.74776 2.588605 4.054409 1.880412 -1.905527 -5.700235 0.0 -0.0 2e-06 4.886084 -4.633301 -11.085066 0.111778 0.067696 21.052633 -1.607193 2.503811 -6.763509 -1.4039 0.936395 -0.95175 0.0 -0.0 -1e-06 
0.0 0.0 0.0 0.0 -0.0 0.0 -7.184011 98.76001 212.25383 -1.746673 1.539777 -4.430277 1.887571 0.756655 7.450308 -0.352466 0.657887 -1.948206 -0.428376 -2.014703 5.11228 3.431784 1.327722 -1.096288 -1.124464 -1.165537 -3.388198 1.556738 -3.344447 -12.845963 7.7e-05 -2.2e-05 6e-06 -0.017705 -0.041564 0.066711 0.597034 -3.78914 -10.524199 -0.638291 3.702653 -10.520618 -10.128685 -7.60906 9.956048 -57.611614 -10.062286 25.489218 -0.506113 -25.048359 0.193372 -4.075269 4.518428 -12.425964 -5.882102 9.861279 0.70259 -10.936861 -0.360574 7.156197 0.0 8.774815 -0.0 -16.591427 17.786112 5.838502 -1.844031 2.498503 -2.507276 -10.16359 4.678941 4.621104 -20.975996 -1e-06 1e-06 -21.226254 2.451698 -3.593995 0.0 -6e-06 -0.0 -1.362681 2.240797 -0.746323 -21.334892 0.58491 3.008319 -13.821196 -1e-06 1e-06 -23.887129 -0.249075 -0.839485 -60.778507 2.63662 -1.059491 -0.294025 1.679686 0.833255 -14.218195 0.093215 1.300579 -34.212002 -0.287561 0.967166 -20.033176 0.964536 1.212838 0.0 -0.0 0.0 -3.440387 0.788233 0.501655 -15.928172 -3.167306 2.999703 -6.338817 -0.0 1e-06 -18.123419 3.648181 -4.905662 -4e-06 0.0 -2e-06 8.861693 12.233632 10.709121 59.533157 15.24793 22.592203 0.845677 24.848177 0.357091 -2.097416 -5.182413 -14.937465 2.24354 -5.255033 -3.180156 14.282877 -0.826594 6.952496 -0.0 -12.690593 -1e-06 16.130606 -17.357061 2.542128 1.665665 -1.95592 -2.878297 4.727794 -4.170584 4.993919 11.020511 1e-06 -0.0 12.109032 -3.735715 -2.866778 0.0 -0.0 0.0 1.291985 -1.928548 -1.498088 14.800115 0.567467 3.865604 14.242553 -1.341738 -6.660648 19.631935 0.143921 -0.648243 49.086891 -0.484787 -6.342982 0.353029 -1.51115 -0.03194 20.222769 3.684305 2.316629 18.787249 1e-06 -1e-06 10.751608 -0.47987 1.397903 0.0 -0.0 0.0 3.273804 0.305947 -0.58011 21.48679 11.830364 2.266131 8.162915 0.0 -0.0 18.399052 -3.798986 -4.940567 3e-06 0.0 -1e-06 3.950095 7.339904 -21.870527 0.023584 0.280834 61.238903 4.107655 3.818138 1.54958 1.876049 -1.973286 -5.813999 0.0 -0.0 2e-06 4.728067 -3.941584 -4.543747 0.075396 0.100551 17.698072 -2.256227 2.457324 -8.902699 -1.406215 0.906698 -1.04934 0.0 -0.0 -1e-06 
0.0 0.0 0.0 0.0 -0.0 0.0 -7.31875 98.600365 217.678925 -1.873083 0.426512 -5.222664 2.268338 0.7873 7.72443 -0.340994 1.360788 -1.817731 -0.841855 -1.362795 5.315679 2.688671 1.531208 -0.315621 -1.175492 -1.234033 -3.453537 1.804357 -3.827699 -12.744555 7.7e-05 -2.2e-05 6e-06 -0.015368 -0.035607 0.072914 0.583192 -3.775671 -10.509629 -0.621943 3.701403 -10.526155 -11.362069 -6.652648 10.018752 -56.44751 -8.835055 22.714729 -0.187399 -26.337904 0.11223 -2.144257 4.209794 -13.067557 -5.882102 9.861279 0.70259 -10.936861 -0.360574 7.156197 0.0 8.774815 -0.0 -16.453247 17.859406 5.885403 -1.844031 2.498503 -2.507276 -10.16359 4.678941 4.621104 -20.975996 -1e-06 1e-06 -21.226254 2.451698 -3.593995 0.0 -6e-06 -0.0 -1.362681 2.240797 -0.746323 -21.334892 0.58491 3.008319 -13.821196 -1e-06 1e-06 -23.887129 -0.249075 -0.839485 -60.699749 2.617231 -1.025187 -0.294025 1.679686 0.833255 -14.218195 0.093215 1.300579 -34.212002 -0.287561 0.967166 -20.033176 0.964536 1.212838 0.0 -0.0 0.0 -3.440387 0.788233 0.501655 -15.928172 -3.167306 2.999703 -6.338817 -0.0 1e-06 -18.123419 3.648181 -4.905662 -4e-06 0.0 -2e-06 8.840503 12.898894 10.95577 58.121815 16.191473 23.212925 0.771466 26.680508 0.377968 -2.34749 -4.401395 -14.989024 2.24354 -5.255033 -3.180156 14.282877 -0.826594 6.952496 -0.0 -12.690593 -1e-06 16.009163 -17.406101 2.634301 1.665665 -1.95592 -2.878297 4.727794 -4.170584 4.993919 11.020511 1e-06 -0.0 12.109032 -3.735715 -2.866778 0.0 -0.0 0.0 1.291985 -1.928548 -1.498088 14.800115 0.567467 3.865604 14.242553 -1.341738 -6.660648 19.631935 0.143921 -0.648243 49.138229 -0.523212 -6.260852 0.353029 -1.51115 -0.03194 20.222769 3.684305 2.316629 18.787249 1e-06 -1e-06 10.751608 -0.47987 1.397903 0.0 -0.0 0.0 3.273804 0.305947 -0.58011 21.48679 11.830364 2.266131 8.162915 0.0 -0.0 18.399052 -3.798986 -4.940567 3e-06 0.0 -1e-06 3.782694 6.751222 -24.347866 0.202903 0.419741 52.345795 3.600954 4.725826 0.403254 1.839303 -2.056136 -5.883817 0.0 -0.0 2e-06 4.906793 -3.115339 1.302525 0.033829 0.155556 14.991422 -2.98377 2.511787 -11.258074 -1.412511 0.909801 -1.100832 0.0 -0.0 -1e-06 
0.0 0.0 0.0 0.0 -0.0 0.0 -7.307864 97.91851 222.986603 -2.425012 -0.972647 -5.805817 2.868803 0.721209 7.866521 -0.276874 1.914428 -1.709016 -0.921976 -0.669843 5.56735 1.773693 1.756925 0.268752 -1.13733 -1.151704 -3.486483 1.948022 -4.066613 -13.033159 7.7e-05 -2.2e-05 6e-06 -0.004197 0.004634 0.082729 0.587467 -3.731272 -10.498629 -0.605748 3.738435 -10.537357 -12.675273 -5.605228 10.070793 -55.399593 -7.821696 20.906179 0.136549 -27.205233 0.004274 -0.689779 3.966967 -13.483162 -5.882102 9.861279 0.70259 -10.936861 -0.360574 7.156197 0.0 8.774815 -0.0 -16.301212 17.894136 5.888372 -1.844031 2.498503 -2.507276 -10.16359 4.678941 4.621104 -20.975996 -1e-06 1e-06 -21.226254 2.451698 -3.593995 0.0 -6e-06 -0.0 -1.362681 2.240797 -0.746323 -21.334892 0.58491 3.008319 -13.821196 -1e-06 1e-06 -23.887129 -0.249075 -0.839485 -60.529835 2.576442 -1.066686 -0.294025 1.679686 0.833255 -14.218195 0.093215 1.300579 -34.212002 -0.287561 0.967166 -20.033176 0.964536 1.212838 0.0 -0.0 0.0 -3.440387 0.788233 0.501655 -15.928172 -3.167306 2.999703 -6.338817 -0.0 1e-06 -18.123419 3.648181 -4.905662 -4e-06 0.0 -2e-06 9.020822 13.531136 11.225471 56.352924 17.216923 23.763348 0.745502 28.552151 0.369771 -2.34013 -3.519759 -15.281346 2.24354 -5.255033 -3.180156 14.282877 -0.826594 6.952496 -0.0 -12.690593 -1e-06 15.968598 -17.430826 2.65395 1.665665 -1.95592 -2.878297 4.727794 -4.170584 4.993919 11.020511 1e-06 -0.0 12.109032 -3.735715 -2.866778 0.0 -0.0 0.0 1.291985 -1.928548 -1.498088 14.800115 0.567467 3.865604 14.242553 -1.341738 -6.660648 19.631935 0.143921 -0.648243 49.193726 -0.561034 -6.210136 0.353029 -1.51115 -0.03194 20.222769 3.684305 2.316629 18.787249 1e-06 -1e-06 10.751608 -0.47987 1.397903 0.0 -0.0 0.0 3.273804 0.305947 -0.58011 21.48679 11.830364 2.266131 8.162915 0.0 -0.0 18.399052 -3.798986 -4.940567 3e-06 0.0 -1e-06 4.434613 5.903905 -25.597277 0.267596 0.433435 41.059357 2.844593 5.391148 0.85882 1.777788 -2.10343 -5.851522 0.0 -0.0 2e-06 5.377331 -2.529572 6.371037 -0.013121 0.225147 13.26103 -3.592883 2.886809 -13.881204 -1.415564 0.946142 -1.100896 0.0 -0.0 -1e-06 
0.0 0.0 0.0 0.0 -0.0 0.0 -7.184703 96.854996 228.34053 -3.345783 -2.551163 -6.211353 3.642714 0.619641 7.951149 -0.186228 2.218365 -1.637756 -0.682977 -0.012292 5.788795 0.794375 2.036314 0.759936 -1.056004 -1.016787 -3.513175 2.062809 -3.946106 -13.529763 7.7e-05 -2.2e-05 6e-06 0.009805 0.048076 0.092182 0.610698 -3.696929 -10.531607 -0.602411 3.792816 -10.576281 -13.891396 -4.519259 10.088223 -54.770641 -7.081285 19.635603 0.240895 -27.075344 -0.049397 0.30283 3.989369 -13.32034 -5.882102 9.861279 0.70259 -10.936861 -0.360574 7.156197 0.0 8.774815 -0.0 -16.136017 17.888666 5.942866 -1.844031 2.498503 -2.507276 -10.16359 4.678941 4.621104 -20.975996 -1e-06 1e-06 -21.226254 2.451698 -3.593995 0.0 -6e-06 -0.0 -1.362681 2.240797 -0.746323 -21.334892 0.58491 3.008319 -13.821196 -1e-06 1e-06 -23.887129 -0.249075 -0.839485 -60.415421 2.582882 -1.030249 -0.294025 1.679686 0.833255 -14.218195 0.093215 1.300579 -34.212002 -0.287561 0.967166 -20.033176 0.964536 1.212838 0.0 -0.0 0.0 -3.440387 0.788233 0.501655 -15.928172 -3.167306 2.999703 -6.338817 -0.0 1e-06 -18.123419 3.648181 -4.905662 -4e-06 0.0 -2e-06 9.324161 14.069937 11.445477 54.661491 18.344175 24.118607 0.682517 29.952131 0.330957 -2.307256 -2.788078 -15.837009 2.24354 -5.255033 -3.180156 14.282877 -0.826594 6.952496 -0.0 -12.690593 -1e-06 15.976213 -17.377853 2.631753 1.665665 -1.95592 -2.878297 4.727794 -4.170584 4.993919 11.020511 1e-06 -0.0 12.109032 -3.735715 -2.866778 0.0 -0.0 0.0 1.291985 -1.928548 -1.498088 14.800115 0.567467 3.865604 14.242553 -1.341738 -6.660648 19.631935 0.143921 -0.648243 49.255054 -0.586609 -6.167999 0.353029 -1.51115 -0.03194 20.222769 3.684305 2.316629 18.787249 1e-06 -1e-06 10.751608 -0.47987 1.397903 0.0 -0.0 0.0 3.273804 0.305947 -0.58011 21.48679 11.830364 2.266131 8.162915 0.0 -0.0 18.399052 -3.798986 -4.940567 3e-06 0.0 -1e-06 5.717728 5.450493 -25.792213 0.205048 0.40202 28.086229 1.664771 5.509336 1.635486 1.719471 -2.121487 -5.569788 0.0 -0.0 2e-06 5.955284 -2.30433 10.866817 -0.083805 0.253052 12.514915 -3.956413 3.64536 -16.617023 -1.416817 0.976511 -1.34196 0.0 -0.0 -1e-06 
0.0 0.0 0.0 0.0 -0.0 0.0 -6.998563 95.629105 233.890228 -4.241418 -4.152651 -6.386262 4.265596 0.466864 7.983601 -0.100702 2.422741 -1.682361 -0.299386 0.431191 6.019651 -0.059933 2.278428 0.970612 -0.957167 -0.62091 -3.408458 2.08235 -3.543093 -14.200138 7.7e-05 -2.2e-05 6e-06 0.030534 0.129064 0.119397 0.648362 -3.638184 -10.56687 -0.599795 3.896419 -10.618381 -15.049634 -3.432599 10.114765 -54.590935 -6.592134 18.354383 0.221388 -25.971163 -0.047249 0.928821 4.206871 -12.884598 -5.882102 9.861279 0.70259 -10.936861 -0.360574 7.156197 0.0 8.774815 -0.0 -16.022467 17.939581 6.024961 -1.844031 2.498503 -2.507276 -10.16359 4.678941 4.621104 -20.975996 -1e-06 1e-06 -21.226254 2.451698 -3.593995 0.0 -6e-06 -0.0 -1.362681 2.240797 -0.746323 -21.334892 0.58491 3.008319 -13.821196 -1e-06 1e-06 -23.887129 -0.249075 -0.839485 -60.407204 2.531816 -0.901596 -0.294025 1.679686 0.833255 -14.218195 0.093215 1.300579 -34.212002 -0.287561 0.967166 -20.033176 0.964536 1.212838 0.0 -0.0 0.0 -3.440387 0.788233 0.501655 -15.928172 -3.167306 2.999703 -6.338817 -0.0 1e-06 -18.123419 3.648181 -4.905662 -4e-06 0.0 -2e-06 9.773717 14.563526 11.592823 53.421383 19.46076 24.19062 0.500409 30.394463 0.29249 -2.426528 -2.351121 -16.627289 2.24354 -5.255033 -3.180156 14.282877 -0.826594 6.952496 -0.0 -12.690593 -1e-06 16.013617 -17.334167 2.630808 1.665665 -1.95592 -2.878297 4.727794 -4.170584 4.993919 11.020511 1e-06 -0.0 12.109032 -3.735715 -2.866778 0.0 -0.0 0.0 1.291985 -1.928548 -1.498088 14.800115 0.567467 3.865604 14.242553 -1.341738 -6.660648 19.631935 0.143921 -0.648243 49.552765 -0.740006 -6.113688 0.353029 -1.51115 -0.03194 20.222769 3.684305 2.316629 18.787249 1e-06 -1e-06 10.751608 -0.47987 1.397903 0.0 -0.0 0.0 3.273804 0.305947 -0.58011 21.48679 11.830364 2.266131 8.162915 0.0 -0.0 18.399052 -3.798986 -4.940567 3e-06 0.0 -1e-06 7.031726 5.398238 -25.661026 0.023116 0.234809 15.257876 -1.104878 5.186044 1.897605 1.598409 -2.242854 -5.28549 0.0 -0.0 2e-06 6.052426 -2.562864 15.078995 -0.16619 0.205856 12.311733 -3.985449 4.875677 -18.672216 -1.435526 0.921448 -2.127241 0.0 -0.0 -1e-06 
0.0 0.0 0.0 0.0 -0.0 0.0 -6.643906 94.435272 239.675232 -4.625918 -5.675728 -6.155861 4.406661 0.32165 7.703361 -0.045576 2.685529 -1.827232 0.037089 0.529198 6.314085 -0.815414 2.516872 0.840865 -0.827416 -0.172974 -3.375066 2.080111 -3.009031 -14.599144 7.7e-05 -2.2e-05 6e-06 0.02842 0.116112 0.134908 0.628977 -3.659855 -10.55296 -0.586093 3.891577 -10.594817 -16.08757 -2.49851 9.996355 -54.872707 -6.046989 17.1845 0.171646 -24.210615 -0.017814 1.11098 4.249965 -12.757478 -5.882102 9.861279 0.70259 -10.936861 -0.360574 7.156197 0.0 8.774815 -0.0 -15.895572 17.909367 6.081026 -1.844031 2.498503 -2.507276 -10.16359 4.678941 4.621104 -20.975996 -1e-06 1e-06 -21.226254 2.451698 -3.593995 0.0 -6e-06 -0.0 -1.362681 2.240797 -0.746323 -21.334892 0.58491 3.008319 -13.821196 -1e-06 1e-06 -23.887129 -0.249075 -0.839485 -60.439861 2.51311 -0.868207 -0.294025 1.679686 0.833255 -14.218195 0.093215 1.300579 -34.212002 -0.287561 0.967166 -20.033176 0.964536 1.212838 0.0 -0.0 0.0 -3.440387 0.788233 0.501655 -15.928172 -3.167306 2.999703 -6.338817 -0.0 1e-06 -18.123419 3.648181 -4.905662 -4e-06 0.0 -2e-06 10.379309 15.090034 11.785675 52.662823 20.411987 23.899679 0.242139 29.982126 0.204 -2.393808 -2.209406 -17.422144 2.24354 -5.255033 -3.180156 14.282877 -0.826594 6.952496 -0.0 -12.690593 -1e-06 15.928855 -17.308498 2.698538 1.665665 -1.95592 -2.878297 4.727794 -4.170584 4.993919 11.020511 1e-06 -0.0 12.109032 -3.735715 -2.866778 0.0 -0.0 0.0 1.291985 -1.928548 -1.498088 14.800115 0.567467 3.865604 14.242553 -1.341738 -6.660648 19.631935 0.143921 -0.648243 49.663765 -0.729326 -6.060438 0.353029 -1.51115 -0.03194 20.222769 3.684305 2.316629 18.787249 1e-06 -1e-06 10.751608 -0.47987 1.397903 0.0 -0.0 0.0 3.273804 0.305947 -0.58011 21.48679 11.830364 2.266131 8.162915 0.0 -0.0 18.399052 -3.798986 -4.940567 3e-06 0.0 -1e-06 7.437631 5.705439 -25.697088 -0.121853 0.066871 4.68474 -4.598933 5.527323 2.405103 1.426936 -2.355798 -5.314873 0.0 -0.0 2e-06 5.146998 -2.773847 19.138548 -0.189643 0.205559 11.943079 -3.433428 6.601787 -19.295752 -1.434928 0.852588 -3.640201 0.0 -0.0 -1e-06 
0.0 0.0 0.0 0.0 -0.0 0.0 -6.084662 93.316124 245.75177 -4.421014 -6.844981 -5.577512 4.184012 0.26916 7.211987 -0.050393 2.89833 -2.038615 0.150205 0.509541 6.453683 -1.411518 2.645601 0.333087 -0.653529 0.130746 -3.339914 1.98057 -2.453584 -14.684471 7.7e-05 -2.2e-05 6e-06 0.015579 0.060812 0.12931 0.606082 -3.70877 -10.507795 -0.590112 3.829773 -10.543591 -16.685564 -1.929343 9.949985 -55.552975 -5.515285 16.858294 0.035629 -22.582319 0.039111 0.924758 4.098886 -12.962281 -5.882102 9.861279 0.70259 -10.936861 -0.360574 7.156197 0.0 8.774815 -0.0 -15.890512 17.797945 6.012174 -1.844031 2.498503 -2.507276 -10.16359 4.678941 4.621104 -20.975996 -1e-06 1e-06 -21.226254 2.451698 -3.593995 0.0 -6e-06 -0.0 -1.362681 2.240797 -0.746323 -21.334892 0.58491 3.008319 -13.821196 -1e-06 1e-06 -23.887129 -0.249075 -0.839485 -60.378792 2.452608 -0.901576 -0.294025 1.679686 0.833255 -14.218195 0.093215 1.300579 -34.212002 -0.287561 0.967166 -20.033176 0.964536 1.212838 0.0 -0.0 0.0 -3.440387 0.788233 0.501655 -15.928172 -3.167306 2.999703 -6.338817 -0.0 1e-06 -18.123419 3.648181 -4.905662 -4e-06 0.0 -2e-06 10.682549 15.383303 11.918186 52.807678 20.868986 23.238218 0.11701 29.202921 0.227142 -2.334024 -2.058536 -18.10755 2.24354 -5.255033 -3.180156 14.282877 -0.826594 6.952496 -0.0 -12.690593 -1e-06 15.895151 -17.269096 2.723974 1.665665 -1.95592 -2.878297 4.727794 -4.170584 4.993919 11.020511 1e-06 -0.0 12.109032 -3.735715 -2.866778 0.0 -0.0 0.0 1.291985 -1.928548 -1.498088 14.800115 0.567467 3.865604 14.242553 -1.341738 -6.660648 19.631935 0.143921 -0.648243 49.733444 -0.65451 -6.078845 0.353029 -1.51115 -0.03194 20.222769 3.684305 2.316629 18.787249 1e-06 -1e-06 10.751608 -0.47987 1.397903 0.0 -0.0 0.0 3.273804 0.305947 -0.58011 21.48679 11.830364 2.266131 8.162915 0.0 -0.0 18.399052 -3.798986 -4.940567 3e-06 0.0 -1e-06 6.477926 6.538567 -26.653776 -0.156405 -0.047538 -0.140535 -7.260151 6.268347 2.017528 1.30829 -2.37801 -5.313687 0.0 -0.0 2e-06 3.241461 -2.876848 23.72406 -0.178571 0.250309 10.058034 -2.387624 8.510393 -17.655323 -1.420341 0.796738 -6.117569 0.0 -0.0 -1e-06 
0.0 0.0 0.0 0.0 -0.0 0.0 -5.359549 92.272743 252.110046 -3.481484 -7.521734 -4.626627 3.422774 0.34948 6.445205 -0.128985 3.143601 -2.271459 0.011474 0.404507 6.237159 -1.565829 2.70908 -0.370578 -0.560929 0.251884 -3.336468 1.714385 -2.11019 -14.452223 7.7e-05 -2.2e-05 6e-06 0.001755 0.013817 0.107336 0.619905 -3.755384 -10.532781 -0.631127 3.782182 -10.56772 -16.595154 -1.772409 10.054741 -56.631519 -5.021111 17.557966 -0.075226 -21.361208 0.127725 0.091861 4.341507 -12.610752 -5.882102 9.861279 0.70259 -10.936861 -0.360574 7.156197 0.0 8.774815 -0.0 -16.120529 17.69759 5.8202 -1.844031 2.498503 -2.507276 -10.16359 4.678941 4.621104 -20.975996 -1e-06 1e-06 -21.226254 2.451698 -3.593995 0.0 -6e-06 -0.0 -1.362681 2.240797 -0.746323 -21.334892 0.58491 3.008319 -13.821196 -1e-06 1e-06 -23.887129 -0.249075 -0.839485 -60.421242 2.413245 -0.988193 -0.294025 1.679686 0.833255 -14.218195 0.093215 1.300579 -34.212002 -0.287561 0.967166 -20.033176 0.964536 1.212838 0.0 -0.0 0.0 -3.440387 0.788233 0.501655 -15.928172 -3.167306 2.999703 -6.338817 -0.0 1e-06 -18.123419 3.648181 -4.905662 -4e-06 0.0 -2e-06 10.773489 15.362212 12.037012 53.547127 20.435423 22.742165 0.014085 28.647495 0.23076 -2.420756 -2.16915 -19.554829 2.24354 -5.255033 -3.180156 14.282877 -0.826594 6.952496 -0.0 -12.690593 -1e-06 16.064554 -17.088556 2.590748 1.665665 -1.95592 -2.878297 4.727794 -4.170584 4.993919 11.020511 1e-06 -0.0 12.109032 -3.735715 -2.866778 0.0 -0.0 0.0 1.291985 -1.928548 -1.498088 14.800115 0.567467 3.865604 14.242553 -1.341738 -6.660648 19.631935 0.143921 -0.648243 49.530273 -0.545759 -6.124406 0.353029 -1.51115 -0.03194 20.222769 3.684305 2.316629 18.787249 1e-06 -1e-06 10.751608 -0.47987 1.397903 0.0 -0.0 0.0 3.273804 0.305947 -0.58011 21.48679 11.830364 2.266131 8.162915 0.0 -0.0 18.399052 -3.798986 -4.940567 3e-06 0.0 -1e-06 4.228757 7.390533 -28.410133 -0.221059 -0.078281 2.024297 -7.693581 6.260305 2.216591 1.426087 -2.312593 -5.738905 0.0 -0.0 2e-06 0.545152 -2.38342 26.606913 -0.095069 0.339506 10.076722 -1.21751 10.162082 -14.706419 -1.4232 0.798642 -10.612589 0.0 -0.0 -1e-06 
0.0 0.0 0.0 0.0 -0.0 0.0 -4.57094 91.736305 258.516449 -1.549325 -7.621509 -3.271198 1.767826 0.565906 5.391701 -0.269827 3.146367 -2.653494 -0.320574 0.305545 5.861047 -1.19617 2.73882 -1.469089 -0.656764 0.308614 -3.374285 1.446698 -1.912757 -13.720316 7.7e-05 -2.2e-05 6e-06 0.007751 -0.005011 0.10541 0.647099 -3.776521 -10.547049 -0.644485 3.766201 -10.576741 -16.757357 -2.097733 9.828014 -57.058483 -4.225794 19.227043 -0.157542 -20.309246 0.11873 -1.05408 4.653061 -12.01976 -5.882102 9.861279 0.70259 -10.936861 -0.360574 7.156197 0.0 8.774815 -0.0 -16.194904 17.922855 5.900671 -1.844031 2.498503 -2.507276 -10.16359 4.678941 4.621104 -20.975996 -1e-06 1e-06 -21.226254 2.451698 -3.593995 0.0 -6e-06 -0.0 -1.362681 2.240797 -0.746323 -21.334892 0.58491 3.008319 -13.821196 -1e-06 1e-06 -23.887129 -0.249075 -0.839485 -60.404697 2.408324 -0.854862 -0.294025 1.679686 0.833255 -14.218195 0.093215 1.300579 -34.212002 -0.287561 0.967166 -20.033176 0.964536 1.212838 0.0 -0.0 0.0 -3.440387 0.788233 0.501655 -15.928172 -3.167306 2.999703 -6.338817 -0.0 1e-06 -18.123419 3.648181 -4.905662 -4e-06 0.0 -2e-06 11.73954 14.848449 11.768796 53.779037 18.980841 22.840487 -0.016136 27.809607 0.15917 -2.433653 -2.293947 -19.479948 2.24354 -5.255033 -3.180156 14.282877 -0.826594 6.952496 -0.0 -12.690593 -1e-06 16.039085 -17.139856 2.699837 1.665665 -1.95592 -2.878297 4.727794 -4.170584 4.993919 11.020511 1e-06 -0.0 12.109032 -3.735715 -2.866778 0.0 -0.0 0.0 1.291985 -1.928548 -1.498088 14.800115 0.567467 3.865604 14.242553 -1.341738 -6.660648 19.631935 0.143921 -0.648243 49.826721 -0.573954 -6.105963 0.353029 -1.51115 -0.03194 20.222769 3.684305 2.316629 18.787249 1e-06 -1e-06 10.751608 -0.47987 1.397903 0.0 -0.0 0.0 3.273804 0.305947 -0.58011 21.48679 11.830364 2.266131 8.162915 0.0 -0.0 18.399052 -3.798986 -4.940567 3e-06 0.0 -1e-06 1.125892 7.372267 -31.37023 -0.29837 -0.093415 9.202645 -5.415776 4.832382 8.707545 1.664449 -2.222959 -6.285083 0.0 -0.0 2e-06 -3.215142 -2.122776 27.052563 -0.044564 0.526155 13.059155 -0.698169 11.460622 -9.986156 -1.447393 0.778453 -18.565937 0.0 -0.0 -1e-06 
0.0 0.0 0.0 0.0 -0.0 0.0 -3.876336 91.726089 264.87439 0.84712 -7.016777 -2.365839 0.260546 0.642263 4.741338 -0.64364 3.232136 -2.974296 -1.388546 0.130886 5.394782 -0.420194 2.508417 -2.450482 -0.792612 -0.124111 -3.390619 1.320379 -1.649528 -13.71137 7.7e-05 -2.2e-05 6e-06 0.017562 -0.019099 0.07344 0.685532 -3.786981 -10.537564 -0.663615 3.746914 -10.583456 -15.838775 -3.033472 9.756294 -57.833302 -4.058179 21.465178 -0.325005 -18.756897 0.142763 -2.245259 4.954664 -11.854652 -5.882102 9.861279 0.70259 -10.936861 -0.360574 7.156197 0.0 8.774815 -0.0 -16.43696 17.971567 5.77528 -1.844031 2.498503 -2.507276 -10.16359 4.678941 4.621104 -20.975996 -1e-06 1e-06 -21.226254 2.451698 -3.593995 0.0 -6e-06 -0.0 -1.362681 2.240797 -0.746323 -21.334892 0.58491 3.008319 -13.821196 -1e-06 1e-06 -23.887129 -0.249075 -0.839485 -60.445339 2.410907 -0.746235 -0.294025 1.679686 0.833255 -14.218195 0.093215 1.300579 -34.212002 -0.287561 0.967166 -20.033176 0.964536 1.212838 0.0 -0.0 0.0 -3.440387 0.788233 0.501655 -15.928172 -3.167306 2.999703 -6.338817 -0.0 1e-06 -18.123419 3.648181 -4.905662 -4e-06 0.0 -2e-06 12.436422 13.845998 11.764221 54.978016 17.729942 22.822926 -0.009974 25.865091 0.153291 -2.586553 -2.59797 -18.441156 2.24354 -5.255033 -3.180156 14.282877 -0.826594 6.952496 -0.0 -12.690593 -1e-06 16.073412 -17.335453 2.726213 1.665665 -1.95592 -2.878297 4.727794 -4.170584 4.993919 11.020511 1e-06 -0.0 12.109032 -3.735715 -2.866778 0.0 -0.0 0.0 1.291985 -1.928548 -1.498088 14.800115 0.567467 3.865604 14.242553 -1.341738 -6.660648 19.631935 0.143921 -0.648243 50.030972 -0.498508 -6.114792 0.353029 -1.51115 -0.03194 20.222769 3.684305 2.316629 18.787249 1e-06 -1e-06 10.751608 -0.47987 1.397903 0.0 -0.0 0.0 3.273804 0.305947 -0.58011 21.48679 11.830364 2.266131 8.162915 0.0 -0.0 18.399052 -3.798986 -4.940567 3e-06 0.0 -1e-06 -2.119436 6.580055 -34.485638 -0.170736 -0.060575 18.317297 -2.831706 2.695806 14.181568 1.711334 -2.137697 -3.809275 0.0 -0.0 2e-06 -7.22788 -2.384794 25.1961 -0.134409 0.675185 20.093306 -0.626681 11.745393 -1.169514 -1.503796 0.719074 -29.060553 0.0 -0.0 -1e-06 
0.0 0.0 0.0 0.0 -0.0 0.0 -3.292318 92.25975 271.115112 2.742166 -5.598217 -2.534169 -0.4931 0.55633 4.830979 -0.984975 3.094778 -3.000772 -2.625477 0.104185 4.993151 0.209976 2.24371 -2.566271 -1.085585 -0.602122 -3.318443 1.268679 -1.98182 -14.140809 7.7e-05 -2.2e-05 6e-06 0.035684 0.038171 0.085361 0.728045 -3.709762 -10.50254 -0.671878 3.781808 -10.52841 -13.664501 -4.430277 10.317396 -59.587029 -5.079039 22.991879 -0.475433 -17.492466 0.123377 -3.002528 5.988747 -11.027107 -5.882102 9.861279 0.70259 -10.936861 -0.360574 7.156197 0.0 8.774815 -0.0 -16.837685 17.968822 5.504758 -1.844031 2.498503 -2.507276 -10.16359 4.678941 4.621104 -20.975996 -1e-06 1e-06 -21.226254 2.451698 -3.593995 0.0 -6e-06 -0.0 -1.362681 2.240797 -0.746323 -21.334892 0.58491 3.008319 -13.821196 -1e-06 1e-06 -23.887129 -0.249075 -0.839485 -60.458477 2.435911 -1.068637 -0.294025 1.679686 0.833255 -14.218195 0.093215 1.300579 -34.212002 -0.287561 0.967166 -20.033176 0.964536 1.212838 0.0 -0.0 0.0 -3.440387 0.788233 0.501655 -15.928172 -3.167306 2.999703 -6.338817 -0.0 1e-06 -18.123419 3.648181 -4.905662 -4e-06 0.0 -2e-06 10.734312 13.26542 11.895117 58.91674 16.751865 21.813337 0.106682 22.797249 0.16769 -2.343607 -3.748875 -17.402079 2.24354 -5.255033 -3.180156 14.282877 -0.826594 6.952496 -0.0 -12.690593 -1e-06 16.396 -17.408865 2.637745 1.665665 -1.95592 -2.878297 4.727794 -4.170584 4.993919 11.020511 1e-06 -0.0 12.109032 -3.735715 -2.866778 0.0 -0.0 0.0 1.291985 -1.928548 -1.498088 14.800115 0.567467 3.865604 14.242553 -1.341738 -6.660648 19.631935 0.143921 -0.648243 50.241734 -0.296934 -6.14553 0.353029 -1.51115 -0.03194 20.222769 3.684305 2.316629 18.787249 1e-06 -1e-06 10.751608 -0.47987 1.397903 0.0 -0.0 0.0 3.273804 0.305947 -0.58011 21.48679 11.830364 2.266131 8.162915 0.0 -0.0 18.399052 -3.798986 -4.940567 3e-06 0.0 -1e-06 -4.750396 5.790964 -34.250793 -0.149828 -0.008335 25.465672 -1.165176 1.109683 11.011387 1.597305 -2.120218 -1.732926 0.0 -0.0 2e-06 -9.766758 -2.464442 21.164236 0.015563 0.717151 31.006922 -0.209457 9.759802 12.573762 -1.466067 0.567425 -34.325439 0.0 -0.0 -1e-06 
0.0 0.0 0.0 0.0 -0.0 0.0 -2.822852 93.153908 277.119934 3.957592 -4.986602 -3.022139 -0.924823 0.367711 5.26645 -1.136763 3.022042 -2.845232 -3.136677 0.131329 4.735709 -0.102885 2.254186 -2.565813 -1.248106 -0.891975 -3.336704 1.194464 -2.245403 -14.120784 7.7e-05 -2.2e-05 6e-06 0.04029 0.07444 0.105062 0.712811 -3.683553 -10.462168 -0.648904 3.827603 -10.469595 -12.66265 -5.226334 10.596968 -60.099716 -6.06029 23.354568 -0.520468 -18.034466 0.149554 -3.179081 6.575495 -10.484784 -5.882102 9.861279 0.70259 -10.936861 -0.360574 7.156197 0.0 8.774815 -0.0 -16.913893 17.916859 5.452907 -1.844031 2.498503 -2.507276 -10.16359 4.678941 4.621104 -20.975996 -1e-06 1e-06 -21.226254 2.451698 -3.593995 0.0 -6e-06 -0.0 -1.362681 2.240797 -0.746323 -21.334892 0.58491 3.008319 -13.821196 -1e-06 1e-06 -23.887129 -0.249075 -0.839485 -60.443214 2.364802 -1.269364 -0.294025 1.679686 0.833255 -14.218195 0.093215 1.300579 -34.212002 -0.287561 0.967166 -20.033176 0.964536 1.212838 0.0 -0.0 0.0 -3.440387 0.788233 0.501655 -15.928172 -3.167306 2.999703 -6.338817 -0.0 1e-06 -18.123419 3.648181 -4.905662 -4e-06 0.0 -2e-06 8.876008 13.366049 11.874233 61.724155 15.986918 22.059248 0.423115 20.550068 0.197583 -0.670727 -4.975345 -15.833374 2.24354 -5.255033 -3.180156 14.282877 -0.826594 6.952496 -0.0 -12.690593 -1e-06 16.598202 -17.397066 2.571274 1.665665 -1.95592 -2.878297 4.727794 -4.170584 4.993919 11.020511 1e-06 -0.0 12.109032 -3.735715 -2.866778 0.0 -0.0 0.0 1.291985 -1.928548 -1.498088 14.800115 0.567467 3.865604 14.242553 -1.341738 -6.660648 19.631935 0.143921 -0.648243 50.022896 -0.231934 -6.19775 0.353029 -1.51115 -0.03194 20.222769 3.684305 2.316629 18.787249 1e-06 -1e-06 10.751608 -0.47987 1.397903 0.0 -0.0 0.0 3.273804 0.305947 -0.58011 21.48679 11.830364 2.266131 8.162915 0.0 -0.0 18.399052 -3.798986 -4.940567 3e-06 0.0 -1e-06 -6.527541 5.841296 -31.548012 -0.101381 0.114816 29.266363 0.071927 0.116001 4.629296 1.610204 -2.121747 -1.518025 0.0 -0.0 2e-06 -11.071198 -1.835915 14.722565 0.071421 0.666727 43.789749 1.328736 6.144587 25.515848 -1.110908 0.720198 -16.61541 0.0 -0.0 -1e-06 
0.0 0.0 0.0 0.0 -0.0 0.0 -2.417106 94.301186 282.693115 4.746987 -5.249366 -3.435447 -1.308176 0.332643 5.676632 -1.200789 2.808969 -2.748771 -3.192627 -0.109695 4.636604 -0.676827 2.627469 -2.298878 -1.072684 -0.850413 -3.383806 0.904079 -1.969899 -14.341427 7.7e-05 -2.2e-05 6e-06 0.046977 0.102612 0.131268 0.712903 -3.661579 -10.469125 -0.636343 3.862831 -10.454513 -12.562957 -5.355316 10.534602 -59.354542 -6.734534 23.325073 -0.496956 -19.886692 0.179813 -2.645072 6.490613 -11.149563 -5.882102 9.861279 0.70259 -10.936861 -0.360574 7.156197 0.0 8.774815 -0.0 -16.836109 18.003641 5.524248 -1.844031 2.498503 -2.507276 -10.16359 4.678941 4.621104 -20.975996 -1e-06 1e-06 -21.226254 2.451698 -3.593995 0.0 -6e-06 -0.0 -1.362681 2.240797 -0.746323 -21.334892 0.58491 3.008319 -13.821196 -1e-06 1e-06 -23.887129 -0.249075 -0.839485 -60.412586 2.314553 -1.375016 -0.294025 1.679686 0.833255 -14.218195 0.093215 1.300579 -34.212002 -0.287561 0.967166 -20.033176 0.964536 1.212838 0.0 -0.0 0.0 -3.440387 0.788233 0.501655 -15.928172 -3.167306 2.999703 -6.338817 -0.0 1e-06 -18.123419 3.648181 -4.905662 -4e-06 0.0 -2e-06 7.967876 13.704796 11.880998 62.512741 15.764527 24.29628 0.994913 19.732985 0.262409 1.718699 -5.680916 -13.294596 2.24354 -5.255033 -3.180156 14.282877 -0.826594 6.952496 -0.0 -12.690593 -1e-06 16.613672 -17.246067 2.450017 1.665665 -1.95592 -2.878297 4.727794 -4.170584 4.993919 11.020511 1e-06 -0.0 12.109032 -3.735715 -2.866778 0.0 -0.0 0.0 1.291985 -1.928548 -1.498088 14.800115 0.567467 3.865604 14.242553 -1.341738 -6.660648 19.631935 0.143921 -0.648243 49.712364 -0.361758 -6.288406 0.353029 -1.51115 -0.03194 20.222769 3.684305 2.316629 18.787249 1e-06 -1e-06 10.751608 -0.47987 1.397903 0.0 -0.0 0.0 3.273804 0.305947 -0.58011 21.48679 11.830364 2.266131 8.162915 0.0 -0.0 18.399052 -3.798986 -4.940567 3e-06 0.0 -1e-06 -7.549258 6.217544 -27.519098 0.006679 0.213384 29.924774 0.781056 0.325265 0.190386 1.607987 -2.102428 -1.280124 0.0 -0.0 2e-06 -11.548989 -0.670297 7.202004 0.101761 0.436605 55.852627 0.662687 4.658823 25.604769 -1.128069 0.890723 -6.420683 0.0 -0.0 -1e-06 
0.0 0.0 0.0 0.0 -0.0 0.0 -2.10159 95.57074 287.996277 4.865874 -5.671548 -4.046299 -1.482785 0.262453 6.076556 -1.158578 2.369509 -2.661999 -2.910091 -0.376376 4.725172 -0.971545 2.965955 -1.807115 -0.93015 -0.671687 -3.408064 0.559952 -1.41223 -14.44584 7.7e-05 -2.2e-05 6e-06 0.045989 0.088806 0.131927 0.725684 -3.67981 -10.502625 -0.650141 3.85425 -10.48775 -12.853028 -5.32203 10.447014 -57.951008 -7.473556 23.181343 -0.509084 -21.754604 0.207469 -1.664267 6.225147 -11.583739 -5.882102 9.861279 0.70259 -10.936861 -0.360574 7.156197 0.0 8.774815 -0.0 -16.817278 18.113882 5.586374 -1.844031 2.498503 -2.507276 -10.16359 4.678941 4.621104 -20.975996 -1e-06 1e-06 -21.226254 2.451698 -3.593995 0.0 -6e-06 -0.0 -1.362681 2.240797 -0.746323 -21.334892 0.58491 3.008319 -13.821196 -1e-06 1e-06 -23.887129 -0.249075 -0.839485 -60.484394 2.346237 -1.425047 -0.294025 1.679686 0.833255 -14.218195 0.093215 1.300579 -34.212002 -0.287561 0.967166 -20.033176 0.964536 1.212838 0.0 -0.0 0.0 -3.440387 0.788233 0.501655 -15.928172 -3.167306 2.999703 -6.338817 -0.0 1e-06 -18.123419 3.648181 -4.905662 -4e-06 0.0 -2e-06 7.751605 13.807287 11.833794 62.267235 15.629082 26.401981 1.484196 20.241875 0.312842 3.304909 -5.92292 -11.18723 2.24354 -5.255033 -3.180156 14.282877 -0.826594 6.952496 -0.0 -12.690593 -1e-06 16.507408 -17.166185 2.354104 1.665665 -1.95592 -2.878297 4.727794 -4.170584 4.993919 11.020511 1e-06 -0.0 12.109032 -3.735715 -2.866778 0.0 -0.0 0.0 1.291985 -1.928548 -1.498088 14.800115 0.567467 3.865604 14.242553 -1.341738 -6.660648 19.631935 0.143921 -0.648243 49.571609 -0.417569 -6.296965 0.353029 -1.51115 -0.03194 20.222769 3.684305 2.316629 18.787249 1e-06 -1e-06 10.751608 -0.47987 1.397903 0.0 -0.0 0.0 3.273804 0.305947 -0.58011 21.48679 11.830364 2.266131 8.162915 0.0 -0.0 18.399052 -3.798986 -4.940567 3e-06 0.0 -1e-06 -7.683602 6.409247 -22.345078 0.038757 0.205654 28.463573 1.00963 0.988526 -3.002146 1.592605 -2.113054 -1.08917 0.0 -0.0 2e-06 -11.082134 0.169228 -0.120154 0.155135 0.096117 64.066727 -1.294152 3.965446 19.419704 -1.238716 0.903327 -5.360346 0.0 -0.0 -1e-06 
0.0 0.0 0.0 0.0 -0.0 0.0 -1.910191 96.759712 293.192963 4.547104 -5.710903 -4.949655 -1.574906 0.090697 6.54321 -1.022107 1.819371 -2.507434 -2.429452 -0.79976 4.88302 -0.915968 3.107164 -1.051959 -0.831943 -0.457768 -3.395305 0.212911 -0.874347 -14.303819 7.7e-05 -2.2e-05 6e-06 0.045219 0.078833 0.126612 0.733724 -3.691498 -10.523674 -0.657808 3.846453 -10.512206 -12.737307 -5.53921 10.576193 -56.787514 -8.423784 22.644642 -0.592308 -23.393894 0.221714 -0.875868 5.969085 -11.491117 -5.882102 9.861279 0.70259 -10.936861 -0.360574 7.156197 0.0 8.774815 -0.0 -16.729069 18.223274 5.708554 -1.844031 2.498503 -2.507276 -10.16359 4.678941 4.621104 -20.975996 -1e-06 1e-06 -21.226254 2.451698 -3.593995 0.0 -6e-06 -0.0 -1.362681 2.240797 -0.746323 -21.334892 0.58491 3.008319 -13.821196 -1e-06 1e-06 -23.887129 -0.249075 -0.839485 -60.640442 2.384708 -1.332961 -0.294025 1.679686 0.833255 -14.218195 0.093215 1.300579 -34.212002 -0.287561 0.967166 -20.033176 0.964536 1.212838 0.0 -0.0 0.0 -3.440387 0.788233 0.501655 -15.928172 -3.167306 2.999703 -6.338817 -0.0 1e-06 -18.123419 3.648181 -4.905662 -4e-06 0.0 -2e-06 7.588895 13.532805 11.66609 62.091194 15.402896 27.276041 1.648328 21.339132 0.316469 3.642218 -5.863871 -9.99109 2.24354 -5.255033 -3.180156 14.282877 -0.826594 6.952496 -0.0 -12.690593 -1e-06 16.470266 -17.164375 2.327806 1.665665 -1.95592 -2.878297 4.727794 -4.170584 4.993919 11.020511 1e-06 -0.0 12.109032 -3.735715 -2.866778 0.0 -0.0 0.0 1.291985 -1.928548 -1.498088 14.800115 0.567467 3.865604 14.242553 -1.341738 -6.660648 19.631935 0.143921 -0.648243 49.538391 -0.36604 -6.229454 0.353029 -1.51115 -0.03194 20.222769 3.684305 2.316629 18.787249 1e-06 -1e-06 10.751608 -0.47987 1.397903 0.0 -0.0 0.0 3.273804 0.305947 -0.58011 21.48679 11.830364 2.266131 8.162915 0.0 -0.0 18.399052 -3.798986 -4.940567 3e-06 0.0 -1e-06 -7.29568 6.502025 -16.259724 -0.008072 0.115205 25.667105 0.992423 1.273156 -5.365775 1.59122 -2.107887 -0.906473 0.0 -0.0 2e-06 -9.936693 0.416662 -6.577347 0.209441 -0.103134 67.269669 -3.216315 3.617864 13.618979 -1.31304 0.888545 -5.159964 0.0 -0.0 -1e-06 
0.0 0.0 0.0 0.0 -0.0 0.0 -1.871755 97.704903 298.327423 3.918439 -5.236611 -6.039618 -1.623902 -0.121196 7.039177 -0.847808 1.229419 -2.294887 -1.836067 -1.428283 5.107001 -0.58958 2.990024 -0.140919 -0.695256 -0.217704 -3.388949 -0.070251 -0.368582 -13.934182 7.7e-05 -2.2e-05 6e-06 0.045579 0.078837 0.122893 0.731851 -3.693492 -10.537329 -0.65287 3.848054 -10.526893 -12.270505 -6.025493 10.780447 -55.81707 -9.371458 21.83803 -0.714313 -25.023535 0.23275 -0.390003 5.675803 -11.404945 -5.882102 9.861279 0.70259 -10.936861 -0.360574 7.156197 0.0 8.774815 -0.0 -16.476097 18.303467 5.897384 -1.844031 2.498503 -2.507276 -10.16359 4.678941 4.621104 -20.975996 -1e-06 1e-06 -21.226254 2.451698 -3.593995 0.0 -6e-06 -0.0 -1.362681 2.240797 -0.746323 -21.334892 0.58491 3.008319 -13.821196 -1e-06 1e-06 -23.887129 -0.249075 -0.839485 -60.740082 2.407295 -1.144414 -0.294025 1.679686 0.833255 -14.218195 0.093215 1.300579 -34.212002 -0.287561 0.967166 -20.033176 0.964536 1.212838 0.0 -0.0 0.0 -3.440387 0.788233 0.501655 -15.928172 -3.167306 2.999703 -6.338817 -0.0 1e-06 -18.123419 3.648181 -4.905662 -4e-06 0.0 -2e-06 7.610826 12.852738 11.400652 61.952221 14.945014 26.927271 1.481387 22.816422 0.272201 2.955734 -5.575334 -10.048795 2.24354 -5.255033 -3.180156 14.282877 -0.826594 6.952496 -0.0 -12.690593 -1e-06 16.422554 -17.204786 2.416991 1.665665 -1.95592 -2.878297 4.727794 -4.170584 4.993919 11.020511 1e-06 -0.0 12.109032 -3.735715 -2.866778 0.0 -0.0 0.0 1.291985 -1.928548 -1.498088 14.800115 0.567467 3.865604 14.242553 -1.341738 -6.660648 19.631935 0.143921 -0.648243 49.515881 -0.311097 -6.128066 0.353029 -1.51115 -0.03194 20.222769 3.684305 2.316629 18.787249 1e-06 -1e-06 10.751608 -0.47987 1.397903 0.0 -0.0 0.0 3.273804 0.305947 -0.58011 21.48679 11.830364 2.266131 8.162915 0.0 -0.0 18.399052 -3.798986 -4.940567 3e-06 0.0 -1e-06 -6.488118 6.662504 -9.697447 -0.065817 -0.024698 22.193035 0.820509 0.832302 -7.185064 1.600876 -2.075282 -0.800949 0.0 -0.0 2e-06 -8.369021 0.265375 -11.720106 0.214031 -0.224838 65.692123 -4.60399 3.181406 8.752616 -1.35599 0.848084 -5.160589 0.0 -0.0 -1e-06 
0.0 0.0 0.0 0.0 -0.0 0.0 -1.953541 98.268745 303.498016 3.300348 -4.369498 -7.01777 -1.724275 -0.265959 7.407586 -0.712004 0.667793 -2.103585 -1.273733 -2.150749 5.436516 -0.068274 2.711702 0.695074 -0.58906 0.014313 -3.418123 -0.219915 -0.099474 -13.449958 7.7e-05 -2.2e-05 6e-06 0.048291 0.087786 0.111714 0.721891 -3.682197 -10.539207 -0.63517 3.854526 -10.524977 -11.877436 -6.715541 10.847127 -54.670948 -10.179187 21.057817 -0.767042 -26.771185 0.224565 0.139709 5.331061 -11.764372 -5.882102 9.861279 0.70259 -10.936861 -0.360574 7.156197 0.0 8.774815 -0.0 -16.128057 18.332661 6.128238 -1.844031 2.498503 -2.507276 -10.16359 4.678941 4.621104 -20.975996 -1e-06 1e-06 -21.226254 2.451698 -3.593995 0.0 -6e-06 -0.0 -1.362681 2.240797 -0.746323 -21.334892 0.58491 3.008319 -13.821196 -1e-06 1e-06 -23.887129 -0.249075 -0.839485 -60.819931 2.438506 -0.937438 -0.294025 1.679686 0.833255 -14.218195 0.093215 1.300579 -34.212002 -0.287561 0.967166 -20.033176 0.964536 1.212838 0.0 -0.0 0.0 -3.440387 0.788233 0.501655 -15.928172 -3.167306 2.999703 -6.338817 -0.0 1e-06 -18.123419 3.648181 -4.905662 -4e-06 0.0 -2e-06 8.093695 11.863952 11.14694 61.572216 14.214995 25.509516 1.109629 24.546421 0.187448 1.395564 -5.111105 -11.405726 2.24354 -5.255033 -3.180156 14.282877 -0.826594 6.952496 -0.0 -12.690593 -1e-06 16.32906 -17.296385 2.609066 1.665665 -1.95592 -2.878297 4.727794 -4.170584 4.993919 11.020511 1e-06 -0.0 12.109032 -3.735715 -2.866778 0.0 -0.0 0.0 1.291985 -1.928548 -1.498088 14.800115 0.567467 3.865604 14.242553 -1.341738 -6.660648 19.631935 0.143921 -0.648243 49.52293 -0.329131 -6.050879 0.353029 -1.51115 -0.03194 20.222769 3.684305 2.316629 18.787249 1e-06 -1e-06 10.751608 -0.47987 1.397903 0.0 -0.0 0.0 3.273804 0.305947 -0.58011 21.48679 11.830364 2.266131 8.162915 0.0 -0.0 18.399052 -3.798986 -4.940567 3e-06 0.0 -1e-06 -5.572281 6.812098 -3.229413 -0.08287 -0.150355 18.59959 0.612928 -0.135995 -8.952828 1.619781 -2.021271 -0.747151 0.0 -0.0 2e-06 -6.927898 0.192012 -15.752923 0.118958 -0.33821 60.102345 -5.144298 2.149546 5.110379 -1.394384 0.818283 -5.030841 0.0 -0.0 -1e-06 
0.0 0.0 0.0 0.0 -0.0 0.0 -2.10867 98.389565 308.643311 3.116039 -3.288496 -7.747658 -2.054318 -0.271172 7.591089 -0.667317 0.119741 -1.944288 -0.935455 -2.799913 5.829211 0.648749 2.374525 1.321043 -0.616424 0.162579 -3.43544 -0.222886 -0.102727 -13.072961 7.7e-05 -2.2e-05 6e-06 0.048457 0.08631 0.102466 0.696853 -3.677226 -10.519938 -0.607921 3.847674 -10.494704 -11.719712 -7.497157 10.851803 -53.234123 -10.988891 20.496586 -0.641058 -28.560867 0.136971 0.980324 4.957061 -12.658245 -5.882102 9.861279 0.70259 -10.936861 -0.360574 7.156197 0.0 8.774815 -0.0 -15.774414 18.32316 6.337554 -1.844031 2.498503 -2.507276 -10.16359 4.678941 4.621104 -20.975996 -1e-06 1e-06 -21.226254 2.451698 -3.593995 0.0 -6e-06 -0.0 -1.362681 2.240797 -0.746323 -21.334892 0.58491 3.008319 -13.821196 -1e-06 1e-06 -23.887129 -0.249075 -0.839485 -60.779984 2.497028 -0.8151 -0.294025 1.679686 0.833255 -14.218195 0.093215 1.300579 -34.212002 -0.287561 0.967166 -20.033176 0.964536 1.212838 0.0 -0.0 0.0 -3.440387 0.788233 0.501655 -15.928172 -3.167306 2.999703 -6.338817 -0.0 1e-06 -18.123419 3.648181 -4.905662 -4e-06 0.0 -2e-06 8.987074 10.755588 11.014956 61.011902 13.325933 23.408213 0.711258 26.361042 0.078434 -0.744284 -4.491095 -13.684215 2.24354 -5.255033 -3.180156 14.282877 -0.826594 6.952496 -0.0 -12.690593 -1e-06 16.234493 -17.41758 2.810608 1.665665 -1.95592 -2.878297 4.727794 -4.170584 4.993919 11.020511 1e-06 -0.0 12.109032 -3.735715 -2.866778 0.0 -0.0 0.0 1.291985 -1.928548 -1.498088 14.800115 0.567467 3.865604 14.242553 -1.341738 -6.660648 19.631935 0.143921 -0.648243 49.644753 -0.42256 -6.010298 0.353029 -1.51115 -0.03194 20.222769 3.684305 2.316629 18.787249 1e-06 -1e-06 10.751608 -0.47987 1.397903 0.0 -0.0 0.0 3.273804 0.305947 -0.58011 21.48679 11.830364 2.266131 8.162915 0.0 -0.0 18.399052 -3.798986 -4.940567 3e-06 0.0 -1e-06 -5.030239 6.78388 2.909468 -0.059975 -0.213481 14.91603 0.496885 -1.147816 -10.525561 1.642291 -1.983564 -0.675485 0.0 -0.0 2e-06 -6.239802 0.532031 -18.852695 0.020973 -0.297319 51.194599 -5.049102 0.053166 2.872417 -1.419498 0.829979 -4.808128 0.0 -0.0 -1e-06 
0.0 0.0 0.0 0.0 -0.0 0.0 -2.259626 98.00666 313.669769 3.644272 -2.145722 -8.25841 -2.671375 -0.205583 7.671844 -0.717363 -0.40363 -1.806515 -1.023711 -3.19706 6.219507 1.451255 1.995273 1.628905 -0.752361 0.108466 -3.408889 -0.129785 -0.255209 -12.946996 7.7e-05 -2.2e-05 6e-06 0.039495 0.069739 0.104322 0.663837 -3.690283 -10.504377 -0.59178 3.828465 -10.466877 -11.702584 -8.235128 10.90058 -51.742165 -11.903004 20.067314 -0.31251 -30.190256 -0.034505 2.039769 4.632922 -13.619018 -5.882102 9.861279 0.70259 -10.936861 -0.360574 7.156197 0.0 8.774815 -0.0 -15.573421 18.278471 6.419837 -1.844031 2.498503 -2.507276 -10.16359 4.678941 4.621104 -20.975996 -1e-06 1e-06 -21.226254 2.451698 -3.593995 0.0 -6e-06 -0.0 -1.362681 2.240797 -0.746323 -21.334892 0.58491 3.008319 -13.821196 -1e-06 1e-06 -23.887129 -0.249075 -0.839485 -60.671055 2.548624 -0.844166 -0.294025 1.679686 0.833255 -14.218195 0.093215 1.300579 -34.212002 -0.287561 0.967166 -20.033176 0.964536 1.212838 0.0 -0.0 0.0 -3.440387 0.788233 0.501655 -15.928172 -3.167306 2.999703 -6.338817 -0.0 1e-06 -18.123419 3.648181 -4.905662 -4e-06 0.0 -2e-06 9.853765 9.722688 10.917622 60.673889 12.353165 21.39164 0.418385 27.996571 -0.004425 -2.709345 -3.80135 -16.031742 2.24354 -5.255033 -3.180156 14.282877 -0.826594 6.952496 -0.0 -12.690593 -1e-06 16.223442 -17.513741 2.89805 1.665665 -1.95592 -2.878297 4.727794 -4.170584 4.993919 11.020511 1e-06 -0.0 12.109032 -3.735715 -2.866778 0.0 -0.0 0.0 1.291985 -1.928548 -1.498088 14.800115 0.567467 3.865604 14.242553 -1.341738 -6.660648 19.631935 0.143921 -0.648243 49.914402 -0.509912 -5.968951 0.353029 -1.51115 -0.03194 20.222769 3.684305 2.316629 18.787249 1e-06 -1e-06 10.751608 -0.47987 1.397903 0.0 -0.0 0.0 3.273804 0.305947 -0.58011 21.48679 11.830364 2.266131 8.162915 0.0 -0.0 18.399052 -3.798986 -4.940567 3e-06 0.0 -1e-06 -5.282149 6.447043 8.580171 -0.037133 -0.207718 11.407808 0.644672 -1.786387 -12.082958 1.661841 -1.993118 -0.567217 0.0 -0.0 2e-06 -6.831584 1.278892 -20.805712 0.052355 -0.073857 39.803585 -4.889763 -2.561587 2.370939 -1.430612 0.89264 -4.600073 0.0 -0.0 -1e-06 
0.0 0.0 0.0 0.0 -0.0 0.0 -2.378819 97.188309 318.700256 4.624565 -1.081073 -8.543321 -3.346164 -0.131656 7.734417 -0.823937 -0.746975 -1.774522 -1.473956 -3.44169 6.617568 2.161412 1.709718 1.615288 -0.863756 -0.156783 -3.369105 -0.035069 -0.524381 -13.011192 7.7e-05 -2.2e-05 6e-06 0.023007 0.046299 0.104698 0.640441 -3.71224 -10.512739 -0.6009 3.804775 -10.470065 -11.766805 -8.846676 10.963718 -50.414215 -12.929561 19.716745 0.145538 -31.459305 -0.283759 3.114577 4.288946 -14.185586 -5.882102 9.861279 0.70259 -10.936861 -0.360574 7.156197 0.0 8.774815 -0.0 -15.520314 18.244236 6.425615 -1.844031 2.498503 -2.507276 -10.16359 4.678941 4.621104 -20.975996 -1e-06 1e-06 -21.226254 2.451698 -3.593995 0.0 -6e-06 -0.0 -1.362681 2.240797 -0.746323 -21.334892 0.58491 3.008319 -13.821196 -1e-06 1e-06 -23.887129 -0.249075 -0.839485 -60.653603 2.547915 -0.929526 -0.294025 1.679686 0.833255 -14.218195 0.093215 1.300579 -34.212002 -0.287561 0.967166 -20.033176 0.964536 1.212838 0.0 -0.0 0.0 -3.440387 0.788233 0.501655 -15.928172 -3.167306 2.999703 -6.338817 -0.0 1e-06 -18.123419 3.648181 -4.905662 -4e-06 0.0 -2e-06 10.505548 8.932061 10.847992 60.56673 11.417994 20.056299 0.197222 29.050653 -0.025956 -3.710116 -3.185799 -17.846024 2.24354 -5.255033 -3.180156 14.282877 -0.826594 6.952496 -0.0 -12.690593 -1e-06 16.279766 -17.607849 2.921301 1.665665 -1.95592 -2.878297 4.727794 -4.170584 4.993919 11.020511 1e-06 -0.0 12.109032 -3.735715 -2.866778 0.0 -0.0 0.0 1.291985 -1.928548 -1.498088 14.800115 0.567467 3.865604 14.242553 -1.341738 -6.660648 19.631935 0.143921 -0.648243 50.315113 -0.55488 -5.905678 0.353029 -1.51115 -0.03194 20.222769 3.684305 2.316629 18.787249 1e-06 -1e-06 10.751608 -0.47987 1.397903 0.0 -0.0 0.0 3.273804 0.305947 -0.58011 21.48679 11.830364 2.266131 8.162915 0.0 -0.0 18.399052 -3.798986 -4.940567 3e-06 0.0 -1e-06 -6.154047 5.812929 14.069748 -0.015643 -0.086266 7.760866 0.989298 -1.995119 -13.59781 1.677491 -2.066159 -0.572124 0.0 -0.0 2e-06 -8.463692 2.137711 -21.690004 0.158302 0.084151 26.623758 -4.472818 -3.946274 3.196882 -1.434535 0.974714 -4.453797 0.0 -0.0 -1e-06 
0.0 0.0 0.0 0.0 -0.0 0.0 -2.5419 96.021507 323.849945 5.582082 -0.138734 -8.442908 -3.823621 -0.028812 7.671389 -0.940347 -0.910903 -1.878681 -2.007541 -3.640842 7.077652 2.749692 1.564775 1.199367 -0.992513 -0.434597 -3.353133 -0.006509 -1.172019 -13.24064 7.7e-05 -2.2e-05 6e-06 0.013091 0.037477 0.084968 0.641205 -3.724852 -10.548437 -0.622226 3.801701 -10.525401 -11.892558 -9.344635 10.906619 -49.447533 -13.972819 19.374035 0.561554 -32.184673 -0.375258 4.063329 3.864557 -14.233325 -5.882102 9.861279 0.70259 -10.936861 -0.360574 7.156197 0.0 8.774815 -0.0 -15.448705 18.244888 6.407485 -1.844031 2.498503 -2.507276 -10.16359 4.678941 4.621104 -20.975996 -1e-06 1e-06 -21.226254 2.451698 -3.593995 0.0 -6e-06 -0.0 -1.362681 2.240797 -0.746323 -21.334892 0.58491 3.008319 -13.821196 -1e-06 1e-06 -23.887129 -0.249075 -0.839485 -60.494473 2.599588 -1.199571 -0.294025 1.679686 0.833255 -14.218195 0.093215 1.300579 -34.212002 -0.287561 0.967166 -20.033176 0.964536 1.212838 0.0 -0.0 0.0 -3.440387 0.788233 0.501655 -15.928172 -3.167306 2.999703 -6.338817 -0.0 1e-06 -18.123419 3.648181 -4.905662 -4e-06 0.0 -2e-06 11.010926 8.484581 10.886177 60.423008 10.697465 19.545801 0.054265 29.120939 0.033944 -3.579133 -2.888103 -18.934715 2.24354 -5.255033 -3.180156 14.282877 -0.826594 6.952496 -0.0 -12.690593 -1e-06 16.297094 -17.740032 2.908548 1.665665 -1.95592 -2.878297 4.727794 -4.170584 4.993919 11.020511 1e-06 -0.0 12.109032 -3.735715 -2.866778 0.0 -0.0 0.0 1.291985 -1.928548 -1.498088 14.800115 0.567467 3.865604 14.242553 -1.341738 -6.660648 19.631935 0.143921 -0.648243 50.52599 -0.622482 -6.009752 0.353029 -1.51115 -0.03194 20.222769 3.684305 2.316629 18.787249 1e-06 -1e-06 10.751608 -0.47987 1.397903 0.0 -0.0 0.0 3.273804 0.305947 -0.58011 21.48679 11.830364 2.266131 8.162915 0.0 -0.0 18.399052 -3.798986 -4.940567 3e-06 0.0 -1e-06 -7.036089 5.271726 18.858212 0.013882 0.121707 4.973758 1.489642 -2.255449 -15.30669 1.718055 -2.128221 -0.758055 0.0 -0.0 2e-06 -10.152358 2.325787 -22.021505 0.24646 0.02758 13.362578 -2.702425 -3.566516 3.71112 -1.416207 1.069328 -4.591043 0.0 -0.0 -1e-06 
0.0 0.0 0.0 0.0 -0.0 0.0 -2.845202 94.708061 329.00238 5.970838 0.591185 -7.998302 -3.954673 0.067953 7.517939 -1.02941 -1.063877 -2.00005 -2.20829 -3.569058 7.406076 3.222145 1.558465 0.6051 -1.02775 -0.815945 -3.346662 -0.070366 -1.700636 -13.655045 7.7e-05 -2.2e-05 6e-06 0.021099 0.058853 0.078288 0.654228 -3.699607 -10.561129 -0.619004 3.820911 -10.547883 -12.389673 -9.559363 10.70265 -48.535988 -15.010778 19.016735 0.549662 -32.492264 -0.321696 4.816001 3.557296 -13.804531 -5.882102 9.861279 0.70259 -10.936861 -0.360574 7.156197 0.0 8.774815 -0.0 -15.440109 18.22962 6.427276 -1.844031 2.498503 -2.507276 -10.16359 4.678941 4.621104 -20.975996 -1e-06 1e-06 -21.226254 2.451698 -3.593995 0.0 -6e-06 -0.0 -1.362681 2.240797 -0.746323 -21.334892 0.58491 3.008319 -13.821196 -1e-06 1e-06 -23.887129 -0.249075 -0.839485 -60.404747 2.543073 -1.137282 -0.294025 1.679686 0.833255 -14.218195 0.093215 1.300579 -34.212002 -0.287561 0.967166 -20.033176 0.964536 1.212838 0.0 -0.0 0.0 -3.440387 0.788233 0.501655 -15.928172 -3.167306 2.999703 -6.338817 -0.0 1e-06 -18.123419 3.648181 -4.905662 -4e-06 0.0 -2e-06 11.760107 8.28763 10.827688 59.888855 10.122355 19.620087 0.103448 27.927563 0.046497 -2.522667 -2.894861 -18.317753 2.24354 -5.255033 -3.180156 14.282877 -0.826594 6.952496 -0.0 -12.690593 -1e-06 16.300726 -17.743069 2.826281 1.665665 -1.95592 -2.878297 4.727794 -4.170584 4.993919 11.020511 1e-06 -0.0 12.109032 -3.735715 -2.866778 0.0 -0.0 0.0 1.291985 -1.928548 -1.498088 14.800115 0.567467 3.865604 14.242553 -1.341738 -6.660648 19.631935 0.143921 -0.648243 50.51046 -0.61136 -6.19412 0.353029 -1.51115 -0.03194 20.222769 3.684305 2.316629 18.787249 1e-06 -1e-06 10.751608 -0.47987 1.397903 0.0 -0.0 0.0 3.273804 0.305947 -0.58011 21.48679 11.830364 2.266131 8.162915 0.0 -0.0 18.399052 -3.798986 -4.940567 3e-06 0.0 -1e-06 -6.818199 5.370076 22.084909 -0.019123 0.122948 4.862385 1.658721 -2.847909 -17.534422 1.754384 -2.100338 -1.130087 0.0 -0.0 2e-06 -10.499196 1.236079 -22.536371 0.253046 -0.032626 2.436632 0.824133 -3.034105 3.125369 -1.368683 1.105951 -4.544407 0.0 -0.0 -1e-06 
0.0 0.0 0.0 0.0 -0.0 0.0 -3.307932 93.531616 334.30896 5.720327 1.135748 -7.311668 -3.751963 0.062628 7.32203 -1.056224 -1.201878 -2.119632 -2.124205 -3.333248 7.527737 3.560844 1.489432 -0.15439 -1.041033 -1.013793 -3.32119 -0.15746 -1.943079 -14.171591 7.7e-05 -2.2e-05 6e-06 0.025202 0.055481 0.081442 0.657597 -3.703415 -10.573782 -0.612978 3.81893 -10.553768 -12.55767 -9.656937 10.484299 -48.372677 -15.734536 18.549351 0.146506 -32.496571 -0.202718 5.417617 3.34758 -12.93677 -5.882102 9.861279 0.70259 -10.936861 -0.360574 7.156197 0.0 8.774815 -0.0 -15.493108 18.190073 6.400771 -1.844031 2.498503 -2.507276 -10.16359 4.678941 4.621104 -20.975996 -1e-06 1e-06 -21.226254 2.451698 -3.593995 0.0 -6e-06 -0.0 -1.362681 2.240797 -0.746323 -21.334892 0.58491 3.008319 -13.821196 -1e-06 1e-06 -23.887129 -0.249075 -0.839485 -60.460892 2.476721 -0.93181 -0.294025 1.679686 0.833255 -14.218195 0.093215 1.300579 -34.212002 -0.287561 0.967166 -20.033176 0.964536 1.212838 0.0 -0.0 0.0 -3.440387 0.788233 0.501655 -15.928172 -3.167306 2.999703 -6.338817 -0.0 1e-06 -18.123419 3.648181 -4.905662 -4e-06 0.0 -2e-06 12.494319 8.302039 10.87467 59.549812 9.988047 19.991896 0.123647 25.36521 0.000369 -1.177626 -3.437518 -17.074383 2.24354 -5.255033 -3.180156 14.282877 -0.826594 6.952496 -0.0 -12.690593 -1e-06 16.35076 -17.629972 2.711192 1.665665 -1.95592 -2.878297 4.727794 -4.170584 4.993919 11.020511 1e-06 -0.0 12.109032 -3.735715 -2.866778 0.0 -0.0 0.0 1.291985 -1.928548 -1.498088 14.800115 0.567467 3.865604 14.242553 -1.341738 -6.660648 19.631935 0.143921 -0.648243 50.151096 -0.543129 -6.366758 0.353029 -1.51115 -0.03194 20.222769 3.684305 2.316629 18.787249 1e-06 -1e-06 10.751608 -0.47987 1.397903 0.0 -0.0 0.0 3.273804 0.305947 -0.58011 21.48679 11.830364 2.266131 8.162915 0.0 -0.0 18.399052 -3.798986 -4.940567 3e-06 0.0 -1e-06 -5.53021 5.59876 24.634668 -0.049228 -0.03823 5.946202 1.365905 -3.736776 -18.530428 1.798618 -1.993406 -2.113752 0.0 -0.0 2e-06 -9.101873 -0.713555 -23.762136 0.178474 0.060533 -3.179727 4.513209 -3.533381 1.820464 -1.327011 1.108456 -4.349504 0.0 -0.0 -1e-06 
0.0 0.0 0.0 0.0 -0.0 0.0 -3.900971 92.677376 339.843475 4.913826 1.50302 -6.325965 -3.339429 0.053643 6.930583 -0.94854 -1.357789 -2.241135 -1.718987 -3.277289 7.354838 3.554541 1.443505 -0.916229 -1.029033 -0.901321 -3.339615 -0.246773 -2.058309 -14.648625 7.7e-05 -2.2e-05 6e-06 0.021229 0.054608 0.088091 0.665756 -3.71163 -10.585335 -0.627476 3.825627 -10.546685 -12.30425 -9.743743 10.541958 -49.128151 -15.765315 18.249254 -0.195879 -32.285244 -0.159379 5.758079 3.199452 -12.179806 -5.882102 9.861279 0.70259 -10.936861 -0.360574 7.156197 0.0 8.774815 -0.0 -15.680812 18.167524 6.303459 -1.844031 2.498503 -2.507276 -10.16359 4.678941 4.621104 -20.975996 -1e-06 1e-06 -21.226254 2.451698 -3.593995 0.0 -6e-06 -0.0 -1.362681 2.240797 -0.746323 -21.334892 0.58491 3.008319 -13.821196 -1e-06 1e-06 -23.887129 -0.249075 -0.839485 -60.575569 2.438639 -0.863351 -0.294025 1.679686 0.833255 -14.218195 0.093215 1.300579 -34.212002 -0.287561 0.967166 -20.033176 0.964536 1.212838 0.0 -0.0 0.0 -3.440387 0.788233 0.501655 -15.928172 -3.167306 2.999703 -6.338817 -0.0 1e-06 -18.123419 3.648181 -4.905662 -4e-06 0.0 -2e-06 12.820315 8.46802 11.068566 59.83493 10.070305 20.327829 0.045383 22.251318 -0.036755 -0.032935 -4.087829 -16.465893 2.24354 -5.255033 -3.180156 14.282877 -0.826594 6.952496 -0.0 -12.690593 -1e-06 16.416948 -17.402176 2.594691 1.665665 -1.95592 -2.878297 4.727794 -4.170584 4.993919 11.020511 1e-06 -0.0 12.109032 -3.735715 -2.866778 0.0 -0.0 0.0 1.291985 -1.928548 -1.498088 14.800115 0.567467 3.865604 14.242553 -1.341738 -6.660648 19.631935 0.143921 -0.648243 49.949303 -0.278658 -6.268753 0.353029 -1.51115 -0.03194 20.222769 3.684305 2.316629 18.787249 1e-06 -1e-06 10.751608 -0.47987 1.397903 0.0 -0.0 0.0 3.273804 0.305947 -0.58011 21.48679 11.830364 2.266131 8.162915 0.0 -0.0 18.399052 -3.798986 -4.940567 3e-06 0.0 -1e-06 -3.398578 5.876706 26.925556 -0.013297 -0.340099 7.298411 0.964436 -4.78868 -16.611067 1.853383 -1.944452 -5.272067 0.0 -0.0 2e-06 -6.635297 -2.445903 -25.341036 0.219714 0.218394 -2.367487 6.083084 -3.200421 1.263569 -1.326755 1.124205 -4.680131 0.0 -0.0 -1e-06 
0.0 0.0 0.0 0.0 -0.0 0.0 -4.546185 92.44812 345.687561 2.991678 1.585461 -4.662365 -2.049347 -0.043424 5.921907 -0.744256 -1.303579 -2.499209 -1.012428 -3.408785 6.907397 2.995948 1.680827 -1.601924 -1.014454 -1.041289 -3.352214 -0.354108 -2.111469 -14.269014 7.7e-05 -2.2e-05 6e-06 0.001721 0.007492 0.090067 0.647053 -3.753817 -10.514673 -0.643903 3.772965 -10.482903 -13.439894 -9.483123 10.397078 -49.046013 -14.464295 19.069004 -0.029762 -32.057117 -0.277118 5.188902 3.059075 -12.802584 -5.882102 9.861279 0.70259 -10.936861 -0.360574 7.156197 0.0 8.774815 -0.0 -15.820437 18.074711 6.145656 -1.844031 2.498503 -2.507276 -10.16359 4.678941 4.621104 -20.975996 -1e-06 1e-06 -21.226254 2.451698 -3.593995 0.0 -6e-06 -0.0 -1.362681 2.240797 -0.746323 -21.334892 0.58491 3.008319 -13.821196 -1e-06 1e-06 -23.887129 -0.249075 -0.839485 -60.392696 2.257695 -1.047972 -0.294025 1.679686 0.833255 -14.218195 0.093215 1.300579 -34.212002 -0.287561 0.967166 -20.033176 0.964536 1.212838 0.0 -0.0 0.0 -3.440387 0.788233 0.501655 -15.928172 -3.167306 2.999703 -6.338817 -0.0 1e-06 -18.123419 3.648181 -4.905662 -4e-06 0.0 -2e-06 13.727646 8.448581 11.076046 59.506809 9.801099 20.371534 0.202244 19.449816 0.01119 0.835774 -4.898011 -15.732819 2.24354 -5.255033 -3.180156 14.282877 -0.826594 6.952496 -0.0 -12.690593 -1e-06 16.243406 -17.193829 2.532394 1.665665 -1.95592 -2.878297 4.727794 -4.170584 4.993919 11.020511 1e-06 -0.0 12.109032 -3.735715 -2.866778 0.0 -0.0 0.0 1.291985 -1.928548 -1.498088 14.800115 0.567467 3.865604 14.242553 -1.341738 -6.660648 19.631935 0.143921 -0.648243 49.994999 -0.149307 -6.155098 0.353029 -1.51115 -0.03194 20.222769 3.684305 2.316629 18.787249 1e-06 -1e-06 10.751608 -0.47987 1.397903 0.0 -0.0 0.0 3.273804 0.305947 -0.58011 21.48679 11.830364 2.266131 8.162915 0.0 -0.0 18.399052 -3.798986 -4.940567 3e-06 0.0 -1e-06 0.378054 6.616673 26.815609 0.081905 -0.659418 11.358682 0.853444 -6.363906 -12.463278 1.987611 -1.872007 -12.079072 0.0 -0.0 2e-06 -3.549459 -2.459237 -27.425098 0.314526 0.1992 3.609208 4.417342 -1.689585 5.352726 -1.362685 1.182841 -5.466695 0.0 -0.0 -1e-06 
0.0 0.0 0.0 0.0 -0.0 0.0 -5.230692 92.729965 351.923798 0.621526 1.250088 -3.067919 -0.53771 -0.058213 4.892075 -0.420266 -1.347537 -2.889013 0.089825 -3.506174 6.346488 2.02834 2.107337 -2.258224 -1.128399 -0.437335 -3.456974 -0.613476 -2.24243 -13.417468 7.7e-05 -2.2e-05 6e-06 -0.002029 -0.01164 0.05275 0.668511 -3.788845 -10.586621 -0.671375 3.769251 -10.565187 -15.213676 -8.811514 9.832608 -49.055695 -12.172845 20.156473 -0.022377 -30.938784 -0.243732 4.001489 2.83315 -13.599933 -5.882102 9.861279 0.70259 -10.936861 -0.360574 7.156197 0.0 8.774815 -0.0 -16.22298 17.855616 5.806552 -1.844031 2.498503 -2.507276 -10.16359 4.678941 4.621104 -20.975996 -1e-06 1e-06 -21.226254 2.451698 -3.593995 0.0 -6e-06 -0.0 -1.362681 2.240797 -0.746323 -21.334892 0.58491 3.008319 -13.821196 -1e-06 1e-06 -23.887129 -0.249075 -0.839485 -60.298599 2.022109 -1.045069 -0.294025 1.679686 0.833255 -14.218195 0.093215 1.300579 -34.212002 -0.287561 0.967166 -20.033176 0.964536 1.212838 0.0 -0.0 0.0 -3.440387 0.788233 0.501655 -15.928172 -3.167306 2.999703 -6.338817 -0.0 1e-06 -18.123419 3.648181 -4.905662 -4e-06 0.0 -2e-06 14.540906 8.714371 11.020897 59.120396 9.311677 20.726021 0.199406 16.858368 -0.015923 1.591736 -5.797619 -14.305299 2.24354 -5.255033 -3.180156 14.282877 -0.826594 6.952496 -0.0 -12.690593 -1e-06 16.271036 -17.160921 2.405728 1.665665 -1.95592 -2.878297 4.727794 -4.170584 4.993919 11.020511 1e-06 -0.0 12.109032 -3.735715 -2.866778 0.0 -0.0 0.0 1.291985 -1.928548 -1.498088 14.800115 0.567467 3.865604 14.242553 -1.341738 -6.660648 19.631935 0.143921 -0.648243 50.174179 -0.127822 -6.21807 0.353029 -1.51115 -0.03194 20.222769 3.684305 2.316629 18.787249 1e-06 -1e-06 10.751608 -0.47987 1.397903 0.0 -0.0 0.0 3.273804 0.305947 -0.58011 21.48679 11.830364 2.266131 8.162915 0.0 -0.0 18.399052 -3.798986 -4.940567 3e-06 0.0 -1e-06 4.529477 7.389454 24.400051 0.043548 -0.68278 19.053923 0.895777 -7.212774 -4.268075 2.160589 -1.679171 -22.666723 0.0 -0.0 2e-06 -0.597238 -0.787643 -30.212189 0.256911 0.112518 11.670141 2.236238 -1.58586 12.317388 -1.39062 1.116355 -4.447395 0.0 -0.0 -1e-06 
0.0 0.0 0.0 0.0 -0.0 0.0 -5.755857 93.547363 358.408325 -0.845492 0.312632 -2.684848 0.263482 0.029359 4.708262 -0.085079 -1.545812 -2.923722 1.03517 -3.388657 5.556645 1.065225 2.447777 -2.220521 -1.076609 0.057593 -3.451313 -0.763373 -1.525207 -13.405175 7.7e-05 -2.2e-05 6e-06 0.015136 0.039964 0.039963 0.701594 -3.733307 -10.60442 -0.672245 3.812537 -10.563471 -14.056923 -8.311968 9.73831 -52.904999 -10.400628 20.521763 -0.027893 -27.511271 -0.174391 2.36185 3.214315 -14.434063 -5.882102 9.861279 0.70259 -10.936861 -0.360574 7.156197 0.0 8.774815 -0.0 -16.529451 17.558756 5.606268 -1.844031 2.498503 -2.507276 -10.16359 4.678941 4.621104 -20.975996 -1e-06 1e-06 -21.226254 2.451698 -3.593995 0.0 -6e-06 -0.0 -1.362681 2.240797 -0.746323 -21.334892 0.58491 3.008319 -13.821196 -1e-06 1e-06 -23.887129 -0.249075 -0.839485 -60.43811 2.011683 -1.088295 -0.294025 1.679686 0.833255 -14.218195 0.093215 1.300579 -34.212002 -0.287561 0.967166 -20.033176 0.964536 1.212838 0.0 -0.0 0.0 -3.440387 0.788233 0.501655 -15.928172 -3.167306 2.999703 -6.338817 -0.0 1e-06 -18.123419 3.648181 -4.905662 -4e-06 0.0 -2e-06 12.823447 9.37073 11.286319 61.057575 9.510534 21.179209 0.335249 14.894602 -0.000279 2.164108 -7.04424 -13.73203 2.24354 -5.255033 -3.180156 14.282877 -0.826594 6.952496 -0.0 -12.690593 -1e-06 16.28161 -17.308655 2.370219 1.665665 -1.95592 -2.878297 4.727794 -4.170584 4.993919 11.020511 1e-06 -0.0 12.109032 -3.735715 -2.866778 0.0 -0.0 0.0 1.291985 -1.928548 -1.498088 14.800115 0.567467 3.865604 14.242553 -1.341738 -6.660648 19.631935 0.143921 -0.648243 49.830162 -0.079376 -6.405755 0.353029 -1.51115 -0.03194 20.222769 3.684305 2.316629 18.787249 1e-06 -1e-06 10.751608 -0.47987 1.397903 0.0 -0.0 0.0 3.273804 0.305947 -0.58011 21.48679 11.830364 2.266131 8.162915 0.0 -0.0 18.399052 -3.798986 -4.940567 3e-06 0.0 -1e-06 6.704662 7.762592 20.506992 -0.097937 -0.691807 29.739887 1.161193 -6.293787 8.502569 2.202713 -1.374897 -29.473455 0.0 -0.0 2e-06 1.584261 0.156005 -30.399847 0.150636 0.038426 18.656963 1.897667 -1.09163 12.144515 -1.364119 0.974708 -3.156891 0.0 -0.0 -1e-06 
0.0 0.0 0.0 0.0 -0.0 0.0 -6.289801 94.48288 364.493683 -1.872565 -0.381216 -2.944457 0.834759 0.145574 5.132001 0.095999 -1.502884 -2.873845 1.503534 -3.439626 5.010786 0.704098 2.667704 -2.000427 -0.914254 -0.020951 -3.447459 -0.846584 -0.971147 -13.375182 7.7e-05 -2.2e-05 6e-06 0.028014 0.065762 0.021028 0.732994 -3.689927 -10.551617 -0.679909 3.817848 -10.522846 -11.612716 -8.389116 10.213928 -57.336029 -9.796439 21.22788 -0.204098 -23.343378 -0.070117 -0.726527 4.441259 -14.827977 -5.882102 9.861279 0.70259 -10.936861 -0.360574 7.156197 0.0 8.774815 -0.0 -16.675541 17.524605 5.52005 -1.844031 2.498503 -2.507276 -10.16359 4.678941 4.621104 -20.975996 -1e-06 1e-06 -21.226254 2.451698 -3.593995 0.0 -6e-06 -0.0 -1.362681 2.240797 -0.746323 -21.334892 0.58491 3.008319 -13.821196 -1e-06 1e-06 -23.887129 -0.249075 -0.839485 -60.417694 2.091306 -1.059176 -0.294025 1.679686 0.833255 -14.218195 0.093215 1.300579 -34.212002 -0.287561 0.967166 -20.033176 0.964536 1.212838 0.0 -0.0 0.0 -3.440387 0.788233 0.501655 -15.928172 -3.167306 2.999703 -6.338817 -0.0 1e-06 -18.123419 3.648181 -4.905662 -4e-06 0.0 -2e-06 10.530823 10.024981 11.23382 63.214146 9.494852 21.677559 0.611371 15.254278 0.120572 2.87375 -7.54914 -13.269449 2.24354 -5.255033 -3.180156 14.282877 -0.826594 6.952496 -0.0 -12.690593 -1e-06 16.336723 -17.505554 2.424191 1.665665 -1.95592 -2.878297 4.727794 -4.170584 4.993919 11.020511 1e-06 -0.0 12.109032 -3.735715 -2.866778 0.0 -0.0 0.0 1.291985 -1.928548 -1.498088 14.800115 0.567467 3.865604 14.242553 -1.341738 -6.660648 19.631935 0.143921 -0.648243 49.846062 -0.089598 -6.27992 0.353029 -1.51115 -0.03194 20.222769 3.684305 2.316629 18.787249 1e-06 -1e-06 10.751608 -0.47987 1.397903 0.0 -0.0 0.0 3.273804 0.305947 -0.58011 21.48679 11.830364 2.266131 8.162915 0.0 -0.0 18.399052 -3.798986 -4.940567 3e-06 0.0 -1e-06 7.594005 6.941525 14.212283 -0.117073 -0.562529 43.114182 -0.319723 -4.036746 20.618267 1.979202 -1.547674 -18.591564 0.0 -0.0 2e-06 3.35373 -0.19872 -28.54352 0.229876 -0.123334 23.893835 0.295108 0.680045 7.638593 -1.390736 0.931511 -2.004844 0.0 -0.0 -1e-06 
0.0 0.0 0.0 0.0 -0.0 0.0 -6.897517 95.140549 370.089874 -3.234282 0.030358 -3.009077 1.656449 -0.005281 5.462886 0.203267 -1.286104 -2.854774 1.777225 -3.597842 4.872021 0.812022 2.306854 -2.026427 -0.768009 -0.020666 -3.494085 -0.704852 -0.690176 -13.778512 7.7e-05 -2.2e-05 6e-06 0.020993 0.061291 -0.003379 0.732341 -3.70071 -10.573445 -0.694499 3.814869 -10.529506 -10.331143 -8.355594 10.412705 -59.320427 -9.755949 24.121422 -0.244811 -20.606066 -0.030276 -4.394584 5.426874 -13.561724 -5.882102 9.861279 0.70259 -10.936861 -0.360574 7.156197 0.0 8.774815 -0.0 -16.892534 17.356409 5.530742 -1.844031 2.498503 -2.507276 -10.16359 4.678941 4.621104 -20.975996 -1e-06 1e-06 -21.226254 2.451698 -3.593995 0.0 -6e-06 -0.0 -1.362681 2.240797 -0.746323 -21.334892 0.58491 3.008319 -13.821196 -1e-06 1e-06 -23.887129 -0.249075 -0.839485 -60.508324 2.136807 -0.755864 -0.294025 1.679686 0.833255 -14.218195 0.093215 1.300579 -34.212002 -0.287561 0.967166 -20.033176 0.964536 1.212838 0.0 -0.0 0.0 -3.440387 0.788233 0.501655 -15.928172 -3.167306 2.999703 -6.338817 -0.0 1e-06 -18.123419 3.648181 -4.905662 -4e-06 0.0 -2e-06 9.550858 9.94827 11.090628 63.482018 9.212234 22.273586 0.854017 17.918659 0.135153 3.012576 -6.752658 -14.282847 2.24354 -5.255033 -3.180156 14.282877 -0.826594 6.952496 -0.0 -12.690593 -1e-06 16.355667 -17.505182 2.475339 1.665665 -1.95592 -2.878297 4.727794 -4.170584 4.993919 11.020511 1e-06 -0.0 12.109032 -3.735715 -2.866778 0.0 -0.0 0.0 1.291985 -1.928548 -1.498088 14.800115 0.567467 3.865604 14.242553 -1.341738 -6.660648 19.631935 0.143921 -0.648243 49.934044 -0.151785 -6.161316 0.353029 -1.51115 -0.03194 20.222769 3.684305 2.316629 18.787249 1e-06 -1e-06 10.751608 -0.47987 1.397903 0.0 -0.0 0.0 3.273804 0.305947 -0.58011 21.48679 11.830364 2.266131 8.162915 0.0 -0.0 18.399052 -3.798986 -4.940567 3e-06 0.0 -1e-06 8.722121 5.182711 6.126813 -0.022076 -0.595368 56.260109 -2.619759 -2.654214 25.276192 1.893881 -1.867923 -5.973765 0.0 -0.0 2e-06 5.235878 -0.600416 -26.02088 0.123015 -0.068648 26.87138 -0.934437 0.785127 2.153221 -1.408474 0.881851 -1.196001 0.0 -0.0 -1e-06 
0.0 0.0 0.0 0.0 -0.0 0.0 -7.383654 96.062218 375.433716 -3.868862 0.510868 -3.103703 2.103288 -0.00866 5.687075 0.1849 -1.039985 -2.775727 1.671202 -3.467838 5.021844 1.105418 2.040269 -2.067954 -0.827118 -0.231831 -3.426487 -0.551491 -0.88272 -14.243232 7.7e-05 -2.2e-05 6e-06 0.006592 0.022327 0.004215 0.715692 -3.745642 -10.589015 -0.707212 3.783232 -10.553665 -10.550258 -7.830216 10.550405 -59.257156 -9.738816 25.569242 -0.324876 -19.753117 0.023417 -5.612091 5.472476 -12.616637 -5.882102 9.861279 0.70259 -10.936861 -0.360574 7.156197 0.0 8.774815 -0.0 -16.945595 17.37101 5.508525 -1.844031 2.498503 -2.507276 -10.16359 4.678941 4.621104 -20.975996 -1e-06 1e-06 -21.226254 2.451698 -3.593995 0.0 -6e-06 -0.0 -1.362681 2.240797 -0.746323 -21.334892 0.58491 3.008319 -13.821196 -1e-06 1e-06 -23.887129 -0.249075 -0.839485 -60.477421 2.270729 -0.825732 -0.294025 1.679686 0.833255 -14.218195 0.093215 1.300579 -34.212002 -0.287561 0.967166 -20.033176 0.964536 1.212838 0.0 -0.0 0.0 -3.440387 0.788233 0.501655 -15.928172 -3.167306 2.999703 -6.338817 -0.0 1e-06 -18.123419 3.648181 -4.905662 -4e-06 0.0 -2e-06 9.922243 9.633269 11.143779 62.251137 9.289376 22.449205 1.006043 20.7437 0.150604 1.896039 -5.385321 -14.848639 2.24354 -5.255033 -3.180156 14.282877 -0.826594 6.952496 -0.0 -12.690593 -1e-06 16.447687 -17.493628 2.491057 1.665665 -1.95592 -2.878297 4.727794 -4.170584 4.993919 11.020511 1e-06 -0.0 12.109032 -3.735715 -2.866778 0.0 -0.0 0.0 1.291985 -1.928548 -1.498088 14.800115 0.567467 3.865604 14.242553 -1.341738 -6.660648 19.631935 0.143921 -0.648243 50.011772 -0.259089 -6.137836 0.353029 -1.51115 -0.03194 20.222769 3.684305 2.316629 18.787249 1e-06 -1e-06 10.751608 -0.47987 1.397903 0.0 -0.0 0.0 3.273804 0.305947 -0.58011 21.48679 11.830364 2.266131 8.162915 0.0 -0.0 18.399052 -3.798986 -4.940567 3e-06 0.0 -1e-06 9.086492 4.172315 -2.2088 -0.100914 -0.288033 65.605515 -2.681349 -3.07148 19.166859 1.808466 -1.850408 -4.898211 0.0 -0.0 2e-06 6.202376 -0.71654 -22.12101 0.005542 -0.005778 26.834858 -1.68676 0.555136 -1.668815 -1.412058 0.938141 -0.756689 0.0 -0.0 -1e-06 
0.0 0.0 0.0 0.0 -0.0 0.0 -7.766552 97.139236 380.728058 -3.686754 0.600937 -3.596417 2.192294 0.136475 5.992719 0.025158 -0.65022 -2.633287 1.20541 -3.055227 5.305563 1.341657 2.017913 -1.60287 -0.937727 -0.465057 -3.358393 -0.406387 -1.3457 -14.3076 7.7e-05 -2.2e-05 6e-06 -0.003908 -0.012167 0.026893 0.68244 -3.782424 -10.591844 -0.696206 3.752346 -10.572562 -10.929608 -7.132485 10.608081 -58.98912 -9.138753 23.942638 -0.375978 -20.415613 0.034288 -3.975229 4.847197 -12.764269 -5.882102 9.861279 0.70259 -10.936861 -0.360574 7.156197 0.0 8.774815 -0.0 -16.853743 17.471512 5.533183 -1.844031 2.498503 -2.507276 -10.16359 4.678941 4.621104 -20.975996 -1e-06 1e-06 -21.226254 2.451698 -3.593995 0.0 -6e-06 -0.0 -1.362681 2.240797 -0.746323 -21.334892 0.58491 3.008319 -13.821196 -1e-06 1e-06 -23.887129 -0.249075 -0.839485 -60.429848 2.382378 -1.019589 -0.294025 1.679686 0.833255 -14.218195 0.093215 1.300579 -34.212002 -0.287561 0.967166 -20.033176 0.964536 1.212838 0.0 -0.0 0.0 -3.440387 0.788233 0.501655 -15.928172 -3.167306 2.999703 -6.338817 -0.0 1e-06 -18.123419 3.648181 -4.905662 -4e-06 0.0 -2e-06 10.242358 9.722019 11.297443 61.156681 9.69408 22.910824 0.992729 22.701448 0.20247 0.763066 -4.54314 -14.693813 2.24354 -5.255033 -3.180156 14.282877 -0.826594 6.952496 -0.0 -12.690593 -1e-06 16.415882 -17.470112 2.466081 1.665665 -1.95592 -2.878297 4.727794 -4.170584 4.993919 11.020511 1e-06 -0.0 12.109032 -3.735715 -2.866778 0.0 -0.0 0.0 1.291985 -1.928548 -1.498088 14.800115 0.567467 3.865604 14.242553 -1.341738 -6.660648 19.631935 0.143921 -0.648243 49.798908 -0.319699 -6.266861 0.353029 -1.51115 -0.03194 20.222769 3.684305 2.316629 18.787249 1e-06 -1e-06 10.751608 -0.47987 1.397903 0.0 -0.0 0.0 3.273804 0.305947 -0.58011 21.48679 11.830364 2.266131 8.162915 0.0 -0.0 18.399052 -3.798986 -4.940567 3e-06 0.0 -1e-06 8.354873 4.536778 -9.490096 -0.144239 -0.032833 69.216042 -1.189824 -2.519181 13.486557 1.779011 -1.842717 -5.268133 0.0 -0.0 2e-06 6.239937 -0.715901 -16.798729 0.007307 0.056095 24.693457 -2.16201 0.576005 -4.361064 -1.41342 1.015103 -0.469402 0.0 -0.0 -1e-06 
0.0 0.0 0.0 0.0 -0.0 0.0 -8.132407 98.023163 386.007874 -3.28183 0.288295 -4.456015 2.245388 0.400015 6.511695 -0.120812 -0.124079 -2.416691 0.577319 -2.497136 5.508402 1.343773 2.074998 -0.738707 -1.033306 -0.738179 -3.35692 -0.121866 -1.927051 -13.943679 7.7e-05 -2.2e-05 6e-06 -0.00835 -0.038894 0.043772 0.655768 -3.801982 -10.581045 -0.680151 3.718794 -10.577367 -11.038596 -6.420982 10.595732 -58.964989 -8.114175 21.564222 -0.185163 -21.964684 -0.006551 -1.819473 3.992959 -13.564761 -5.882102 9.861279 0.70259 -10.936861 -0.360574 7.156197 0.0 8.774815 -0.0 -16.626671 17.635939 5.652928 -1.844031 2.498503 -2.507276 -10.16359 4.678941 4.621104 -20.975996 -1e-06 1e-06 -21.226254 2.451698 -3.593995 0.0 -6e-06 -0.0 -1.362681 2.240797 -0.746323 -21.334892 0.58491 3.008319 -13.821196 -1e-06 1e-06 -23.887129 -0.249075 -0.839485 -60.482849 2.421788 -1.175433 -0.294025 1.679686 0.833255 -14.218195 0.093215 1.300579 -34.212002 -0.287561 0.967166 -20.033176 0.964536 1.212838 0.0 -0.0 0.0 -3.440387 0.788233 0.501655 -15.928172 -3.167306 2.999703 -6.338817 -0.0 1e-06 -18.123419 3.648181 -4.905662 -4e-06 0.0 -2e-06 10.019413 10.211014 11.503625 60.575222 10.385374 23.870827 0.818151 23.860168 0.242226 0.33108 -4.28877 -14.209296 2.24354 -5.255033 -3.180156 14.282877 -0.826594 6.952496 -0.0 -12.690593 -1e-06 16.299967 -17.44404 2.455102 1.665665 -1.95592 -2.878297 4.727794 -4.170584 4.993919 11.020511 1e-06 -0.0 12.109032 -3.735715 -2.866778 0.0 -0.0 0.0 1.291985 -1.928548 -1.498088 14.800115 0.567467 3.865604 14.242553 -1.341738 -6.660648 19.631935 0.143921 -0.648243 49.487724 -0.383173 -6.387694 0.353029 -1.51115 -0.03194 20.222769 3.684305 2.316629 18.787249 1e-06 -1e-06 10.751608 -0.47987 1.397903 0.0 -0.0 0.0 3.273804 0.305947 -0.58011 21.48679 11.830364 2.266131 8.162915 0.0 -0.0 18.399052 -3.798986 -4.940567 3e-06 0.0 -1e-06 7.203723 5.763815 -15.133528 -0.134573 0.119111 67.946556 0.353111 -1.219546 9.163083 1.79748 -1.860062 -5.644004 0.0 -0.0 2e-06 6.033865 -0.66549 -10.617623 0.056716 0.07268 21.484472 -2.526538 0.814142 -6.443996 -1.411886 1.031978 -0.458408 0.0 -0.0 -1e-06 
0.0 0.0 0.0 0.0 -0.0 0.0 -8.467463 98.43882 391.37558 -3.047831 -0.386509 -5.315225 2.424688 0.645604 7.080626 -0.183427 0.532336 -2.188555 0.02781 -1.876087 5.637392 1.067346 2.207347 0.11814 -1.131266 -1.035993 -3.410605 0.240195 -2.583 -13.304455 7.7e-05 -2.2e-05 6e-06 -0.009976 -0.058215 0.052097 0.630725 -3.808379 -10.550478 -0.660217 3.686817 -10.554514 -11.450042 -5.668921 10.467702 -58.478832 -6.97867 19.929552 0.101161 -23.893385 -0.078985 -0.366158 3.299757 -14.3122 -5.882102 9.861279 0.70259 -10.936861 -0.360574 7.156197 0.0 8.774815 -0.0 -16.436022 17.734821 5.807933 -1.844031 2.498503 -2.507276 -10.16359 4.678941 4.621104 -20.975996 -1e-06 1e-06 -21.226254 2.451698 -3.593995 0.0 -6e-06 -0.0 -1.362681 2.240797 -0.746323 -21.334892 0.58491 3.008319 -13.821196 -1e-06 1e-06 -23.887129 -0.249075 -0.839485 -60.583588 2.455925 -1.164173 -0.294025 1.679686 0.833255 -14.218195 0.093215 1.300579 -34.212002 -0.287561 0.967166 -20.033176 0.964536 1.212838 0.0 -0.0 0.0 -3.440387 0.788233 0.501655 -15.928172 -3.167306 2.999703 -6.338817 -0.0 1e-06 -18.123419 3.648181 -4.905662 -4e-06 0.0 -2e-06 9.757867 10.967233 11.667843 59.753521 11.276167 25.291012 0.595113 24.645672 0.244015 0.46814 -4.185829 -13.685949 2.24354 -5.255033 -3.180156 14.282877 -0.826594 6.952496 -0.0 -12.690593 -1e-06 16.18141 -17.416491 2.521167 1.665665 -1.95592 -2.878297 4.727794 -4.170584 4.993919 11.020511 1e-06 -0.0 12.109032 -3.735715 -2.866778 0.0 -0.0 0.0 1.291985 -1.928548 -1.498088 14.800115 0.567467 3.865604 14.242553 -1.341738 -6.660648 19.631935 0.143921 -0.648243 49.356491 -0.441063 -6.367883 0.353029 -1.51115 -0.03194 20.222769 3.684305 2.316629 18.787249 1e-06 -1e-06 10.751608 -0.47987 1.397903 0.0 -0.0 0.0 3.273804 0.305947 -0.58011 21.48679 11.830364 2.266131 8.162915 0.0 -0.0 18.399052 -3.798986 -4.940567 3e-06 0.0 -1e-06 6.147166 7.025588 -19.557478 -0.014759 0.314816 62.675682 1.257022 0.451101 5.312605 1.813763 -1.886847 -5.780358 0.0 -0.0 2e-06 5.991836 -0.563021 -4.519707 0.061618 0.062517 18.419111 -2.948278 1.117413 -8.580511 -1.41503 0.981987 -0.650857 0.0 -0.0 -1e-06 
0.0 0.0 0.0 0.0 -0.0 0.0 -8.658907 98.308151 396.771912 -3.102273 -1.311338 -6.002399 2.748463 0.735193 7.523184 -0.175691 1.234996 -2.003781 -0.272667 -1.247944 5.826251 0.484487 2.395874 0.797053 -1.191885 -1.190324 -3.480015 0.535343 -3.181596 -12.889108 7.7e-05 -2.2e-05 6e-06 -0.005578 -0.043596 0.052414 0.615362 -3.784287 -10.526227 -0.637832 3.692121 -10.539435 -12.350405 -4.817847 10.306985 -57.466461 -6.039137 19.00507 0.30431 -25.643475 -0.128121 0.434516 2.865822 -14.864766 -5.882102 9.861279 0.70259 -10.936861 -0.360574 7.156197 0.0 8.774815 -0.0 -16.270176 17.807917 5.92426 -1.844031 2.498503 -2.507276 -10.16359 4.678941 4.621104 -20.975996 -1e-06 1e-06 -21.226254 2.451698 -3.593995 0.0 -6e-06 -0.0 -1.362681 2.240797 -0.746323 -21.334892 0.58491 3.008319 -13.821196 -1e-06 1e-06 -23.887129 -0.249075 -0.839485 -60.513081 2.492656 -1.04004 -0.294025 1.679686 0.833255 -14.218195 0.093215 1.300579 -34.212002 -0.287561 0.967166 -20.033176 0.964536 1.212838 0.0 -0.0 0.0 -3.440387 0.788233 0.501655 -15.928172 -3.167306 2.999703 -6.338817 -0.0 1e-06 -18.123419 3.648181 -4.905662 -4e-06 0.0 -2e-06 9.768118 11.877307 11.834202 58.343983 12.298661 26.556679 0.514991 25.459181 0.232532 0.717258 -3.979313 -13.413217 2.24354 -5.255033 -3.180156 14.282877 -0.826594 6.952496 -0.0 -12.690593 -1e-06 16.07333 -17.363441 2.587701 1.665665 -1.95592 -2.878297 4.727794 -4.170584 4.993919 11.020511 1e-06 -0.0 12.109032 -3.735715 -2.866778 0.0 -0.0 0.0 1.291985 -1.928548 -1.498088 14.800115 0.567467 3.865604 14.242553 -1.341738 -6.660648 19.631935 0.143921 -0.648243 49.37669 -0.469059 -6.244636 0.353029 -1.51115 -0.03194 20.222769 3.684305 2.316629 18.787249 1e-06 -1e-06 10.751608 -0.47987 1.397903 0.0 -0.0 0.0 3.273804 0.305947 -0.58011 21.48679 11.830364 2.266131 8.162915 0.0 -0.0 18.399052 -3.798986 -4.940567 3e-06 0.0 -1e-06 5.446348 7.416052 -22.7423 0.177695 0.484792 53.989964 1.641151 2.396423 2.879402 1.822456 -1.963615 -5.813585 0.0 -0.0 2e-06 6.146298 -0.567592 0.993441 0.029325 0.107243 16.192503 -3.463787 1.451877 -11.124965 -1.422236 0.925355 -0.710927 0.0 -0.0 -1e-06 
0.0 0.0 0.0 0.0 -0.0 0.0 -8.659797 97.727707 401.981964 -3.448186 -2.431261 -6.541664 3.211587 0.677491 7.782707 -0.120902 1.819205 -1.847485 -0.306698 -0.600273 6.106341 -0.315363 2.639153 1.382079 -1.180537 -1.235883 -3.50994 0.723085 -3.565302 -12.90551 7.7e-05 -2.2e-05 6e-06 0.005239 0.006329 0.053802 0.618126 -3.729144 -10.518322 -0.620559 3.737517 -10.548561 -13.338634 -3.92858 10.155576 -56.558266 -5.37038 18.463898 0.35443 -26.701839 -0.11886 0.816842 2.642463 -15.143192 -5.882102 9.861279 0.70259 -10.936861 -0.360574 7.156197 0.0 8.774815 -0.0 -16.110918 17.876118 5.958413 -1.844031 2.498503 -2.507276 -10.16359 4.678941 4.621104 -20.975996 -1e-06 1e-06 -21.226254 2.451698 -3.593995 0.0 -6e-06 -0.0 -1.362681 2.240797 -0.746323 -21.334892 0.58491 3.008319 -13.821196 -1e-06 1e-06 -23.887129 -0.249075 -0.839485 -60.31036 2.524734 -1.005816 -0.294025 1.679686 0.833255 -14.218195 0.093215 1.300579 -34.212002 -0.287561 0.967166 -20.033176 0.964536 1.212838 0.0 -0.0 0.0 -3.440387 0.788233 0.501655 -15.928172 -3.167306 2.999703 -6.338817 -0.0 1e-06 -18.123419 3.648181 -4.905662 -4e-06 0.0 -2e-06 9.844619 12.792242 12.019702 56.772991 13.514693 27.460651 0.561322 26.221624 0.237173 0.895773 -3.651216 -13.331559 2.24354 -5.255033 -3.180156 14.282877 -0.826594 6.952496 -0.0 -12.690593 -1e-06 16.03207 -17.314217 2.583706 1.665665 -1.95592 -2.878297 4.727794 -4.170584 4.993919 11.020511 1e-06 -0.0 12.109032 -3.735715 -2.866778 0.0 -0.0 0.0 1.291985 -1.928548 -1.498088 14.800115 0.567467 3.865604 14.242553 -1.341738 -6.660648 19.631935 0.143921 -0.648243 49.365265 -0.490801 -6.172136 0.353029 -1.51115 -0.03194 20.222769 3.684305 2.316629 18.787249 1e-06 -1e-06 10.751608 -0.47987 1.397903 0.0 -0.0 0.0 3.273804 0.305947 -0.58011 21.48679 11.830364 2.266131 8.162915 0.0 -0.0 18.399052 -3.798986 -4.940567 3e-06 0.0 -1e-06 5.333777 7.1055 -24.558271 0.298335 0.542944 42.840984 2.058833 4.126763 2.923469 1.789919 -2.051058 -5.852331 0.0 -0.0 2e-06 6.358395 -0.642892 5.894217 -0.024831 0.192309 14.63422 -3.933771 1.857611 -13.931834 -1.426221 0.908059 -0.545578 0.0 -0.0 -1e-06 
0.0 0.0 0.0 0.0 -0.0 0.0 -8.506285 96.792221 407.115662 -4.056714 -3.719363 -6.982808 3.807421 0.626051 7.976034 -0.04128 2.131389 -1.7255 -0.121199 0.054005 6.349205 -1.181635 2.913857 1.927745 -1.139091 -1.26346 -3.499051 0.925459 -3.637628 -13.171638 7.7e-05 -2.2e-05 6e-06 0.01629 0.047331 0.065048 0.638904 -3.693865 -10.550905 -0.620534 3.786551 -10.583695 -14.064723 -3.069568 10.066151 -56.139721 -4.898795 18.256124 0.25264 -26.934269 -0.091073 0.831454 2.680148 -14.886559 -5.882102 9.861279 0.70259 -10.936861 -0.360574 7.156197 0.0 8.774815 -0.0 -15.990329 17.906105 5.971948 -1.844031 2.498503 -2.507276 -10.16359 4.678941 4.621104 -20.975996 -1e-06 1e-06 -21.226254 2.451698 -3.593995 0.0 -6e-06 -0.0 -1.362681 2.240797 -0.746323 -21.334892 0.58491 3.008319 -13.821196 -1e-06 1e-06 -23.887129 -0.249075 -0.839485 -60.200981 2.566699 -1.013235 -0.294025 1.679686 0.833255 -14.218195 0.093215 1.300579 -34.212002 -0.287561 0.967166 -20.033176 0.964536 1.212838 0.0 -0.0 0.0 -3.440387 0.788233 0.501655 -15.928172 -3.167306 2.999703 -6.338817 -0.0 1e-06 -18.123419 3.648181 -4.905662 -4e-06 0.0 -2e-06 9.796488 13.61942 12.156641 55.537643 14.838675 27.837519 0.64454 26.774246 0.251056 0.972375 -3.329243 -13.409492 2.24354 -5.255033 -3.180156 14.282877 -0.826594 6.952496 -0.0 -12.690593 -1e-06 16.022245 -17.239613 2.56205 1.665665 -1.95592 -2.878297 4.727794 -4.170584 4.993919 11.020511 1e-06 -0.0 12.109032 -3.735715 -2.866778 0.0 -0.0 0.0 1.291985 -1.928548 -1.498088 14.800115 0.567467 3.865604 14.242553 -1.341738 -6.660648 19.631935 0.143921 -0.648243 49.309269 -0.503409 -6.148872 0.353029 -1.51115 -0.03194 20.222769 3.684305 2.316629 18.787249 1e-06 -1e-06 10.751608 -0.47987 1.397903 0.0 -0.0 0.0 3.273804 0.305947 -0.58011 21.48679 11.830364 2.266131 8.162915 0.0 -0.0 18.399052 -3.798986 -4.940567 3e-06 0.0 -1e-06 5.848189 6.875766 -24.886135 0.264659 0.565647 29.494263 1.746437 4.887596 4.109349 1.745636 -2.071543 -5.452763 0.0 -0.0 2e-06 6.505225 -0.926314 10.620833 -0.082212 0.231437 13.185147 -4.163088 2.585016 -16.639668 -1.424122 0.935584 -0.580691 0.0 -0.0 -1e-06 
0.0 0.0 0.0 0.0 -0.0 0.0 -8.297009 95.632103 412.554108 -4.820991 -5.052437 -7.328683 4.427558 0.508136 8.167275 0.020395 2.295522 -1.701797 0.202133 0.523903 6.577305 -1.872458 3.149112 2.269354 -1.128205 -1.04172 -3.382842 1.023608 -3.412529 -13.641971 7.7e-05 -2.2e-05 6e-06 0.036357 0.131054 0.097861 0.671872 -3.632798 -10.58849 -0.614697 3.894061 -10.623623 -14.59163 -2.151225 10.135625 -56.129887 -4.683827 18.292614 0.184612 -26.383245 -0.042042 0.366127 2.972085 -14.287883 -5.882102 9.861279 0.70259 -10.936861 -0.360574 7.156197 0.0 8.774815 -0.0 -15.940398 17.976759 6.039299 -1.844031 2.498503 -2.507276 -10.16359 4.678941 4.621104 -20.975996 -1e-06 1e-06 -21.226254 2.451698 -3.593995 0.0 -6e-06 -0.0 -1.362681 2.240797 -0.746323 -21.334892 0.58491 3.008319 -13.821196 -1e-06 1e-06 -23.887129 -0.249075 -0.839485 -60.33287 2.551799 -0.837449 -0.294025 1.679686 0.833255 -14.218195 0.093215 1.300579 -34.212002 -0.287561 0.967166 -20.033176 0.964536 1.212838 0.0 -0.0 0.0 -3.440387 0.788233 0.501655 -15.928172 -3.167306 2.999703 -6.338817 -0.0 1e-06 -18.123419 3.648181 -4.905662 -4e-06 0.0 -2e-06 9.727736 14.422293 12.269361 54.696777 16.150612 27.725325 0.664454 27.122562 0.267377 0.953112 -2.969904 -13.685785 2.24354 -5.255033 -3.180156 14.282877 -0.826594 6.952496 -0.0 -12.690593 -1e-06 16.084858 -17.223793 2.545231 1.665665 -1.95592 -2.878297 4.727794 -4.170584 4.993919 11.020511 1e-06 -0.0 12.109032 -3.735715 -2.866778 0.0 -0.0 0.0 1.291985 -1.928548 -1.498088 14.800115 0.567467 3.865604 14.242553 -1.341738 -6.660648 19.631935 0.143921 -0.648243 49.528637 -0.702705 -6.179187 0.353029 -1.51115 -0.03194 20.222769 3.684305 2.316629 18.787249 1e-06 -1e-06 10.751608 -0.47987 1.397903 0.0 -0.0 0.0 3.273804 0.305947 -0.58011 21.48679 11.830364 2.266131 8.162915 0.0 -0.0 18.399052 -3.798986 -4.940567 3e-06 0.0 -1e-06 6.852112 6.632139 -24.323458 0.077948 0.476182 15.687282 -0.807084 5.0683 4.283277 1.6578 -2.157413 -4.877965 0.0 -0.0 2e-06 6.380752 -1.540015 15.7242 -0.128939 0.174755 11.301936 -4.014246 3.677116 -18.740383 -1.439135 0.904736 -1.311554 0.0 -0.0 -1e-06 
0.0 0.0 0.0 0.0 -0.0 0.0 -8.011244 94.429474 418.3797 -5.351498 -6.334412 -7.173618 4.703006 0.233831 7.937439 0.092766 2.584515 -1.798718 0.596609 0.620734 6.886544 -2.566656 3.404193 2.197814 -1.055643 -0.633864 -3.354042 1.04935 -3.023789 -13.778 7.7e-05 -2.2e-05 6e-06 0.032016 0.119398 0.127025 0.640759 -3.658841 -10.576807 -0.593915 3.894979 -10.601067 -15.523396 -1.301506 10.109781 -55.976463 -4.428704 18.22628 0.09049 -25.038181 0.038214 -0.498655 3.176705 -13.685941 -5.882102 9.861279 0.70259 -10.936861 -0.360574 7.156197 0.0 8.774815 -0.0 -15.945252 18.082602 6.048037 -1.844031 2.498503 -2.507276 -10.16359 4.678941 4.621104 -20.975996 -1e-06 1e-06 -21.226254 2.451698 -3.593995 0.0 -6e-06 -0.0 -1.362681 2.240797 -0.746323 -21.334892 0.58491 3.008319 -13.821196 -1e-06 1e-06 -23.887129 -0.249075 -0.839485 -60.558014 2.614115 -0.834207 -0.294025 1.679686 0.833255 -14.218195 0.093215 1.300579 -34.212002 -0.287561 0.967166 -20.033176 0.964536 1.212838 0.0 -0.0 0.0 -3.440387 0.788233 0.501655 -15.928172 -3.167306 2.999703 -6.338817 -0.0 1e-06 -18.123419 3.648181 -4.905662 -4e-06 0.0 -2e-06 10.145469 15.132498 12.37563 53.601299 17.287169 27.32217 0.60021 27.520393 0.252913 1.17006 -2.614502 -14.338765 2.24354 -5.255033 -3.180156 14.282877 -0.826594 6.952496 -0.0 -12.690593 -1e-06 16.0662 -17.308916 2.578978 1.665665 -1.95592 -2.878297 4.727794 -4.170584 4.993919 11.020511 1e-06 -0.0 12.109032 -3.735715 -2.866778 0.0 -0.0 0.0 1.291985 -1.928548 -1.498088 14.800115 0.567467 3.865604 14.242553 -1.341738 -6.660648 19.631935 0.143921 -0.648243 49.79594 -0.714709 -6.247587 0.353029 -1.51115 -0.03194 20.222769 3.684305 2.316629 18.787249 1e-06 -1e-06 10.751608 -0.47987 1.397903 0.0 -0.0 0.0 3.273804 0.305947 -0.58011 21.48679 11.830364 2.266131 8.162915 0.0 -0.0 18.399052 -3.798986 -4.940567 3e-06 0.0 -1e-06 7.715899 5.926113 -23.874374 -0.0796 0.248866 3.654673 -4.943071 5.841096 3.047936 1.439657 -2.330398 -4.892457 0.0 -0.0 2e-06 5.572708 -2.16768 20.15472 -0.132467 0.142633 10.368258 -3.380945 5.234317 -19.534882 -1.436751 0.806218 -2.586258 0.0 -0.0 -1e-06 
0.0 0.0 0.0 0.0 -0.0 0.0 -7.5975 93.313065 424.29541 -5.32256 -7.556336 -6.371902 4.511849 0.175862 7.370437 0.113831 2.820322 -2.003678 0.871766 0.594722 7.074821 -3.017387 3.482903 1.639016 -0.856072 -0.372792 -3.384541 0.977601 -2.452666 -13.483646 7.7e-05 -2.2e-05 6e-06 0.010509 0.024747 0.119338 0.606047 -3.740993 -10.527628 -0.603226 3.787851 -10.552236 -16.702173 -0.965801 9.949788 -55.738934 -3.994013 18.100609 0.021329 -23.301077 0.10463 -1.17304 3.294071 -13.491665 -5.882102 9.861279 0.70259 -10.936861 -0.360574 7.156197 0.0 8.774815 -0.0 -16.038988 18.012342 5.941003 -1.844031 2.498503 -2.507276 -10.16359 4.678941 4.621104 -20.975996 -1e-06 1e-06 -21.226254 2.451698 -3.593995 0.0 -6e-06 -0.0 -1.362681 2.240797 -0.746323 -21.334892 0.58491 3.008319 -13.821196 -1e-06 1e-06 -23.887129 -0.249075 -0.839485 -60.614738 2.566521 -0.874716 -0.294025 1.679686 0.833255 -14.218195 0.093215 1.300579 -34.212002 -0.287561 0.967166 -20.033176 0.964536 1.212838 0.0 -0.0 0.0 -3.440387 0.788233 0.501655 -15.928172 -3.167306 2.999703 -6.338817 -0.0 1e-06 -18.123419 3.648181 -4.905662 -4e-06 0.0 -2e-06 10.896979 15.479866 12.462409 52.709682 18.276602 26.291006 0.494891 27.652864 0.251073 1.230055 -2.164059 -15.209242 2.24354 -5.255033 -3.180156 14.282877 -0.826594 6.952496 -0.0 -12.690593 -1e-06 16.05788 -17.273138 2.582816 1.665665 -1.95592 -2.878297 4.727794 -4.170584 4.993919 11.020511 1e-06 -0.0 12.109032 -3.735715 -2.866778 0.0 -0.0 0.0 1.291985 -1.928548 -1.498088 14.800115 0.567467 3.865604 14.242553 -1.341738 -6.660648 19.631935 0.143921 -0.648243 49.95874 -0.581198 -6.237913 0.353029 -1.51115 -0.03194 20.222769 3.684305 2.316629 18.787249 1e-06 -1e-06 10.751608 -0.47987 1.397903 0.0 -0.0 0.0 3.273804 0.305947 -0.58011 21.48679 11.830364 2.266131 8.162915 0.0 -0.0 18.399052 -3.798986 -4.940567 3e-06 0.0 -1e-06 7.489404 5.880627 -25.24963 -0.072631 0.031914 -0.985281 -8.064912 7.012286 1.043198 1.281869 -2.38371 -4.953653 0.0 -0.0 2e-06 3.854815 -2.547765 24.108175 -0.153995 0.183115 9.013016 -2.418415 7.245625 -18.592297 -1.413848 0.71491 -4.664557 0.0 -0.0 -1e-06 
0.0 0.0 0.0 0.0 -0.0 0.0 -7.010254 92.340126 430.32547 -4.255091 -8.458614 -5.161444 3.47671 0.297758 6.573407 -0.003003 3.057896 -2.237833 0.818336 0.473733 6.847323 -2.629374 3.352659 0.853335 -0.73912 0.049512 -3.408083 0.776372 -1.920977 -12.942705 7.7e-05 -2.2e-05 6e-06 -0.000626 -0.015167 0.097758 0.630573 -3.775273 -10.567742 -0.648595 3.743335 -10.588913 -16.949757 -1.110089 9.927162 -56.379017 -3.556808 17.697756 -0.086818 -21.552397 0.17295 -1.523706 3.941582 -12.54859 -5.882102 9.861279 0.70259 -10.936861 -0.360574 7.156197 0.0 8.774815 -0.0 -16.177553 17.890272 5.916579 -1.844031 2.498503 -2.507276 -10.16359 4.678941 4.621104 -20.975996 -1e-06 1e-06 -21.226254 2.451698 -3.593995 0.0 -6e-06 -0.0 -1.362681 2.240797 -0.746323 -21.334892 0.58491 3.008319 -13.821196 -1e-06 1e-06 -23.887129 -0.249075 -0.839485 -60.685677 2.578743 -0.880503 -0.294025 1.679686 0.833255 -14.218195 0.093215 1.300579 -34.212002 -0.287561 0.967166 -20.033176 0.964536 1.212838 0.0 -0.0 0.0 -3.440387 0.788233 0.501655 -15.928172 -3.167306 2.999703 -6.338817 -0.0 1e-06 -18.123419 3.648181 -4.905662 -4e-06 0.0 -2e-06 11.464787 15.524654 12.50488 52.890472 18.721012 25.042517 0.036216 27.618727 0.119689 0.49557 -2.301458 -16.765089 2.24354 -5.255033 -3.180156 14.282877 -0.826594 6.952496 -0.0 -12.690593 -1e-06 16.22048 -16.970997 2.495281 1.665665 -1.95592 -2.878297 4.727794 -4.170584 4.993919 11.020511 1e-06 -0.0 12.109032 -3.735715 -2.866778 0.0 -0.0 0.0 1.291985 -1.928548 -1.498088 14.800115 0.567467 3.865604 14.242553 -1.341738 -6.660648 19.631935 0.143921 -0.648243 49.735256 -0.435346 -6.177221 0.353029 -1.51115 -0.03194 20.222769 3.684305 2.316629 18.787249 1e-06 -1e-06 10.751608 -0.47987 1.397903 0.0 -0.0 0.0 3.273804 0.305947 -0.58011 21.48679 11.830364 2.266131 8.162915 0.0 -0.0 18.399052 -3.798986 -4.940567 3e-06 0.0 -1e-06 5.637259 6.324183 -27.272385 -0.137343 -0.059752 2.544764 -7.82237 6.590199 1.597088 1.451115 -2.365476 -5.572179 0.0 -0.0 2e-06 1.192367 -1.811044 25.946257 -0.095649 0.296406 10.308977 -1.470958 8.749824 -16.366158 -1.403315 0.715277 -8.769539 0.0 -0.0 -1e-06 
0.0 0.0 0.0 0.0 -0.0 0.0 -6.323173 91.969521 436.520477 -2.085376 -8.798558 -3.660664 1.604339 0.482534 5.584276 -0.268123 3.051933 -2.626493 0.427891 0.42696 6.459271 -1.633626 3.060425 -0.235206 -0.741036 0.494545 -3.470136 0.698087 -1.576081 -12.313466 7.7e-05 -2.2e-05 6e-06 0.017458 0.002251 0.092122 0.673973 -3.757758 -10.5869 -0.653739 3.762105 -10.60884 -16.988953 -1.651645 9.729772 -56.841587 -2.968064 18.207104 -0.067884 -20.102467 0.127766 -1.983879 4.519929 -12.188061 -5.882102 9.861279 0.70259 -10.936861 -0.360574 7.156197 0.0 8.774815 -0.0 -16.366507 18.071899 6.049733 -1.844031 2.498503 -2.507276 -10.16359 4.678941 4.621104 -20.975996 -1e-06 1e-06 -21.226254 2.451698 -3.593995 0.0 -6e-06 -0.0 -1.362681 2.240797 -0.746323 -21.334892 0.58491 3.008319 -13.821196 -1e-06 1e-06 -23.887129 -0.249075 -0.839485 -60.77906 2.538874 -0.654966 -0.294025 1.679686 0.833255 -14.218195 0.093215 1.300579 -34.212002 -0.287561 0.967166 -20.033176 0.964536 1.212838 0.0 -0.0 0.0 -3.440387 0.788233 0.501655 -15.928172 -3.167306 2.999703 -6.338817 -0.0 1e-06 -18.123419 3.648181 -4.905662 -4e-06 0.0 -2e-06 12.767624 15.030932 12.135476 53.033981 18.133007 23.839865 -0.28398 27.48267 0.000821 -1.015779 -2.725354 -16.92692 2.24354 -5.255033 -3.180156 14.282877 -0.826594 6.952496 -0.0 -12.690593 -1e-06 16.122337 -17.011543 2.702857 1.665665 -1.95592 -2.878297 4.727794 -4.170584 4.993919 11.020511 1e-06 -0.0 12.109032 -3.735715 -2.866778 0.0 -0.0 0.0 1.291985 -1.928548 -1.498088 14.800115 0.567467 3.865604 14.242553 -1.341738 -6.660648 19.631935 0.143921 -0.648243 49.979557 -0.494183 -6.020422 0.353029 -1.51115 -0.03194 20.222769 3.684305 2.316629 18.787249 1e-06 -1e-06 10.751608 -0.47987 1.397903 0.0 -0.0 0.0 3.273804 0.305947 -0.58011 21.48679 11.830364 2.266131 8.162915 0.0 -0.0 18.399052 -3.798986 -4.940567 3e-06 0.0 -1e-06 2.653041 6.070671 -30.581547 -0.232385 -0.126495 10.721467 -4.525069 4.714623 9.371124 1.71903 -2.2923 -5.870552 0.0 -0.0 2e-06 -2.49265 -1.229791 25.219255 -0.07821 0.453689 14.739884 -1.416278 9.499149 -12.475393 -1.402232 0.702816 -16.320883 0.0 -0.0 -1e-06 
0.0 0.0 0.0 0.0 -0.0 0.0 -5.613883 92.072334 442.865326 0.291238 -8.246568 -2.766766 0.269008 0.50556 5.14205 -0.699877 3.174869 -2.874582 -0.822015 0.264471 5.970471 -0.313901 2.500191 -1.114633 -0.818092 0.236747 -3.431607 0.675233 -1.176671 -12.892339 7.7e-05 -2.2e-05 6e-06 0.028738 0.009162 0.059504 0.711433 -3.753315 -10.582427 -0.668477 3.768909 -10.631408 -15.206629 -2.702183 9.942707 -58.415249 -3.497435 19.873663 -0.19819 -18.348694 0.127292 -2.763421 4.835716 -12.688216 -5.882102 9.861279 0.70259 -10.936861 -0.360574 7.156197 0.0 8.774815 -0.0 -16.519041 18.051497 5.913434 -1.844031 2.498503 -2.507276 -10.16359 4.678941 4.621104 -20.975996 -1e-06 1e-06 -21.226254 2.451698 -3.593995 0.0 -6e-06 -0.0 -1.362681 2.240797 -0.746323 -21.334892 0.58491 3.008319 -13.821196 -1e-06 1e-06 -23.887129 -0.249075 -0.839485 -60.760796 2.455052 -0.742135 -0.294025 1.679686 0.833255 -14.218195 0.093215 1.300579 -34.212002 -0.287561 0.967166 -20.033176 0.964536 1.212838 0.0 -0.0 0.0 -3.440387 0.788233 0.501655 -15.928172 -3.167306 2.999703 -6.338817 -0.0 1e-06 -18.123419 3.648181 -4.905662 -4e-06 0.0 -2e-06 13.062822 14.012655 11.925672 55.067093 17.348581 21.720465 -0.203103 27.065357 0.139874 -3.500202 -2.802686 -17.449364 2.24354 -5.255033 -3.180156 14.282877 -0.826594 6.952496 -0.0 -12.690593 -1e-06 16.056345 -17.271511 2.789897 1.665665 -1.95592 -2.878297 4.727794 -4.170584 4.993919 11.020511 1e-06 -0.0 12.109032 -3.735715 -2.866778 0.0 -0.0 0.0 1.291985 -1.928548 -1.498088 14.800115 0.567467 3.865604 14.242553 -1.341738 -6.660648 19.631935 0.143921 -0.648243 50.091423 -0.436005 -6.027956 0.353029 -1.51115 -0.03194 20.222769 3.684305 2.316629 18.787249 1e-06 -1e-06 10.751608 -0.47987 1.397903 0.0 -0.0 0.0 3.273804 0.305947 -0.58011 21.48679 11.830364 2.266131 8.162915 0.0 -0.0 18.399052 -3.798986 -4.940567 3e-06 0.0 -1e-06 -0.565278 5.110353 -33.628052 -0.144832 -0.174234 19.942436 -1.926476 2.666756 12.583426 1.740599 -2.199568 -3.393506 0.0 -0.0 2e-06 -5.888373 -1.151139 22.248373 -0.183052 0.608113 23.433088 -2.134724 8.715849 -4.169899 -1.479204 0.713343 -26.891766 0.0 -0.0 -1e-06 
0.0 0.0 0.0 0.0 -0.0 0.0 -4.989468 92.735603 448.905457 2.16565 -7.083838 -2.899455 -0.457116 0.424627 5.345428 -1.004966 3.027602 -2.827013 -1.95871 0.214952 5.645951 0.467317 2.137641 -1.337536 -0.980608 -0.153788 -3.354599 0.735652 -1.302524 -13.53717 7.7e-05 -2.2e-05 6e-06 0.037077 0.038978 0.070125 0.731594 -3.709737 -10.538609 -0.67363 3.782339 -10.570244 -12.631968 -4.014429 10.52354 -60.549026 -4.744767 21.652473 -0.358687 -17.668173 0.102555 -3.701745 5.260451 -12.988167 -5.882102 9.861279 0.70259 -10.936861 -0.360574 7.156197 0.0 8.774815 -0.0 -16.753885 18.055923 5.676788 -1.844031 2.498503 -2.507276 -10.16359 4.678941 4.621104 -20.975996 -1e-06 1e-06 -21.226254 2.451698 -3.593995 0.0 -6e-06 -0.0 -1.362681 2.240797 -0.746323 -21.334892 0.58491 3.008319 -13.821196 -1e-06 1e-06 -23.887129 -0.249075 -0.839485 -60.708149 2.414942 -1.159758 -0.294025 1.679686 0.833255 -14.218195 0.093215 1.300579 -34.212002 -0.287561 0.967166 -20.033176 0.964536 1.212838 0.0 -0.0 0.0 -3.440387 0.788233 0.501655 -15.928172 -3.167306 2.999703 -6.338817 -0.0 1e-06 -18.123419 3.648181 -4.905662 -4e-06 0.0 -2e-06 11.429746 13.445728 11.810733 58.770664 16.526058 19.939833 0.299633 25.888189 0.277769 -4.592037 -2.790368 -18.117754 2.24354 -5.255033 -3.180156 14.282877 -0.826594 6.952496 -0.0 -12.690593 -1e-06 16.310574 -17.37105 2.695778 1.665665 -1.95592 -2.878297 4.727794 -4.170584 4.993919 11.020511 1e-06 -0.0 12.109032 -3.735715 -2.866778 0.0 -0.0 0.0 1.291985 -1.928548 -1.498088 14.800115 0.567467 3.865604 14.242553 -1.341738 -6.660648 19.631935 0.143921 -0.648243 50.223015 -0.240904 -6.104106 0.353029 -1.51115 -0.03194 20.222769 3.684305 2.316629 18.787249 1e-06 -1e-06 10.751608 -0.47987 1.397903 0.0 -0.0 0.0 3.273804 0.305947 -0.58011 21.48679 11.830364 2.266131 8.162915 0.0 -0.0 18.399052 -3.798986 -4.940567 3e-06 0.0 -1e-06 -3.367395 4.352273 -33.009045 -0.17314 -0.11574 25.869946 -0.09945 1.579262 9.569833 1.630644 -2.140036 -1.127392 0.0 -0.0 2e-06 -8.194429 -1.182387 17.09288 0.011503 0.6232 35.722103 -2.580235 6.470083 9.812703 -1.456106 0.585379 -31.760017 0.0 -0.0 -1e-06 
0.0 0.0 0.0 0.0 -0.0 0.0 -4.51634 93.718925 454.526337 3.424712 -6.848926 -3.326616 -0.978842 0.273131 5.84204 -1.156199 2.947798 -2.676295 -2.369401 0.120373 5.429461 0.298658 2.241112 -1.344921 -0.999291 -0.304093 -3.387984 0.773323 -1.339529 -13.635256 7.7e-05 -2.2e-05 6e-06 0.039499 0.072633 0.096005 0.717942 -3.679778 -10.487663 -0.656373 3.820311 -10.495393 -11.494589 -4.634866 10.722836 -61.071701 -5.731305 22.529875 -0.513663 -18.804495 0.149064 -4.202705 5.345104 -13.303632 -5.882102 9.861279 0.70259 -10.936861 -0.360574 7.156197 0.0 8.774815 -0.0 -16.78212 18.037113 5.609909 -1.844031 2.498503 -2.507276 -10.16359 4.678941 4.621104 -20.975996 -1e-06 1e-06 -21.226254 2.451698 -3.593995 0.0 -6e-06 -0.0 -1.362681 2.240797 -0.746323 -21.334892 0.58491 3.008319 -13.821196 -1e-06 1e-06 -23.887129 -0.249075 -0.839485 -60.638981 2.277989 -1.235335 -0.294025 1.679686 0.833255 -14.218195 0.093215 1.300579 -34.212002 -0.287561 0.967166 -20.033176 0.964536 1.212838 0.0 -0.0 0.0 -3.440387 0.788233 0.501655 -15.928172 -3.167306 2.999703 -6.338817 -0.0 1e-06 -18.123419 3.648181 -4.905662 -4e-06 0.0 -2e-06 10.295953 13.604059 11.807786 60.564735 16.225357 21.73329 0.696087 24.354465 0.285694 -2.306796 -3.718569 -16.779762 2.24354 -5.255033 -3.180156 14.282877 -0.826594 6.952496 -0.0 -12.690593 -1e-06 16.446009 -17.319109 2.639685 1.665665 -1.95592 -2.878297 4.727794 -4.170584 4.993919 11.020511 1e-06 -0.0 12.109032 -3.735715 -2.866778 0.0 -0.0 0.0 1.291985 -1.928548 -1.498088 14.800115 0.567467 3.865604 14.242553 -1.341738 -6.660648 19.631935 0.143921 -0.648243 49.845238 -0.315471 -6.196996 0.353029 -1.51115 -0.03194 20.222769 3.684305 2.316629 18.787249 1e-06 -1e-06 10.751608 -0.47987 1.397903 0.0 -0.0 0.0 3.273804 0.305947 -0.58011 21.48679 11.830364 2.266131 8.162915 0.0 -0.0 18.399052 -3.798986 -4.940567 3e-06 0.0 -1e-06 -5.317534 4.521646 -30.113342 -0.112853 0.041738 28.525852 0.834166 1.088775 4.249949 1.637523 -2.112031 -0.990332 0.0 -0.0 2e-06 -9.559809 -0.616765 9.638504 0.084882 0.461435 49.433601 -1.870056 3.74098 23.644733 -1.135228 0.78185 -12.031348 0.0 -0.0 -1e-06 
0.0 0.0 0.0 0.0 -0.0 0.0 -4.115855 94.985481 459.74765 4.252214 -7.276908 -3.808653 -1.476256 0.271689 6.279683 -1.243154 2.593971 -2.601884 -2.355765 -0.063345 5.35282 -0.059979 2.6317 -0.897609 -0.818026 -0.162288 -3.404695 0.565529 -0.939857 -13.948599 7.7e-05 -2.2e-05 6e-06 0.04139 0.088286 0.125801 0.725418 -3.667487 -10.503633 -0.660258 3.84229 -10.495481 -11.305043 -4.671474 10.648448 -60.213772 -6.552698 22.957251 -0.573866 -20.651112 0.174463 -3.360866 4.885663 -13.640859 -5.882102 9.861279 0.70259 -10.936861 -0.360574 7.156197 0.0 8.774815 -0.0 -16.75375 18.181236 5.618401 -1.844031 2.498503 -2.507276 -10.16359 4.678941 4.621104 -20.975996 -1e-06 1e-06 -21.226254 2.451698 -3.593995 0.0 -6e-06 -0.0 -1.362681 2.240797 -0.746323 -21.334892 0.58491 3.008319 -13.821196 -1e-06 1e-06 -23.887129 -0.249075 -0.839485 -60.585239 2.310271 -1.344822 -0.294025 1.679686 0.833255 -14.218195 0.093215 1.300579 -34.212002 -0.287561 0.967166 -20.033176 0.964536 1.212838 0.0 -0.0 0.0 -3.440387 0.788233 0.501655 -15.928172 -3.167306 2.999703 -6.338817 -0.0 1e-06 -18.123419 3.648181 -4.905662 -4e-06 0.0 -2e-06 9.88457 13.903397 11.901023 60.988071 16.548975 25.433802 1.149002 23.091984 0.294963 0.723226 -4.809438 -13.892319 2.24354 -5.255033 -3.180156 14.282877 -0.826594 6.952496 -0.0 -12.690593 -1e-06 16.42614 -17.190491 2.517789 1.665665 -1.95592 -2.878297 4.727794 -4.170584 4.993919 11.020511 1e-06 -0.0 12.109032 -3.735715 -2.866778 0.0 -0.0 0.0 1.291985 -1.928548 -1.498088 14.800115 0.567467 3.865604 14.242553 -1.341738 -6.660648 19.631935 0.143921 -0.648243 49.539036 -0.520792 -6.307593 0.353029 -1.51115 -0.03194 20.222769 3.684305 2.316629 18.787249 1e-06 -1e-06 10.751608 -0.47987 1.397903 0.0 -0.0 0.0 3.273804 0.305947 -0.58011 21.48679 11.830364 2.266131 8.162915 0.0 -0.0 18.399052 -3.798986 -4.940567 3e-06 0.0 -1e-06 -6.56331 4.988524 -25.646076 0.004775 0.144752 27.870716 1.075086 1.520916 0.711654 1.612827 -2.112524 -0.940173 0.0 -0.0 2e-06 -9.999937 0.284971 1.988909 0.119292 0.144427 60.814762 -2.284775 3.542406 21.762024 -1.163836 0.887811 -5.935071 0.0 -0.0 -1e-06 
0.0 0.0 0.0 0.0 -0.0 0.0 -3.808346 96.385109 464.809662 4.357626 -7.741723 -4.571465 -1.662883 0.155267 6.644803 -1.188508 2.116677 -2.511183 -2.142489 -0.293925 5.484225 -0.161145 2.899926 -0.07552 -0.697256 0.094811 -3.402215 0.235877 -0.303999 -14.005118 7.7e-05 -2.2e-05 6e-06 0.041123 0.086433 0.125936 0.73534 -3.668224 -10.524663 -0.669341 3.840858 -10.523659 -11.476658 -4.645361 10.740501 -58.754051 -7.566675 22.348795 -0.737488 -22.229563 0.223728 -1.3398 4.377925 -13.206779 -5.882102 9.861279 0.70259 -10.936861 -0.360574 7.156197 0.0 8.774815 -0.0 -16.720171 18.250996 5.657795 -1.844031 2.498503 -2.507276 -10.16359 4.678941 4.621104 -20.975996 -1e-06 1e-06 -21.226254 2.451698 -3.593995 0.0 -6e-06 -0.0 -1.362681 2.240797 -0.746323 -21.334892 0.58491 3.008319 -13.821196 -1e-06 1e-06 -23.887129 -0.249075 -0.839485 -60.556267 2.36784 -1.390561 -0.294025 1.679686 0.833255 -14.218195 0.093215 1.300579 -34.212002 -0.287561 0.967166 -20.033176 0.964536 1.212838 0.0 -0.0 0.0 -3.440387 0.788233 0.501655 -15.928172 -3.167306 2.999703 -6.338817 -0.0 1e-06 -18.123419 3.648181 -4.905662 -4e-06 0.0 -2e-06 9.522764 13.874235 11.82653 61.390369 16.523842 28.031773 1.315805 23.073544 0.259889 2.290024 -5.515738 -11.524602 2.24354 -5.255033 -3.180156 14.282877 -0.826594 6.952496 -0.0 -12.690593 -1e-06 16.411938 -17.161102 2.443152 1.665665 -1.95592 -2.878297 4.727794 -4.170584 4.993919 11.020511 1e-06 -0.0 12.109032 -3.735715 -2.866778 0.0 -0.0 0.0 1.291985 -1.928548 -1.498088 14.800115 0.567467 3.865604 14.242553 -1.341738 -6.660648 19.631935 0.143921 -0.648243 49.5499 -0.558823 -6.257668 0.353029 -1.51115 -0.03194 20.222769 3.684305 2.316629 18.787249 1e-06 -1e-06 10.751608 -0.47987 1.397903 0.0 -0.0 0.0 3.273804 0.305947 -0.58011 21.48679 11.830364 2.266131 8.162915 0.0 -0.0 18.399052 -3.798986 -4.940567 3e-06 0.0 -1e-06 -6.885272 5.459268 -19.869261 0.0173 0.135863 25.117132 1.032583 2.013877 -1.663784 1.603726 -2.157413 -0.881662 0.0 -0.0 2e-06 -9.181626 0.829664 -5.087218 0.137345 -0.106603 67.242752 -3.583971 3.550305 16.282904 -1.229842 0.881936 -5.353111 0.0 -0.0 -1e-06 
0.0 0.0 0.0 0.0 -0.0 0.0 -3.616081 97.607567 469.840851 3.884344 -7.685781 -5.571213 -1.666383 -0.055388 7.037519 -1.017376 1.585714 -2.34438 -1.735684 -0.832247 5.68138 -0.011568 2.943127 0.965038 -0.555433 0.389013 -3.39162 -0.14708 0.266917 -13.723638 7.7e-05 -2.2e-05 6e-06 0.045027 0.098477 0.119452 0.739504 -3.652514 -10.529612 -0.6636 3.848968 -10.529756 -11.311488 -4.897331 10.970442 -57.448696 -8.629942 21.394112 -0.887896 -23.640118 0.262518 0.421454 4.133087 -12.677461 -5.882102 9.861279 0.70259 -10.936861 -0.360574 7.156197 0.0 8.774815 -0.0 -16.533642 18.33383 5.808036 -1.844031 2.498503 -2.507276 -10.16359 4.678941 4.621104 -20.975996 -1e-06 1e-06 -21.226254 2.451698 -3.593995 0.0 -6e-06 -0.0 -1.362681 2.240797 -0.746323 -21.334892 0.58491 3.008319 -13.821196 -1e-06 1e-06 -23.887129 -0.249075 -0.839485 -60.582775 2.434351 -1.309805 -0.294025 1.679686 0.833255 -14.218195 0.093215 1.300579 -34.212002 -0.287561 0.967166 -20.033176 0.964536 1.212838 0.0 -0.0 0.0 -3.440387 0.788233 0.501655 -15.928172 -3.167306 2.999703 -6.338817 -0.0 1e-06 -18.123419 3.648181 -4.905662 -4e-06 0.0 -2e-06 8.920514 13.387992 11.564724 62.004055 15.890481 28.669773 1.229283 24.311255 0.211118 2.360409 -5.570741 -11.017736 2.24354 -5.255033 -3.180156 14.282877 -0.826594 6.952496 -0.0 -12.690593 -1e-06 16.427258 -17.239008 2.478547 1.665665 -1.95592 -2.878297 4.727794 -4.170584 4.993919 11.020511 1e-06 -0.0 12.109032 -3.735715 -2.866778 0.0 -0.0 0.0 1.291985 -1.928548 -1.498088 14.800115 0.567467 3.865604 14.242553 -1.341738 -6.660648 19.631935 0.143921 -0.648243 49.65591 -0.458341 -6.163426 0.353029 -1.51115 -0.03194 20.222769 3.684305 2.316629 18.787249 1e-06 -1e-06 10.751608 -0.47987 1.397903 0.0 -0.0 0.0 3.273804 0.305947 -0.58011 21.48679 11.830364 2.266131 8.162915 0.0 -0.0 18.399052 -3.798986 -4.940567 3e-06 0.0 -1e-06 -6.52757 5.908505 -13.421036 -0.040592 0.038473 21.528221 0.856072 1.933906 -3.491982 1.610926 -2.143037 -0.861738 0.0 -0.0 2e-06 -7.499994 0.889696 -10.918108 0.144718 -0.247131 68.455109 -4.795188 3.753699 12.009341 -1.296307 0.859957 -5.301173 0.0 -0.0 -1e-06 
0.0 0.0 0.0 0.0 -0.0 0.0 -3.557425 98.410896 474.920807 3.262294 -7.065835 -6.603538 -1.72116 -0.248376 7.402091 -0.843949 1.011723 -2.155333 -1.232864 -1.596732 5.918301 0.345595 2.758193 2.024655 -0.413249 0.618051 -3.417094 -0.457351 0.687792 -13.279935 7.7e-05 -2.2e-05 6e-06 0.048687 0.104394 0.107903 0.735789 -3.647279 -10.54067 -0.650233 3.854244 -10.530589 -10.900101 -5.517978 11.110452 -56.172119 -9.601577 20.653742 -1.014905 -24.96278 0.295426 1.535035 4.150457 -12.407023 -5.882102 9.861279 0.70259 -10.936861 -0.360574 7.156197 0.0 8.774815 -0.0 -16.283741 18.397629 5.973298 -1.844031 2.498503 -2.507276 -10.16359 4.678941 4.621104 -20.975996 -1e-06 1e-06 -21.226254 2.451698 -3.593995 0.0 -6e-06 -0.0 -1.362681 2.240797 -0.746323 -21.334892 0.58491 3.008319 -13.821196 -1e-06 1e-06 -23.887129 -0.249075 -0.839485 -60.703671 2.498839 -1.174544 -0.294025 1.679686 0.833255 -14.218195 0.093215 1.300579 -34.212002 -0.287561 0.967166 -20.033176 0.964536 1.212838 0.0 -0.0 0.0 -3.440387 0.788233 0.501655 -15.928172 -3.167306 2.999703 -6.338817 -0.0 1e-06 -18.123419 3.648181 -4.905662 -4e-06 0.0 -2e-06 8.550514 12.509665 11.260008 62.217968 14.840312 28.365856 1.063314 26.361412 0.19618 1.854865 -5.120732 -11.854732 2.24354 -5.255033 -3.180156 14.282877 -0.826594 6.952496 -0.0 -12.690593 -1e-06 16.394566 -17.35606 2.597332 1.665665 -1.95592 -2.878297 4.727794 -4.170584 4.993919 11.020511 1e-06 -0.0 12.109032 -3.735715 -2.866778 0.0 -0.0 0.0 1.291985 -1.928548 -1.498088 14.800115 0.567467 3.865604 14.242553 -1.341738 -6.660648 19.631935 0.143921 -0.648243 49.693455 -0.418536 -6.113681 0.353029 -1.51115 -0.03194 20.222769 3.684305 2.316629 18.787249 1e-06 -1e-06 10.751608 -0.47987 1.397903 0.0 -0.0 0.0 3.273804 0.305947 -0.58011 21.48679 11.830364 2.266131 8.162915 0.0 -0.0 18.399052 -3.798986 -4.940567 3e-06 0.0 -1e-06 -5.917003 6.234615 -7.050496 -0.076238 -0.076722 18.159678 0.743495 1.285935 -5.331453 1.624709 -2.069718 -0.879938 0.0 -0.0 2e-06 -5.745419 0.819742 -15.558971 0.089011 -0.387338 65.65258 -5.892106 3.343209 8.418427 -1.360241 0.83045 -5.413783 0.0 -0.0 -1e-06 
0.0 0.0 0.0 0.0 -0.0 0.0 -3.634753 98.714851 480.126617 2.969966 -6.051827 -7.469481 -1.999445 -0.326977 7.648451 -0.748964 0.443409 -1.995792 -0.863813 -2.37376 6.211622 0.866698 2.433481 2.840004 -0.366348 0.789614 -3.472991 -0.600854 0.735538 -12.965687 7.7e-05 -2.2e-05 6e-06 0.051816 0.105332 0.09173 0.722835 -3.645611 -10.546508 -0.628952 3.854299 -10.519764 -10.641591 -6.364659 11.161903 -54.537697 -10.636792 20.258099 -1.047117 -26.229252 0.291313 2.343284 4.39518 -12.277003 -5.882102 9.861279 0.70259 -10.936861 -0.360574 7.156197 0.0 8.774815 -0.0 -16.021009 18.410624 6.159167 -1.844031 2.498503 -2.507276 -10.16359 4.678941 4.621104 -20.975996 -1e-06 1e-06 -21.226254 2.451698 -3.593995 0.0 -6e-06 -0.0 -1.362681 2.240797 -0.746323 -21.334892 0.58491 3.008319 -13.821196 -1e-06 1e-06 -23.887129 -0.249075 -0.839485 -60.868179 2.561569 -0.997443 -0.294025 1.679686 0.833255 -14.218195 0.093215 1.300579 -34.212002 -0.287561 0.967166 -20.033176 0.964536 1.212838 0.0 -0.0 0.0 -3.440387 0.788233 0.501655 -15.928172 -3.167306 2.999703 -6.338817 -0.0 1e-06 -18.123419 3.648181 -4.905662 -4e-06 0.0 -2e-06 8.804498 11.432226 11.162074 61.684715 13.670272 27.644976 0.910587 28.668015 0.185522 1.143535 -4.436519 -13.296809 2.24354 -5.255033 -3.180156 14.282877 -0.826594 6.952496 -0.0 -12.690593 -1e-06 16.367458 -17.519726 2.707929 1.665665 -1.95592 -2.878297 4.727794 -4.170584 4.993919 11.020511 1e-06 -0.0 12.109032 -3.735715 -2.866778 0.0 -0.0 0.0 1.291985 -1.928548 -1.498088 14.800115 0.567467 3.865604 14.242553 -1.341738 -6.660648 19.631935 0.143921 -0.648243 49.762135 -0.492426 -6.133819 0.353029 -1.51115 -0.03194 20.222769 3.684305 2.316629 18.787249 1e-06 -1e-06 10.751608 -0.47987 1.397903 0.0 -0.0 0.0 3.273804 0.305947 -0.58011 21.48679 11.830364 2.266131 8.162915 0.0 -0.0 18.399052 -3.798986 -4.940567 3e-06 0.0 -1e-06 -5.55012 6.293451 -1.11508 -0.057453 -0.132469 15.304485 0.798929 0.378665 -7.409559 1.639883 -1.992163 -0.856483 0.0 -0.0 2e-06 -4.657745 1.025999 -19.318222 -0.000878 -0.445906 59.593361 -6.576998 1.784879 5.452144 -1.418287 0.827657 -5.295661 0.0 -0.0 -1e-06 
0.0 0.0 0.0 0.0 -0.0 0.0 -3.767567 98.547798 485.228333 3.249953 -4.883571 -8.103413 -2.53177 -0.278363 7.746778 -0.744328 -0.099256 -1.849779 -0.805978 -2.955251 6.52605 1.525138 2.088461 3.262041 -0.478191 0.756247 -3.503412 -0.618301 0.515646 -12.886544 7.7e-05 -2.2e-05 6e-06 0.049565 0.09293 0.084018 0.697568 -3.655587 -10.537381 -0.606918 3.840091 -10.499148 -10.642475 -7.20156 11.163809 -52.612736 -11.828817 19.915602 -0.901737 -27.482361 0.230369 3.243998 4.714667 -12.474725 -5.882102 9.861279 0.70259 -10.936861 -0.360574 7.156197 0.0 8.774815 -0.0 -15.757533 18.37097 6.334587 -1.844031 2.498503 -2.507276 -10.16359 4.678941 4.621104 -20.975996 -1e-06 1e-06 -21.226254 2.451698 -3.593995 0.0 -6e-06 -0.0 -1.362681 2.240797 -0.746323 -21.334892 0.58491 3.008319 -13.821196 -1e-06 1e-06 -23.887129 -0.249075 -0.839485 -60.91893 2.612963 -0.885223 -0.294025 1.679686 0.833255 -14.218195 0.093215 1.300579 -34.212002 -0.287561 0.967166 -20.033176 0.964536 1.212838 0.0 -0.0 0.0 -3.440387 0.788233 0.501655 -15.928172 -3.167306 2.999703 -6.338817 -0.0 1e-06 -18.123419 3.648181 -4.905662 -4e-06 0.0 -2e-06 9.511794 10.399458 11.241696 60.80162 12.571917 26.839525 0.749504 30.471373 0.14409 0.385938 -3.870862 -14.607599 2.24354 -5.255033 -3.180156 14.282877 -0.826594 6.952496 -0.0 -12.690593 -1e-06 16.371826 -17.658985 2.743096 1.665665 -1.95592 -2.878297 4.727794 -4.170584 4.993919 11.020511 1e-06 -0.0 12.109032 -3.735715 -2.866778 0.0 -0.0 0.0 1.291985 -1.928548 -1.498088 14.800115 0.567467 3.865604 14.242553 -1.341738 -6.660648 19.631935 0.143921 -0.648243 49.933632 -0.571262 -6.131861 0.353029 -1.51115 -0.03194 20.222769 3.684305 2.316629 18.787249 1e-06 -1e-06 10.751608 -0.47987 1.397903 0.0 -0.0 0.0 3.273804 0.305947 -0.58011 21.48679 11.830364 2.266131 8.162915 0.0 -0.0 18.399052 -3.798986 -4.940567 3e-06 0.0 -1e-06 -5.74634 6.072813 4.261112 -0.020445 -0.131301 12.737888 1.10706 -0.418924 -9.502053 1.652814 -1.968271 -0.743213 0.0 -0.0 2e-06 -4.627608 1.579291 -22.118469 -0.013947 -0.288399 50.505177 -6.772391 -0.858431 3.405927 -1.442852 0.861067 -4.977189 0.0 -0.0 -1e-06 
0.0 0.0 0.0 0.0 -0.0 0.0 -3.847853 97.982422 490.07077 4.004937 -3.725917 -8.539372 -3.174915 -0.178591 7.777713 -0.797992 -0.542571 -1.746918 -1.093572 -3.279114 6.839169 2.183679 1.73742 3.324828 -0.648546 0.451349 -3.472617 -0.60474 0.230755 -12.927732 7.7e-05 -2.2e-05 6e-06 0.035873 0.067781 0.090686 0.66857 -3.680425 -10.538837 -0.604816 3.814982 -10.501898 -10.766188 -7.901848 11.119202 -50.833809 -13.067495 19.257513 -0.574053 -28.754045 0.097298 4.377574 4.92334 -12.845813 -5.882102 9.861279 0.70259 -10.936861 -0.360574 7.156197 0.0 8.774815 -0.0 -15.578462 18.30518 6.413983 -1.844031 2.498503 -2.507276 -10.16359 4.678941 4.621104 -20.975996 -1e-06 1e-06 -21.226254 2.451698 -3.593995 0.0 -6e-06 -0.0 -1.362681 2.240797 -0.746323 -21.334892 0.58491 3.008319 -13.821196 -1e-06 1e-06 -23.887129 -0.249075 -0.839485 -60.888844 2.622878 -0.941126 -0.294025 1.679686 0.833255 -14.218195 0.093215 1.300579 -34.212002 -0.287561 0.967166 -20.033176 0.964536 1.212838 0.0 -0.0 0.0 -3.440387 0.788233 0.501655 -15.928172 -3.167306 2.999703 -6.338817 -0.0 1e-06 -18.123419 3.648181 -4.905662 -4e-06 0.0 -2e-06 10.237229 9.549788 11.276653 60.16909 11.573142 26.165833 0.592129 31.121784 0.109889 -0.193243 -3.533774 -15.347705 2.24354 -5.255033 -3.180156 14.282877 -0.826594 6.952496 -0.0 -12.690593 -1e-06 16.424999 -17.742498 2.71935 1.665665 -1.95592 -2.878297 4.727794 -4.170584 4.993919 11.020511 1e-06 -0.0 12.109032 -3.735715 -2.866778 0.0 -0.0 0.0 1.291985 -1.928548 -1.498088 14.800115 0.567467 3.865604 14.242553 -1.341738 -6.660648 19.631935 0.143921 -0.648243 50.208984 -0.587493 -6.060928 0.353029 -1.51115 -0.03194 20.222769 3.684305 2.316629 18.787249 1e-06 -1e-06 10.751608 -0.47987 1.397903 0.0 -0.0 0.0 3.273804 0.305947 -0.58011 21.48679 11.830364 2.266131 8.162915 0.0 -0.0 18.399052 -3.798986 -4.940567 3e-06 0.0 -1e-06 -6.524323 5.586331 9.101572 -0.001595 -0.047067 10.427205 1.657251 -0.902681 -11.559762 1.663305 -2.024444 -0.58815 0.0 -0.0 2e-06 -5.602736 2.139052 -23.596071 0.082882 -0.03869 38.393551 -6.640956 -3.089371 3.167094 -1.446632 0.922815 -4.68558 0.0 -0.0 -1e-06 
0.0 0.0 0.0 0.0 -0.0 0.0 -3.895278 97.061081 494.846527 4.985251 -2.607542 -8.802394 -3.80963 -0.039708 7.826022 -0.8846 -0.768767 -1.760164 -1.558204 -3.470513 7.183249 2.718872 1.489475 3.166499 -0.755128 -0.061889 -3.424803 -0.625629 -0.220911 -13.009002 7.7e-05 -2.2e-05 6e-06 0.016893 0.048544 0.09559 0.652988 -3.700882 -10.576477 -0.627127 3.798117 -10.541563 -10.834553 -8.454812 11.081701 -49.653179 -14.32324 18.358107 -0.021782 -30.133774 -0.167867 5.628146 4.908966 -13.259381 -5.882102 9.861279 0.70259 -10.936861 -0.360574 7.156197 0.0 8.774815 -0.0 -15.512691 18.309149 6.453459 -1.844031 2.498503 -2.507276 -10.16359 4.678941 4.621104 -20.975996 -1e-06 1e-06 -21.226254 2.451698 -3.593995 0.0 -6e-06 -0.0 -1.362681 2.240797 -0.746323 -21.334892 0.58491 3.008319 -13.821196 -1e-06 1e-06 -23.887129 -0.249075 -0.839485 -60.911163 2.580779 -1.022126 -0.294025 1.679686 0.833255 -14.218195 0.093215 1.300579 -34.212002 -0.287561 0.967166 -20.033176 0.964536 1.212838 0.0 -0.0 0.0 -3.440387 0.788233 0.501655 -15.928172 -3.167306 2.999703 -6.338817 -0.0 1e-06 -18.123419 3.648181 -4.905662 -4e-06 0.0 -2e-06 10.802922 8.949904 11.374849 59.948792 10.846002 25.553782 0.40514 30.333509 0.111454 -0.370344 -3.346967 -15.738819 2.24354 -5.255033 -3.180156 14.282877 -0.826594 6.952496 -0.0 -12.690593 -1e-06 16.523148 -17.839083 2.719381 1.665665 -1.95592 -2.878297 4.727794 -4.170584 4.993919 11.020511 1e-06 -0.0 12.109032 -3.735715 -2.866778 0.0 -0.0 0.0 1.291985 -1.928548 -1.498088 14.800115 0.567467 3.865604 14.242553 -1.341738 -6.660648 19.631935 0.143921 -0.648243 50.618698 -0.564398 -5.967739 0.353029 -1.51115 -0.03194 20.222769 3.684305 2.316629 18.787249 1e-06 -1e-06 10.751608 -0.47987 1.397903 0.0 -0.0 0.0 3.273804 0.305947 -0.58011 21.48679 11.830364 2.266131 8.162915 0.0 -0.0 18.399052 -3.798986 -4.940567 3e-06 0.0 -1e-06 -7.562099 5.085034 13.574048 0.004337 0.099686 8.456217 2.282871 -1.239892 -13.777564 1.676153 -2.133759 -0.583505 0.0 -0.0 2e-06 -7.111883 2.283653 -23.664242 0.223582 0.043321 23.986135 -5.629959 -3.22577 4.117908 -1.442012 0.992776 -4.785677 0.0 -0.0 -1e-06 
0.0 0.0 0.0 0.0 -0.0 0.0 -3.984827 95.803085 499.851929 5.923127 -1.478485 -8.715812 -4.312686 0.078331 7.742476 -0.98996 -0.845435 -1.877076 -2.023873 -3.489649 7.571774 3.244894 1.331867 2.704269 -0.926664 -0.656205 -3.403689 -0.761599 -1.08521 -13.155629 7.7e-05 -2.2e-05 6e-06 0.016639 0.069965 0.078257 0.673525 -3.685709 -10.639461 -0.648906 3.828737 -10.62101 -10.850335 -8.93185 10.788892 -49.104179 -15.310346 17.625263 0.524714 -31.667624 -0.287467 6.814975 4.492746 -13.347001 -5.882102 9.861279 0.70259 -10.936861 -0.360574 7.156197 0.0 8.774815 -0.0 -15.444637 18.399706 6.46913 -1.844031 2.498503 -2.507276 -10.16359 4.678941 4.621104 -20.975996 -1e-06 1e-06 -21.226254 2.451698 -3.593995 0.0 -6e-06 -0.0 -1.362681 2.240797 -0.746323 -21.334892 0.58491 3.008319 -13.821196 -1e-06 1e-06 -23.887129 -0.249075 -0.839485 -60.637756 2.566082 -1.319463 -0.294025 1.679686 0.833255 -14.218195 0.093215 1.300579 -34.212002 -0.287561 0.967166 -20.033176 0.964536 1.212838 0.0 -0.0 0.0 -3.440387 0.788233 0.501655 -15.928172 -3.167306 2.999703 -6.338817 -0.0 1e-06 -18.123419 3.648181 -4.905662 -4e-06 0.0 -2e-06 11.349002 8.582585 11.467536 59.951023 10.265722 24.935143 0.27463 28.222507 0.138755 -0.247194 -3.382658 -15.354565 2.24354 -5.255033 -3.180156 14.282877 -0.826594 6.952496 -0.0 -12.690593 -1e-06 16.564648 -17.965839 2.752493 1.665665 -1.95592 -2.878297 4.727794 -4.170584 4.993919 11.020511 1e-06 -0.0 12.109032 -3.735715 -2.866778 0.0 -0.0 0.0 1.291985 -1.928548 -1.498088 14.800115 0.567467 3.865604 14.242553 -1.341738 -6.660648 19.631935 0.143921 -0.648243 50.781345 -0.606613 -6.042924 0.353029 -1.51115 -0.03194 20.222769 3.684305 2.316629 18.787249 1e-06 -1e-06 10.751608 -0.47987 1.397903 0.0 -0.0 0.0 3.273804 0.305947 -0.58011 21.48679 11.830364 2.266131 8.162915 0.0 -0.0 18.399052 -3.798986 -4.940567 3e-06 0.0 -1e-06 -8.353553 4.928752 17.338085 0.021158 0.215346 7.684438 3.065617 -2.013242 -16.518057 1.721287 -2.152729 -0.743992 0.0 -0.0 2e-06 -8.439198 1.664287 -23.306072 0.300405 -0.059256 10.011421 -2.885239 -2.477806 3.980047 -1.396095 1.071684 -4.809238 0.0 -0.0 -1e-06 
0.0 0.0 0.0 0.0 -0.0 0.0 -4.220859 94.402222 505.140778 6.31862 -0.432888 -8.270497 -4.472759 0.115417 7.592429 -1.067516 -0.9168 -1.987111 -2.21735 -3.190388 7.821368 3.72322 1.226463 2.082827 -1.010403 -1.208336 -3.395351 -0.969127 -1.77602 -13.409949 7.7e-05 -2.2e-05 6e-06 0.033183 0.098888 0.072141 0.690286 -3.657883 -10.649839 -0.631908 3.860258 -10.633731 -11.261085 -9.096009 10.399295 -48.585995 -16.209301 17.098631 0.542686 -33.294926 -0.319924 7.813621 3.859694 -12.822192 -5.882102 9.861279 0.70259 -10.936861 -0.360574 7.156197 0.0 8.774815 -0.0 -15.427974 18.438837 6.489455 -1.844031 2.498503 -2.507276 -10.16359 4.678941 4.621104 -20.975996 -1e-06 1e-06 -21.226254 2.451698 -3.593995 0.0 -6e-06 -0.0 -1.362681 2.240797 -0.746323 -21.334892 0.58491 3.008319 -13.821196 -1e-06 1e-06 -23.887129 -0.249075 -0.839485 -60.49218 2.509149 -1.235802 -0.294025 1.679686 0.833255 -14.218195 0.093215 1.300579 -34.212002 -0.287561 0.967166 -20.033176 0.964536 1.212838 0.0 -0.0 0.0 -3.440387 0.788233 0.501655 -15.928172 -3.167306 2.999703 -6.338817 -0.0 1e-06 -18.123419 3.648181 -4.905662 -4e-06 0.0 -2e-06 12.242529 8.378507 11.396711 59.730312 9.696896 24.443953 0.258695 25.147743 0.089827 0.109613 -3.465566 -14.395756 2.24354 -5.255033 -3.180156 14.282877 -0.826594 6.952496 -0.0 -12.690593 -1e-06 16.539608 -17.844999 2.690651 1.665665 -1.95592 -2.878297 4.727794 -4.170584 4.993919 11.020511 1e-06 -0.0 12.109032 -3.735715 -2.866778 0.0 -0.0 0.0 1.291985 -1.928548 -1.498088 14.800115 0.567467 3.865604 14.242553 -1.341738 -6.660648 19.631935 0.143921 -0.648243 50.486202 -0.627797 -6.244251 0.353029 -1.51115 -0.03194 20.222769 3.684305 2.316629 18.787249 1e-06 -1e-06 10.751608 -0.47987 1.397903 0.0 -0.0 0.0 3.273804 0.305947 -0.58011 21.48679 11.830364 2.266131 8.162915 0.0 -0.0 18.399052 -3.798986 -4.940567 3e-06 0.0 -1e-06 -7.975919 5.363864 20.212891 -0.021375 0.142231 8.591938 3.324151 -3.305219 -19.370911 1.765029 -2.041715 -1.100534 0.0 -0.0 2e-06 -8.536171 0.280708 -23.726913 0.213143 -0.030528 0.145858 0.792348 -2.885332 2.616053 -1.32942 1.10466 -4.518588 0.0 -0.0 -1e-06 
0.0 0.0 0.0 0.0 -0.0 0.0 -4.533208 93.235664 510.656036 6.166614 0.478064 -7.520111 -4.264669 0.07742 7.398087 -1.081778 -1.016897 -2.098235 -2.202494 -2.969747 7.900423 4.071832 1.140808 1.260862 -1.097612 -1.363754 -3.328617 -1.252415 -2.157581 -13.87385 7.7e-05 -2.2e-05 6e-06 0.034471 0.073556 0.080536 0.685352 -3.688798 -10.647834 -0.623181 3.840995 -10.621121 -11.450754 -9.13267 10.249507 -48.753712 -16.776739 16.823605 0.147531 -34.580341 -0.316546 8.686068 3.142023 -11.714927 -5.882102 9.861279 0.70259 -10.936861 -0.360574 7.156197 0.0 8.774815 -0.0 -15.495237 18.441727 6.403011 -1.844031 2.498503 -2.507276 -10.16359 4.678941 4.621104 -20.975996 -1e-06 1e-06 -21.226254 2.451698 -3.593995 0.0 -6e-06 -0.0 -1.362681 2.240797 -0.746323 -21.334892 0.58491 3.008319 -13.821196 -1e-06 1e-06 -23.887129 -0.249075 -0.839485 -60.529629 2.486016 -1.093137 -0.294025 1.679686 0.833255 -14.218195 0.093215 1.300579 -34.212002 -0.287561 0.967166 -20.033176 0.964536 1.212838 0.0 -0.0 0.0 -3.440387 0.788233 0.501655 -15.928172 -3.167306 2.999703 -6.338817 -0.0 1e-06 -18.123419 3.648181 -4.905662 -4e-06 0.0 -2e-06 12.965343 8.395963 11.44855 59.769947 9.496545 24.0287 0.270043 21.567257 0.039863 0.645407 -3.716186 -14.012296 2.24354 -5.255033 -3.180156 14.282877 -0.826594 6.952496 -0.0 -12.690593 -1e-06 16.603809 -17.614269 2.530625 1.665665 -1.95592 -2.878297 4.727794 -4.170584 4.993919 11.020511 1e-06 -0.0 12.109032 -3.735715 -2.866778 0.0 -0.0 0.0 1.291985 -1.928548 -1.498088 14.800115 0.567467 3.865604 14.242553 -1.341738 -6.660648 19.631935 0.143921 -0.648243 49.971024 -0.457391 -6.41867 0.353029 -1.51115 -0.03194 20.222769 3.684305 2.316629 18.787249 1e-06 -1e-06 10.751608 -0.47987 1.397903 0.0 -0.0 0.0 3.273804 0.305947 -0.58011 21.48679 11.830364 2.266131 8.162915 0.0 -0.0 18.399052 -3.798986 -4.940567 3e-06 0.0 -1e-06 -6.696564 5.889272 23.433865 -0.041601 -0.032892 8.642099 3.042939 -4.80847 -19.867352 1.804602 -1.946577 -2.358766 0.0 -0.0 2e-06 -7.195399 -1.876283 -25.319798 0.165157 0.130753 -2.169982 3.550205 -3.400156 0.782358 -1.312626 1.079204 -4.466117 0.0 -0.0 -1e-06 
0.0 0.0 0.0 0.0 -0.0 0.0 -4.953504 92.435661 516.461304 5.31815 1.246493 -6.271854 -3.689825 0.130489 6.761958 -0.961895 -1.311345 -2.233374 -1.798957 -3.054746 7.66401 3.969958 1.151254 0.487689 -1.112451 -1.440721 -3.332384 -1.389611 -2.284873 -13.958386 7.7e-05 -2.2e-05 6e-06 0.021997 0.040374 0.097692 0.685 -3.724213 -10.598858 -0.646449 3.807997 -10.561938 -11.610231 -9.215559 10.525091 -49.562923 -16.486322 17.589079 0.076545 -35.173531 -0.435212 8.8533 2.718196 -11.113466 -5.882102 9.861279 0.70259 -10.936861 -0.360574 7.156197 0.0 8.774815 -0.0 -15.651319 18.343294 6.297668 -1.844031 2.498503 -2.507276 -10.16359 4.678941 4.621104 -20.975996 -1e-06 1e-06 -21.226254 2.451698 -3.593995 0.0 -6e-06 -0.0 -1.362681 2.240797 -0.746323 -21.334892 0.58491 3.008319 -13.821196 -1e-06 1e-06 -23.887129 -0.249075 -0.839485 -60.569641 2.386972 -1.048159 -0.294025 1.679686 0.833255 -14.218195 0.093215 1.300579 -34.212002 -0.287561 0.967166 -20.033176 0.964536 1.212838 0.0 -0.0 0.0 -3.440387 0.788233 0.501655 -15.928172 -3.167306 2.999703 -6.338817 -0.0 1e-06 -18.123419 3.648181 -4.905662 -4e-06 0.0 -2e-06 13.195823 8.407625 11.490174 60.175224 9.257677 24.248354 0.232496 18.419889 0.021951 1.373936 -4.071045 -14.135892 2.24354 -5.255033 -3.180156 14.282877 -0.826594 6.952496 -0.0 -12.690593 -1e-06 16.578398 -17.377804 2.415649 1.665665 -1.95592 -2.878297 4.727794 -4.170584 4.993919 11.020511 1e-06 -0.0 12.109032 -3.735715 -2.866778 0.0 -0.0 0.0 1.291985 -1.928548 -1.498088 14.800115 0.567467 3.865604 14.242553 -1.341738 -6.660648 19.631935 0.143921 -0.648243 49.819008 -0.212867 -6.292697 0.353029 -1.51115 -0.03194 20.222769 3.684305 2.316629 18.787249 1e-06 -1e-06 10.751608 -0.47987 1.397903 0.0 -0.0 0.0 3.273804 0.305947 -0.58011 21.48679 11.830364 2.266131 8.162915 0.0 -0.0 18.399052 -3.798986 -4.940567 3e-06 0.0 -1e-06 -4.445612 6.430933 26.603193 -0.009634 -0.374173 7.978477 2.558954 -6.466586 -17.319242 1.856088 -1.929102 -5.756155 0.0 -0.0 2e-06 -5.302671 -3.288443 -26.268545 0.316875 0.218222 0.613635 3.504871 -2.746031 1.666476 -1.342638 1.129424 -5.112925 0.0 -0.0 -1e-06 
0.0 0.0 0.0 0.0 -0.0 0.0 -5.463691 92.342644 522.522461 2.758111 1.672758 -4.227162 -1.752797 0.013189 5.447401 -0.775868 -1.291976 -2.648105 -0.980715 -3.449583 7.250754 3.487622 1.465476 -0.326545 -1.135494 -1.538682 -3.37761 -1.570711 -2.289567 -12.74332 7.7e-05 -2.2e-05 6e-06 0.005661 -0.009573 0.081851 0.66406 -3.764691 -10.526388 -0.653701 3.748444 -10.507409 -13.735255 -8.901865 10.176968 -48.773487 -14.718319 19.816233 0.226449 -34.922142 -0.594698 7.82066 2.488126 -11.417478 -5.882102 9.861279 0.70259 -10.936861 -0.360574 7.156197 0.0 8.774815 -0.0 -15.733908 18.268448 6.177545 -1.844031 2.498503 -2.507276 -10.16359 4.678941 4.621104 -20.975996 -1e-06 1e-06 -21.226254 2.451698 -3.593995 0.0 -6e-06 -0.0 -1.362681 2.240797 -0.746323 -21.334892 0.58491 3.008319 -13.821196 -1e-06 1e-06 -23.887129 -0.249075 -0.839485 -60.223068 2.19657 -1.06947 -0.294025 1.679686 0.833255 -14.218195 0.093215 1.300579 -34.212002 -0.287561 0.967166 -20.033176 0.964536 1.212838 0.0 -0.0 0.0 -3.440387 0.788233 0.501655 -15.928172 -3.167306 2.999703 -6.338817 -0.0 1e-06 -18.123419 3.648181 -4.905662 -4e-06 0.0 -2e-06 14.661693 8.221282 11.132831 59.088104 8.350916 24.217386 0.407792 16.257425 0.081899 2.024885 -4.700179 -13.769737 2.24354 -5.255033 -3.180156 14.282877 -0.826594 6.952496 -0.0 -12.690593 -1e-06 16.335022 -17.244024 2.414567 1.665665 -1.95592 -2.878297 4.727794 -4.170584 4.993919 11.020511 1e-06 -0.0 12.109032 -3.735715 -2.866778 0.0 -0.0 0.0 1.291985 -1.928548 -1.498088 14.800115 0.567467 3.865604 14.242553 -1.341738 -6.660648 19.631935 0.143921 -0.648243 49.920509 -0.144774 -6.261165 0.353029 -1.51115 -0.03194 20.222769 3.684305 2.316629 18.787249 1e-06 -1e-06 10.751608 -0.47987 1.397903 0.0 -0.0 0.0 3.273804 0.305947 -0.58011 21.48679 11.830364 2.266131 8.162915 0.0 -0.0 18.399052 -3.798986 -4.940567 3e-06 0.0 -1e-06 0.243945 7.257786 27.161665 0.067209 -0.663341 10.140036 2.020422 -9.060041 -12.83166 1.982507 -1.831025 -12.50776 0.0 -0.0 2e-06 -2.35247 -2.310938 -28.579704 0.314306 0.111466 6.643766 0.786857 -2.155262 9.068368 -1.385422 1.161836 -5.556109 0.0 -0.0 -1e-06 
0.0 0.0 0.0 0.0 -0.0 0.0 -5.997268 92.667465 528.850586 0.326334 1.457492 -2.81867 -0.458729 -0.104197 4.477505 -0.442 -1.550472 -2.981315 0.505123 -3.601188 6.674956 2.657244 1.851479 -0.885207 -1.23689 -0.792667 -3.493891 -1.731219 -1.972542 -12.069594 7.7e-05 -2.2e-05 6e-06 0.000167 -0.050326 0.030013 0.702351 -3.825592 -10.6494 -0.700903 3.727762 -10.640178 -14.91409 -8.355604 9.845183 -49.83366 -12.530516 21.641554 0.090322 -32.601105 -0.467967 6.3743 2.378141 -12.148259 -5.882102 9.861279 0.70259 -10.936861 -0.360574 7.156197 0.0 8.774815 -0.0 -16.102169 17.984398 5.805343 -1.844031 2.498503 -2.507276 -10.16359 4.678941 4.621104 -20.975996 -1e-06 1e-06 -21.226254 2.451698 -3.593995 0.0 -6e-06 -0.0 -1.362681 2.240797 -0.746323 -21.334892 0.58491 3.008319 -13.821196 -1e-06 1e-06 -23.887129 -0.249075 -0.839485 -60.013081 2.028208 -0.975112 -0.294025 1.679686 0.833255 -14.218195 0.093215 1.300579 -34.212002 -0.287561 0.967166 -20.033176 0.964536 1.212838 0.0 -0.0 0.0 -3.440387 0.788233 0.501655 -15.928172 -3.167306 2.999703 -6.338817 -0.0 1e-06 -18.123419 3.648181 -4.905662 -4e-06 0.0 -2e-06 14.830891 8.420783 10.89982 58.939671 7.807385 24.501078 0.394451 14.588249 0.035134 2.446537 -5.487007 -13.476974 2.24354 -5.255033 -3.180156 14.282877 -0.826594 6.952496 -0.0 -12.690593 -1e-06 16.34337 -17.246614 2.266884 1.665665 -1.95592 -2.878297 4.727794 -4.170584 4.993919 11.020511 1e-06 -0.0 12.109032 -3.735715 -2.866778 0.0 -0.0 0.0 1.291985 -1.928548 -1.498088 14.800115 0.567467 3.865604 14.242553 -1.341738 -6.660648 19.631935 0.143921 -0.648243 50.052372 -0.105874 -6.306288 0.353029 -1.51115 -0.03194 20.222769 3.684305 2.316629 18.787249 1e-06 -1e-06 10.751608 -0.47987 1.397903 0.0 -0.0 0.0 3.273804 0.305947 -0.58011 21.48679 11.830364 2.266131 8.162915 0.0 -0.0 18.399052 -3.798986 -4.940567 3e-06 0.0 -1e-06 4.192048 7.449721 26.031256 0.04578 -0.667659 15.699842 1.462466 -10.355742 -4.625138 2.15235 -1.683551 -22.554277 0.0 -0.0 2e-06 0.239658 -0.48026 -31.33922 0.176789 0.053406 14.999934 -0.594801 -2.717028 14.324643 -1.413879 1.092236 -3.736465 0.0 -0.0 -1e-06 
0.0 0.0 0.0 0.0 -0.0 0.0 -6.383268 93.561592 534.963013 -1.119465 0.752362 -2.648367 0.173738 -0.046015 4.456701 -0.105337 -1.870642 -2.998646 1.477483 -3.622745 5.866653 1.977101 2.297275 -0.805559 -1.095817 -0.427245 -3.427327 -1.687976 -1.459761 -12.165281 7.7e-05 -2.2e-05 6e-06 0.022185 0.022832 0.034468 0.740124 -3.725644 -10.60648 -0.696354 3.773146 -10.585164 -12.962086 -8.131648 10.222439 -54.368851 -11.178742 23.079603 0.030766 -27.957434 -0.2983 3.607044 3.563766 -13.484803 -5.882102 9.861279 0.70259 -10.936861 -0.360574 7.156197 0.0 8.774815 -0.0 -16.301487 17.836895 5.639947 -1.844031 2.498503 -2.507276 -10.16359 4.678941 4.621104 -20.975996 -1e-06 1e-06 -21.226254 2.451698 -3.593995 0.0 -6e-06 -0.0 -1.362681 2.240797 -0.746323 -21.334892 0.58491 3.008319 -13.821196 -1e-06 1e-06 -23.887129 -0.249075 -0.839485 -60.110077 2.06463 -1.078243 -0.294025 1.679686 0.833255 -14.218195 0.093215 1.300579 -34.212002 -0.287561 0.967166 -20.033176 0.964536 1.212838 0.0 -0.0 0.0 -3.440387 0.788233 0.501655 -15.928172 -3.167306 2.999703 -6.338817 -0.0 1e-06 -18.123419 3.648181 -4.905662 -4e-06 0.0 -2e-06 12.716369 8.954319 11.12001 61.236336 8.105654 24.031527 0.430405 13.783135 0.055712 2.343439 -6.502875 -14.130233 2.24354 -5.255033 -3.180156 14.282877 -0.826594 6.952496 -0.0 -12.690593 -1e-06 16.451452 -17.462837 2.204723 1.665665 -1.95592 -2.878297 4.727794 -4.170584 4.993919 11.020511 1e-06 -0.0 12.109032 -3.735715 -2.866778 0.0 -0.0 0.0 1.291985 -1.928548 -1.498088 14.800115 0.567467 3.865604 14.242553 -1.341738 -6.660648 19.631935 0.143921 -0.648243 49.835926 -0.087244 -6.3782 0.353029 -1.51115 -0.03194 20.222769 3.684305 2.316629 18.787249 1e-06 -1e-06 10.751608 -0.47987 1.397903 0.0 -0.0 0.0 3.273804 0.305947 -0.58011 21.48679 11.830364 2.266131 8.162915 0.0 -0.0 18.399052 -3.798986 -4.940567 3e-06 0.0 -1e-06 6.229908 7.210685 22.710718 -0.019549 -0.732609 25.532528 0.426328 -10.275143 8.498717 2.293157 -1.479005 -29.227161 0.0 -0.0 2e-06 2.068859 0.281425 -31.011816 0.17051 -0.09692 21.453541 -1.170704 -2.134901 12.471916 -1.397705 1.009216 -2.20144 0.0 -0.0 -1e-06 
0.0 0.0 0.0 0.0 -0.0 0.0 -6.820674 94.551453 540.776062 -2.179846 0.61083 -2.831236 0.70467 -0.033864 4.857705 0.017875 -1.802585 -2.914809 1.938921 -3.791132 5.259075 1.897341 2.186601 -0.890915 -0.980388 -0.237054 -3.4373 -1.540877 -0.943009 -12.143428 7.7e-05 -2.2e-05 6e-06 0.03654 0.080208 0.017308 0.750757 -3.668488 -10.584973 -0.679439 3.824551 -10.542929 -10.665242 -8.408618 10.452989 -58.162762 -10.491694 25.456547 -0.164607 -23.283173 -0.149438 -0.817767 5.335832 -13.171477 -5.882102 9.861279 0.70259 -10.936861 -0.360574 7.156197 0.0 8.774815 -0.0 -16.621544 17.52704 5.544399 -1.844031 2.498503 -2.507276 -10.16359 4.678941 4.621104 -20.975996 -1e-06 1e-06 -21.226254 2.451698 -3.593995 0.0 -6e-06 -0.0 -1.362681 2.240797 -0.746323 -21.334892 0.58491 3.008319 -13.821196 -1e-06 1e-06 -23.887129 -0.249075 -0.839485 -60.260979 2.055298 -0.968956 -0.294025 1.679686 0.833255 -14.218195 0.093215 1.300579 -34.212002 -0.287561 0.967166 -20.033176 0.964536 1.212838 0.0 -0.0 0.0 -3.440387 0.788233 0.501655 -15.928172 -3.167306 2.999703 -6.338817 -0.0 1e-06 -18.123419 3.648181 -4.905662 -4e-06 0.0 -2e-06 11.051811 9.29438 11.036805 62.899841 8.09194 23.314735 0.41011 15.009765 0.098882 2.469961 -6.78897 -15.04561 2.24354 -5.255033 -3.180156 14.282877 -0.826594 6.952496 -0.0 -12.690593 -1e-06 16.505768 -17.596491 2.296305 1.665665 -1.95592 -2.878297 4.727794 -4.170584 4.993919 11.020511 1e-06 -0.0 12.109032 -3.735715 -2.866778 0.0 -0.0 0.0 1.291985 -1.928548 -1.498088 14.800115 0.567467 3.865604 14.242553 -1.341738 -6.660648 19.631935 0.143921 -0.648243 49.820354 -0.07218 -6.28033 0.353029 -1.51115 -0.03194 20.222769 3.684305 2.316629 18.787249 1e-06 -1e-06 10.751608 -0.47987 1.397903 0.0 -0.0 0.0 3.273804 0.305947 -0.58011 21.48679 11.830364 2.266131 8.162915 0.0 -0.0 18.399052 -3.798986 -4.940567 3e-06 0.0 -1e-06 7.567053 6.084664 16.234724 -0.077003 -0.568136 39.077072 -2.665852 -8.870245 20.809713 1.947143 -1.527302 -18.637821 0.0 -0.0 2e-06 3.6362 0.205088 -28.478598 0.225313 -0.08703 24.92116 -2.1985 -2.005723 6.381939 -1.415211 0.936696 -1.543699 0.0 -0.0 -1e-06 
0.0 0.0 0.0 0.0 -0.0 0.0 -7.29377 95.325096 546.296143 -3.36861 1.169122 -2.731173 1.428701 -0.144342 5.209638 0.108072 -1.531771 -2.882474 2.194046 -3.810331 5.036006 2.009571 1.810024 -1.435439 -0.905276 -0.191362 -3.485867 -1.20939 -1.069157 -12.730872 7.7e-05 -2.2e-05 6e-06 0.029331 0.081146 -0.006756 0.755553 -3.672744 -10.61122 -0.69946 3.828146 -10.552375 -9.675677 -8.428198 10.607706 -59.507824 -10.418344 28.447435 -0.246814 -20.943121 -0.060588 -4.530807 6.563811 -11.775239 -5.882102 9.861279 0.70259 -10.936861 -0.360574 7.156197 0.0 8.774815 -0.0 -16.867573 17.378489 5.543 -1.844031 2.498503 -2.507276 -10.16359 4.678941 4.621104 -20.975996 -1e-06 1e-06 -21.226254 2.451698 -3.593995 0.0 -6e-06 -0.0 -1.362681 2.240797 -0.746323 -21.334892 0.58491 3.008319 -13.821196 -1e-06 1e-06 -23.887129 -0.249075 -0.839485 -60.349716 2.154026 -0.832236 -0.294025 1.679686 0.833255 -14.218195 0.093215 1.300579 -34.212002 -0.287561 0.967166 -20.033176 0.964536 1.212838 0.0 -0.0 0.0 -3.440387 0.788233 0.501655 -15.928172 -3.167306 2.999703 -6.338817 -0.0 1e-06 -18.123419 3.648181 -4.905662 -4e-06 0.0 -2e-06 10.44576 9.290757 10.84573 62.832878 8.11943 22.872421 0.647987 17.82021 0.113036 2.047907 -6.309162 -16.03866 2.24354 -5.255033 -3.180156 14.282877 -0.826594 6.952496 -0.0 -12.690593 -1e-06 16.49894 -17.546709 2.383427 1.665665 -1.95592 -2.878297 4.727794 -4.170584 4.993919 11.020511 1e-06 -0.0 12.109032 -3.735715 -2.866778 0.0 -0.0 0.0 1.291985 -1.928548 -1.498088 14.800115 0.567467 3.865604 14.242553 -1.341738 -6.660648 19.631935 0.143921 -0.648243 49.988297 -0.139456 -6.102357 0.353029 -1.51115 -0.03194 20.222769 3.684305 2.316629 18.787249 1e-06 -1e-06 10.751608 -0.47987 1.397903 0.0 -0.0 0.0 3.273804 0.305947 -0.58011 21.48679 11.830364 2.266131 8.162915 0.0 -0.0 18.399052 -3.798986 -4.940567 3e-06 0.0 -1e-06 8.646581 4.640857 7.739078 -0.000712 -0.538948 52.845718 -4.387893 -6.423712 23.772581 1.784761 -1.789725 -6.381022 0.0 -0.0 2e-06 5.335523 -0.417974 -25.743608 0.118086 -0.037076 26.992201 -2.797846 -2.257969 1.423876 -1.418179 0.903305 -0.988332 0.0 -0.0 -1e-06 
0.0 0.0 0.0 0.0 -0.0 0.0 -7.660179 96.300659 551.587646 -3.84258 1.67425 -2.701424 1.824224 -0.0754 5.47195 0.122819 -1.216733 -2.814541 2.06861 -3.512146 5.139625 2.223639 1.649759 -1.957918 -0.973199 -0.50229 -3.417104 -0.988758 -1.333263 -13.428441 7.7e-05 -2.2e-05 6e-06 0.006929 0.005246 -0.002762 0.734652 -3.755611 -10.624144 -0.72406 3.760923 -10.568918 -10.065646 -7.929531 10.651419 -58.896843 -10.201889 29.10013 -0.475077 -20.901138 0.01243 -4.783766 6.273264 -11.592326 -5.882102 9.861279 0.70259 -10.936861 -0.360574 7.156197 0.0 8.774815 -0.0 -16.998178 17.423063 5.49384 -1.844031 2.498503 -2.507276 -10.16359 4.678941 4.621104 -20.975996 -1e-06 1e-06 -21.226254 2.451698 -3.593995 0.0 -6e-06 -0.0 -1.362681 2.240797 -0.746323 -21.334892 0.58491 3.008319 -13.821196 -1e-06 1e-06 -23.887129 -0.249075 -0.839485 -60.488403 2.34755 -0.969206 -0.294025 1.679686 0.833255 -14.218195 0.093215 1.300579 -34.212002 -0.287561 0.967166 -20.033176 0.964536 1.212838 0.0 -0.0 0.0 -3.440387 0.788233 0.501655 -15.928172 -3.167306 2.999703 -6.338817 -0.0 1e-06 -18.123419 3.648181 -4.905662 -4e-06 0.0 -2e-06 10.906178 9.244582 10.948843 61.378792 8.777509 23.064957 0.844249 20.428759 0.159703 0.929955 -5.370943 -16.157778 2.24354 -5.255033 -3.180156 14.282877 -0.826594 6.952496 -0.0 -12.690593 -1e-06 16.510073 -17.458052 2.374934 1.665665 -1.95592 -2.878297 4.727794 -4.170584 4.993919 11.020511 1e-06 -0.0 12.109032 -3.735715 -2.866778 0.0 -0.0 0.0 1.291985 -1.928548 -1.498088 14.800115 0.567467 3.865604 14.242553 -1.341738 -6.660648 19.631935 0.143921 -0.648243 49.930119 -0.241868 -6.140018 0.353029 -1.51115 -0.03194 20.222769 3.684305 2.316629 18.787249 1e-06 -1e-06 10.751608 -0.47987 1.397903 0.0 -0.0 0.0 3.273804 0.305947 -0.58011 21.48679 11.830364 2.266131 8.162915 0.0 -0.0 18.399052 -3.798986 -4.940567 3e-06 0.0 -1e-06 8.843441 4.161181 -0.945651 -0.094116 -0.21591 62.705044 -2.136095 -4.26525 17.512693 1.757795 -1.814648 -5.188799 0.0 -0.0 2e-06 6.164547 -0.984975 -21.796246 -0.00051 -0.024392 26.48455 -3.135225 -2.277975 -2.10826 -1.419169 0.964813 -0.682248 0.0 -0.0 -1e-06 
0.0 0.0 0.0 0.0 -0.0 0.0 -7.933108 97.330223 556.793396 -3.71831 1.932829 -3.190404 2.023186 0.094916 5.8254 0.002649 -0.82377 -2.662119 1.64161 -3.030083 5.421883 2.38443 1.670556 -1.883777 -1.06421 -0.761832 -3.365124 -0.807984 -1.743318 -13.768986 7.7e-05 -2.2e-05 6e-06 -0.01081 -0.061852 0.024234 0.700591 -3.824734 -10.609563 -0.72667 3.696834 -10.564188 -10.348428 -7.310778 10.689595 -58.25388 -9.812243 27.993313 -0.609696 -21.899586 0.054908 -3.092207 5.248605 -11.990589 -5.882102 9.861279 0.70259 -10.936861 -0.360574 7.156197 0.0 8.774815 -0.0 -16.968452 17.60479 5.511559 -1.844031 2.498503 -2.507276 -10.16359 4.678941 4.621104 -20.975996 -1e-06 1e-06 -21.226254 2.451698 -3.593995 0.0 -6e-06 -0.0 -1.362681 2.240797 -0.746323 -21.334892 0.58491 3.008319 -13.821196 -1e-06 1e-06 -23.887129 -0.249075 -0.839485 -60.573765 2.463754 -1.131421 -0.294025 1.679686 0.833255 -14.218195 0.093215 1.300579 -34.212002 -0.287561 0.967166 -20.033176 0.964536 1.212838 0.0 -0.0 0.0 -3.440387 0.788233 0.501655 -15.928172 -3.167306 2.999703 -6.338817 -0.0 1e-06 -18.123419 3.648181 -4.905662 -4e-06 0.0 -2e-06 10.968292 9.587873 11.139551 60.174889 9.842408 23.82613 0.931745 22.339346 0.232 0.123037 -4.858328 -15.21434 2.24354 -5.255033 -3.180156 14.282877 -0.826594 6.952496 -0.0 -12.690593 -1e-06 16.498611 -17.429508 2.308374 1.665665 -1.95592 -2.878297 4.727794 -4.170584 4.993919 11.020511 1e-06 -0.0 12.109032 -3.735715 -2.866778 0.0 -0.0 0.0 1.291985 -1.928548 -1.498088 14.800115 0.567467 3.865604 14.242553 -1.341738 -6.660648 19.631935 0.143921 -0.648243 49.736843 -0.307084 -6.260351 0.353029 -1.51115 -0.03194 20.222769 3.684305 2.316629 18.787249 1e-06 -1e-06 10.751608 -0.47987 1.397903 0.0 -0.0 0.0 3.273804 0.305947 -0.58011 21.48679 11.830364 2.266131 8.162915 0.0 -0.0 18.399052 -3.798986 -4.940567 3e-06 0.0 -1e-06 8.242814 4.636983 -8.534415 -0.146392 0.039416 66.972496 0.372778 -2.517024 12.124449 1.796257 -1.826523 -5.384214 0.0 -0.0 2e-06 6.224221 -1.476219 -16.46324 -0.005392 -0.018481 24.169477 -3.221155 -2.01373 -4.67946 -1.417018 1.02238 -0.395846 0.0 -0.0 -1e-06 
0.0 0.0 0.0 0.0 -0.0 0.0 -8.161079 98.079803 561.941223 -3.495684 1.853595 -4.144106 2.270791 0.348633 6.384546 -0.098663 -0.326014 -2.422907 1.118789 -2.517673 5.663499 2.280826 1.747488 -1.316156 -1.128335 -1.023821 -3.358879 -0.487535 -2.298887 -13.843348 7.7e-05 -2.2e-05 6e-06 -0.015321 -0.085363 0.042915 0.676797 -3.843665 -10.587699 -0.713531 3.668035 -10.555965 -10.235384 -6.673478 10.720668 -58.083595 -9.482428 26.784542 -0.451466 -23.110962 0.041958 -1.677969 4.5855 -12.132793 -5.882102 9.861279 0.70259 -10.936861 -0.360574 7.156197 0.0 8.774815 -0.0 -16.801968 17.778435 5.619179 -1.844031 2.498503 -2.507276 -10.16359 4.678941 4.621104 -20.975996 -1e-06 1e-06 -21.226254 2.451698 -3.593995 0.0 -6e-06 -0.0 -1.362681 2.240797 -0.746323 -21.334892 0.58491 3.008319 -13.821196 -1e-06 1e-06 -23.887129 -0.249075 -0.839485 -60.618557 2.486649 -1.239998 -0.294025 1.679686 0.833255 -14.218195 0.093215 1.300579 -34.212002 -0.287561 0.967166 -20.033176 0.964536 1.212838 0.0 -0.0 0.0 -3.440387 0.788233 0.501655 -15.928172 -3.167306 2.999703 -6.338817 -0.0 1e-06 -18.123419 3.648181 -4.905662 -4e-06 0.0 -2e-06 10.429271 10.285898 11.339929 59.349926 11.119885 24.841217 0.889399 23.61104 0.276285 -0.004306 -4.545267 -14.342315 2.24354 -5.255033 -3.180156 14.282877 -0.826594 6.952496 -0.0 -12.690593 -1e-06 16.417889 -17.389681 2.300404 1.665665 -1.95592 -2.878297 4.727794 -4.170584 4.993919 11.020511 1e-06 -0.0 12.109032 -3.735715 -2.866778 0.0 -0.0 0.0 1.291985 -1.928548 -1.498088 14.800115 0.567467 3.865604 14.242553 -1.341738 -6.660648 19.631935 0.143921 -0.648243 49.524307 -0.395034 -6.333374 0.353029 -1.51115 -0.03194 20.222769 3.684305 2.316629 18.787249 1e-06 -1e-06 10.751608 -0.47987 1.397903 0.0 -0.0 0.0 3.273804 0.305947 -0.58011 21.48679 11.830364 2.266131 8.162915 0.0 -0.0 18.399052 -3.798986 -4.940567 3e-06 0.0 -1e-06 7.382235 5.779022 -14.438951 -0.139295 0.167275 66.414474 1.729094 -1.449388 7.955333 1.829144 -1.850705 -5.502215 0.0 -0.0 2e-06 6.176585 -1.777398 -10.341285 0.03592 -0.001838 21.166082 -3.238355 -1.69696 -6.842355 -1.414984 1.02195 -0.251729 0.0 -0.0 -1e-06 
0.0 0.0 0.0 0.0 -0.0 0.0 -8.326542 98.435608 567.003113 -3.353071 1.449664 -5.190952 2.565324 0.555634 6.991095 -0.131986 0.272004 -2.161879 0.669055 -2.007811 5.869322 1.948249 1.906473 -0.663096 -1.188651 -1.348187 -3.41303 -0.102162 -2.887402 -13.606441 7.7e-05 -2.2e-05 6e-06 -0.01644 -0.096893 0.049861 0.655635 -3.845228 -10.55847 -0.696469 3.645644 -10.540488 -10.486902 -5.994084 10.628873 -57.615604 -9.034316 25.589848 -0.214194 -24.492378 -0.00707 -0.520499 4.340881 -12.090021 -5.882102 9.861279 0.70259 -10.936861 -0.360574 7.156197 0.0 8.774815 -0.0 -16.609318 17.859301 5.770161 -1.844031 2.498503 -2.507276 -10.16359 4.678941 4.621104 -20.975996 -1e-06 1e-06 -21.226254 2.451698 -3.593995 0.0 -6e-06 -0.0 -1.362681 2.240797 -0.746323 -21.334892 0.58491 3.008319 -13.821196 -1e-06 1e-06 -23.887129 -0.249075 -0.839485 -60.641727 2.477525 -1.150286 -0.294025 1.679686 0.833255 -14.218195 0.093215 1.300579 -34.212002 -0.287561 0.967166 -20.033176 0.964536 1.212838 0.0 -0.0 0.0 -3.440387 0.788233 0.501655 -15.928172 -3.167306 2.999703 -6.338817 -0.0 1e-06 -18.123419 3.648181 -4.905662 -4e-06 0.0 -2e-06 10.093161 11.119428 11.560459 58.056942 12.624136 25.829159 0.74118 24.406248 0.269774 0.072425 -4.336148 -13.862142 2.24354 -5.255033 -3.180156 14.282877 -0.826594 6.952496 -0.0 -12.690593 -1e-06 16.298624 -17.332325 2.380969 1.665665 -1.95592 -2.878297 4.727794 -4.170584 4.993919 11.020511 1e-06 -0.0 12.109032 -3.735715 -2.866778 0.0 -0.0 0.0 1.291985 -1.928548 -1.498088 14.800115 0.567467 3.865604 14.242553 -1.341738 -6.660648 19.631935 0.143921 -0.648243 49.441189 -0.473168 -6.264281 0.353029 -1.51115 -0.03194 20.222769 3.684305 2.316629 18.787249 1e-06 -1e-06 10.751608 -0.47987 1.397903 0.0 -0.0 0.0 3.273804 0.305947 -0.58011 21.48679 11.830364 2.266131 8.162915 0.0 -0.0 18.399052 -3.798986 -4.940567 3e-06 0.0 -1e-06 6.442371 7.237811 -18.959719 -0.030701 0.322579 61.552654 2.001262 -0.859261 4.638132 1.829043 -1.874263 -5.437993 0.0 -0.0 2e-06 6.061875 -1.751323 -4.258906 0.043181 0.012661 18.062374 -3.247417 -1.461433 -8.763916 -1.418148 0.978508 -0.283088 0.0 -0.0 -1e-06 
0.0 0.0 0.0 0.0 -0.0 0.0 -8.343829 98.354851 572.109619 -3.34207 0.733275 -6.083091 2.901159 0.618586 7.473268 -0.115507 0.917405 -1.95371 0.38068 -1.507055 6.117135 1.425661 2.092857 -0.097371 -1.215731 -1.480074 -3.475396 0.207318 -3.391577 -13.291068 7.7e-05 -2.2e-05 6e-06 -0.014546 -0.09187 0.052828 0.636765 -3.828944 -10.532129 -0.675621 3.638604 -10.529146 -11.20688 -5.248988 10.48015 -56.834225 -8.472376 24.425287 -0.015777 -25.975361 -0.066495 0.473308 4.269777 -12.08471 -5.882102 9.861279 0.70259 -10.936861 -0.360574 7.156197 0.0 8.774815 -0.0 -16.481827 17.914616 5.855136 -1.844031 2.498503 -2.507276 -10.16359 4.678941 4.621104 -20.975996 -1e-06 1e-06 -21.226254 2.451698 -3.593995 0.0 -6e-06 -0.0 -1.362681 2.240797 -0.746323 -21.334892 0.58491 3.008319 -13.821196 -1e-06 1e-06 -23.887129 -0.249075 -0.839485 -60.564682 2.494874 -1.010244 -0.294025 1.679686 0.833255 -14.218195 0.093215 1.300579 -34.212002 -0.287561 0.967166 -20.033176 0.964536 1.212838 0.0 -0.0 0.0 -3.440387 0.788233 0.501655 -15.928172 -3.167306 2.999703 -6.338817 -0.0 1e-06 -18.123419 3.648181 -4.905662 -4e-06 0.0 -2e-06 10.16392 12.004158 11.779644 56.18618 14.322419 26.375002 0.603769 24.904539 0.229836 -0.133221 -4.126689 -13.942297 2.24354 -5.255033 -3.180156 14.282877 -0.826594 6.952496 -0.0 -12.690593 -1e-06 16.195412 -17.293943 2.484188 1.665665 -1.95592 -2.878297 4.727794 -4.170584 4.993919 11.020511 1e-06 -0.0 12.109032 -3.735715 -2.866778 0.0 -0.0 0.0 1.291985 -1.928548 -1.498088 14.800115 0.567467 3.865604 14.242553 -1.341738 -6.660648 19.631935 0.143921 -0.648243 49.456474 -0.50604 -6.126076 0.353029 -1.51115 -0.03194 20.222769 3.684305 2.316629 18.787249 1e-06 -1e-06 10.751608 -0.47987 1.397903 0.0 -0.0 0.0 3.273804 0.305947 -0.58011 21.48679 11.830364 2.266131 8.162915 0.0 -0.0 18.399052 -3.798986 -4.940567 3e-06 0.0 -1e-06 5.525097 8.388031 -22.174423 0.15073 0.493154 53.040009 1.579503 -0.465199 2.733906 1.822819 -1.919526 -5.342175 0.0 -0.0 2e-06 6.080787 -1.42882 1.426726 0.023036 0.06272 15.378821 -3.518932 -1.3512 -10.859106 -1.424133 0.936005 -0.297642 0.0 -0.0 -1e-06 
0.0 0.0 0.0 0.0 -0.0 0.0 -8.164939 97.834679 577.265747 -3.529398 -0.283397 -6.74864 3.301398 0.542158 7.758113 -0.059851 1.471003 -1.801795 0.300247 -0.965403 6.420464 0.732593 2.280904 0.406154 -1.166612 -1.431121 -3.496545 0.415249 -3.692203 -13.223445 7.7e-05 -2.2e-05 6e-06 -0.003664 -0.043584 0.061017 0.63148 -3.77386 -10.520278 -0.650108 3.680448 -10.53595 -12.002642 -4.427155 10.332824 -56.228382 -7.905386 23.548532 0.121068 -27.341887 -0.098976 1.206982 4.240811 -11.943055 -5.882102 9.861279 0.70259 -10.936861 -0.360574 7.156197 0.0 8.774815 -0.0 -16.371859 17.962957 5.862154 -1.844031 2.498503 -2.507276 -10.16359 4.678941 4.621104 -20.975996 -1e-06 1e-06 -21.226254 2.451698 -3.593995 0.0 -6e-06 -0.0 -1.362681 2.240797 -0.746323 -21.334892 0.58491 3.008319 -13.821196 -1e-06 1e-06 -23.887129 -0.249075 -0.839485 -60.386181 2.534219 -0.991948 -0.294025 1.679686 0.833255 -14.218195 0.093215 1.300579 -34.212002 -0.287561 0.967166 -20.033176 0.964536 1.212838 0.0 -0.0 0.0 -3.440387 0.788233 0.501655 -15.928172 -3.167306 2.999703 -6.338817 -0.0 1e-06 -18.123419 3.648181 -4.905662 -4e-06 0.0 -2e-06 10.345576 12.913666 11.997087 54.190395 16.114296 26.319206 0.539567 25.325905 0.186887 -0.666245 -3.881056 -14.520079 2.24354 -5.255033 -3.180156 14.282877 -0.826594 6.952496 -0.0 -12.690593 -1e-06 16.127462 -17.27396 2.538141 1.665665 -1.95592 -2.878297 4.727794 -4.170584 4.993919 11.020511 1e-06 -0.0 12.109032 -3.735715 -2.866778 0.0 -0.0 0.0 1.291985 -1.928548 -1.498088 14.800115 0.567467 3.865604 14.242553 -1.341738 -6.660648 19.631935 0.143921 -0.648243 49.415783 -0.517332 -6.034983 0.353029 -1.51115 -0.03194 20.222769 3.684305 2.316629 18.787249 1e-06 -1e-06 10.751608 -0.47987 1.397903 0.0 -0.0 0.0 3.273804 0.305947 -0.58011 21.48679 11.830364 2.266131 8.162915 0.0 -0.0 18.399052 -3.798986 -4.940567 3e-06 0.0 -1e-06 4.922867 8.943698 -23.968433 0.259254 0.560467 41.636745 0.779901 -0.071282 2.972471 1.799914 -1.973657 -5.333952 0.0 -0.0 2e-06 6.233191 -1.039448 6.719662 -0.022488 0.168508 13.336912 -3.903078 -1.215355 -13.293346 -1.426659 0.936198 -0.175844 0.0 -0.0 -1e-06 
0.0 0.0 0.0 0.0 -0.0 0.0 -7.829171 96.920959 582.547974 -3.990061 -1.549696 -7.248363 3.834656 0.459783 7.931637 0.007279 1.784865 -1.694829 0.416146 -0.361176 6.651245 -0.018899 2.475492 0.946292 -1.077526 -1.349572 -3.473664 0.629744 -3.726671 -13.36019 7.7e-05 -2.2e-05 6e-06 0.011619 0.017092 0.077075 0.646373 -3.723302 -10.556087 -0.635676 3.753252 -10.57532 -12.610899 -3.568366 10.220319 -56.012131 -7.375488 23.0588 0.08228 -28.353535 -0.066841 1.59513 4.303745 -11.330398 -5.882102 9.861279 0.70259 -10.936861 -0.360574 7.156197 0.0 8.774815 -0.0 -16.192327 17.964184 5.900311 -1.844031 2.498503 -2.507276 -10.16359 4.678941 4.621104 -20.975996 -1e-06 1e-06 -21.226254 2.451698 -3.593995 0.0 -6e-06 -0.0 -1.362681 2.240797 -0.746323 -21.334892 0.58491 3.008319 -13.821196 -1e-06 1e-06 -23.887129 -0.249075 -0.839485 -60.234955 2.581318 -0.97851 -0.294025 1.679686 0.833255 -14.218195 0.093215 1.300579 -34.212002 -0.287561 0.967166 -20.033176 0.964536 1.212838 0.0 -0.0 0.0 -3.440387 0.788233 0.501655 -15.928172 -3.167306 2.999703 -6.338817 -0.0 1e-06 -18.123419 3.648181 -4.905662 -4e-06 0.0 -2e-06 10.439046 13.753599 12.150531 52.515865 17.853016 26.030434 0.462556 25.728386 0.133424 -1.292769 -3.616527 -15.428136 2.24354 -5.255033 -3.180156 14.282877 -0.826594 6.952496 -0.0 -12.690593 -1e-06 16.061996 -17.218956 2.562185 1.665665 -1.95592 -2.878297 4.727794 -4.170584 4.993919 11.020511 1e-06 -0.0 12.109032 -3.735715 -2.866778 0.0 -0.0 0.0 1.291985 -1.928548 -1.498088 14.800115 0.567467 3.865604 14.242553 -1.341738 -6.660648 19.631935 0.143921 -0.648243 49.31649 -0.547187 -6.004226 0.353029 -1.51115 -0.03194 20.222769 3.684305 2.316629 18.787249 1e-06 -1e-06 10.751608 -0.47987 1.397903 0.0 -0.0 0.0 3.273804 0.305947 -0.58011 21.48679 11.830364 2.266131 8.162915 0.0 -0.0 18.399052 -3.798986 -4.940567 3e-06 0.0 -1e-06 4.962893 9.182271 -24.141451 0.218019 0.587884 27.797438 -0.647215 0.348482 4.057596 1.778692 -1.975886 -4.919497 0.0 -0.0 2e-06 6.354115 -0.919007 11.59192 -0.087243 0.255357 11.879952 -4.056486 -0.743461 -15.871856 -1.425128 0.976992 -0.278592 0.0 -0.0 -1e-06 
0.0 0.0 0.0 0.0 -0.0 0.0 -7.451596 95.735756 588.010864 -4.639971 -2.895546 -7.606762 4.422873 0.334864 8.045534 0.060262 1.995533 -1.693247 0.660485 0.115141 6.807994 -0.634125 2.621113 1.410946 -1.019982 -1.044315 -3.350427 0.802885 -3.436983 -13.630792 7.7e-05 -2.2e-05 6e-06 0.034795 0.124851 0.104181 0.678024 -3.643026 -10.595991 -0.622318 3.889092 -10.616885 -13.132351 -2.664673 10.143968 -56.106018 -6.919235 22.820311 -0.051169 -28.722322 0.018514 1.526275 4.281579 -10.40403 -5.882102 9.861279 0.70259 -10.936861 -0.360574 7.156197 0.0 8.774815 -0.0 -15.9942 18.034258 5.989513 -1.844031 2.498503 -2.507276 -10.16359 4.678941 4.621104 -20.975996 -1e-06 1e-06 -21.226254 2.451698 -3.593995 0.0 -6e-06 -0.0 -1.362681 2.240797 -0.746323 -21.334892 0.58491 3.008319 -13.821196 -1e-06 1e-06 -23.887129 -0.249075 -0.839485 -60.209717 2.572151 -0.801685 -0.294025 1.679686 0.833255 -14.218195 0.093215 1.300579 -34.212002 -0.287561 0.967166 -20.033176 0.964536 1.212838 0.0 -0.0 0.0 -3.440387 0.788233 0.501655 -15.928172 -3.167306 2.999703 -6.338817 -0.0 1e-06 -18.123419 3.648181 -4.905662 -4e-06 0.0 -2e-06 10.58174 14.529578 12.302719 51.158775 19.351891 25.649225 0.387752 26.217426 0.141863 -1.85034 -3.234333 -16.34865 2.24354 -5.255033 -3.180156 14.282877 -0.826594 6.952496 -0.0 -12.690593 -1e-06 16.051699 -17.191694 2.597027 1.665665 -1.95592 -2.878297 4.727794 -4.170584 4.993919 11.020511 1e-06 -0.0 12.109032 -3.735715 -2.866778 0.0 -0.0 0.0 1.291985 -1.928548 -1.498088 14.800115 0.567467 3.865604 14.242553 -1.341738 -6.660648 19.631935 0.143921 -0.648243 49.469166 -0.773879 -6.009189 0.353029 -1.51115 -0.03194 20.222769 3.684305 2.316629 18.787249 1e-06 -1e-06 10.751608 -0.47987 1.397903 0.0 -0.0 0.0 3.273804 0.305947 -0.58011 21.48679 11.830364 2.266131 8.162915 0.0 -0.0 18.399052 -3.798986 -4.940567 3e-06 0.0 -1e-06 5.670986 8.822088 -23.348862 0.026707 0.463857 13.516316 -2.804969 1.09669 4.02685 1.698438 -2.073727 -4.539884 0.0 -0.0 2e-06 6.17752 -1.453826 16.094109 -0.153586 0.245375 11.262409 -3.774523 0.214217 -18.09083 -1.442189 0.933558 -1.080664 0.0 -0.0 -1e-06 
0.0 0.0 0.0 0.0 -0.0 0.0 -6.922474 94.505386 593.697815 -5.114576 -4.166287 -7.46202 4.717849 0.061934 7.682952 0.138846 2.33039 -1.858498 0.979952 0.229499 7.05262 -1.351849 2.838101 1.577639 -0.916247 -0.583287 -3.333747 1.006239 -3.009171 -13.456609 7.7e-05 -2.2e-05 6e-06 0.02969 0.116451 0.121658 0.645729 -3.666474 -10.590127 -0.601585 3.893723 -10.599322 -14.219906 -1.774871 9.962268 -55.995762 -6.30911 22.638678 -0.137646 -28.229012 0.091994 1.091915 3.84489 -9.660603 -5.882102 9.861279 0.70259 -10.936861 -0.360574 7.156197 0.0 8.774815 -0.0 -15.900873 18.100018 5.98172 -1.844031 2.498503 -2.507276 -10.16359 4.678941 4.621104 -20.975996 -1e-06 1e-06 -21.226254 2.451698 -3.593995 0.0 -6e-06 -0.0 -1.362681 2.240797 -0.746323 -21.334892 0.58491 3.008319 -13.821196 -1e-06 1e-06 -23.887129 -0.249075 -0.839485 -60.294884 2.597787 -0.775484 -0.294025 1.679686 0.833255 -14.218195 0.093215 1.300579 -34.212002 -0.287561 0.967166 -20.033176 0.964536 1.212838 0.0 -0.0 0.0 -3.440387 0.788233 0.501655 -15.928172 -3.167306 2.999703 -6.338817 -0.0 1e-06 -18.123419 3.648181 -4.905662 -4e-06 0.0 -2e-06 11.172948 15.185476 12.39922 49.702332 20.30522 25.180244 0.416027 27.055918 0.208033 -1.776482 -2.711746 -17.072807 2.24354 -5.255033 -3.180156 14.282877 -0.826594 6.952496 -0.0 -12.690593 -1e-06 15.926207 -17.221441 2.658706 1.665665 -1.95592 -2.878297 4.727794 -4.170584 4.993919 11.020511 1e-06 -0.0 12.109032 -3.735715 -2.866778 0.0 -0.0 0.0 1.291985 -1.928548 -1.498088 14.800115 0.567467 3.865604 14.242553 -1.341738 -6.660648 19.631935 0.143921 -0.648243 49.53149 -0.781282 -6.035512 0.353029 -1.51115 -0.03194 20.222769 3.684305 2.316629 18.787249 1e-06 -1e-06 10.751608 -0.47987 1.397903 0.0 -0.0 0.0 3.273804 0.305947 -0.58011 21.48679 11.830364 2.266131 8.162915 0.0 -0.0 18.399052 -3.798986 -4.940567 3e-06 0.0 -1e-06 6.371708 7.837896 -22.748669 -0.094246 0.213139 1.782654 -5.49413 2.391214 2.859478 1.502711 -2.255917 -4.835125 0.0 -0.0 2e-06 5.157261 -2.349472 20.116287 -0.169005 0.205272 10.987565 -2.772426 2.053715 -19.098181 -1.441977 0.843483 -2.470766 0.0 -0.0 -1e-06 
0.0 0.0 0.0 0.0 -0.0 0.0 -6.174035 93.412941 599.408569 -5.0896 -5.201151 -6.717446 4.601615 0.050293 6.990119 0.178043 2.527834 -2.137701 1.170816 0.180158 7.115669 -1.962489 2.983505 1.264154 -0.687769 -0.339697 -3.33651 1.115115 -2.475937 -12.852551 7.7e-05 -2.2e-05 6e-06 0.004743 0.009453 0.103892 0.614224 -3.754911 -10.537289 -0.620274 3.769699 -10.54823 -15.594801 -1.336126 9.742126 -55.720444 -5.657335 22.644526 -0.103578 -27.075296 0.116058 0.663893 3.481202 -9.309608 -5.882102 9.861279 0.70259 -10.936861 -0.360574 7.156197 0.0 8.774815 -0.0 -16.033304 18.010099 5.813055 -1.844031 2.498503 -2.507276 -10.16359 4.678941 4.621104 -20.975996 -1e-06 1e-06 -21.226254 2.451698 -3.593995 0.0 -6e-06 -0.0 -1.362681 2.240797 -0.746323 -21.334892 0.58491 3.008319 -13.821196 -1e-06 1e-06 -23.887129 -0.249075 -0.839485 -60.305298 2.561372 -0.822757 -0.294025 1.679686 0.833255 -14.218195 0.093215 1.300579 -34.212002 -0.287561 0.967166 -20.033176 0.964536 1.212838 0.0 -0.0 0.0 -3.440387 0.788233 0.501655 -15.928172 -3.167306 2.999703 -6.338817 -0.0 1e-06 -18.123419 3.648181 -4.905662 -4e-06 0.0 -2e-06 11.890708 15.448148 12.405079 48.880878 20.847734 24.626583 0.504338 27.632421 0.323392 -1.360306 -2.079552 -17.953278 2.24354 -5.255033 -3.180156 14.282877 -0.826594 6.952496 -0.0 -12.690593 -1e-06 15.86255 -17.206091 2.680437 1.665665 -1.95592 -2.878297 4.727794 -4.170584 4.993919 11.020511 1e-06 -0.0 12.109032 -3.735715 -2.866778 0.0 -0.0 0.0 1.291985 -1.928548 -1.498088 14.800115 0.567467 3.865604 14.242553 -1.341738 -6.660648 19.631935 0.143921 -0.648243 49.492203 -0.691158 -6.095131 0.353029 -1.51115 -0.03194 20.222769 3.684305 2.316629 18.787249 1e-06 -1e-06 10.751608 -0.47987 1.397903 0.0 -0.0 0.0 3.273804 0.305947 -0.58011 21.48679 11.830364 2.266131 8.162915 0.0 -0.0 18.399052 -3.798986 -4.940567 3e-06 0.0 -1e-06 6.054361 7.658383 -24.070791 -0.083477 0.001936 -1.83532 -7.609251 3.714828 1.327175 1.407583 -2.297705 -4.991199 0.0 -0.0 2e-06 3.121594 -3.186629 23.231899 -0.18762 0.239335 11.38741 -1.473145 4.486305 -18.155752 -1.424322 0.769378 -4.928139 0.0 -0.0 -1e-06 
0.0 0.0 0.0 0.0 -0.0 0.0 -5.363337 92.574272 604.997498 -3.929216 -5.844125 -5.576835 3.484365 0.167608 6.023249 0.095331 2.663351 -2.38396 1.137493 0.194969 6.731582 -1.955024 2.945882 0.658582 -0.553797 0.095332 -3.322541 0.995106 -2.256403 -11.821417 7.7e-05 -2.2e-05 6e-06 -0.00611 -0.024772 0.096575 0.625255 -3.777822 -10.53441 -0.65108 3.727614 -10.547121 -16.45767 -1.371826 9.55772 -55.864212 -5.034227 22.079271 -0.254418 -25.641903 0.132708 0.569492 3.763422 -8.325677 -5.882102 9.861279 0.70259 -10.936861 -0.360574 7.156197 0.0 8.774815 -0.0 -16.202412 18.022205 5.744473 -1.844031 2.498503 -2.507276 -10.16359 4.678941 4.621104 -20.975996 -1e-06 1e-06 -21.226254 2.451698 -3.593995 0.0 -6e-06 -0.0 -1.362681 2.240797 -0.746323 -21.334892 0.58491 3.008319 -13.821196 -1e-06 1e-06 -23.887129 -0.249075 -0.839485 -60.318863 2.565695 -0.954985 -0.294025 1.679686 0.833255 -14.218195 0.093215 1.300579 -34.212002 -0.287561 0.967166 -20.033176 0.964536 1.212838 0.0 -0.0 0.0 -3.440387 0.788233 0.501655 -15.928172 -3.167306 2.999703 -6.338817 -0.0 1e-06 -18.123419 3.648181 -4.905662 -4e-06 0.0 -2e-06 12.563311 15.381477 12.373473 49.143639 20.813814 24.459734 0.270124 27.623186 0.271109 -1.166433 -2.054993 -19.046543 2.24354 -5.255033 -3.180156 14.282877 -0.826594 6.952496 -0.0 -12.690593 -1e-06 15.87817 -16.9505 2.686277 1.665665 -1.95592 -2.878297 4.727794 -4.170584 4.993919 11.020511 1e-06 -0.0 12.109032 -3.735715 -2.866778 0.0 -0.0 0.0 1.291985 -1.928548 -1.498088 14.800115 0.567467 3.865604 14.242553 -1.341738 -6.660648 19.631935 0.143921 -0.648243 49.39426 -0.637601 -6.076847 0.353029 -1.51115 -0.03194 20.222769 3.684305 2.316629 18.787249 1e-06 -1e-06 10.751608 -0.47987 1.397903 0.0 -0.0 0.0 3.273804 0.305947 -0.58011 21.48679 11.830364 2.266131 8.162915 0.0 -0.0 18.399052 -3.798986 -4.940567 3e-06 0.0 -1e-06 4.078085 8.414971 -26.47122 -0.259549 -0.098341 3.338807 -7.812762 2.928887 3.248836 1.624559 -2.261769 -5.747111 0.0 -0.0 2e-06 0.050887 -3.026728 24.284765 -0.102817 0.391408 14.332722 -0.54526 6.411795 -15.900933 -1.433947 0.798592 -9.949282 0.0 -0.0 -1e-06 
0.0 0.0 0.0 0.0 -0.0 0.0 -4.487486 92.325195 610.536316 -1.54906 -6.180387 -4.166776 1.641827 0.350704 4.943198 -0.189723 2.74684 -2.778277 0.496401 0.226726 6.254388 -1.452143 2.793302 -0.292136 -0.531176 0.225931 -3.415707 1.071058 -2.056405 -10.938775 7.7e-05 -2.2e-05 6e-06 0.009452 -0.022073 0.074335 0.661146 -3.774753 -10.536869 -0.655717 3.731467 -10.567392 -17.339331 -1.812851 9.104952 -55.507885 -4.172328 21.898878 -0.24678 -24.174339 0.078797 0.497876 3.757981 -9.026074 -5.882102 9.861279 0.70259 -10.936861 -0.360574 7.156197 0.0 8.774815 -0.0 -16.494987 18.197323 5.739447 -1.844031 2.498503 -2.507276 -10.16359 4.678941 4.621104 -20.975996 -1e-06 1e-06 -21.226254 2.451698 -3.593995 0.0 -6e-06 -0.0 -1.362681 2.240797 -0.746323 -21.334892 0.58491 3.008319 -13.821196 -1e-06 1e-06 -23.887129 -0.249075 -0.839485 -60.255356 2.47448 -0.764589 -0.294025 1.679686 0.833255 -14.218195 0.093215 1.300579 -34.212002 -0.287561 0.967166 -20.033176 0.964536 1.212838 0.0 -0.0 0.0 -3.440387 0.788233 0.501655 -15.928172 -3.167306 2.999703 -6.338817 -0.0 1e-06 -18.123419 3.648181 -4.905662 -4e-06 0.0 -2e-06 14.329168 14.708956 12.145128 49.285992 20.209082 24.17934 0.20361 27.043751 0.24727 -1.584931 -2.467213 -18.831306 2.24354 -5.255033 -3.180156 14.282877 -0.826594 6.952496 -0.0 -12.690593 -1e-06 15.692865 -16.978344 2.854854 1.665665 -1.95592 -2.878297 4.727794 -4.170584 4.993919 11.020511 1e-06 -0.0 12.109032 -3.735715 -2.866778 0.0 -0.0 0.0 1.291985 -1.928548 -1.498088 14.800115 0.567467 3.865604 14.242553 -1.341738 -6.660648 19.631935 0.143921 -0.648243 49.519505 -0.628172 -5.943035 0.353029 -1.51115 -0.03194 20.222769 3.684305 2.316629 18.787249 1e-06 -1e-06 10.751608 -0.47987 1.397903 0.0 -0.0 0.0 3.273804 0.305947 -0.58011 21.48679 11.830364 2.266131 8.162915 0.0 -0.0 18.399052 -3.798986 -4.940567 3e-06 0.0 -1e-06 0.973395 8.450021 -30.630381 -0.279014 -0.079099 12.753875 -5.384464 0.521286 12.008542 1.764292 -2.169644 -4.700649 0.0 -0.0 2e-06 -4.172128 -3.038823 22.738295 -0.155168 0.573659 20.539385 -0.690407 7.58741 -10.87518 -1.455201 0.784071 -19.364382 0.0 -0.0 -1e-06 
0.0 0.0 0.0 0.0 -0.0 0.0 -3.630578 92.436066 616.256348 0.475208 -5.904817 -3.90187 0.78317 0.338692 4.722291 -0.617595 2.886141 -2.920928 -0.760822 0.267916 5.629379 -0.802832 2.411916 -0.593208 -0.657992 -0.215387 -3.363988 1.197989 -1.803185 -11.572376 7.7e-05 -2.2e-05 6e-06 0.018191 0.003472 0.054308 0.702174 -3.747869 -10.518169 -0.679846 3.753501 -10.564916 -15.464724 -2.554526 9.410228 -57.45879 -4.632553 22.047266 -0.553932 -22.455496 0.137596 0.391063 3.921133 -9.816742 -5.882102 9.861279 0.70259 -10.936861 -0.360574 7.156197 0.0 8.774815 -0.0 -16.503664 18.175554 5.702816 -1.844031 2.498503 -2.507276 -10.16359 4.678941 4.621104 -20.975996 -1e-06 1e-06 -21.226254 2.451698 -3.593995 0.0 -6e-06 -0.0 -1.362681 2.240797 -0.746323 -21.334892 0.58491 3.008319 -13.821196 -1e-06 1e-06 -23.887129 -0.249075 -0.839485 -60.198181 2.436385 -0.949476 -0.294025 1.679686 0.833255 -14.218195 0.093215 1.300579 -34.212002 -0.287561 0.967166 -20.033176 0.964536 1.212838 0.0 -0.0 0.0 -3.440387 0.788233 0.501655 -15.928172 -3.167306 2.999703 -6.338817 -0.0 1e-06 -18.123419 3.648181 -4.905662 -4e-06 0.0 -2e-06 13.474283 13.881889 12.239911 53.329773 19.599236 22.433235 0.167711 25.946064 0.269116 -3.460496 -3.019068 -19.663229 2.24354 -5.255033 -3.180156 14.282877 -0.826594 6.952496 -0.0 -12.690593 -1e-06 15.673001 -17.183079 2.808251 1.665665 -1.95592 -2.878297 4.727794 -4.170584 4.993919 11.020511 1e-06 -0.0 12.109032 -3.735715 -2.866778 0.0 -0.0 0.0 1.291985 -1.928548 -1.498088 14.800115 0.567467 3.865604 14.242553 -1.341738 -6.660648 19.631935 0.143921 -0.648243 49.55769 -0.476507 -6.071749 0.353029 -1.51115 -0.03194 20.222769 3.684305 2.316629 18.787249 1e-06 -1e-06 10.751608 -0.47987 1.397903 0.0 -0.0 0.0 3.273804 0.305947 -0.58011 21.48679 11.830364 2.266131 8.162915 0.0 -0.0 18.399052 -3.798986 -4.940567 3e-06 0.0 -1e-06 -1.484637 7.860091 -32.735096 -0.164666 -0.097494 22.523457 -3.587837 -1.269702 11.298127 1.721025 -2.141556 -2.497608 0.0 -0.0 2e-06 -7.265819 -2.950545 19.964369 -0.211386 0.748699 29.86109 -1.825673 6.655937 -0.979971 -1.584297 0.777123 -29.859146 0.0 -0.0 -1e-06 
0.0 0.0 0.0 0.0 -0.0 0.0 -2.764317 93.045845 622.058411 2.234961 -5.491883 -4.357895 0.087065 0.358619 4.848275 -0.862303 2.707752 -2.957906 -1.612048 0.283044 5.309853 -0.768064 2.455199 -0.409182 -0.759262 -0.545447 -3.29441 1.113419 -2.067225 -11.749517 7.7e-05 -2.2e-05 6e-06 0.030353 0.06105 0.077871 0.722074 -3.683303 -10.477741 -0.677691 3.80109 -10.490895 -13.484454 -3.521276 10.020415 -59.441662 -5.377646 22.876104 -0.707125 -21.875826 0.122922 -0.195611 4.269999 -9.921771 -5.882102 9.861279 0.70259 -10.936861 -0.360574 7.156197 0.0 8.774815 -0.0 -16.767996 18.156811 5.512595 -1.844031 2.498503 -2.507276 -10.16359 4.678941 4.621104 -20.975996 -1e-06 1e-06 -21.226254 2.451698 -3.593995 0.0 -6e-06 -0.0 -1.362681 2.240797 -0.746323 -21.334892 0.58491 3.008319 -13.821196 -1e-06 1e-06 -23.887129 -0.249075 -0.839485 -60.259838 2.42042 -1.304849 -0.294025 1.679686 0.833255 -14.218195 0.093215 1.300579 -34.212002 -0.287561 0.967166 -20.033176 0.964536 1.212838 0.0 -0.0 0.0 -3.440387 0.788233 0.501655 -15.928172 -3.167306 2.999703 -6.338817 -0.0 1e-06 -18.123419 3.648181 -4.905662 -4e-06 0.0 -2e-06 11.428384 13.523567 12.329416 57.803364 18.571587 20.964155 0.369963 25.374067 0.321968 -3.81091 -3.435198 -20.304241 2.24354 -5.255033 -3.180156 14.282877 -0.826594 6.952496 -0.0 -12.690593 -1e-06 16.032991 -17.226112 2.649753 1.665665 -1.95592 -2.878297 4.727794 -4.170584 4.993919 11.020511 1e-06 -0.0 12.109032 -3.735715 -2.866778 0.0 -0.0 0.0 1.291985 -1.928548 -1.498088 14.800115 0.567467 3.865604 14.242553 -1.341738 -6.660648 19.631935 0.143921 -0.648243 49.726433 -0.378779 -6.260354 0.353029 -1.51115 -0.03194 20.222769 3.684305 2.316629 18.787249 1e-06 -1e-06 10.751608 -0.47987 1.397903 0.0 -0.0 0.0 3.273804 0.305947 -0.58011 21.48679 11.830364 2.266131 8.162915 0.0 -0.0 18.399052 -3.798986 -4.940567 3e-06 0.0 -1e-06 -3.700832 7.242802 -30.849611 -0.217437 -0.035462 27.247746 -1.044749 -1.466508 7.575108 1.62515 -2.096021 -0.621533 0.0 -0.0 2e-06 -9.544178 -2.380081 15.372155 0.034542 0.747793 40.970917 -2.114233 4.292802 12.610307 -1.51505 0.619097 -30.564901 0.0 -0.0 -1e-06 
0.0 0.0 0.0 0.0 -0.0 0.0 -2.041109 93.89621 627.658875 3.544424 -5.801434 -4.798527 -0.459202 0.227656 5.092931 -0.962838 2.749902 -2.906631 -2.017498 0.091857 5.176702 -1.348286 2.730137 -0.355278 -0.756758 -0.650004 -3.334719 1.054227 -2.042297 -11.792363 7.7e-05 -2.2e-05 6e-06 0.038014 0.097568 0.09087 0.719261 -3.65341 -10.456828 -0.660872 3.84487 -10.454874 -12.812014 -3.908221 10.236279 -59.676537 -6.051399 23.917055 -0.723944 -22.738422 0.120262 -0.839924 4.473574 -10.005038 -5.882102 9.861279 0.70259 -10.936861 -0.360574 7.156197 0.0 8.774815 -0.0 -16.725512 18.00683 5.46369 -1.844031 2.498503 -2.507276 -10.16359 4.678941 4.621104 -20.975996 -1e-06 1e-06 -21.226254 2.451698 -3.593995 0.0 -6e-06 -0.0 -1.362681 2.240797 -0.746323 -21.334892 0.58491 3.008319 -13.821196 -1e-06 1e-06 -23.887129 -0.249075 -0.839485 -60.198448 2.271863 -1.332812 -0.294025 1.679686 0.833255 -14.218195 0.093215 1.300579 -34.212002 -0.287561 0.967166 -20.033176 0.964536 1.212838 0.0 -0.0 0.0 -3.440387 0.788233 0.501655 -15.928172 -3.167306 2.999703 -6.338817 -0.0 1e-06 -18.123419 3.648181 -4.905662 -4e-06 0.0 -2e-06 10.490814 13.409331 12.413758 59.728958 17.575607 22.192339 0.560454 25.663973 0.282769 -2.387664 -3.759444 -19.277599 2.24354 -5.255033 -3.180156 14.282877 -0.826594 6.952496 -0.0 -12.690593 -1e-06 16.272812 -17.231012 2.578725 1.665665 -1.95592 -2.878297 4.727794 -4.170584 4.993919 11.020511 1e-06 -0.0 12.109032 -3.735715 -2.866778 0.0 -0.0 0.0 1.291985 -1.928548 -1.498088 14.800115 0.567467 3.865604 14.242553 -1.341738 -6.660648 19.631935 0.143921 -0.648243 49.484623 -0.528704 -6.329725 0.353029 -1.51115 -0.03194 20.222769 3.684305 2.316629 18.787249 1e-06 -1e-06 10.751608 -0.47987 1.397903 0.0 -0.0 0.0 3.273804 0.305947 -0.58011 21.48679 11.830364 2.266131 8.162915 0.0 -0.0 18.399052 -3.798986 -4.940567 3e-06 0.0 -1e-06 -5.36618 7.190067 -27.838875 -0.093205 0.070759 29.825838 0.463462 -1.038681 2.190544 1.638396 -2.071032 -0.435046 0.0 -0.0 2e-06 -10.782587 -1.468251 8.86898 0.100356 0.559015 52.444683 -2.894231 1.20049 23.395737 -1.262323 0.830946 -10.523236 0.0 -0.0 -1e-06 
0.0 0.0 0.0 0.0 -0.0 0.0 -1.431045 95.1129 632.813904 4.260478 -6.329997 -5.175519 -0.854334 0.204101 5.339753 -1.018293 2.450695 -2.88604 -2.091422 -0.187423 5.188997 -1.86039 3.093205 -0.12356 -0.650476 -0.558865 -3.364657 0.852717 -1.717764 -12.202414 7.7e-05 -2.2e-05 6e-06 0.047738 0.123825 0.104287 0.729017 -3.628386 -10.468264 -0.65126 3.875674 -10.465802 -12.683473 -4.04665 10.329806 -58.917286 -7.006518 24.705385 -0.556735 -23.617752 0.059775 -0.511593 4.260386 -10.39362 -5.882102 9.861279 0.70259 -10.936861 -0.360574 7.156197 0.0 8.774815 -0.0 -16.64345 18.00428 5.522427 -1.844031 2.498503 -2.507276 -10.16359 4.678941 4.621104 -20.975996 -1e-06 1e-06 -21.226254 2.451698 -3.593995 0.0 -6e-06 -0.0 -1.362681 2.240797 -0.746323 -21.334892 0.58491 3.008319 -13.821196 -1e-06 1e-06 -23.887129 -0.249075 -0.839485 -60.094574 2.275569 -1.320946 -0.294025 1.679686 0.833255 -14.218195 0.093215 1.300579 -34.212002 -0.287561 0.967166 -20.033176 0.964536 1.212838 0.0 -0.0 0.0 -3.440387 0.788233 0.501655 -15.928172 -3.167306 2.999703 -6.338817 -0.0 1e-06 -18.123419 3.648181 -4.905662 -4e-06 0.0 -2e-06 10.13974 13.265994 12.476333 60.509758 16.980581 24.831381 0.809979 26.054567 0.212668 -0.876922 -3.913489 -17.163864 2.24354 -5.255033 -3.180156 14.282877 -0.826594 6.952496 -0.0 -12.690593 -1e-06 16.309732 -17.202044 2.539429 1.665665 -1.95592 -2.878297 4.727794 -4.170584 4.993919 11.020511 1e-06 -0.0 12.109032 -3.735715 -2.866778 0.0 -0.0 0.0 1.291985 -1.928548 -1.498088 14.800115 0.567467 3.865604 14.242553 -1.341738 -6.660648 19.631935 0.143921 -0.648243 49.38752 -0.707984 -6.371796 0.353029 -1.51115 -0.03194 20.222769 3.684305 2.316629 18.787249 1e-06 -1e-06 10.751608 -0.47987 1.397903 0.0 -0.0 0.0 3.273804 0.305947 -0.58011 21.48679 11.830364 2.266131 8.162915 0.0 -0.0 18.399052 -3.798986 -4.940567 3e-06 0.0 -1e-06 -6.37607 7.626785 -23.332069 0.007867 0.10221 28.846218 1.043512 -0.334723 -1.195517 1.614765 -2.056816 -0.349125 0.0 -0.0 2e-06 -10.694977 -0.628568 1.961902 0.16061 0.22379 62.026424 -4.038106 0.369292 19.498358 -1.330572 0.912115 -5.955227 0.0 -0.0 -1e-06 
0.0 0.0 0.0 0.0 -0.0 0.0 -0.957337 96.423325 637.736633 4.170343 -6.508225 -5.644674 -0.948166 0.04534 5.613827 -0.961671 1.98316 -2.828813 -1.906218 -0.462626 5.280909 -2.049792 3.325137 0.386136 -0.60732 -0.472533 -3.374616 0.614103 -1.278714 -12.364825 7.7e-05 -2.2e-05 6e-06 0.04984 0.119487 0.102815 0.735372 -3.629244 -10.473407 -0.651671 3.869895 -10.48133 -12.522574 -4.334713 10.582848 -57.970131 -8.282033 24.555811 -0.360312 -24.003185 -0.041187 0.45033 4.071123 -10.058356 -5.882102 9.861279 0.70259 -10.936861 -0.360574 7.156197 0.0 8.774815 -0.0 -16.56197 18.063082 5.649143 -1.844031 2.498503 -2.507276 -10.16359 4.678941 4.621104 -20.975996 -1e-06 1e-06 -21.226254 2.451698 -3.593995 0.0 -6e-06 -0.0 -1.362681 2.240797 -0.746323 -21.334892 0.58491 3.008319 -13.821196 -1e-06 1e-06 -23.887129 -0.249075 -0.839485 -60.13287 2.280421 -1.232375 -0.294025 1.679686 0.833255 -14.218195 0.093215 1.300579 -34.212002 -0.287561 0.967166 -20.033176 0.964536 1.212838 0.0 -0.0 0.0 -3.440387 0.788233 0.501655 -15.928172 -3.167306 2.999703 -6.338817 -0.0 1e-06 -18.123419 3.648181 -4.905662 -4e-06 0.0 -2e-06 9.664941 12.840782 12.369556 61.309235 16.267193 26.921549 1.039442 26.709267 0.172229 -0.146792 -4.052386 -15.005376 2.24354 -5.255033 -3.180156 14.282877 -0.826594 6.952496 -0.0 -12.690593 -1e-06 16.284163 -17.206604 2.526714 1.665665 -1.95592 -2.878297 4.727794 -4.170584 4.993919 11.020511 1e-06 -0.0 12.109032 -3.735715 -2.866778 0.0 -0.0 0.0 1.291985 -1.928548 -1.498088 14.800115 0.567467 3.865604 14.242553 -1.341738 -6.660648 19.631935 0.143921 -0.648243 49.479107 -0.706383 -6.323416 0.353029 -1.51115 -0.03194 20.222769 3.684305 2.316629 18.787249 1e-06 -1e-06 10.751608 -0.47987 1.397903 0.0 -0.0 0.0 3.273804 0.305947 -0.58011 21.48679 11.830364 2.266131 8.162915 0.0 -0.0 18.399052 -3.798986 -4.940567 3e-06 0.0 -1e-06 -6.440193 8.283512 -17.92877 -0.012683 0.074634 26.06958 1.128711 -0.164063 -3.417415 1.602888 -2.069694 -0.318055 0.0 -0.0 2e-06 -9.11262 -0.371285 -4.567186 0.215904 -0.049282 66.859413 -4.824766 0.457082 13.823112 -1.38376 0.91532 -5.426935 0.0 -0.0 -1e-06 
0.0 0.0 0.0 0.0 -0.0 0.0 -0.624052 97.529778 642.735229 3.727522 -6.227669 -6.20173 -0.998645 -0.157711 5.932519 -0.828768 1.43439 -2.713555 -1.559499 -0.84345 5.373534 -1.970361 3.432358 1.083985 -0.562938 -0.437205 -3.393428 0.336431 -0.842539 -12.258572 7.7e-05 -2.2e-05 6e-06 0.046297 0.095852 0.093437 0.730455 -3.647655 -10.477735 -0.651684 3.840859 -10.489841 -12.094142 -4.877182 10.818526 -57.154762 -9.311659 23.865284 -0.13919 -24.646151 -0.163625 1.458302 3.899018 -9.473716 -5.882102 9.861279 0.70259 -10.936861 -0.360574 7.156197 0.0 8.774815 -0.0 -16.414049 18.101593 5.822837 -1.844031 2.498503 -2.507276 -10.16359 4.678941 4.621104 -20.975996 -1e-06 1e-06 -21.226254 2.451698 -3.593995 0.0 -6e-06 -0.0 -1.362681 2.240797 -0.746323 -21.334892 0.58491 3.008319 -13.821196 -1e-06 1e-06 -23.887129 -0.249075 -0.839485 -60.29105 2.289351 -1.091526 -0.294025 1.679686 0.833255 -14.218195 0.093215 1.300579 -34.212002 -0.287561 0.967166 -20.033176 0.964536 1.212838 0.0 -0.0 0.0 -3.440387 0.788233 0.501655 -15.928172 -3.167306 2.999703 -6.338817 -0.0 1e-06 -18.123419 3.648181 -4.905662 -4e-06 0.0 -2e-06 9.036151 12.13753 12.084509 62.024628 15.275537 28.141251 1.224872 27.780544 0.222319 0.246071 -3.953963 -13.445052 2.24354 -5.255033 -3.180156 14.282877 -0.826594 6.952496 -0.0 -12.690593 -1e-06 16.210871 -17.254799 2.519034 1.665665 -1.95592 -2.878297 4.727794 -4.170584 4.993919 11.020511 1e-06 -0.0 12.109032 -3.735715 -2.866778 0.0 -0.0 0.0 1.291985 -1.928548 -1.498088 14.800115 0.567467 3.865604 14.242553 -1.341738 -6.660648 19.631935 0.143921 -0.648243 49.45834 -0.599771 -6.318699 0.353029 -1.51115 -0.03194 20.222769 3.684305 2.316629 18.787249 1e-06 -1e-06 10.751608 -0.47987 1.397903 0.0 -0.0 0.0 3.273804 0.305947 -0.58011 21.48679 11.830364 2.266131 8.162915 0.0 -0.0 18.399052 -3.798986 -4.940567 3e-06 0.0 -1e-06 -5.997179 8.957969 -12.177031 -0.07359 -0.019564 22.849686 0.935027 -0.456146 -5.212008 1.605965 -2.060376 -0.467147 0.0 -0.0 2e-06 -7.066857 -0.505631 -9.971036 0.234984 -0.215512 67.084526 -5.207942 0.97246 9.160726 -1.427039 0.904801 -5.458347 0.0 -0.0 -1e-06 
0.0 0.0 0.0 0.0 -0.0 0.0 -0.376531 98.261406 647.969666 3.3955 -5.633841 -6.722039 -1.237844 -0.305263 6.218511 -0.72592 0.836662 -2.577474 -1.222233 -1.317488 5.466631 -1.673116 3.400519 1.750763 -0.476141 -0.226285 -3.456573 0.06477 -0.57618 -11.888154 7.7e-05 -2.2e-05 6e-06 0.041574 0.073375 0.081649 0.714947 -3.665914 -10.478491 -0.64384 3.813061 -10.491248 -11.684149 -5.655709 10.871483 -56.08477 -9.906077 23.056568 -0.019147 -25.738823 -0.262485 2.457034 3.695436 -9.182115 -5.882102 9.861279 0.70259 -10.936861 -0.360574 7.156197 0.0 8.774815 -0.0 -16.184505 18.100937 5.996149 -1.844031 2.498503 -2.507276 -10.16359 4.678941 4.621104 -20.975996 -1e-06 1e-06 -21.226254 2.451698 -3.593995 0.0 -6e-06 -0.0 -1.362681 2.240797 -0.746323 -21.334892 0.58491 3.008319 -13.821196 -1e-06 1e-06 -23.887129 -0.249075 -0.839485 -60.502197 2.349506 -1.005119 -0.294025 1.679686 0.833255 -14.218195 0.093215 1.300579 -34.212002 -0.287561 0.967166 -20.033176 0.964536 1.212838 0.0 -0.0 0.0 -3.440387 0.788233 0.501655 -15.928172 -3.167306 2.999703 -6.338817 -0.0 1e-06 -18.123419 3.648181 -4.905662 -4e-06 0.0 -2e-06 8.859125 11.265764 11.813789 62.099316 14.143395 29.243393 1.104246 29.119347 0.231693 0.701926 -3.774884 -12.572846 2.24354 -5.255033 -3.180156 14.282877 -0.826594 6.952496 -0.0 -12.690593 -1e-06 16.064524 -17.311123 2.54273 1.665665 -1.95592 -2.878297 4.727794 -4.170584 4.993919 11.020511 1e-06 -0.0 12.109032 -3.735715 -2.866778 0.0 -0.0 0.0 1.291985 -1.928548 -1.498088 14.800115 0.567467 3.865604 14.242553 -1.341738 -6.660648 19.631935 0.143921 -0.648243 49.366154 -0.516526 -6.352559 0.353029 -1.51115 -0.03194 20.222769 3.684305 2.316629 18.787249 1e-06 -1e-06 10.751608 -0.47987 1.397903 0.0 -0.0 0.0 3.273804 0.305947 -0.58011 21.48679 11.830364 2.266131 8.162915 0.0 -0.0 18.399052 -3.798986 -4.940567 3e-06 0.0 -1e-06 -5.540776 9.438061 -6.315548 -0.094283 -0.08826 19.543346 0.677811 -0.925754 -7.003167 1.623702 -2.00999 -0.654433 0.0 -0.0 2e-06 -5.42414 -0.655619 -14.537938 0.195059 -0.3045 64.004539 -5.233303 0.98765 5.2492 -1.482764 0.921279 -5.470366 0.0 -0.0 -1e-06 
0.0 0.0 0.0 0.0 -0.0 0.0 -0.177344 98.575638 652.684875 3.611479 -5.075187 -7.148652 -1.851329 -0.253693 6.406632 -0.700814 0.265596 -2.44845 -1.118711 -1.823299 5.56695 -1.336299 3.143636 2.248696 -0.314426 0.398456 -3.552778 -0.12918 -0.550772 -11.596972 7.7e-05 -2.2e-05 6e-06 0.032148 0.04095 0.086232 0.693012 -3.685702 -10.457955 -0.639685 3.765763 -10.467855 -11.517212 -6.613782 10.706581 -54.692162 -10.006889 22.142029 0.001656 -26.919853 -0.309593 3.33659 3.533529 -9.14179 -5.882102 9.861279 0.70259 -10.936861 -0.360574 7.156197 0.0 8.774815 -0.0 -15.892792 18.090977 6.124309 -1.844031 2.498503 -2.507276 -10.16359 4.678941 4.621104 -20.975996 -1e-06 1e-06 -21.226254 2.451698 -3.593995 0.0 -6e-06 -0.0 -1.362681 2.240797 -0.746323 -21.334892 0.58491 3.008319 -13.821196 -1e-06 1e-06 -23.887129 -0.249075 -0.839485 -60.690556 2.35685 -0.96847 -0.294025 1.679686 0.833255 -14.218195 0.093215 1.300579 -34.212002 -0.287561 0.967166 -20.033176 0.964536 1.212838 0.0 -0.0 0.0 -3.440387 0.788233 0.501655 -15.928172 -3.167306 2.999703 -6.338817 -0.0 1e-06 -18.123419 3.648181 -4.905662 -4e-06 0.0 -2e-06 9.350383 10.505262 11.629785 61.552837 12.928957 30.520124 0.575759 30.200399 0.092165 1.051266 -3.710387 -12.470379 2.24354 -5.255033 -3.180156 14.282877 -0.826594 6.952496 -0.0 -12.690593 -1e-06 15.795749 -17.406706 2.658691 1.665665 -1.95592 -2.878297 4.727794 -4.170584 4.993919 11.020511 1e-06 -0.0 12.109032 -3.735715 -2.866778 0.0 -0.0 0.0 1.291985 -1.928548 -1.498088 14.800115 0.567467 3.865604 14.242553 -1.341738 -6.660648 19.631935 0.143921 -0.648243 49.465767 -0.453118 -6.265387 0.353029 -1.51115 -0.03194 20.222769 3.684305 2.316629 18.787249 1e-06 -1e-06 10.751608 -0.47987 1.397903 0.0 -0.0 0.0 3.273804 0.305947 -0.58011 21.48679 11.830364 2.266131 8.162915 0.0 -0.0 18.399052 -3.798986 -4.940567 3e-06 0.0 -1e-06 -5.611061 9.681252 -0.744172 -0.070545 -0.052756 15.699614 0.678368 -1.153847 -8.259901 1.657643 -1.95979 -0.685866 0.0 -0.0 2e-06 -4.727484 -0.637102 -18.626329 0.165529 -0.17175 57.77541 -4.461222 0.825822 2.628407 -1.495241 0.976785 -5.11552 0.0 -0.0 -1e-06 
