HIERARCHY
ROOT Root
{
  OFFSET 0.0 0.0 0.0
  CHANNELS 6 Xposition Yposition Zposition Zrotation Yrotation Xrotation
  JOINT Hips
  {
    OFFSET 0.0 100.0 0.0
    CHANNELS 6 Xposition Yposition Zposition Zrotation Yrotation Xrotation
    JOINT Spine1
    {
      OFFSET -0.013727 5.003763 -0.053727
      CHANNELS 3 Zrotation Yrotation Xrotation
      JOINT Spine2
      {
        OFFSET -0.0 7.125301 -0.029825
        CHANNELS 3 Zrotation Yrotation Xrotation
        JOINT Chest
        {
          OFFSET -1e-06 7.550063 -0.815971
          CHANNELS 3 Zrotation Yrotation Xrotation
          JOINT Neck1
          {
            OFFSET -0.181677 26.311295 -0.553348
            CHANNELS 3 Zrotation Yrotation Xrotation
            JOINT Neck2
            {
              OFFSET -3e-06 7.709397 2.302585
              CHANNELS 3 Zrotation Yrotation Xrotation
              JOINT Head
              {
                OFFSET -5e-06 6.128916 1.953709
                CHANNELS 3 Zrotation Yrotation Xrotation
                JOINT HeadEnd
                {
                  OFFSET 0.003598 16.065403 -1.835379
                  CHANNELS 3 Zrotation Yrotation Xrotation
                }
                JOINT Jaw
                {
                  OFFSET 0.002637 0.475592 3.094941
                  CHANNELS 3 Zrotation Yrotation Xrotation
                }
                JOINT LeftEye
                {
                  OFFSET 3.206381 5.380205 7.586883
                  CHANNELS 3 Zrotation Yrotation Xrotation
                }
                JOINT RightEye
                {
                  OFFSET -3.22244 5.361869 7.558234
                  CHANNELS 3 Zrotation Yrotation Xrotation
                }
              }
            }
          }
          JOINT LeftShoulder
          {
            OFFSET 1.621652 23.237164 5.113413
            CHANNELS 3 Zrotation Yrotation Xrotation
            JOINT LeftArm
            {
              OFFSET 14.919846 2e-06 -5.502326
              CHANNELS 3 Zrotation Yrotation Xrotation
              JOINT LeftForeArm
              {
                OFFSET 28.739307 0.0 -0.002588
                CHANNELS 3 Zrotation Yrotation Xrotation
                JOINT LeftHand
                {
                  OFFSET 27.093981 -1e-06 0.002609
                  CHANNELS 3 Zrotation Yrotation Xrotation
                  JOINT LeftHandThumb1
                  {
                    OFFSET 2.276482 -1.392045 3.191413
                    CHANNELS 3 Zrotation Yrotation Xrotation
                    JOINT LeftHandThumb2
                    {
                      OFFSET 4.012836 -1.828127 1.641654
                      CHANNELS 3 Zrotation Yrotation Xrotation
                      JOINT LeftHandThumb3
                      {
                        OFFSET 2.798515 0.0 -3e-06
                        CHANNELS 3 Zrotation Yrotation Xrotation
                        JOINT LeftHandThumbEnd
                        {
                          OFFSET 3.180793 -4e-06 4e-06
                          CHANNELS 3 Zrotation Yrotation Xrotation
                        }
                      }
                    }
                  }
                  JOINT LeftHandIndex1
                  {
                    OFFSET 3.247555 -0.531998 2.296169
                    CHANNELS 3 Zrotation Yrotation Xrotation
                    JOINT LeftHandIndex2
                    {
                      OFFSET 6.364578 0.01206 0.1786
                      CHANNELS 3 Zrotation Yrotation Xrotation
                      JOINT LeftHandIndex3
                      {
                        OFFSET 3.662364 0.0 0.0
                        CHANNELS 3 Zrotation Yrotation Xrotation
                        JOINT LeftHandIndex4
                        {
                          OFFSET 2.329242 4e-06 4e-06
                          CHANNELS 3 Zrotation Yrotation Xrotation
                          JOINT LeftHandIndexEnd
                          {
                            OFFSET 2.759615 -0.180537 -0.113024
                            CHANNELS 3 Zrotation Yrotation Xrotation
                          }
                        }
                      }
                    }
                  }
                  JOINT LeftHandMiddle1
                  {
                    OFFSET 3.163495 0.240981 1.000332
                    CHANNELS 3 Zrotation Yrotation Xrotation
                    JOINT LeftHandMiddle2
                    {
                      OFFSET 6.19078 -0.259278 -1.002548
                      CHANNELS 3 Zrotation Yrotation Xrotation
                      JOINT LeftHandMiddle3
                      {
                        OFFSET 4.35652 -4e-06 -1e-06
                        CHANNELS 3 Zrotation Yrotation Xrotation
                        JOINT LeftHandMiddle4
                        {
                          OFFSET 2.996877 -8e-06 0.0
                          CHANNELS 3 Zrotation Yrotation Xrotation
                          JOINT LeftHandMiddleEnd
                          {
                            OFFSET 2.304287 -0.294569 -0.031741
                            CHANNELS 3 Zrotation Yrotation Xrotation
                          }
                        }
                      }
                    }
                  }
                  JOINT LeftHandRing1
                  {
                    OFFSET 2.882643 -0.053652 -0.322543
                    CHANNELS 3 Zrotation Yrotation Xrotation
                    JOINT LeftHandRing2
                    {
                      OFFSET 5.854541 -0.486202 -1.373841
                      CHANNELS 3 Zrotation Yrotation Xrotation
                      JOINT LeftHandRing3
                      {
                        OFFSET 4.350578 0.0 3e-06
                        CHANNELS 3 Zrotation Yrotation Xrotation
                        JOINT LeftHandRing4
                        {
                          OFFSET 2.651321 7e-06 2e-06
                          CHANNELS 3 Zrotation Yrotation Xrotation
                          JOINT LeftHandRingEnd
                          {
                            OFFSET 1.936105 0.077687 -7.1e-05
                            CHANNELS 3 Zrotation Yrotation Xrotation
                          }
                        }
                      }
                    }
                  }
                  JOINT LeftHandPinky1
                  {
                    OFFSET 2.8655 -0.310005 -1.600378
                    CHANNELS 3 Zrotation Yrotation Xrotation
                    JOINT LeftHandPinky2
                    {
                      OFFSET 5.087849 -1.331141 -1.77123
                      CHANNELS 3 Zrotation Yrotation Xrotation
                      JOINT LeftHandPinky3
                      {
                        OFFSET 3.070974 4e-06 0.0
                        CHANNELS 3 Zrotation Yrotation Xrotation
                        JOINT LeftHandPinky4
                        {
                          OFFSET 1.549672 0.0 1e-06
                          CHANNELS 3 Zrotation Yrotation Xrotation
                          JOINT LeftHandPinkyEnd
                          {
                            OFFSET 1.944893 -0.157802 0.057219
                            CHANNELS 3 Zrotation Yrotation Xrotation
                          }
                        }
                      }
                    }
                  }
                }
              }
            }
          }
          JOINT RightShoulder
          {
            OFFSET -1.380118 23.180309 5.214158
            CHANNELS 3 Zrotation Yrotation Xrotation
            JOINT RightArm
            {
              OFFSET -15.037196 1.2e-05 -5.545604
              CHANNELS 3 Zrotation Yrotation Xrotation
              JOINT RightForeArm
              {
                OFFSET -28.736639 2e-06 -0.002597
                CHANNELS 3 Zrotation Yrotation Xrotation
                JOINT RightHand
                {
                  OFFSET -27.133619 -0.0 0.002613
                  CHANNELS 3 Zrotation Yrotation Xrotation
                  JOINT RightHandThumb1
                  {
                    OFFSET -2.274032 -1.383988 3.163127
                    CHANNELS 3 Zrotation Yrotation Xrotation
                    JOINT RightHandThumb2
                    {
                      OFFSET -4.011429 -1.827466 1.640914
                      CHANNELS 3 Zrotation Yrotation Xrotation
                      JOINT RightHandThumb3
                      {
                        OFFSET -2.794935 -4e-06 -3e-06
                        CHANNELS 3 Zrotation Yrotation Xrotation
                        JOINT RightHandThumbEnd
                        {
                          OFFSET -3.183852 4e-06 1e-06
                          CHANNELS 3 Zrotation Yrotation Xrotation
                        }
                      }
                    }
                  }
                  JOINT RightHandIndex1
                  {
                    OFFSET -3.253266 -0.520057 2.282866
                    CHANNELS 3 Zrotation Yrotation Xrotation
                    JOINT RightHandIndex2
                    {
                      OFFSET -6.341917 0.012471 0.178266
                      CHANNELS 3 Zrotation Yrotation Xrotation
                      JOINT RightHandIndex3
                      {
                        OFFSET -3.654871 -8e-06 -0.0
                        CHANNELS 3 Zrotation Yrotation Xrotation
                        JOINT RightHandIndex4
                        {
                          OFFSET -2.327586 0.0 1e-06
                          CHANNELS 3 Zrotation Yrotation Xrotation
                          JOINT RightHandIndexEnd
                          {
                            OFFSET -2.76179 -0.180656 -0.113078
                            CHANNELS 3 Zrotation Yrotation Xrotation
                          }
                        }
                      }
                    }
                  }
                  JOINT RightHandMiddle1
                  {
                    OFFSET -3.168106 0.246593 1.00103
                    CHANNELS 3 Zrotation Yrotation Xrotation
                    JOINT RightHandMiddle2
                    {
                      OFFSET -6.180828 -0.258836 -1.000895
                      CHANNELS 3 Zrotation Yrotation Xrotation
                      JOINT RightHandMiddle3
                      {
                        OFFSET -4.348901 0.0 -0.0
                        CHANNELS 3 Zrotation Yrotation Xrotation
                        JOINT RightHandMiddle4
                        {
                          OFFSET -3.00024 -4e-06 -2e-06
                          CHANNELS 3 Zrotation Yrotation Xrotation
                          JOINT RightHandMiddleEnd
                          {
                            OFFSET -2.30252 -0.29437 -0.031706
                            CHANNELS 3 Zrotation Yrotation Xrotation
                          }
                        }
                      }
                    }
                  }
                  JOINT RightHandRing1
                  {
                    OFFSET -2.88569 -0.067952 -0.308858
                    CHANNELS 3 Zrotation Yrotation Xrotation
                    JOINT RightHandRing2
                    {
                      OFFSET -5.854198 -0.48613 -1.373731
                      CHANNELS 3 Zrotation Yrotation Xrotation
                      JOINT RightHandRing3
                      {
                        OFFSET -4.33881 -4e-06 -0.0
                        CHANNELS 3 Zrotation Yrotation Xrotation
                        JOINT RightHandRing4
                        {
                          OFFSET -2.654903 -4e-06 4e-06
                          CHANNELS 3 Zrotation Yrotation Xrotation
                          JOINT RightHandRingEnd
                          {
                            OFFSET -1.933568 0.077527 -5.2e-05
                            CHANNELS 3 Zrotation Yrotation Xrotation
                          }
                        }
                      }
                    }
                  }
                  JOINT RightHandPinky1
                  {
                    OFFSET -2.866425 -0.342796 -1.584145
                    CHANNELS 3 Zrotation Yrotation Xrotation
                    JOINT RightHandPinky2
                    {
                      OFFSET -5.091371 -1.332055 -1.772385
                      CHANNELS 3 Zrotation Yrotation Xrotation
                      JOINT RightHandPinky3
                      {
                        OFFSET -3.062664 -4e-06 1e-06
                        CHANNELS 3 Zrotation Yrotation Xrotation
                        JOINT RightHandPinky4
                        {
                          OFFSET -1.546529 4e-06 -2e-06
                          CHANNELS 3 Zrotation Yrotation Xrotation
                          JOINT RightHandPinkyEnd
                          {
                            OFFSET -1.945119 -0.157718 0.057211
                            CHANNELS 3 Zrotation Yrotation Xrotation
                          }
                        }
                      }
                    }
                  }
                }
              }
            }
          }
        }
      }
    }
    JOINT LeftLeg
    {
      OFFSET 10.043214 -8.434526 2.595655
      CHANNELS 3 Zrotation Yrotation Xrotation
      JOINT LeftShin
      {
        OFFSET -1e-06 -43.221752 -0.802913
        CHANNELS 3 Zrotation Yrotation Xrotation
        JOINT LeftFoot
        {
          OFFSET 1e-06 -42.155094 -3.481523
          CHANNELS 3 Zrotation Yrotation Xrotation
          JOINT LeftToeBase
          {
            OFFSET 0.0 -5.059472 13.231529
            CHANNELS 3 Zrotation Yrotation Xrotation
            JOINT LeftToeEnd
            {
              OFFSET -0.009607 -1.647619 6.513017
              CHANNELS 3 Zrotation Yrotation Xrotation
            }
          }
        }
      }
    }
    JOINT RightLeg
    {
      OFFSET -10.047278 -8.29526 2.620317
      CHANNELS 3 Zrotation Yrotation Xrotation
      JOINT RightShin
      {
        OFFSET 1e-06 -43.362206 -0.805556
        CHANNELS 3 Zrotation Yrotation Xrotation
        JOINT RightFoot
        {
          OFFSET 2e-06 -42.117393 -3.478398
          CHANNELS 3 Zrotation Yrotation Xrotation
          JOINT RightToeBase
          {
            OFFSET -0.0 -5.079609 13.284196
            CHANNELS 3 Zrotation Yrotation Xrotation
            JOINT RightToeEnd
            {
              OFFSET 0.009532 -1.634378 6.460591
              CHANNELS 3 Zrotation Yrotation Xrotation
            }
          }
        }
      }
    }
  }
}
MOTION
Frames: 120
Frame Time: 0.03333333333333333
0.0 0.0 0.0 0.0 -0.0 0.0 3.462249 98.432693 -5.970266 0.382426 0.122842 -4.854394 -2.730347 0.040689 2.985974 -0.834254 -1.621861 -3.687528 -0.173178 -3.646685 11.257792 5.53626 0.088108 7.513945 -0.823875 -0.187299 -3.511964 1.043776 -0.055125 -17.234026 7.7e-05 -2.2e-05 6e-06 0.001966 -0.065263 0.124729 0.603181 -3.820501 -10.57721 -0.601032 3.697463 -10.584386 -11.820389 -10.279353 12.239693 -53.13612 -19.670282 5.205633 0.307358 -35.236107 0.213182 0.380853 4.386215 -8.064221 -5.882102 9.861279 0.70259 -10.936861 -0.360574 7.156197 0.0 8.774815 -0.0 -15.908467 18.621635 6.413841 -1.844031 2.498503 -2.507276 -10.16359 4.678941 4.621104 -20.975996 -1e-06 1e-06 -21.226254 2.451698 -3.593995 0.0 -6e-06 -0.0 -1.362681 2.240797 -0.746323 -21.334892 0.58491 3.008319 -13.821196 -1e-06 1e-06 -23.887129 -0.249075 -0.839485 -60.599159 2.679678 -1.366103 -0.294025 1.679686 0.833255 -14.218195 0.093215 1.300579 -34.212002 -0.287561 0.967166 -20.033176 0.964536 1.212838 0.0 -0.0 0.0 -3.440387 0.788233 0.501655 -15.928172 -3.167306 2.999703 -6.338817 -0.0 1e-06 -18.123419 3.648181 -4.905662 -4e-06 0.0 -2e-06 12.055649 6.702326 13.278106 69.367363 3.804371 -1.199786 -0.159503 26.319353 -0.15228 1.208374 2.564178 -4.885629 2.24354 -5.255033 -3.180156 14.282877 -0.826594 6.952496 -0.0 -12.690593 -1e-06 16.045618 -17.7897 2.912319 1.665665 -1.95592 -2.878297 4.727794 -4.170584 4.993919 11.020511 1e-06 -0.0 12.109032 -3.735715 -2.866778 0.0 -0.0 0.0 1.291985 -1.928548 -1.498088 14.800115 0.567467 3.865604 14.242553 -1.341738 -6.660648 19.631935 0.143921 -0.648243 50.000134 -0.572424 -6.221674 0.353029 -1.51115 -0.03194 20.222769 3.684305 2.316629 18.787249 1e-06 -1e-06 10.751608 -0.47987 1.397903 0.0 -0.0 0.0 3.273804 0.305947 -0.58011 21.48679 11.830364 2.266131 8.162915 0.0 -0.0 18.399052 -3.798986 -4.940567 3e-06 0.0 -1e-06 -3.854546 3.058438 14.233522 0.04492 0.314355 2.560372 3.479356 3.628554 -10.181945 1.658958 -1.92045 -1.088282 0.0 -0.0 2e-06 -2.078784 -3.357648 -22.585928 0.192671 0.057711 13.787882 1.768216 -2.196765 13.036821 -1.3791 1.130221 -4.106163 0.0 -0.0 -1e-06 
0.0 0.0 0.0 0.0 -0.0 0.0 2.936934 97.461601 -1.606516 0.504155 1.081921 -4.812431 -2.826561 0.059624 2.898065 -0.837467 -1.773769 -3.753142 -0.398878 -3.839388 11.376152 6.197195 -0.190865 7.561418 -0.855165 -0.529607 -3.545294 0.886278 -0.410723 -17.175095 7.7e-05 -2.2e-05 6e-06 0.012066 0.015735 0.081837 0.637624 -3.739531 -10.645805 -0.615368 3.780862 -10.661074 -11.4788 -10.767013 12.282357 -52.84663 -21.296932 4.372259 0.472093 -36.420647 0.159945 0.928556 4.124544 -8.585142 -5.882102 9.861279 0.70259 -10.936861 -0.360574 7.156197 0.0 8.774815 -0.0 -15.942969 18.545176 6.39045 -1.844031 2.498503 -2.507276 -10.16359 4.678941 4.621104 -20.975996 -1e-06 1e-06 -21.226254 2.451698 -3.593995 0.0 -6e-06 -0.0 -1.362681 2.240797 -0.746323 -21.334892 0.58491 3.008319 -13.821196 -1e-06 1e-06 -23.887129 -0.249075 -0.839485 -60.442051 2.631312 -1.48438 -0.294025 1.679686 0.833255 -14.218195 0.093215 1.300579 -34.212002 -0.287561 0.967166 -20.033176 0.964536 1.212838 0.0 -0.0 0.0 -3.440387 0.788233 0.501655 -15.928172 -3.167306 2.999703 -6.338817 -0.0 1e-06 -18.123419 3.648181 -4.905662 -4e-06 0.0 -2e-06 12.444469 6.180507 13.194931 69.418724 2.785523 -1.023296 -0.190613 24.826994 -0.129216 1.345167 2.834525 -5.194421 2.24354 -5.255033 -3.180156 14.282877 -0.826594 6.952496 -0.0 -12.690593 -1e-06 16.061285 -17.775738 2.86968 1.665665 -1.95592 -2.878297 4.727794 -4.170584 4.993919 11.020511 1e-06 -0.0 12.109032 -3.735715 -2.866778 0.0 -0.0 0.0 1.291985 -1.928548 -1.498088 14.800115 0.567467 3.865604 14.242553 -1.341738 -6.660648 19.631935 0.143921 -0.648243 50.297577 -0.612569 -6.177902 0.353029 -1.51115 -0.03194 20.222769 3.684305 2.316629 18.787249 1e-06 -1e-06 10.751608 -0.47987 1.397903 0.0 -0.0 0.0 3.273804 0.305947 -0.58011 21.48679 11.830364 2.266131 8.162915 0.0 -0.0 18.399052 -3.798986 -4.940567 3e-06 0.0 -1e-06 -3.435678 3.06462 17.41997 0.020209 0.193921 2.258759 3.078165 3.660411 -12.261968 1.677021 -1.968513 -1.080929 0.0 -0.0 2e-06 -2.322126 -3.891 -22.870529 0.292254 -0.1043 1.559976 3.020739 -1.959178 13.489776 -1.323062 1.105755 -4.18895 0.0 -0.0 -1e-06 
0.0 0.0 0.0 0.0 -0.0 0.0 2.43901 96.302208 2.994301 0.518518 1.729598 -4.238013 -2.820402 0.064403 2.489674 -0.840983 -1.901547 -3.909744 -0.569072 -3.864694 11.574796 6.854596 -0.378479 7.025842 -0.926413 -0.670133 -3.616554 0.682528 -0.9187 -16.70853 7.7e-05 -2.2e-05 6e-06 0.020871 -0.002543 0.048239 0.636513 -3.750614 -10.641236 -0.596747 3.75551 -10.654648 -12.046342 -10.939098 11.984925 -52.102074 -21.998203 3.622975 0.335141 -37.917568 0.25339 1.32844 4.13285 -8.22428 -5.882102 9.861279 0.70259 -10.936861 -0.360574 7.156197 0.0 8.774815 -0.0 -15.983363 18.536306 6.303828 -1.844031 2.498503 -2.507276 -10.16359 4.678941 4.621104 -20.975996 -1e-06 1e-06 -21.226254 2.451698 -3.593995 0.0 -6e-06 -0.0 -1.362681 2.240797 -0.746323 -21.334892 0.58491 3.008319 -13.821196 -1e-06 1e-06 -23.887129 -0.249075 -0.839485 -60.499329 2.631464 -1.488885 -0.294025 1.679686 0.833255 -14.218195 0.093215 1.300579 -34.212002 -0.287561 0.967166 -20.033176 0.964536 1.212838 0.0 -0.0 0.0 -3.440387 0.788233 0.501655 -15.928172 -3.167306 2.999703 -6.338817 -0.0 1e-06 -18.123419 3.648181 -4.905662 -4e-06 0.0 -2e-06 14.02427 6.004055 13.354394 68.289009 2.102793 -1.107385 -0.268111 23.210447 -0.188544 1.710438 2.887671 -5.757708 2.24354 -5.255033 -3.180156 14.282877 -0.826594 6.952496 -0.0 -12.690593 -1e-06 15.974792 -17.783314 2.84279 1.665665 -1.95592 -2.878297 4.727794 -4.170584 4.993919 11.020511 1e-06 -0.0 12.109032 -3.735715 -2.866778 0.0 -0.0 0.0 1.291985 -1.928548 -1.498088 14.800115 0.567467 3.865604 14.242553 -1.341738 -6.660648 19.631935 0.143921 -0.648243 49.971516 -0.673786 -6.388852 0.353029 -1.51115 -0.03194 20.222769 3.684305 2.316629 18.787249 1e-06 -1e-06 10.751608 -0.47987 1.397903 0.0 -0.0 0.0 3.273804 0.305947 -0.58011 21.48679 11.830364 2.266131 8.162915 0.0 -0.0 18.399052 -3.798986 -4.940567 3e-06 0.0 -1e-06 -2.614164 3.377402 20.182083 -0.046964 0.179751 1.852652 2.642906 2.706806 -14.310032 1.749493 -1.860186 -1.106943 0.0 -0.0 2e-06 -2.266928 -4.123283 -25.247618 0.157197 -0.0886 -3.985128 4.593541 -2.877755 11.428514 -1.312617 1.092121 -3.996358 0.0 -0.0 -1e-06 
0.0 0.0 0.0 0.0 -0.0 0.0 1.831025 95.168251 7.683019 0.299833 2.146237 -3.753418 -2.714401 -0.003623 2.126729 -0.85505 -2.108566 -4.052835 -0.443658 -3.754393 11.795581 7.302547 -0.367396 6.283711 -1.004468 -0.680919 -3.583745 0.436523 -1.122447 -16.668493 7.7e-05 -2.2e-05 6e-06 0.024279 -0.029777 0.060049 0.627899 -3.773726 -10.608012 -0.58086 3.723041 -10.59865 -12.527482 -10.87824 11.996871 -52.183094 -22.182665 2.384514 -0.278129 -39.148811 0.382896 2.076423 4.012735 -7.081165 -5.882102 9.861279 0.70259 -10.936861 -0.360574 7.156197 0.0 8.774815 -0.0 -16.057402 18.479401 6.263773 -1.844031 2.498503 -2.507276 -10.16359 4.678941 4.621104 -20.975996 -1e-06 1e-06 -21.226254 2.451698 -3.593995 0.0 -6e-06 -0.0 -1.362681 2.240797 -0.746323 -21.334892 0.58491 3.008319 -13.821196 -1e-06 1e-06 -23.887129 -0.249075 -0.839485 -60.782696 2.704439 -1.319283 -0.294025 1.679686 0.833255 -14.218195 0.093215 1.300579 -34.212002 -0.287561 0.967166 -20.033176 0.964536 1.212838 0.0 -0.0 0.0 -3.440387 0.788233 0.501655 -15.928172 -3.167306 2.999703 -6.338817 -0.0 1e-06 -18.123419 3.648181 -4.905662 -4e-06 0.0 -2e-06 15.301001 5.984894 13.538887 67.437866 1.953495 -1.165 -0.441333 21.398008 -0.245929 2.230316 2.623402 -6.266944 2.24354 -5.255033 -3.180156 14.282877 -0.826594 6.952496 -0.0 -12.690593 -1e-06 16.075478 -17.817089 2.701037 1.665665 -1.95592 -2.878297 4.727794 -4.170584 4.993919 11.020511 1e-06 -0.0 12.109032 -3.735715 -2.866778 0.0 -0.0 0.0 1.291985 -1.928548 -1.498088 14.800115 0.567467 3.865604 14.242553 -1.341738 -6.660648 19.631935 0.143921 -0.648243 49.723404 -0.399626 -6.539486 0.353029 -1.51115 -0.03194 20.222769 3.684305 2.316629 18.787249 1e-06 -1e-06 10.751608 -0.47987 1.397903 0.0 -0.0 0.0 3.273804 0.305947 -0.58011 21.48679 11.830364 2.266131 8.162915 0.0 -0.0 18.399052 -3.798986 -4.940567 3e-06 0.0 -1e-06 -1.458732 3.747924 22.636616 -0.06774 0.076476 2.28061 1.985954 1.850224 -15.567876 1.780777 -1.805411 -1.636885 0.0 -0.0 2e-06 -1.712785 -4.479631 -27.438602 0.081075 0.016606 -3.555366 5.144622 -3.716784 8.778327 -1.339225 1.072308 -4.072367 0.0 -0.0 -1e-06 
0.0 0.0 0.0 0.0 -0.0 0.0 1.112924 94.182358 12.509817 -0.320962 2.319659 -3.274479 -2.462701 -0.004599 1.695009 -0.788503 -2.372101 -4.202376 0.002345 -3.708909 11.819108 7.379847 -0.288187 5.47849 -1.07747 -0.629324 -3.536294 0.360285 -1.183082 -16.669004 7.7e-05 -2.2e-05 6e-06 0.015054 -0.031966 0.085445 0.621025 -3.777872 -10.55093 -0.591763 3.720071 -10.528738 -12.690462 -10.671791 12.325754 -53.317051 -21.67601 1.942127 -0.533495 -39.746696 0.406557 2.89647 3.702139 -6.10582 -5.882102 9.861279 0.70259 -10.936861 -0.360574 7.156197 0.0 8.774815 -0.0 -16.157064 18.38365 6.252701 -1.844031 2.498503 -2.507276 -10.16359 4.678941 4.621104 -20.975996 -1e-06 1e-06 -21.226254 2.451698 -3.593995 0.0 -6e-06 -0.0 -1.362681 2.240797 -0.746323 -21.334892 0.58491 3.008319 -13.821196 -1e-06 1e-06 -23.887129 -0.249075 -0.839485 -60.964603 2.65296 -1.203449 -0.294025 1.679686 0.833255 -14.218195 0.093215 1.300579 -34.212002 -0.287561 0.967166 -20.033176 0.964536 1.212838 0.0 -0.0 0.0 -3.440387 0.788233 0.501655 -15.928172 -3.167306 2.999703 -6.338817 -0.0 1e-06 -18.123419 3.648181 -4.905662 -4e-06 0.0 -2e-06 15.972759 6.033971 13.703159 67.050438 2.087858 -0.921253 -0.650064 19.582571 -0.229659 2.8218 2.223897 -6.710056 2.24354 -5.255033 -3.180156 14.282877 -0.826594 6.952496 -0.0 -12.690593 -1e-06 16.111919 -17.820974 2.652389 1.665665 -1.95592 -2.878297 4.727794 -4.170584 4.993919 11.020511 1e-06 -0.0 12.109032 -3.735715 -2.866778 0.0 -0.0 0.0 1.291985 -1.928548 -1.498088 14.800115 0.567467 3.865604 14.242553 -1.341738 -6.660648 19.631935 0.143921 -0.648243 49.71497 -0.23699 -6.426633 0.353029 -1.51115 -0.03194 20.222769 3.684305 2.316629 18.787249 1e-06 -1e-06 10.751608 -0.47987 1.397903 0.0 -0.0 0.0 3.273804 0.305947 -0.58011 21.48679 11.830364 2.266131 8.162915 0.0 -0.0 18.399052 -3.798986 -4.940567 3e-06 0.0 -1e-06 0.185808 4.156653 24.175766 0.006856 -0.191695 4.688284 1.308428 1.073267 -15.734402 1.809323 -1.824526 -3.198548 0.0 -0.0 2e-06 -0.900248 -3.982798 -28.267712 0.151789 0.060362 0.149917 4.132636 -3.387172 7.551048 -1.364728 1.123889 -4.387455 0.0 -0.0 -1e-06 
0.0 0.0 0.0 0.0 -0.0 0.0 0.303942 93.651436 17.464424 -2.109328 2.216666 -2.296248 -1.435064 -0.035966 0.811422 -0.680317 -2.385686 -4.526082 0.891312 -3.864216 11.786142 7.122355 -0.081718 4.632705 -1.025671 -0.607669 -3.530077 0.286852 -1.105574 -16.273073 7.7e-05 -2.2e-05 6e-06 -0.001718 -0.039644 0.078818 0.597879 -3.782691 -10.493089 -0.598446 3.70981 -10.485447 -14.135538 -10.142866 12.574268 -53.581242 -20.058672 2.761715 -0.349062 -39.800327 0.256363 3.133617 3.477914 -5.892668 -5.882102 9.861279 0.70259 -10.936861 -0.360574 7.156197 0.0 8.774815 -0.0 -16.14986 18.340441 6.226047 -1.844031 2.498503 -2.507276 -10.16359 4.678941 4.621104 -20.975996 -1e-06 1e-06 -21.226254 2.451698 -3.593995 0.0 -6e-06 -0.0 -1.362681 2.240797 -0.746323 -21.334892 0.58491 3.008319 -13.821196 -1e-06 1e-06 -23.887129 -0.249075 -0.839485 -60.797939 2.554225 -1.1272 -0.294025 1.679686 0.833255 -14.218195 0.093215 1.300579 -34.212002 -0.287561 0.967166 -20.033176 0.964536 1.212838 0.0 -0.0 0.0 -3.440387 0.788233 0.501655 -15.928172 -3.167306 2.999703 -6.338817 -0.0 1e-06 -18.123419 3.648181 -4.905662 -4e-06 0.0 -2e-06 17.262447 5.969182 13.579907 65.901344 2.021936 -0.9276 -0.74457 18.295187 -0.147903 3.415314 1.832145 -6.428873 2.24354 -5.255033 -3.180156 14.282877 -0.826594 6.952496 -0.0 -12.690593 -1e-06 16.062359 -17.795757 2.65017 1.665665 -1.95592 -2.878297 4.727794 -4.170584 4.993919 11.020511 1e-06 -0.0 12.109032 -3.735715 -2.866778 0.0 -0.0 0.0 1.291985 -1.928548 -1.498088 14.800115 0.567467 3.865604 14.242553 -1.341738 -6.660648 19.631935 0.143921 -0.648243 49.829472 -0.197935 -6.344441 0.353029 -1.51115 -0.03194 20.222769 3.684305 2.316629 18.787249 1e-06 -1e-06 10.751608 -0.47987 1.397903 0.0 -0.0 0.0 3.273804 0.305947 -0.58011 21.48679 11.830364 2.266131 8.162915 0.0 -0.0 18.399052 -3.798986 -4.940567 3e-06 0.0 -1e-06 3.659572 5.274309 24.019131 0.110503 -0.559683 9.539732 0.685651 -0.520516 -14.830523 1.891327 -1.823013 -6.553558 0.0 -0.0 2e-06 1.00387 -1.770339 -29.748875 0.167677 0.059506 6.401342 1.194111 -2.313892 9.783227 -1.400754 1.158692 -4.701768 0.0 -0.0 -1e-06 
0.0 0.0 0.0 0.0 -0.0 0.0 -0.614048 93.490669 22.726229 -3.96547 1.979098 -1.355509 -0.564835 -0.058231 -0.075742 -0.505405 -2.53024 -4.862475 1.957062 -3.994086 11.701552 6.823084 0.091948 3.634936 -1.049627 0.068598 -3.571617 0.1761 -1.071968 -15.940016 7.7e-05 -2.2e-05 6e-06 -0.006407 -0.033587 0.047645 0.61221 -3.785321 -10.508621 -0.619752 3.723792 -10.506793 -16.223446 -9.44814 12.68598 -53.428612 -17.542376 4.000792 -0.05898 -38.759102 0.086769 2.814259 3.156108 -6.064529 -5.882102 9.861279 0.70259 -10.936861 -0.360574 7.156197 0.0 8.774815 -0.0 -16.328615 18.21854 6.063604 -1.844031 2.498503 -2.507276 -10.16359 4.678941 4.621104 -20.975996 -1e-06 1e-06 -21.226254 2.451698 -3.593995 0.0 -6e-06 -0.0 -1.362681 2.240797 -0.746323 -21.334892 0.58491 3.008319 -13.821196 -1e-06 1e-06 -23.887129 -0.249075 -0.839485 -60.636684 2.370291 -1.012243 -0.294025 1.679686 0.833255 -14.218195 0.093215 1.300579 -34.212002 -0.287561 0.967166 -20.033176 0.964536 1.212838 0.0 -0.0 0.0 -3.440387 0.788233 0.501655 -15.928172 -3.167306 2.999703 -6.338817 -0.0 1e-06 -18.123419 3.648181 -4.905662 -4e-06 0.0 -2e-06 18.709715 6.067495 13.501334 64.497475 1.935105 -0.917034 -0.926601 17.667538 -0.189107 3.704125 1.568361 -5.571014 2.24354 -5.255033 -3.180156 14.282877 -0.826594 6.952496 -0.0 -12.690593 -1e-06 16.148207 -17.677401 2.55999 1.665665 -1.95592 -2.878297 4.727794 -4.170584 4.993919 11.020511 1e-06 -0.0 12.109032 -3.735715 -2.866778 0.0 -0.0 0.0 1.291985 -1.928548 -1.498088 14.800115 0.567467 3.865604 14.242553 -1.341738 -6.660648 19.631935 0.143921 -0.648243 49.957321 -0.199107 -6.313246 0.353029 -1.51115 -0.03194 20.222769 3.684305 2.316629 18.787249 1e-06 -1e-06 10.751608 -0.47987 1.397903 0.0 -0.0 0.0 3.273804 0.305947 -0.58011 21.48679 11.830364 2.266131 8.162915 0.0 -0.0 18.399052 -3.798986 -4.940567 3e-06 0.0 -1e-06 7.326902 6.254405 22.700768 0.109952 -0.802219 16.176495 -0.136174 -2.186203 -10.632174 1.988021 -1.768244 -12.722747 0.0 -0.0 2e-06 3.012796 0.916174 -31.683847 0.139699 0.084177 13.549649 -0.778317 -2.663785 13.350111 -1.415047 1.187524 -3.746477 0.0 -0.0 -1e-06 
0.0 0.0 0.0 0.0 -0.0 0.0 -1.457493 93.809433 28.331387 -5.039429 1.545743 -1.024598 -0.169276 -0.102648 -0.482382 -0.342671 -2.79104 -5.031557 2.735888 -3.86126 11.427938 6.463008 0.260064 2.912107 -1.092904 0.53043 -3.612026 0.19179 -0.626818 -16.108961 7.7e-05 -2.2e-05 6e-06 -0.011015 -0.025397 0.028959 0.631739 -3.777359 -10.53919 -0.647925 3.729999 -10.510818 -17.189754 -8.930131 12.994419 -54.698227 -15.190121 5.3296 0.525432 -35.165745 -0.189243 1.834902 2.87833 -7.316692 -5.882102 9.861279 0.70259 -10.936861 -0.360574 7.156197 0.0 8.774815 -0.0 -16.516754 17.962847 5.88288 -1.844031 2.498503 -2.507276 -10.16359 4.678941 4.621104 -20.975996 -1e-06 1e-06 -21.226254 2.451698 -3.593995 0.0 -6e-06 -0.0 -1.362681 2.240797 -0.746323 -21.334892 0.58491 3.008319 -13.821196 -1e-06 1e-06 -23.887129 -0.249075 -0.839485 -60.668385 2.208198 -0.961189 -0.294025 1.679686 0.833255 -14.218195 0.093215 1.300579 -34.212002 -0.287561 0.967166 -20.033176 0.964536 1.212838 0.0 -0.0 0.0 -3.440387 0.788233 0.501655 -15.928172 -3.167306 2.999703 -6.338817 -0.0 1e-06 -18.123419 3.648181 -4.905662 -4e-06 0.0 -2e-06 18.831135 6.309416 13.745499 64.292641 2.368784 -0.568028 -1.073636 17.398041 -0.203966 3.624442 1.177744 -5.139287 2.24354 -5.255033 -3.180156 14.282877 -0.826594 6.952496 -0.0 -12.690593 -1e-06 16.224892 -17.658298 2.52233 1.665665 -1.95592 -2.878297 4.727794 -4.170584 4.993919 11.020511 1e-06 -0.0 12.109032 -3.735715 -2.866778 0.0 -0.0 0.0 1.291985 -1.928548 -1.498088 14.800115 0.567467 3.865604 14.242553 -1.341738 -6.660648 19.631935 0.143921 -0.648243 49.897923 -0.20996 -6.312135 0.353029 -1.51115 -0.03194 20.222769 3.684305 2.316629 18.787249 1e-06 -1e-06 10.751608 -0.47987 1.397903 0.0 -0.0 0.0 3.273804 0.305947 -0.58011 21.48679 11.830364 2.266131 8.162915 0.0 -0.0 18.399052 -3.798986 -4.940567 3e-06 0.0 -1e-06 9.658809 6.785788 20.165487 0.045975 -1.013081 25.174793 -0.699286 -2.852211 -2.467151 2.091931 -1.614746 -20.488125 0.0 -0.0 2e-06 4.634843 2.651049 -31.847908 0.04189 0.132258 19.705664 -0.685363 -3.369303 13.28967 -1.392983 1.119272 -2.29912 0.0 -0.0 -1e-06 
0.0 0.0 0.0 0.0 -0.0 0.0 -2.184927 94.562805 33.908257 -5.553433 1.10486 -1.184506 0.049458 0.05487 -0.372535 -0.183981 -2.818788 -4.938743 3.028496 -3.807538 10.966484 6.132163 0.513877 2.39131 -1.047483 0.48779 -3.568243 0.266328 -0.315964 -16.29557 7.7e-05 -2.2e-05 6e-06 0.008713 0.019305 0.033123 0.675343 -3.705915 -10.490701 -0.652975 3.749382 -10.460871 -17.114372 -8.851812 13.706032 -56.722565 -14.157593 5.915144 0.548163 -28.418478 -0.148619 -0.554005 3.714119 -7.809456 -5.882102 9.861279 0.70259 -10.936861 -0.360574 7.156197 0.0 8.774815 -0.0 -16.753973 17.825449 5.579317 -1.844031 2.498503 -2.507276 -10.16359 4.678941 4.621104 -20.975996 -1e-06 1e-06 -21.226254 2.451698 -3.593995 0.0 -6e-06 -0.0 -1.362681 2.240797 -0.746323 -21.334892 0.58491 3.008319 -13.821196 -1e-06 1e-06 -23.887129 -0.249075 -0.839485 -60.769657 2.03893 -0.998018 -0.294025 1.679686 0.833255 -14.218195 0.093215 1.300579 -34.212002 -0.287561 0.967166 -20.033176 0.964536 1.212838 0.0 -0.0 0.0 -3.440387 0.788233 0.501655 -15.928172 -3.167306 2.999703 -6.338817 -0.0 1e-06 -18.123419 3.648181 -4.905662 -4e-06 0.0 -2e-06 17.818867 6.666327 13.885242 65.000832 3.187347 0.514993 -0.984568 17.631409 -0.131807 3.604967 0.930763 -4.986388 2.24354 -5.255033 -3.180156 14.282877 -0.826594 6.952496 -0.0 -12.690593 -1e-06 16.340504 -17.785372 2.537704 1.665665 -1.95592 -2.878297 4.727794 -4.170584 4.993919 11.020511 1e-06 -0.0 12.109032 -3.735715 -2.866778 0.0 -0.0 0.0 1.291985 -1.928548 -1.498088 14.800115 0.567467 3.865604 14.242553 -1.341738 -6.660648 19.631935 0.143921 -0.648243 50.0989 -0.376553 -6.170133 0.353029 -1.51115 -0.03194 20.222769 3.684305 2.316629 18.787249 1e-06 -1e-06 10.751608 -0.47987 1.397903 0.0 -0.0 0.0 3.273804 0.305947 -0.58011 21.48679 11.830364 2.266131 8.162915 0.0 -0.0 18.399052 -3.798986 -4.940567 3e-06 0.0 -1e-06 10.754827 6.703958 15.5335 -0.047834 -1.097159 36.827663 -1.258969 -2.279652 8.518065 2.135728 -1.595957 -20.310101 0.0 -0.0 2e-06 5.984889 3.111034 -30.07822 0.069595 -0.040421 24.219524 -1.046507 -3.109404 9.094896 -1.393458 1.073927 -1.050532 0.0 -0.0 -1e-06 
0.0 0.0 0.0 0.0 -0.0 0.0 -2.772263 95.407944 38.988895 -5.897787 1.34734 -1.514334 0.253096 0.124422 0.033945 -0.118126 -2.536396 -4.794121 3.140202 -3.913692 10.732265 5.876839 0.574113 1.87142 -0.962912 0.429728 -3.570869 0.357935 -0.220448 -16.425213 7.7e-05 -2.2e-05 6e-06 0.009576 0.009344 0.000577 0.670756 -3.709257 -10.481615 -0.647778 3.726491 -10.434147 -17.315853 -9.03798 14.243118 -57.502968 -14.338096 7.652907 0.69435 -20.539387 -0.160521 -4.897258 6.879092 -5.105645 -5.882102 9.861279 0.70259 -10.936861 -0.360574 7.156197 0.0 8.774815 -0.0 -17.371414 17.614553 5.349624 -1.844031 2.498503 -2.507276 -10.16359 4.678941 4.621104 -20.975996 -1e-06 1e-06 -21.226254 2.451698 -3.593995 0.0 -6e-06 -0.0 -1.362681 2.240797 -0.746323 -21.334892 0.58491 3.008319 -13.821196 -1e-06 1e-06 -23.887129 -0.249075 -0.839485 -61.197369 2.056731 -0.873823 -0.294025 1.679686 0.833255 -14.218195 0.093215 1.300579 -34.212002 -0.287561 0.967166 -20.033176 0.964536 1.212838 0.0 -0.0 0.0 -3.440387 0.788233 0.501655 -15.928172 -3.167306 2.999703 -6.338817 -0.0 1e-06 -18.123419 3.648181 -4.905662 -4e-06 0.0 -2e-06 17.194828 7.010288 13.927799 64.880325 4.191623 2.257005 -0.599471 18.815207 -0.028442 3.894839 0.819262 -5.13307 2.24354 -5.255033 -3.180156 14.282877 -0.826594 6.952496 -0.0 -12.690593 -1e-06 16.27989 -17.717306 2.575197 1.665665 -1.95592 -2.878297 4.727794 -4.170584 4.993919 11.020511 1e-06 -0.0 12.109032 -3.735715 -2.866778 0.0 -0.0 0.0 1.291985 -1.928548 -1.498088 14.800115 0.567467 3.865604 14.242553 -1.341738 -6.660648 19.631935 0.143921 -0.648243 50.102467 -0.346971 -6.081359 0.353029 -1.51115 -0.03194 20.222769 3.684305 2.316629 18.787249 1e-06 -1e-06 10.751608 -0.47987 1.397903 0.0 -0.0 0.0 3.273804 0.305947 -0.58011 21.48679 11.830364 2.266131 8.162915 0.0 -0.0 18.399052 -3.798986 -4.940567 3e-06 0.0 -1e-06 11.098104 5.774798 9.242429 -0.041444 -1.041538 48.40493 -1.646143 0.297473 18.105814 1.921948 -1.825092 -8.519142 0.0 -0.0 2e-06 7.09838 2.526616 -26.709749 0.067228 -0.060339 25.373863 -1.572178 -3.186538 4.150919 -1.413102 1.002252 -0.519023 0.0 -0.0 -1e-06 
0.0 0.0 0.0 0.0 -0.0 0.0 -3.25051 96.381393 43.624763 -6.170245 1.810291 -1.72198 0.527257 0.167351 0.375499 -0.063971 -2.155561 -4.656828 3.071038 -3.906901 10.736367 5.721106 0.491891 1.471869 -0.945951 0.476546 -3.580771 0.560993 -0.617011 -16.686209 7.7e-05 -2.2e-05 6e-06 -0.000146 -0.004836 -0.021059 0.67305 -3.727317 -10.51887 -0.669639 3.712613 -10.45688 -17.927223 -8.903381 14.72046 -57.22084 -14.856083 10.089693 0.793706 -14.464847 -0.092018 -9.599439 11.577822 -0.808586 -5.882102 9.861279 0.70259 -10.936861 -0.360574 7.156197 0.0 8.774815 -0.0 -17.387102 17.476379 5.380466 -1.844031 2.498503 -2.507276 -10.16359 4.678941 4.621104 -20.975996 -1e-06 1e-06 -21.226254 2.451698 -3.593995 0.0 -6e-06 -0.0 -1.362681 2.240797 -0.746323 -21.334892 0.58491 3.008319 -13.821196 -1e-06 1e-06 -23.887129 -0.249075 -0.839485 -60.822472 2.167931 -0.834807 -0.294025 1.679686 0.833255 -14.218195 0.093215 1.300579 -34.212002 -0.287561 0.967166 -20.033176 0.964536 1.212838 0.0 -0.0 0.0 -3.440387 0.788233 0.501655 -15.928172 -3.167306 2.999703 -6.338817 -0.0 1e-06 -18.123419 3.648181 -4.905662 -4e-06 0.0 -2e-06 16.902891 7.292468 13.800785 64.031395 5.427792 3.781194 -0.153057 20.621269 0.040862 4.255862 0.922575 -4.37377 2.24354 -5.255033 -3.180156 14.282877 -0.826594 6.952496 -0.0 -12.690593 -1e-06 16.314791 -17.653837 2.532897 1.665665 -1.95592 -2.878297 4.727794 -4.170584 4.993919 11.020511 1e-06 -0.0 12.109032 -3.735715 -2.866778 0.0 -0.0 0.0 1.291985 -1.928548 -1.498088 14.800115 0.567467 3.865604 14.242553 -1.341738 -6.660648 19.631935 0.143921 -0.648243 50.091358 -0.361614 -6.118733 0.353029 -1.51115 -0.03194 20.222769 3.684305 2.316629 18.787249 1e-06 -1e-06 10.751608 -0.47987 1.397903 0.0 -0.0 0.0 3.273804 0.305947 -0.58011 21.48679 11.830364 2.266131 8.162915 0.0 -0.0 18.399052 -3.798986 -4.940567 3e-06 0.0 -1e-06 10.864099 4.668413 2.302409 -0.067292 -0.82305 58.22287 -1.280087 1.948941 19.531229 1.880923 -1.944123 -4.048107 0.0 -0.0 2e-06 8.000534 1.603773 -22.605644 0.009425 -0.070897 24.145664 -1.823784 -3.363811 0.988542 -1.420563 0.979574 -0.077452 0.0 -0.0 -1e-06 
0.0 0.0 0.0 0.0 -0.0 0.0 -3.636 97.501831 48.051495 -6.017119 1.856362 -1.993546 0.726044 0.271745 0.644517 -0.111919 -1.722105 -4.490791 2.760914 -3.569916 10.882049 5.606225 0.466775 1.533865 -0.969343 0.321194 -3.534233 0.716338 -0.93965 -16.841543 7.7e-05 -2.2e-05 6e-06 -0.003638 -0.016023 -0.010366 0.662838 -3.746684 -10.528627 -0.666751 3.709136 -10.474014 -18.188011 -8.259694 14.851999 -57.10574 -13.817464 9.920528 0.721253 -12.999714 -0.051274 -10.610429 13.038688 0.895218 -5.882102 9.861279 0.70259 -10.936861 -0.360574 7.156197 0.0 8.774815 -0.0 -17.130548 17.565323 5.595145 -1.844031 2.498503 -2.507276 -10.16359 4.678941 4.621104 -20.975996 -1e-06 1e-06 -21.226254 2.451698 -3.593995 0.0 -6e-06 -0.0 -1.362681 2.240797 -0.746323 -21.334892 0.58491 3.008319 -13.821196 -1e-06 1e-06 -23.887129 -0.249075 -0.839485 -60.49155 2.300764 -0.92367 -0.294025 1.679686 0.833255 -14.218195 0.093215 1.300579 -34.212002 -0.287561 0.967166 -20.033176 0.964536 1.212838 0.0 -0.0 0.0 -3.440387 0.788233 0.501655 -15.928172 -3.167306 2.999703 -6.338817 -0.0 1e-06 -18.123419 3.648181 -4.905662 -4e-06 0.0 -2e-06 16.534885 7.641767 13.735677 63.150372 7.072613 4.777403 0.093061 22.501881 0.113315 4.090022 1.380416 -3.642425 2.24354 -5.255033 -3.180156 14.282877 -0.826594 6.952496 -0.0 -12.690593 -1e-06 16.359657 -17.669764 2.554918 1.665665 -1.95592 -2.878297 4.727794 -4.170584 4.993919 11.020511 1e-06 -0.0 12.109032 -3.735715 -2.866778 0.0 -0.0 0.0 1.291985 -1.928548 -1.498088 14.800115 0.567467 3.865604 14.242553 -1.341738 -6.660648 19.631935 0.143921 -0.648243 50.090446 -0.428642 -6.222596 0.353029 -1.51115 -0.03194 20.222769 3.684305 2.316629 18.787249 1e-06 -1e-06 10.751608 -0.47987 1.397903 0.0 -0.0 0.0 3.273804 0.305947 -0.58011 21.48679 11.830364 2.266131 8.162915 0.0 -0.0 18.399052 -3.798986 -4.940567 3e-06 0.0 -1e-06 9.924881 4.105116 -4.537201 -0.127803 -0.448154 64.883842 -0.712386 2.086646 15.747948 1.820204 -1.91807 -3.615242 0.0 -0.0 2e-06 8.3238 1.016581 -17.680035 -0.016036 -0.074479 21.074465 -1.995801 -3.334491 -0.660878 -1.425203 1.02294 0.162909 0.0 -0.0 -1e-06 
0.0 0.0 0.0 0.0 -0.0 0.0 -3.902064 98.576653 52.355663 -5.487237 1.586356 -2.46897 0.855315 0.442912 0.983782 -0.199452 -1.190773 -4.318924 2.217946 -2.998493 10.98875 5.423238 0.543104 2.192192 -0.993277 0.049556 -3.521444 0.873979 -1.214104 -16.611677 7.7e-05 -2.2e-05 6e-06 -0.005422 -0.035562 0.011182 0.635623 -3.767884 -10.526072 -0.644105 3.69203 -10.489076 -17.979475 -7.270154 14.723226 -57.193581 -11.597432 8.273056 0.727416 -15.278361 -0.093206 -9.409221 11.640288 0.512697 -5.882102 9.861279 0.70259 -10.936861 -0.360574 7.156197 0.0 8.774815 -0.0 -17.177284 17.78133 5.631881 -1.844031 2.498503 -2.507276 -10.16359 4.678941 4.621104 -20.975996 -1e-06 1e-06 -21.226254 2.451698 -3.593995 0.0 -6e-06 -0.0 -1.362681 2.240797 -0.746323 -21.334892 0.58491 3.008319 -13.821196 -1e-06 1e-06 -23.887129 -0.249075 -0.839485 -60.705513 2.361491 -1.102814 -0.294025 1.679686 0.833255 -14.218195 0.093215 1.300579 -34.212002 -0.287561 0.967166 -20.033176 0.964536 1.212838 0.0 -0.0 0.0 -3.440387 0.788233 0.501655 -15.928172 -3.167306 2.999703 -6.338817 -0.0 1e-06 -18.123419 3.648181 -4.905662 -4e-06 0.0 -2e-06 15.784921 8.13434 13.695743 62.628998 8.71415 5.057966 0.204137 24.285217 0.143441 3.471988 1.947188 -3.781841 2.24354 -5.255033 -3.180156 14.282877 -0.826594 6.952496 -0.0 -12.690593 -1e-06 16.317198 -17.695444 2.625381 1.665665 -1.95592 -2.878297 4.727794 -4.170584 4.993919 11.020511 1e-06 -0.0 12.109032 -3.735715 -2.866778 0.0 -0.0 0.0 1.291985 -1.928548 -1.498088 14.800115 0.567467 3.865604 14.242553 -1.341738 -6.660648 19.631935 0.143921 -0.648243 50.010658 -0.532044 -6.329705 0.353029 -1.51115 -0.03194 20.222769 3.684305 2.316629 18.787249 1e-06 -1e-06 10.751608 -0.47987 1.397903 0.0 -0.0 0.0 3.273804 0.305947 -0.58011 21.48679 11.830364 2.266131 8.162915 0.0 -0.0 18.399052 -3.798986 -4.940567 3e-06 0.0 -1e-06 8.464006 4.148275 -10.573039 -0.127919 -0.163351 67.676544 -0.119891 2.193759 11.966883 1.76533 -1.88738 -3.761471 0.0 -0.0 2e-06 8.099748 0.539929 -12.037193 -0.002782 -0.080495 16.768759 -2.048045 -2.944564 -1.3764 -1.427834 1.07712 0.250448 0.0 -0.0 -1e-06 
0.0 0.0 0.0 0.0 -0.0 0.0 -4.06257 99.396721 56.696667 -4.683758 0.970025 -3.068727 0.931725 0.662121 1.406529 -0.270018 -0.510835 -4.103509 1.575547 -2.285163 10.968341 4.936764 0.717439 3.135891 -0.988773 -0.285353 -3.55515 1.028213 -1.482056 -16.100241 7.7e-05 -2.2e-05 6e-06 -0.003141 -0.044217 0.026732 0.614915 -3.77725 -10.544676 -0.620853 3.685246 -10.526769 -17.727495 -6.081588 14.450208 -57.221657 -8.712376 6.815437 0.718126 -19.70668 -0.140746 -7.630382 8.483634 -1.215386 -5.882102 9.861279 0.70259 -10.936861 -0.360574 7.156197 0.0 8.774815 -0.0 -17.15988 17.962406 5.628719 -1.844031 2.498503 -2.507276 -10.16359 4.678941 4.621104 -20.975996 -1e-06 1e-06 -21.226254 2.451698 -3.593995 0.0 -6e-06 -0.0 -1.362681 2.240797 -0.746323 -21.334892 0.58491 3.008319 -13.821196 -1e-06 1e-06 -23.887129 -0.249075 -0.839485 -61.08588 2.398747 -1.279356 -0.294025 1.679686 0.833255 -14.218195 0.093215 1.300579 -34.212002 -0.287561 0.967166 -20.033176 0.964536 1.212838 0.0 -0.0 0.0 -3.440387 0.788233 0.501655 -15.928172 -3.167306 2.999703 -6.338817 -0.0 1e-06 -18.123419 3.648181 -4.905662 -4e-06 0.0 -2e-06 14.58505 8.892713 13.655392 62.40052 10.277177 4.806027 0.299411 25.75392 0.150157 2.801001 2.497841 -4.506994 2.24354 -5.255033 -3.180156 14.282877 -0.826594 6.952496 -0.0 -12.690593 -1e-06 16.215588 -17.668459 2.711041 1.665665 -1.95592 -2.878297 4.727794 -4.170584 4.993919 11.020511 1e-06 -0.0 12.109032 -3.735715 -2.866778 0.0 -0.0 0.0 1.291985 -1.928548 -1.498088 14.800115 0.567467 3.865604 14.242553 -1.341738 -6.660648 19.631935 0.143921 -0.648243 49.864414 -0.60788 -6.344257 0.353029 -1.51115 -0.03194 20.222769 3.684305 2.316629 18.787249 1e-06 -1e-06 10.751608 -0.47987 1.397903 0.0 -0.0 0.0 3.273804 0.305947 -0.58011 21.48679 11.830364 2.266131 8.162915 0.0 -0.0 18.399052 -3.798986 -4.940567 3e-06 0.0 -1e-06 6.668169 4.771358 -15.530359 -0.087558 0.044386 66.729469 0.223114 2.160173 9.143483 1.745987 -1.865792 -3.909485 0.0 -0.0 2e-06 7.452973 0.181399 -6.085527 0.014155 -0.079473 12.078344 -2.011749 -2.286832 -1.832662 -1.429133 1.075728 0.173655 0.0 -0.0 -1e-06 
0.0 0.0 0.0 0.0 -0.0 0.0 -4.121221 99.827347 61.077869 -3.798421 -0.012769 -3.580199 0.999691 0.867773 1.808412 -0.283032 0.277004 -3.90671 0.98758 -1.519551 10.911333 4.024084 1.057023 4.016189 -0.942495 -0.538878 -3.620044 1.142002 -1.75536 -15.559663 7.7e-05 -2.2e-05 6e-06 -0.002934 -0.055098 0.036562 0.604291 -3.787531 -10.559905 -0.612379 3.674763 -10.55267 -17.741173 -4.770184 14.103519 -57.070488 -6.051932 5.84686 0.725967 -24.286015 -0.165557 -6.216309 5.812189 -2.864447 -5.882102 9.861279 0.70259 -10.936861 -0.360574 7.156197 0.0 8.774815 -0.0 -16.920843 18.036932 5.706281 -1.844031 2.498503 -2.507276 -10.16359 4.678941 4.621104 -20.975996 -1e-06 1e-06 -21.226254 2.451698 -3.593995 0.0 -6e-06 -0.0 -1.362681 2.240797 -0.746323 -21.334892 0.58491 3.008319 -13.821196 -1e-06 1e-06 -23.887129 -0.249075 -0.839485 -61.180141 2.424533 -1.337428 -0.294025 1.679686 0.833255 -14.218195 0.093215 1.300579 -34.212002 -0.287561 0.967166 -20.033176 0.964536 1.212838 0.0 -0.0 0.0 -3.440387 0.788233 0.501655 -15.928172 -3.167306 2.999703 -6.338817 -0.0 1e-06 -18.123419 3.648181 -4.905662 -4e-06 0.0 -2e-06 13.105134 9.939717 13.569587 62.075798 11.812494 4.753698 0.431415 26.938744 0.16021 2.431268 2.90517 -5.319722 2.24354 -5.255033 -3.180156 14.282877 -0.826594 6.952496 -0.0 -12.690593 -1e-06 16.093925 -17.602129 2.799007 1.665665 -1.95592 -2.878297 4.727794 -4.170584 4.993919 11.020511 1e-06 -0.0 12.109032 -3.735715 -2.866778 0.0 -0.0 0.0 1.291985 -1.928548 -1.498088 14.800115 0.567467 3.865604 14.242553 -1.341738 -6.660648 19.631935 0.143921 -0.648243 49.742508 -0.644191 -6.252657 0.353029 -1.51115 -0.03194 20.222769 3.684305 2.316629 18.787249 1e-06 -1e-06 10.751608 -0.47987 1.397903 0.0 -0.0 0.0 3.273804 0.305947 -0.58011 21.48679 11.830364 2.266131 8.162915 0.0 -0.0 18.399052 -3.798986 -4.940567 3e-06 0.0 -1e-06 4.768584 5.648944 -19.467478 -0.006393 0.217987 62.148186 0.18018 2.082122 6.747885 1.759335 -1.854674 -3.944128 0.0 -0.0 2e-06 6.572505 0.030652 -0.59485 0.015929 -0.067625 8.081516 -1.963197 -1.615199 -2.579616 -1.433369 1.030231 0.028357 0.0 -0.0 -1e-06 
0.0 0.0 0.0 0.0 -0.0 0.0 -4.094788 99.865303 65.390289 -3.070508 -1.208988 -3.915295 1.15032 0.977103 2.12451 -0.233933 1.084898 -3.788965 0.574358 -0.806388 10.955249 2.770168 1.508267 4.627954 -0.856663 -0.609633 -3.688248 1.136727 -1.970589 -15.285207 7.7e-05 -2.2e-05 6e-06 0.000188 -0.051747 0.03564 0.59849 -3.785445 -10.563365 -0.60286 3.679633 -10.566669 -18.130297 -3.489628 13.742828 -56.869732 -4.101258 4.797223 0.824498 -27.621765 -0.1899 -5.147999 4.358028 -4.069238 -5.882102 9.861279 0.70259 -10.936861 -0.360574 7.156197 0.0 8.774815 -0.0 -16.64242 18.034773 5.818244 -1.844031 2.498503 -2.507276 -10.16359 4.678941 4.621104 -20.975996 -1e-06 1e-06 -21.226254 2.451698 -3.593995 0.0 -6e-06 -0.0 -1.362681 2.240797 -0.746323 -21.334892 0.58491 3.008319 -13.821196 -1e-06 1e-06 -23.887129 -0.249075 -0.839485 -61.049877 2.409864 -1.251947 -0.294025 1.679686 0.833255 -14.218195 0.093215 1.300579 -34.212002 -0.287561 0.967166 -20.033176 0.964536 1.212838 0.0 -0.0 0.0 -3.440387 0.788233 0.501655 -15.928172 -3.167306 2.999703 -6.338817 -0.0 1e-06 -18.123419 3.648181 -4.905662 -4e-06 0.0 -2e-06 11.639871 11.148998 13.484388 61.389706 13.422152 5.076535 0.550686 27.903875 0.171613 2.349956 3.187198 -5.926828 2.24354 -5.255033 -3.180156 14.282877 -0.826594 6.952496 -0.0 -12.690593 -1e-06 15.954419 -17.543863 2.855621 1.665665 -1.95592 -2.878297 4.727794 -4.170584 4.993919 11.020511 1e-06 -0.0 12.109032 -3.735715 -2.866778 0.0 -0.0 0.0 1.291985 -1.928548 -1.498088 14.800115 0.567467 3.865604 14.242553 -1.341738 -6.660648 19.631935 0.143921 -0.648243 49.665752 -0.66166 -6.130867 0.353029 -1.51115 -0.03194 20.222769 3.684305 2.316629 18.787249 1e-06 -1e-06 10.751608 -0.47987 1.397903 0.0 -0.0 0.0 3.273804 0.305947 -0.58011 21.48679 11.830364 2.266131 8.162915 0.0 -0.0 18.399052 -3.798986 -4.940567 3e-06 0.0 -1e-06 3.104634 6.250463 -22.358473 0.097182 0.30912 54.063297 0.123587 2.485981 5.019801 1.792073 -1.871824 -3.908538 0.0 -0.0 2e-06 5.727747 -0.020159 3.880887 0.001617 -0.013371 5.599226 -2.053425 -1.04096 -3.932495 -1.43861 0.99325 0.010825 0.0 -0.0 -1e-06 
0.0 0.0 0.0 0.0 -0.0 0.0 -4.015912 99.583687 69.679039 -2.666321 -2.467964 -4.079573 1.45285 0.968946 2.2846 -0.155202 1.775528 -3.759955 0.386358 -0.133495 11.151391 1.379626 1.994581 5.053591 -0.757953 -0.511612 -3.724301 1.0306 -2.100593 -15.327331 7.7e-05 -2.2e-05 6e-06 0.010647 -0.016117 0.026984 0.59795 -3.749794 -10.542895 -0.583402 3.715379 -10.565998 -18.731815 -2.34448 13.390997 -56.876942 -2.798777 3.333985 0.957819 -29.440903 -0.220019 -4.287393 3.693589 -4.738534 -5.882102 9.861279 0.70259 -10.936861 -0.360574 7.156197 0.0 8.774815 -0.0 -16.427591 18.01268 5.898592 -1.844031 2.498503 -2.507276 -10.16359 4.678941 4.621104 -20.975996 -1e-06 1e-06 -21.226254 2.451698 -3.593995 0.0 -6e-06 -0.0 -1.362681 2.240797 -0.746323 -21.334892 0.58491 3.008319 -13.821196 -1e-06 1e-06 -23.887129 -0.249075 -0.839485 -60.832294 2.385466 -1.179623 -0.294025 1.679686 0.833255 -14.218195 0.093215 1.300579 -34.212002 -0.287561 0.967166 -20.033176 0.964536 1.212838 0.0 -0.0 0.0 -3.440387 0.788233 0.501655 -15.928172 -3.167306 2.999703 -6.338817 -0.0 1e-06 -18.123419 3.648181 -4.905662 -4e-06 0.0 -2e-06 10.307106 12.358541 13.394895 60.48748 15.089929 5.559129 0.612602 28.602524 0.211674 2.415784 3.400896 -6.330335 2.24354 -5.255033 -3.180156 14.282877 -0.826594 6.952496 -0.0 -12.690593 -1e-06 15.827328 -17.529184 2.873253 1.665665 -1.95592 -2.878297 4.727794 -4.170584 4.993919 11.020511 1e-06 -0.0 12.109032 -3.735715 -2.866778 0.0 -0.0 0.0 1.291985 -1.928548 -1.498088 14.800115 0.567467 3.865604 14.242553 -1.341738 -6.660648 19.631935 0.143921 -0.648243 49.563702 -0.672717 -6.094866 0.353029 -1.51115 -0.03194 20.222769 3.684305 2.316629 18.787249 1e-06 -1e-06 10.751608 -0.47987 1.397903 0.0 -0.0 0.0 3.273804 0.305947 -0.58011 21.48679 11.830364 2.266131 8.162915 0.0 -0.0 18.399052 -3.798986 -4.940567 3e-06 0.0 -1e-06 2.033787 6.555632 -23.927691 0.186053 0.364289 42.649448 1.070889 3.622719 5.092656 1.808094 -1.914911 -3.802961 0.0 -0.0 2e-06 5.137228 0.022089 7.490396 -0.026259 0.084391 4.496678 -2.349666 -0.659403 -5.795158 -1.44029 0.99181 0.185026 0.0 -0.0 -1e-06 
0.0 0.0 0.0 0.0 -0.0 0.0 -3.885373 98.976028 74.083931 -2.752315 -3.667897 -4.143299 1.970057 0.932325 2.306145 -0.063269 2.169548 -3.792609 0.462001 0.522702 11.394305 0.094419 2.458346 5.468418 -0.683174 -0.390124 -3.732193 0.897396 -2.074245 -15.534427 7.7e-05 -2.2e-05 6e-06 0.024424 0.028647 0.019311 0.612045 -3.70768 -10.546049 -0.571469 3.763052 -10.579885 -19.183708 -1.39267 13.201423 -57.329262 -2.0062 1.582173 0.997671 -30.021776 -0.241962 -3.473506 3.564085 -4.816204 -5.882102 9.861279 0.70259 -10.936861 -0.360574 7.156197 0.0 8.774815 -0.0 -16.247654 17.961506 6.012158 -1.844031 2.498503 -2.507276 -10.16359 4.678941 4.621104 -20.975996 -1e-06 1e-06 -21.226254 2.451698 -3.593995 0.0 -6e-06 -0.0 -1.362681 2.240797 -0.746323 -21.334892 0.58491 3.008319 -13.821196 -1e-06 1e-06 -23.887129 -0.249075 -0.839485 -60.738968 2.366226 -1.146831 -0.294025 1.679686 0.833255 -14.218195 0.093215 1.300579 -34.212002 -0.287561 0.967166 -20.033176 0.964536 1.212838 0.0 -0.0 0.0 -3.440387 0.788233 0.501655 -15.928172 -3.167306 2.999703 -6.338817 -0.0 1e-06 -18.123419 3.648181 -4.905662 -4e-06 0.0 -2e-06 9.092306 13.456047 13.163034 59.681095 16.607479 6.099035 0.574212 29.04093 0.232511 2.492584 3.534664 -6.628344 2.24354 -5.255033 -3.180156 14.282877 -0.826594 6.952496 -0.0 -12.690593 -1e-06 15.76589 -17.521669 2.90803 1.665665 -1.95592 -2.878297 4.727794 -4.170584 4.993919 11.020511 1e-06 -0.0 12.109032 -3.735715 -2.866778 0.0 -0.0 0.0 1.291985 -1.928548 -1.498088 14.800115 0.567467 3.865604 14.242553 -1.341738 -6.660648 19.631935 0.143921 -0.648243 49.542725 -0.715347 -6.097035 0.353029 -1.51115 -0.03194 20.222769 3.684305 2.316629 18.787249 1e-06 -1e-06 10.751608 -0.47987 1.397903 0.0 -0.0 0.0 3.273804 0.305947 -0.58011 21.48679 11.830364 2.266131 8.162915 0.0 -0.0 18.399052 -3.798986 -4.940567 3e-06 0.0 -1e-06 1.802898 6.939072 -23.840633 0.212079 0.511819 27.976561 3.248126 4.514305 6.77748 1.803114 -1.92457 -3.322365 0.0 -0.0 2e-06 4.978327 0.123773 10.78742 -0.063827 0.147179 3.975669 -2.653708 -0.52005 -7.938923 -1.437236 1.036384 0.355116 0.0 -0.0 -1e-06 
0.0 0.0 0.0 0.0 -0.0 0.0 -3.755922 98.057266 78.770645 -3.273913 -4.665437 -4.207126 2.572507 0.883396 2.230806 0.050145 2.292559 -3.836124 0.739759 0.906631 11.639813 -0.88135 2.894919 5.735967 -0.696157 -0.303433 -3.733775 0.767818 -1.806035 -15.69961 7.7e-05 -2.2e-05 6e-06 0.032757 0.058881 0.026267 0.630992 -3.69125 -10.595654 -0.575256 3.807272 -10.625306 -19.449907 -0.554327 13.257858 -58.073357 -1.569123 -0.304751 0.939591 -29.698439 -0.192411 -2.738828 3.750858 -4.831892 -5.882102 9.861279 0.70259 -10.936861 -0.360574 7.156197 0.0 8.774815 -0.0 -16.079277 17.947569 6.220783 -1.844031 2.498503 -2.507276 -10.16359 4.678941 4.621104 -20.975996 -1e-06 1e-06 -21.226254 2.451698 -3.593995 0.0 -6e-06 -0.0 -1.362681 2.240797 -0.746323 -21.334892 0.58491 3.008319 -13.821196 -1e-06 1e-06 -23.887129 -0.249075 -0.839485 -60.849236 2.355308 -1.006109 -0.294025 1.679686 0.833255 -14.218195 0.093215 1.300579 -34.212002 -0.287561 0.967166 -20.033176 0.964536 1.212838 0.0 -0.0 0.0 -3.440387 0.788233 0.501655 -15.928172 -3.167306 2.999703 -6.338817 -0.0 1e-06 -18.123419 3.648181 -4.905662 -4e-06 0.0 -2e-06 8.21351 14.378814 12.92612 59.017834 17.999559 6.29685 0.502637 29.461891 0.190958 2.441012 3.537354 -6.800418 2.24354 -5.255033 -3.180156 14.282877 -0.826594 6.952496 -0.0 -12.690593 -1e-06 15.78287 -17.479198 2.979589 1.665665 -1.95592 -2.878297 4.727794 -4.170584 4.993919 11.020511 1e-06 -0.0 12.109032 -3.735715 -2.866778 0.0 -0.0 0.0 1.291985 -1.928548 -1.498088 14.800115 0.567467 3.865604 14.242553 -1.341738 -6.660648 19.631935 0.143921 -0.648243 49.736053 -0.824376 -6.023643 0.353029 -1.51115 -0.03194 20.222769 3.684305 2.316629 18.787249 1e-06 -1e-06 10.751608 -0.47987 1.397903 0.0 -0.0 0.0 3.273804 0.305947 -0.58011 21.48679 11.830364 2.266131 8.162915 0.0 -0.0 18.399052 -3.798986 -4.940567 3e-06 0.0 -1e-06 2.329793 7.332421 -22.942972 0.100343 0.58969 12.464122 4.391661 4.091883 8.207679 1.779639 -1.975101 -2.85977 0.0 -0.0 2e-06 5.206666 0.200748 14.339392 -0.086824 0.133826 3.435814 -2.732862 -0.738944 -9.987137 -1.438012 1.037839 0.249452 0.0 -0.0 -1e-06 
0.0 0.0 0.0 0.0 -0.0 0.0 -3.628381 96.903603 83.728256 -3.647312 -5.23799 -4.046078 2.808827 0.681065 1.913993 0.14418 2.330217 -3.90073 1.064667 0.952798 11.867396 -1.541748 3.197645 5.617545 -0.75586 -0.059842 -3.708712 0.606441 -1.551885 -15.714155 7.7e-05 -2.2e-05 6e-06 0.02624 0.038545 0.057574 0.611056 -3.728722 -10.615994 -0.569638 3.804689 -10.636114 -20.041653 -0.119786 13.248043 -58.419285 -1.147909 -1.909315 0.954891 -28.452444 -0.151438 -2.465828 3.854336 -4.954498 -5.882102 9.861279 0.70259 -10.936861 -0.360574 7.156197 0.0 8.774815 -0.0 -15.978951 18.06476 6.297556 -1.844031 2.498503 -2.507276 -10.16359 4.678941 4.621104 -20.975996 -1e-06 1e-06 -21.226254 2.451698 -3.593995 0.0 -6e-06 -0.0 -1.362681 2.240797 -0.746323 -21.334892 0.58491 3.008319 -13.821196 -1e-06 1e-06 -23.887129 -0.249075 -0.839485 -60.955715 2.375587 -1.035204 -0.294025 1.679686 0.833255 -14.218195 0.093215 1.300579 -34.212002 -0.287561 0.967166 -20.033176 0.964536 1.212838 0.0 -0.0 0.0 -3.440387 0.788233 0.501655 -15.928172 -3.167306 2.999703 -6.338817 -0.0 1e-06 -18.123419 3.648181 -4.905662 -4e-06 0.0 -2e-06 8.220181 14.872679 12.653219 58.066662 19.152462 6.112172 0.480128 29.918797 0.12779 2.176991 3.626161 -7.101907 2.24354 -5.255033 -3.180156 14.282877 -0.826594 6.952496 -0.0 -12.690593 -1e-06 15.756435 -17.494057 3.048062 1.665665 -1.95592 -2.878297 4.727794 -4.170584 4.993919 11.020511 1e-06 -0.0 12.109032 -3.735715 -2.866778 0.0 -0.0 0.0 1.291985 -1.928548 -1.498088 14.800115 0.567467 3.865604 14.242553 -1.341738 -6.660648 19.631935 0.143921 -0.648243 49.857296 -0.878991 -6.02559 0.353029 -1.51115 -0.03194 20.222769 3.684305 2.316629 18.787249 1e-06 -1e-06 10.751608 -0.47987 1.397903 0.0 -0.0 0.0 3.273804 0.305947 -0.58011 21.48679 11.830364 2.266131 8.162915 0.0 -0.0 18.399052 -3.798986 -4.940567 3e-06 0.0 -1e-06 2.743355 7.498871 -22.938639 -0.027898 0.484891 0.364609 2.5845 3.603698 7.377105 1.677708 -2.164244 -3.139087 0.0 -0.0 2e-06 5.072712 -0.113753 17.974249 -0.043043 0.054208 2.621691 -2.486768 -0.5205 -11.869541 -1.44666 0.92455 -0.16322 0.0 -0.0 -1e-06 
0.0 0.0 0.0 0.0 -0.0 0.0 -3.459585 95.638062 88.7845 -3.770757 -5.50993 -3.809658 2.8427 0.516247 1.65801 0.168692 2.303849 -3.992066 1.284978 0.89107 12.185002 -1.897741 3.296829 5.008109 -0.696142 0.01399 -3.633645 0.418401 -1.372972 -16.002542 7.7e-05 -2.2e-05 6e-06 0.027603 0.0583 0.081175 0.607219 -3.712154 -10.56446 -0.564313 3.829334 -10.575111 -20.84897 -0.355924 12.974496 -58.239132 -0.846082 -2.667705 0.912379 -26.364433 -0.109346 -2.48528 4.081531 -5.265139 -5.882102 9.861279 0.70259 -10.936861 -0.360574 7.156197 0.0 8.774815 -0.0 -16.045454 17.983425 6.074565 -1.844031 2.498503 -2.507276 -10.16359 4.678941 4.621104 -20.975996 -1e-06 1e-06 -21.226254 2.451698 -3.593995 0.0 -6e-06 -0.0 -1.362681 2.240797 -0.746323 -21.334892 0.58491 3.008319 -13.821196 -1e-06 1e-06 -23.887129 -0.249075 -0.839485 -60.980988 2.294363 -1.119498 -0.294025 1.679686 0.833255 -14.218195 0.093215 1.300579 -34.212002 -0.287561 0.967166 -20.033176 0.964536 1.212838 0.0 -0.0 0.0 -3.440387 0.788233 0.501655 -15.928172 -3.167306 2.999703 -6.338817 -0.0 1e-06 -18.123419 3.648181 -4.905662 -4e-06 0.0 -2e-06 8.862741 14.938035 12.217206 57.205059 19.941912 5.131741 0.547305 30.347097 0.263118 1.568662 3.814407 -7.646794 2.24354 -5.255033 -3.180156 14.282877 -0.826594 6.952496 -0.0 -12.690593 -1e-06 15.684874 -17.517624 2.982115 1.665665 -1.95592 -2.878297 4.727794 -4.170584 4.993919 11.020511 1e-06 -0.0 12.109032 -3.735715 -2.866778 0.0 -0.0 0.0 1.291985 -1.928548 -1.498088 14.800115 0.567467 3.865604 14.242553 -1.341738 -6.660648 19.631935 0.143921 -0.648243 49.903 -0.855367 -6.109985 0.353029 -1.51115 -0.03194 20.222769 3.684305 2.316629 18.787249 1e-06 -1e-06 10.751608 -0.47987 1.397903 0.0 -0.0 0.0 3.273804 0.305947 -0.58011 21.48679 11.830364 2.266131 8.162915 0.0 -0.0 18.399052 -3.798986 -4.940567 3e-06 0.0 -1e-06 2.317818 8.322014 -25.840015 -0.060614 0.311797 -2.205775 -0.486257 4.684169 4.697878 1.543625 -2.246842 -3.501853 0.0 -0.0 2e-06 4.407341 -0.956989 21.447433 -0.036016 -0.056949 1.887456 -1.849391 0.46962 -13.272696 -1.465713 0.796609 -0.959647 0.0 -0.0 -1e-06 
0.0 0.0 0.0 0.0 -0.0 0.0 -3.150772 94.583145 93.842812 -3.646798 -5.836494 -3.614137 2.686225 0.554727 1.410745 0.216097 2.323873 -4.142368 1.309213 0.560018 12.495135 -2.144537 3.361982 4.213302 -0.572957 0.085619 -3.609694 0.360727 -1.072961 -16.157831 7.7e-05 -2.2e-05 6e-06 0.023864 0.025135 0.064582 0.61862 -3.741568 -10.55939 -0.583201 3.794619 -10.570235 -21.39806 -0.539102 12.815766 -58.078751 -0.851457 -2.638281 0.772508 -23.874632 -0.067233 -2.555585 4.622385 -5.214179 -5.882102 9.861279 0.70259 -10.936861 -0.360574 7.156197 0.0 8.774815 -0.0 -16.156769 17.970861 6.04237 -1.844031 2.498503 -2.507276 -10.16359 4.678941 4.621104 -20.975996 -1e-06 1e-06 -21.226254 2.451698 -3.593995 0.0 -6e-06 -0.0 -1.362681 2.240797 -0.746323 -21.334892 0.58491 3.008319 -13.821196 -1e-06 1e-06 -23.887129 -0.249075 -0.839485 -61.078228 2.334874 -1.016893 -0.294025 1.679686 0.833255 -14.218195 0.093215 1.300579 -34.212002 -0.287561 0.967166 -20.033176 0.964536 1.212838 0.0 -0.0 0.0 -3.440387 0.788233 0.501655 -15.928172 -3.167306 2.999703 -6.338817 -0.0 1e-06 -18.123419 3.648181 -4.905662 -4e-06 0.0 -2e-06 9.620198 15.008469 12.362737 57.130192 20.434103 3.80937 0.222484 30.695454 0.254406 1.003186 3.786748 -8.918021 2.24354 -5.255033 -3.180156 14.282877 -0.826594 6.952496 -0.0 -12.690593 -1e-06 15.735877 -17.43774 2.893032 1.665665 -1.95592 -2.878297 4.727794 -4.170584 4.993919 11.020511 1e-06 -0.0 12.109032 -3.735715 -2.866778 0.0 -0.0 0.0 1.291985 -1.928548 -1.498088 14.800115 0.567467 3.865604 14.242553 -1.341738 -6.660648 19.631935 0.143921 -0.648243 49.88768 -0.708687 -6.054417 0.353029 -1.51115 -0.03194 20.222769 3.684305 2.316629 18.787249 1e-06 -1e-06 10.751608 -0.47987 1.397903 0.0 -0.0 0.0 3.273804 0.305947 -0.58011 21.48679 11.830364 2.266131 8.162915 0.0 -0.0 18.399052 -3.798986 -4.940567 3e-06 0.0 -1e-06 1.611458 9.071808 -27.132687 -0.078136 0.254931 -1.281097 -1.298848 5.240928 3.887948 1.575064 -2.202227 -3.736971 0.0 -0.0 2e-06 3.36374 -1.558652 24.34646 -0.088791 0.043021 2.190067 -0.776053 1.59744 -13.122108 -1.454258 0.807679 -2.160948 0.0 -0.0 -1e-06 
0.0 0.0 0.0 0.0 -0.0 0.0 -2.715577 93.901634 99.159279 -2.82797 -6.344318 -3.095399 2.048286 0.642328 0.844005 0.211363 2.431581 -4.402761 1.092119 0.427412 12.463571 -2.058072 3.317445 3.446182 -0.539638 0.328701 -3.556867 0.477057 -0.822754 -15.71235 7.7e-05 -2.2e-05 6e-06 0.029473 0.013801 0.051523 0.643592 -3.761884 -10.61207 -0.594716 3.791664 -10.628072 -21.915981 -0.633383 12.675792 -57.901722 -0.665328 -2.287333 0.581949 -21.673744 -0.055446 -2.866516 5.545256 -4.489606 -5.882102 9.861279 0.70259 -10.936861 -0.360574 7.156197 0.0 8.774815 -0.0 -16.207798 18.108732 6.178786 -1.844031 2.498503 -2.507276 -10.16359 4.678941 4.621104 -20.975996 -1e-06 1e-06 -21.226254 2.451698 -3.593995 0.0 -6e-06 -0.0 -1.362681 2.240797 -0.746323 -21.334892 0.58491 3.008319 -13.821196 -1e-06 1e-06 -23.887129 -0.249075 -0.839485 -61.079945 2.376907 -0.959539 -0.294025 1.679686 0.833255 -14.218195 0.093215 1.300579 -34.212002 -0.287561 0.967166 -20.033176 0.964536 1.212838 0.0 -0.0 0.0 -3.440387 0.788233 0.501655 -15.928172 -3.167306 2.999703 -6.338817 -0.0 1e-06 -18.123419 3.648181 -4.905662 -4e-06 0.0 -2e-06 10.54728 14.880075 12.614794 57.692116 19.925119 2.850029 -0.025009 30.615206 0.186003 0.525669 3.624294 -10.206051 2.24354 -5.255033 -3.180156 14.282877 -0.826594 6.952496 -0.0 -12.690593 -1e-06 15.82952 -17.407305 2.922962 1.665665 -1.95592 -2.878297 4.727794 -4.170584 4.993919 11.020511 1e-06 -0.0 12.109032 -3.735715 -2.866778 0.0 -0.0 0.0 1.291985 -1.928548 -1.498088 14.800115 0.567467 3.865604 14.242553 -1.341738 -6.660648 19.631935 0.143921 -0.648243 50.075798 -0.704692 -5.984459 0.353029 -1.51115 -0.03194 20.222769 3.684305 2.316629 18.787249 1e-06 -1e-06 10.751608 -0.47987 1.397903 0.0 -0.0 0.0 3.273804 0.305947 -0.58011 21.48679 11.830364 2.266131 8.162915 0.0 -0.0 18.399052 -3.798986 -4.940567 3e-06 0.0 -1e-06 0.543814 8.762753 -27.772564 -0.146259 0.145995 3.143336 0.439491 4.642218 4.910421 1.727007 -2.155324 -4.424726 0.0 -0.0 2e-06 1.214548 -1.779307 26.046099 -0.053028 0.179661 4.30211 0.54473 2.887643 -10.746503 -1.447063 0.850306 -4.91282 0.0 -0.0 -1e-06 
0.0 0.0 0.0 0.0 -0.0 0.0 -2.199284 93.694595 104.730392 -0.794797 -6.803405 -2.093333 0.577858 0.678179 -0.10654 0.024458 2.628879 -4.799881 0.402298 0.467727 12.243965 -1.43026 3.112578 2.481067 -0.403054 0.668186 -3.600213 0.622717 -0.67691 -14.880174 7.7e-05 -2.2e-05 6e-06 0.035664 -0.000818 0.035585 0.643445 -3.769221 -10.586344 -0.5808 3.767799 -10.60216 -22.763792 -0.864445 12.393106 -57.147415 -0.234554 -1.825864 0.545919 -19.929293 -0.079024 -3.528085 6.354725 -3.662321 -5.882102 9.861279 0.70259 -10.936861 -0.360574 7.156197 0.0 8.774815 -0.0 -16.29472 18.146805 6.259433 -1.844031 2.498503 -2.507276 -10.16359 4.678941 4.621104 -20.975996 -1e-06 1e-06 -21.226254 2.451698 -3.593995 0.0 -6e-06 -0.0 -1.362681 2.240797 -0.746323 -21.334892 0.58491 3.008319 -13.821196 -1e-06 1e-06 -23.887129 -0.249075 -0.839485 -61.094296 2.360823 -0.80795 -0.294025 1.679686 0.833255 -14.218195 0.093215 1.300579 -34.212002 -0.287561 0.967166 -20.033176 0.964536 1.212838 0.0 -0.0 0.0 -3.440387 0.788233 0.501655 -15.928172 -3.167306 2.999703 -6.338817 -0.0 1e-06 -18.123419 3.648181 -4.905662 -4e-06 0.0 -2e-06 12.573774 14.386631 13.001055 57.583931 18.677439 2.260148 0.01623 29.931149 0.155739 0.255609 3.512666 -10.7108 2.24354 -5.255033 -3.180156 14.282877 -0.826594 6.952496 -0.0 -12.690593 -1e-06 15.971605 -17.285297 2.906968 1.665665 -1.95592 -2.878297 4.727794 -4.170584 4.993919 11.020511 1e-06 -0.0 12.109032 -3.735715 -2.866778 0.0 -0.0 0.0 1.291985 -1.928548 -1.498088 14.800115 0.567467 3.865604 14.242553 -1.341738 -6.660648 19.631935 0.143921 -0.648243 50.223206 -0.702121 -5.802104 0.353029 -1.51115 -0.03194 20.222769 3.684305 2.316629 18.787249 1e-06 -1e-06 10.751608 -0.47987 1.397903 0.0 -0.0 0.0 3.273804 0.305947 -0.58011 21.48679 11.830364 2.266131 8.162915 0.0 -0.0 18.399052 -3.798986 -4.940567 3e-06 0.0 -1e-06 -1.520278 7.08399 -29.420689 -0.153591 0.145343 9.136744 3.63879 3.81871 11.420452 1.856189 -1.963305 -4.222152 0.0 -0.0 2e-06 -2.662553 -2.13141 25.145868 -0.009414 0.383385 9.929773 1.819538 4.850224 -7.557773 -1.467268 0.854612 -10.726868 0.0 -0.0 -1e-06 
0.0 0.0 0.0 0.0 -0.0 0.0 -1.645561 93.894165 110.505127 1.161991 -6.673278 -1.725276 -0.472716 0.667106 -0.576838 -0.285387 2.778036 -5.03488 -0.713916 0.552466 11.87336 -0.516933 2.584892 1.905796 -0.442621 0.539836 -3.608215 1.167109 -0.537854 -14.998192 7.7e-05 -2.2e-05 6e-06 0.037835 -0.030227 0.020393 0.662066 -3.787995 -10.527396 -0.594339 3.72627 -10.559409 -22.610092 -1.48571 12.392251 -57.015682 -0.247835 -0.742039 0.63938 -18.560621 -0.076624 -4.159483 6.977897 -3.321302 -5.882102 9.861279 0.70259 -10.936861 -0.360574 7.156197 0.0 8.774815 -0.0 -16.347961 18.154089 6.112265 -1.844031 2.498503 -2.507276 -10.16359 4.678941 4.621104 -20.975996 -1e-06 1e-06 -21.226254 2.451698 -3.593995 0.0 -6e-06 -0.0 -1.362681 2.240797 -0.746323 -21.334892 0.58491 3.008319 -13.821196 -1e-06 1e-06 -23.887129 -0.249075 -0.839485 -60.758003 2.33088 -0.964989 -0.294025 1.679686 0.833255 -14.218195 0.093215 1.300579 -34.212002 -0.287561 0.967166 -20.033176 0.964536 1.212838 0.0 -0.0 0.0 -3.440387 0.788233 0.501655 -15.928172 -3.167306 2.999703 -6.338817 -0.0 1e-06 -18.123419 3.648181 -4.905662 -4e-06 0.0 -2e-06 13.778051 13.495294 13.259969 58.912746 17.142555 1.416578 0.237345 28.241016 0.251242 0.13169 3.573971 -10.219897 2.24354 -5.255033 -3.180156 14.282877 -0.826594 6.952496 -0.0 -12.690593 -1e-06 16.026258 -17.424438 2.85244 1.665665 -1.95592 -2.878297 4.727794 -4.170584 4.993919 11.020511 1e-06 -0.0 12.109032 -3.735715 -2.866778 0.0 -0.0 0.0 1.291985 -1.928548 -1.498088 14.800115 0.567467 3.865604 14.242553 -1.341738 -6.660648 19.631935 0.143921 -0.648243 50.360798 -0.682777 -5.832029 0.353029 -1.51115 -0.03194 20.222769 3.684305 2.316629 18.787249 1e-06 -1e-06 10.751608 -0.47987 1.397903 0.0 -0.0 0.0 3.273804 0.305947 -0.58011 21.48679 11.830364 2.266131 8.162915 0.0 -0.0 18.399052 -3.798986 -4.940567 3e-06 0.0 -1e-06 -3.44576 4.926544 -30.527903 -0.028571 0.075592 16.126776 4.438334 4.135065 12.867357 1.806754 -1.931207 -2.003021 0.0 -0.0 2e-06 -6.18112 -2.678201 22.538536 -0.14454 0.697461 19.262762 2.214411 6.457192 -1.306582 -1.546506 0.858858 -19.10067 0.0 -0.0 -1e-06 
0.0 0.0 0.0 0.0 -0.0 0.0 -1.107482 94.473785 116.20768 2.861804 -6.078196 -2.296719 -1.093832 0.618368 -0.372068 -0.611487 2.750185 -4.947588 -1.995354 0.70578 11.423005 0.533629 2.17468 1.899093 -0.632794 0.314244 -3.591001 1.770398 -0.853813 -15.332605 7.7e-05 -2.2e-05 6e-06 0.0494 0.022292 0.037612 0.694342 -3.711411 -10.459128 -0.604381 3.751797 -10.465823 -21.48918 -2.417278 12.752807 -57.654789 -1.089046 0.500981 0.728265 -17.687273 -0.124095 -4.397875 7.522968 -2.74416 -5.882102 9.861279 0.70259 -10.936861 -0.360574 7.156197 0.0 8.774815 -0.0 -16.566841 18.27924 5.868627 -1.844031 2.498503 -2.507276 -10.16359 4.678941 4.621104 -20.975996 -1e-06 1e-06 -21.226254 2.451698 -3.593995 0.0 -6e-06 -0.0 -1.362681 2.240797 -0.746323 -21.334892 0.58491 3.008319 -13.821196 -1e-06 1e-06 -23.887129 -0.249075 -0.839485 -60.693008 2.284038 -1.277777 -0.294025 1.679686 0.833255 -14.218195 0.093215 1.300579 -34.212002 -0.287561 0.967166 -20.033176 0.964536 1.212838 0.0 -0.0 0.0 -3.440387 0.788233 0.501655 -15.928172 -3.167306 2.999703 -6.338817 -0.0 1e-06 -18.123419 3.648181 -4.905662 -4e-06 0.0 -2e-06 13.660536 12.818156 13.662974 61.666889 15.726224 0.763367 0.26893 25.518114 0.171347 0.532367 3.197524 -9.713453 2.24354 -5.255033 -3.180156 14.282877 -0.826594 6.952496 -0.0 -12.690593 -1e-06 16.39006 -17.503551 2.747719 1.665665 -1.95592 -2.878297 4.727794 -4.170584 4.993919 11.020511 1e-06 -0.0 12.109032 -3.735715 -2.866778 0.0 -0.0 0.0 1.291985 -1.928548 -1.498088 14.800115 0.567467 3.865604 14.242553 -1.341738 -6.660648 19.631935 0.143921 -0.648243 50.656742 -0.502618 -5.855793 0.353029 -1.51115 -0.03194 20.222769 3.684305 2.316629 18.787249 1e-06 -1e-06 10.751608 -0.47987 1.397903 0.0 -0.0 0.0 3.273804 0.305947 -0.58011 21.48679 11.830364 2.266131 8.162915 0.0 -0.0 18.399052 -3.798986 -4.940567 3e-06 0.0 -1e-06 -5.252673 3.038077 -28.98118 -0.033749 0.073832 21.187353 4.696152 5.414014 9.733171 1.682595 -1.944989 0.144242 0.0 -0.0 2e-06 -8.850378 -2.645396 17.916748 -0.068574 0.842911 32.067501 1.995093 7.213121 9.993262 -1.567066 0.726457 -24.752327 0.0 -0.0 -1e-06 
0.0 0.0 0.0 0.0 -0.0 0.0 -0.613015 95.337234 121.683868 4.218562 -5.996412 -3.239006 -1.576398 0.453436 0.176454 -0.782739 2.776659 -4.656992 -2.778142 0.787076 11.08219 0.747814 2.047183 1.978522 -0.705136 0.197525 -3.608345 2.136146 -0.969339 -15.333087 7.7e-05 -2.2e-05 6e-06 0.045421 0.039791 0.049361 0.684013 -3.69714 -10.435719 -0.602729 3.773163 -10.429036 -20.944866 -2.988492 12.950019 -57.764515 -2.525388 1.638602 0.653854 -17.746458 -0.086324 -4.496957 7.850232 -2.362701 -5.882102 9.861279 0.70259 -10.936861 -0.360574 7.156197 0.0 8.774815 -0.0 -16.654734 18.308062 5.751834 -1.844031 2.498503 -2.507276 -10.16359 4.678941 4.621104 -20.975996 -1e-06 1e-06 -21.226254 2.451698 -3.593995 0.0 -6e-06 -0.0 -1.362681 2.240797 -0.746323 -21.334892 0.58491 3.008319 -13.821196 -1e-06 1e-06 -23.887129 -0.249075 -0.839485 -60.590603 2.197249 -1.504821 -0.294025 1.679686 0.833255 -14.218195 0.093215 1.300579 -34.212002 -0.287561 0.967166 -20.033176 0.964536 1.212838 0.0 -0.0 0.0 -3.440387 0.788233 0.501655 -15.928172 -3.167306 2.999703 -6.338817 -0.0 1e-06 -18.123419 3.648181 -4.905662 -4e-06 0.0 -2e-06 13.153137 12.690945 14.077736 63.868492 14.519461 1.655262 0.170053 22.630062 0.075524 1.644388 2.312109 -9.002159 2.24354 -5.255033 -3.180156 14.282877 -0.826594 6.952496 -0.0 -12.690593 -1e-06 16.666265 -17.592194 2.656987 1.665665 -1.95592 -2.878297 4.727794 -4.170584 4.993919 11.020511 1e-06 -0.0 12.109032 -3.735715 -2.866778 0.0 -0.0 0.0 1.291985 -1.928548 -1.498088 14.800115 0.567467 3.865604 14.242553 -1.341738 -6.660648 19.631935 0.143921 -0.648243 50.579967 -0.419534 -5.941986 0.353029 -1.51115 -0.03194 20.222769 3.684305 2.316629 18.787249 1e-06 -1e-06 10.751608 -0.47987 1.397903 0.0 -0.0 0.0 3.273804 0.305947 -0.58011 21.48679 11.830364 2.266131 8.162915 0.0 -0.0 18.399052 -3.798986 -4.940567 3e-06 0.0 -1e-06 -7.065691 2.41699 -25.295937 -0.037926 0.121479 23.174545 5.060561 6.307658 4.906432 1.650536 -2.021254 0.252451 0.0 -0.0 2e-06 -10.758027 -1.75537 11.485719 -0.001784 0.895168 45.533916 3.581659 6.734485 23.269302 -1.24396 0.761637 -12.226434 0.0 -0.0 -1e-06 
0.0 0.0 0.0 0.0 -0.0 0.0 -0.237641 96.337982 126.856682 5.073107 -6.396552 -3.89561 -1.960394 0.404847 0.61469 -0.883445 2.654044 -4.491516 -3.050299 0.570027 10.934784 0.533362 2.302142 2.252422 -0.558208 0.298184 -3.619944 2.230356 -0.80257 -15.367617 7.7e-05 -2.2e-05 6e-06 0.047338 0.076623 0.073102 0.678957 -3.664739 -10.454 -0.594467 3.816508 -10.435259 -20.963102 -3.171712 12.883676 -57.241825 -4.121389 2.568137 0.483508 -18.819513 -0.039374 -4.08214 7.714571 -2.553633 -5.882102 9.861279 0.70259 -10.936861 -0.360574 7.156197 0.0 8.774815 -0.0 -16.706099 18.364092 5.691723 -1.844031 2.498503 -2.507276 -10.16359 4.678941 4.621104 -20.975996 -1e-06 1e-06 -21.226254 2.451698 -3.593995 0.0 -6e-06 -0.0 -1.362681 2.240797 -0.746323 -21.334892 0.58491 3.008319 -13.821196 -1e-06 1e-06 -23.887129 -0.249075 -0.839485 -60.512398 2.190269 -1.591606 -0.294025 1.679686 0.833255 -14.218195 0.093215 1.300579 -34.212002 -0.287561 0.967166 -20.033176 0.964536 1.212838 0.0 -0.0 0.0 -3.440387 0.788233 0.501655 -15.928172 -3.167306 2.999703 -6.338817 -0.0 1e-06 -18.123419 3.648181 -4.905662 -4e-06 0.0 -2e-06 12.898194 12.771929 14.426195 64.935883 13.644625 4.018508 0.296403 20.289146 0.075335 3.258475 1.381579 -7.280159 2.24354 -5.255033 -3.180156 14.282877 -0.826594 6.952496 -0.0 -12.690593 -1e-06 16.77565 -17.631392 2.516478 1.665665 -1.95592 -2.878297 4.727794 -4.170584 4.993919 11.020511 1e-06 -0.0 12.109032 -3.735715 -2.866778 0.0 -0.0 0.0 1.291985 -1.928548 -1.498088 14.800115 0.567467 3.865604 14.242553 -1.341738 -6.660648 19.631935 0.143921 -0.648243 50.291496 -0.427462 -6.114801 0.353029 -1.51115 -0.03194 20.222769 3.684305 2.316629 18.787249 1e-06 -1e-06 10.751608 -0.47987 1.397903 0.0 -0.0 0.0 3.273804 0.305947 -0.58011 21.48679 11.830364 2.266131 8.162915 0.0 -0.0 18.399052 -3.798986 -4.940567 3e-06 0.0 -1e-06 -8.351047 2.514101 -20.716589 0.048121 0.21416 22.4356 5.169434 7.107304 1.574062 1.624476 -2.052423 0.283516 0.0 -0.0 2e-06 -11.683825 -0.600008 4.496634 0.070733 0.799561 56.786041 4.105132 7.206814 26.675636 -1.187614 0.896493 -4.764233 0.0 -0.0 -1e-06 
0.0 0.0 0.0 0.0 -0.0 0.0 0.003376 97.404633 131.711349 4.971274 -6.729736 -4.363477 -2.010062 0.337188 0.955825 -0.900257 2.26141 -4.383844 -2.757708 0.267622 10.903 0.418491 2.560549 2.780225 -0.473763 0.383913 -3.603998 2.198399 -0.30503 -15.381395 7.7e-05 -2.2e-05 6e-06 0.044501 0.075792 0.080761 0.684284 -3.669979 -10.484055 -0.604814 3.821691 -10.468103 -20.975567 -3.284272 12.807138 -56.586281 -5.908503 3.372454 0.292574 -20.487875 0.014754 -3.068722 7.026079 -2.755095 -5.882102 9.861279 0.70259 -10.936861 -0.360574 7.156197 0.0 8.774815 -0.0 -16.793034 18.408848 5.60037 -1.844031 2.498503 -2.507276 -10.16359 4.678941 4.621104 -20.975996 -1e-06 1e-06 -21.226254 2.451698 -3.593995 0.0 -6e-06 -0.0 -1.362681 2.240797 -0.746323 -21.334892 0.58491 3.008319 -13.821196 -1e-06 1e-06 -23.887129 -0.249075 -0.839485 -60.419514 2.238271 -1.658747 -0.294025 1.679686 0.833255 -14.218195 0.093215 1.300579 -34.212002 -0.287561 0.967166 -20.033176 0.964536 1.212838 0.0 -0.0 0.0 -3.440387 0.788233 0.501655 -15.928172 -3.167306 2.999703 -6.338817 -0.0 1e-06 -18.123419 3.648181 -4.905662 -4e-06 0.0 -2e-06 12.721898 12.609221 14.596893 65.448074 12.652342 6.623601 0.496034 19.328419 0.090346 4.648944 0.654042 -5.231936 2.24354 -5.255033 -3.180156 14.282877 -0.826594 6.952496 -0.0 -12.690593 -1e-06 16.779102 -17.703768 2.38417 1.665665 -1.95592 -2.878297 4.727794 -4.170584 4.993919 11.020511 1e-06 -0.0 12.109032 -3.735715 -2.866778 0.0 -0.0 0.0 1.291985 -1.928548 -1.498088 14.800115 0.567467 3.865604 14.242553 -1.341738 -6.660648 19.631935 0.143921 -0.648243 50.149925 -0.445236 -6.284077 0.353029 -1.51115 -0.03194 20.222769 3.684305 2.316629 18.787249 1e-06 -1e-06 10.751608 -0.47987 1.397903 0.0 -0.0 0.0 3.273804 0.305947 -0.58011 21.48679 11.830364 2.266131 8.162915 0.0 -0.0 18.399052 -3.798986 -4.940567 3e-06 0.0 -1e-06 -8.568269 2.646696 -15.639988 0.086992 0.194631 20.011106 5.11397 7.801682 -0.65498 1.599626 -2.085759 0.338667 0.0 -0.0 2e-06 -11.206902 -0.191375 -2.295832 0.134049 0.461673 64.959938 2.442131 7.030865 21.442856 -1.258219 0.923294 -3.830457 0.0 -0.0 -1e-06 
0.0 0.0 0.0 0.0 -0.0 0.0 0.134295 98.388695 136.372238 4.052643 -6.616346 -4.7937 -1.83263 0.143034 1.341188 -0.786122 1.707532 -4.242337 -2.097208 -0.211917 10.870015 0.580241 2.640144 3.529595 -0.429767 0.526621 -3.579266 2.021022 0.225335 -15.21372 7.7e-05 -2.2e-05 6e-06 0.039466 0.05652 0.080538 0.684075 -3.693674 -10.509673 -0.612932 3.808375 -10.503736 -20.288919 -3.594422 12.909191 -56.394501 -7.85126 4.260356 0.133195 -22.671211 0.049729 -2.0557 6.220087 -2.956143 -5.882102 9.861279 0.70259 -10.936861 -0.360574 7.156197 0.0 8.774815 -0.0 -16.766987 18.444801 5.629389 -1.844031 2.498503 -2.507276 -10.16359 4.678941 4.621104 -20.975996 -1e-06 1e-06 -21.226254 2.451698 -3.593995 0.0 -6e-06 -0.0 -1.362681 2.240797 -0.746323 -21.334892 0.58491 3.008319 -13.821196 -1e-06 1e-06 -23.887129 -0.249075 -0.839485 -60.484264 2.275852 -1.580785 -0.294025 1.679686 0.833255 -14.218195 0.093215 1.300579 -34.212002 -0.287561 0.967166 -20.033176 0.964536 1.212838 0.0 -0.0 0.0 -3.440387 0.788233 0.501655 -15.928172 -3.167306 2.999703 -6.338817 -0.0 1e-06 -18.123419 3.648181 -4.905662 -4e-06 0.0 -2e-06 12.422421 12.019128 14.581947 65.939545 11.356799 8.315544 0.480933 19.873886 0.068777 5.300748 0.482964 -4.255169 2.24354 -5.255033 -3.180156 14.282877 -0.826594 6.952496 -0.0 -12.690593 -1e-06 16.778122 -17.807117 2.348217 1.665665 -1.95592 -2.878297 4.727794 -4.170584 4.993919 11.020511 1e-06 -0.0 12.109032 -3.735715 -2.866778 0.0 -0.0 0.0 1.291985 -1.928548 -1.498088 14.800115 0.567467 3.865604 14.242553 -1.341738 -6.660648 19.631935 0.143921 -0.648243 50.173214 -0.423525 -6.339497 0.353029 -1.51115 -0.03194 20.222769 3.684305 2.316629 18.787249 1e-06 -1e-06 10.751608 -0.47987 1.397903 0.0 -0.0 0.0 3.273804 0.305947 -0.58011 21.48679 11.830364 2.266131 8.162915 0.0 -0.0 18.399052 -3.798986 -4.940567 3e-06 0.0 -1e-06 -7.876459 2.76901 -10.223313 0.052453 0.100716 16.712101 4.932513 7.952029 -2.271657 1.594912 -2.082751 0.389321 0.0 -0.0 2e-06 -9.427758 -0.651239 -8.522208 0.139564 0.09776 69.006577 -0.125236 5.756645 15.917184 -1.317818 0.924351 -3.539348 0.0 -0.0 -1e-06 
0.0 0.0 0.0 0.0 -0.0 0.0 0.144655 99.175102 140.962463 2.776273 -6.082276 -5.265363 -1.606951 -0.086117 1.799403 -0.616314 1.070407 -4.077955 -1.331741 -0.892302 10.833965 0.955108 2.500644 4.377001 -0.339318 0.806512 -3.559133 1.727809 0.700251 -14.846963 7.7e-05 -2.2e-05 6e-06 0.036833 0.044664 0.079629 0.684608 -3.709117 -10.539757 -0.616749 3.801143 -10.541167 -18.913624 -4.150106 13.058186 -56.533379 -9.737202 5.410814 0.017442 -25.162636 0.064102 -1.503856 5.537712 -3.250557 -5.882102 9.861279 0.70259 -10.936861 -0.360574 7.156197 0.0 8.774815 -0.0 -16.554678 18.45178 5.789362 -1.844031 2.498503 -2.507276 -10.16359 4.678941 4.621104 -20.975996 -1e-06 1e-06 -21.226254 2.451698 -3.593995 0.0 -6e-06 -0.0 -1.362681 2.240797 -0.746323 -21.334892 0.58491 3.008319 -13.821196 -1e-06 1e-06 -23.887129 -0.249075 -0.839485 -60.552448 2.345648 -1.420545 -0.294025 1.679686 0.833255 -14.218195 0.093215 1.300579 -34.212002 -0.287561 0.967166 -20.033176 0.964536 1.212838 0.0 -0.0 0.0 -3.440387 0.788233 0.501655 -15.928172 -3.167306 2.999703 -6.338817 -0.0 1e-06 -18.123419 3.648181 -4.905662 -4e-06 0.0 -2e-06 12.124705 11.105746 14.481933 66.410355 9.890442 8.659397 0.350271 21.348305 0.038116 5.270281 0.899452 -4.546268 2.24354 -5.255033 -3.180156 14.282877 -0.826594 6.952496 -0.0 -12.690593 -1e-06 16.739008 -17.868778 2.413795 1.665665 -1.95592 -2.878297 4.727794 -4.170584 4.993919 11.020511 1e-06 -0.0 12.109032 -3.735715 -2.866778 0.0 -0.0 0.0 1.291985 -1.928548 -1.498088 14.800115 0.567467 3.865604 14.242553 -1.341738 -6.660648 19.631935 0.143921 -0.648243 50.206192 -0.410956 -6.321477 0.353029 -1.51115 -0.03194 20.222769 3.684305 2.316629 18.787249 1e-06 -1e-06 10.751608 -0.47987 1.397903 0.0 -0.0 0.0 3.273804 0.305947 -0.58011 21.48679 11.830364 2.266131 8.162915 0.0 -0.0 18.399052 -3.798986 -4.940567 3e-06 0.0 -1e-06 -6.608614 3.06872 -4.43722 0.004205 -0.011705 12.744089 4.502468 7.431323 -3.551606 1.605325 -2.035183 0.404256 0.0 -0.0 2e-06 -7.026441 -1.531459 -13.743375 0.088637 -0.199714 68.651108 -2.187011 4.333671 12.03475 -1.351298 0.896158 -3.484462 0.0 -0.0 -1e-06 
0.0 0.0 0.0 0.0 -0.0 0.0 0.057044 99.653122 145.465881 1.518875 -5.328933 -5.656666 -1.427131 -0.234483 2.230804 -0.485738 0.416096 -3.940143 -0.612879 -1.655516 10.835689 1.461398 2.21536 5.12912 -0.229798 1.166653 -3.556303 1.413462 1.038721 -14.326459 7.7e-05 -2.2e-05 6e-06 0.036587 0.038731 0.075383 0.684236 -3.712355 -10.559014 -0.615107 3.792989 -10.560734 -17.27844 -4.931101 13.107465 -56.620461 -11.475882 6.537198 -0.055166 -27.623325 0.084265 -1.25348 4.999663 -3.723569 -5.882102 9.861279 0.70259 -10.936861 -0.360574 7.156197 0.0 8.774815 -0.0 -16.270603 18.482134 6.012406 -1.844031 2.498503 -2.507276 -10.16359 4.678941 4.621104 -20.975996 -1e-06 1e-06 -21.226254 2.451698 -3.593995 0.0 -6e-06 -0.0 -1.362681 2.240797 -0.746323 -21.334892 0.58491 3.008319 -13.821196 -1e-06 1e-06 -23.887129 -0.249075 -0.839485 -60.584385 2.438774 -1.250641 -0.294025 1.679686 0.833255 -14.218195 0.093215 1.300579 -34.212002 -0.287561 0.967166 -20.033176 0.964536 1.212838 0.0 -0.0 0.0 -3.440387 0.788233 0.501655 -15.928172 -3.167306 2.999703 -6.338817 -0.0 1e-06 -18.123419 3.648181 -4.905662 -4e-06 0.0 -2e-06 12.019403 10.083885 14.353001 66.627518 8.435621 8.204203 0.247458 23.177637 0.006687 5.073293 1.496707 -5.345776 2.24354 -5.255033 -3.180156 14.282877 -0.826594 6.952496 -0.0 -12.690593 -1e-06 16.633686 -17.904085 2.529948 1.665665 -1.95592 -2.878297 4.727794 -4.170584 4.993919 11.020511 1e-06 -0.0 12.109032 -3.735715 -2.866778 0.0 -0.0 0.0 1.291985 -1.928548 -1.498088 14.800115 0.567467 3.865604 14.242553 -1.341738 -6.660648 19.631935 0.143921 -0.648243 50.150024 -0.478187 -6.312304 0.353029 -1.51115 -0.03194 20.222769 3.684305 2.316629 18.787249 1e-06 -1e-06 10.751608 -0.47987 1.397903 0.0 -0.0 0.0 3.273804 0.305947 -0.58011 21.48679 11.830364 2.266131 8.162915 0.0 -0.0 18.399052 -3.798986 -4.940567 3e-06 0.0 -1e-06 -5.25857 3.55811 1.252618 -0.026225 -0.073843 8.446609 4.034704 6.448789 -4.466087 1.621117 -1.966554 0.38982 0.0 -0.0 2e-06 -4.664409 -2.469815 -17.931427 -0.013594 -0.383424 64.070747 -2.73494 3.609711 9.768575 -1.378626 0.866855 -3.572113 0.0 -0.0 -1e-06 
0.0 0.0 0.0 0.0 -0.0 0.0 -0.0812 99.738029 149.848984 0.611166 -4.551595 -5.821037 -1.429629 -0.237728 2.522753 -0.448165 -0.208215 -3.836377 -0.04781 -2.372037 10.887874 2.126046 1.852974 5.623516 -0.201907 1.517471 -3.571237 1.17585 1.169729 -13.917884 7.7e-05 -2.2e-05 6e-06 0.036634 0.032852 0.071751 0.675469 -3.709542 -10.546638 -0.605015 3.778522 -10.538066 -15.805014 -5.869745 13.048188 -56.322666 -13.115827 7.414224 -0.053706 -29.795639 0.096025 -1.033219 4.584158 -4.609817 -5.882102 9.861279 0.70259 -10.936861 -0.360574 7.156197 0.0 8.774815 -0.0 -15.993554 18.52002 6.238399 -1.844031 2.498503 -2.507276 -10.16359 4.678941 4.621104 -20.975996 -1e-06 1e-06 -21.226254 2.451698 -3.593995 0.0 -6e-06 -0.0 -1.362681 2.240797 -0.746323 -21.334892 0.58491 3.008319 -13.821196 -1e-06 1e-06 -23.887129 -0.249075 -0.839485 -60.606995 2.576632 -1.13335 -0.294025 1.679686 0.833255 -14.218195 0.093215 1.300579 -34.212002 -0.287561 0.967166 -20.033176 0.964536 1.212838 0.0 -0.0 0.0 -3.440387 0.788233 0.501655 -15.928172 -3.167306 2.999703 -6.338817 -0.0 1e-06 -18.123419 3.648181 -4.905662 -4e-06 0.0 -2e-06 12.163535 9.117557 14.201963 66.560699 7.127792 7.518514 0.194533 24.988621 -0.024781 4.878912 1.954833 -6.237273 2.24354 -5.255033 -3.180156 14.282877 -0.826594 6.952496 -0.0 -12.690593 -1e-06 16.52553 -17.917755 2.62079 1.665665 -1.95592 -2.878297 4.727794 -4.170584 4.993919 11.020511 1e-06 -0.0 12.109032 -3.735715 -2.866778 0.0 -0.0 0.0 1.291985 -1.928548 -1.498088 14.800115 0.567467 3.865604 14.242553 -1.341738 -6.660648 19.631935 0.143921 -0.648243 50.019306 -0.591127 -6.359813 0.353029 -1.51115 -0.03194 20.222769 3.684305 2.316629 18.787249 1e-06 -1e-06 10.751608 -0.47987 1.397903 0.0 -0.0 0.0 3.273804 0.305947 -0.58011 21.48679 11.830364 2.266131 8.162915 0.0 -0.0 18.399052 -3.798986 -4.940567 3e-06 0.0 -1e-06 -4.157499 4.129347 6.1655 -0.040868 -0.041981 5.029732 3.546441 5.345232 -5.56415 1.638538 -1.919876 0.395687 0.0 -0.0 2e-06 -2.785278 -3.259452 -21.193338 -0.091636 -0.379002 55.329708 -1.491891 3.476256 8.870779 -1.399869 0.864141 -3.672984 0.0 -0.0 -1e-06 
0.0 0.0 0.0 0.0 -0.0 0.0 -0.227209 99.402428 154.176254 0.291998 -3.779244 -5.751047 -1.719602 -0.184298 2.637723 -0.493404 -0.817805 -3.744695 0.227517 -2.8731 10.971532 2.931467 1.398711 5.800436 -0.28732 1.668832 -3.561953 1.010438 1.206937 -13.80792 7.7e-05 -2.2e-05 6e-06 0.03022 0.026492 0.080698 0.654714 -3.712486 -10.520629 -0.596601 3.767919 -10.500649 -14.576491 -6.870536 13.04396 -55.694862 -14.797673 7.806672 -0.000176 -31.496595 0.094668 -0.755131 4.298059 -5.614245 -5.882102 9.861279 0.70259 -10.936861 -0.360574 7.156197 0.0 8.774815 -0.0 -15.799767 18.513714 6.37646 -1.844031 2.498503 -2.507276 -10.16359 4.678941 4.621104 -20.975996 -1e-06 1e-06 -21.226254 2.451698 -3.593995 0.0 -6e-06 -0.0 -1.362681 2.240797 -0.746323 -21.334892 0.58491 3.008319 -13.821196 -1e-06 1e-06 -23.887129 -0.249075 -0.839485 -60.502453 2.709483 -1.092512 -0.294025 1.679686 0.833255 -14.218195 0.093215 1.300579 -34.212002 -0.287561 0.967166 -20.033176 0.964536 1.212838 0.0 -0.0 0.0 -3.440387 0.788233 0.501655 -15.928172 -3.167306 2.999703 -6.338817 -0.0 1e-06 -18.123419 3.648181 -4.905662 -4e-06 0.0 -2e-06 12.347839 8.217979 13.969911 66.556839 6.071515 6.798107 0.133066 26.394182 -0.054583 4.620763 2.21479 -7.078278 2.24354 -5.255033 -3.180156 14.282877 -0.826594 6.952496 -0.0 -12.690593 -1e-06 16.515444 -17.87838 2.622528 1.665665 -1.95592 -2.878297 4.727794 -4.170584 4.993919 11.020511 1e-06 -0.0 12.109032 -3.735715 -2.866778 0.0 -0.0 0.0 1.291985 -1.928548 -1.498088 14.800115 0.567467 3.865604 14.242553 -1.341738 -6.660648 19.631935 0.143921 -0.648243 49.941048 -0.65708 -6.423498 0.353029 -1.51115 -0.03194 20.222769 3.684305 2.316629 18.787249 1e-06 -1e-06 10.751608 -0.47987 1.397903 0.0 -0.0 0.0 3.273804 0.305947 -0.58011 21.48679 11.830364 2.266131 8.162915 0.0 -0.0 18.399052 -3.798986 -4.940567 3e-06 0.0 -1e-06 -3.652534 4.479782 10.086082 -0.063862 0.054428 2.928334 3.198046 4.528918 -7.206988 1.648131 -1.932256 0.458175 0.0 -0.0 2e-06 -1.737984 -3.869159 -23.152424 -0.034949 -0.207791 42.793774 0.57355 3.217541 9.610723 -1.420039 0.897655 -3.834951 0.0 -0.0 -1e-06 
0.0 0.0 0.0 0.0 -0.0 0.0 -0.387695 98.737183 158.593445 0.391938 -2.928972 -5.582081 -2.13537 -0.18258 2.708712 -0.57383 -1.289203 -3.720852 0.210789 -3.209464 11.071813 3.685601 0.887922 5.722505 -0.324308 1.568531 -3.508113 0.806971 1.226756 -13.90718 7.7e-05 -2.2e-05 6e-06 0.014071 0.007854 0.099723 0.632811 -3.735721 -10.522543 -0.606998 3.753654 -10.502093 -13.507599 -7.882381 13.216769 -55.099545 -16.613379 7.746165 0.211077 -32.597122 0.038622 -0.619306 4.123405 -6.153827 -5.882102 9.861279 0.70259 -10.936861 -0.360574 7.156197 0.0 8.774815 -0.0 -15.779455 18.471136 6.373293 -1.844031 2.498503 -2.507276 -10.16359 4.678941 4.621104 -20.975996 -1e-06 1e-06 -21.226254 2.451698 -3.593995 0.0 -6e-06 -0.0 -1.362681 2.240797 -0.746323 -21.334892 0.58491 3.008319 -13.821196 -1e-06 1e-06 -23.887129 -0.249075 -0.839485 -60.514828 2.752645 -1.128286 -0.294025 1.679686 0.833255 -14.218195 0.093215 1.300579 -34.212002 -0.287561 0.967166 -20.033176 0.964536 1.212838 0.0 -0.0 0.0 -3.440387 0.788233 0.501655 -15.928172 -3.167306 2.999703 -6.338817 -0.0 1e-06 -18.123419 3.648181 -4.905662 -4e-06 0.0 -2e-06 12.274372 7.390769 13.728708 67.039108 5.331182 5.856343 -0.084939 26.976585 -0.085028 4.24116 2.429017 -7.915989 2.24354 -5.255033 -3.180156 14.282877 -0.826594 6.952496 -0.0 -12.690593 -1e-06 16.585857 -17.888445 2.636681 1.665665 -1.95592 -2.878297 4.727794 -4.170584 4.993919 11.020511 1e-06 -0.0 12.109032 -3.735715 -2.866778 0.0 -0.0 0.0 1.291985 -1.928548 -1.498088 14.800115 0.567467 3.865604 14.242553 -1.341738 -6.660648 19.631935 0.143921 -0.648243 50.232746 -0.666981 -6.381258 0.353029 -1.51115 -0.03194 20.222769 3.684305 2.316629 18.787249 1e-06 -1e-06 10.751608 -0.47987 1.397903 0.0 -0.0 0.0 3.273804 0.305947 -0.58011 21.48679 11.830364 2.266131 8.162915 0.0 -0.0 18.399052 -3.798986 -4.940567 3e-06 0.0 -1e-06 -3.552793 4.482466 13.241652 -0.069471 0.145165 2.161897 2.87438 4.19993 -9.405249 1.649782 -2.000307 0.460793 0.0 -0.0 2e-06 -1.419084 -4.221711 -23.636757 0.113547 -0.076546 27.375977 2.341548 2.78862 11.260727 -1.437187 0.959808 -3.830465 0.0 -0.0 -1e-06 
0.0 0.0 0.0 0.0 -0.0 0.0 -0.630967 97.79258 163.160629 0.763719 -2.007831 -5.337965 -2.601655 -0.153194 2.749325 -0.716996 -1.567805 -3.801517 -0.005696 -3.542616 11.215691 4.518354 0.532026 5.465112 -0.360109 1.175333 -3.479153 0.573603 0.983412 -14.010355 7.7e-05 -2.2e-05 6e-06 0.007798 0.039666 0.101636 0.635216 -3.704423 -10.550076 -0.622325 3.789134 -10.540236 -12.662094 -8.830529 13.316935 -54.619385 -18.206249 7.505292 0.596096 -33.436966 -0.111229 -0.99574 4.217315 -6.189966 -5.882102 9.861279 0.70259 -10.936861 -0.360574 7.156197 0.0 8.774815 -0.0 -15.876022 18.479221 6.400986 -1.844031 2.498503 -2.507276 -10.16359 4.678941 4.621104 -20.975996 -1e-06 1e-06 -21.226254 2.451698 -3.593995 0.0 -6e-06 -0.0 -1.362681 2.240797 -0.746323 -21.334892 0.58491 3.008319 -13.821196 -1e-06 1e-06 -23.887129 -0.249075 -0.839485 -60.71875 2.701245 -1.296209 -0.294025 1.679686 0.833255 -14.218195 0.093215 1.300579 -34.212002 -0.287561 0.967166 -20.033176 0.964536 1.212838 0.0 -0.0 0.0 -3.440387 0.788233 0.501655 -15.928172 -3.167306 2.999703 -6.338817 -0.0 1e-06 -18.123419 3.648181 -4.905662 -4e-06 0.0 -2e-06 12.236364 6.704338 13.42425 67.745369 4.700245 4.24237 -0.22103 26.661375 -0.074804 3.737814 2.578969 -8.459327 2.24354 -5.255033 -3.180156 14.282877 -0.826594 6.952496 -0.0 -12.690593 -1e-06 16.549084 -17.961081 2.746695 1.665665 -1.95592 -2.878297 4.727794 -4.170584 4.993919 11.020511 1e-06 -0.0 12.109032 -3.735715 -2.866778 0.0 -0.0 0.0 1.291985 -1.928548 -1.498088 14.800115 0.567467 3.865604 14.242553 -1.341738 -6.660648 19.631935 0.143921 -0.648243 50.736877 -0.694838 -6.322492 0.353029 -1.51115 -0.03194 20.222769 3.684305 2.316629 18.787249 1e-06 -1e-06 10.751608 -0.47987 1.397903 0.0 -0.0 0.0 3.273804 0.305947 -0.58011 21.48679 11.830364 2.266131 8.162915 0.0 -0.0 18.399052 -3.798986 -4.940567 3e-06 0.0 -1e-06 -3.671042 4.425696 16.124691 -0.023927 0.173378 2.064948 2.665685 3.78047 -11.821612 1.658079 -2.051857 0.218479 0.0 -0.0 2e-06 -1.792651 -3.602823 -23.41321 0.302296 -0.115749 11.683105 3.658406 1.949446 11.616096 -1.404342 1.021382 -3.751642 0.0 -0.0 -1e-06 
0.0 0.0 0.0 0.0 -0.0 0.0 -1.002347 96.765076 167.777679 0.717417 -1.290744 -4.701443 -2.661319 -0.08669 2.487224 -0.802321 -1.730575 -3.935267 -0.160519 -3.720757 11.458415 5.304429 0.301076 4.867192 -0.488621 0.74056 -3.531652 0.36362 0.503462 -13.851892 7.7e-05 -2.2e-05 6e-06 0.017631 0.059807 0.065216 0.643425 -3.680709 -10.577649 -0.611215 3.809192 -10.583315 -12.845382 -9.42356 12.755849 -53.654427 -19.054075 6.939268 0.604649 -34.273956 -0.021599 -1.590436 4.539865 -5.817416 -5.882102 9.861279 0.70259 -10.936861 -0.360574 7.156197 0.0 8.774815 -0.0 -15.98584 18.467215 6.383252 -1.844031 2.498503 -2.507276 -10.16359 4.678941 4.621104 -20.975996 -1e-06 1e-06 -21.226254 2.451698 -3.593995 0.0 -6e-06 -0.0 -1.362681 2.240797 -0.746323 -21.334892 0.58491 3.008319 -13.821196 -1e-06 1e-06 -23.887129 -0.249075 -0.839485 -60.860306 2.650433 -1.45488 -0.294025 1.679686 0.833255 -14.218195 0.093215 1.300579 -34.212002 -0.287561 0.967166 -20.033176 0.964536 1.212838 0.0 -0.0 0.0 -3.440387 0.788233 0.501655 -15.928172 -3.167306 2.999703 -6.338817 -0.0 1e-06 -18.123419 3.648181 -4.905662 -4e-06 0.0 -2e-06 13.192959 6.311408 13.077711 67.399544 4.007111 2.335931 -0.300335 25.66021 -0.09717 3.548532 2.365642 -8.591289 2.24354 -5.255033 -3.180156 14.282877 -0.826594 6.952496 -0.0 -12.690593 -1e-06 16.31065 -17.956047 2.816814 1.665665 -1.95592 -2.878297 4.727794 -4.170584 4.993919 11.020511 1e-06 -0.0 12.109032 -3.735715 -2.866778 0.0 -0.0 0.0 1.291985 -1.928548 -1.498088 14.800115 0.567467 3.865604 14.242553 -1.341738 -6.660648 19.631935 0.143921 -0.648243 50.602276 -0.831619 -6.444137 0.353029 -1.51115 -0.03194 20.222769 3.684305 2.316629 18.787249 1e-06 -1e-06 10.751608 -0.47987 1.397903 0.0 -0.0 0.0 3.273804 0.305947 -0.58011 21.48679 11.830364 2.266131 8.162915 0.0 -0.0 18.399052 -3.798986 -4.940567 3e-06 0.0 -1e-06 -3.188466 4.39989 18.72677 -0.018088 0.225091 1.77663 2.543676 3.118683 -13.968524 1.716884 -1.953385 -0.066535 0.0 -0.0 2e-06 -2.05674 -2.123715 -24.505644 0.236229 -0.106221 0.531929 4.043047 0.148885 10.488521 -1.354689 1.086065 -3.704516 0.0 -0.0 -1e-06 
0.0 0.0 0.0 0.0 -0.0 0.0 -1.426338 95.6408 172.500916 0.553005 -0.671278 -4.087773 -2.6789 -0.076554 2.253139 -0.843583 -1.916862 -3.99949 -0.135125 -3.645877 11.681339 5.875451 0.275893 4.19289 -0.544849 0.376424 -3.510682 0.061091 0.215225 -14.091914 7.7e-05 -2.2e-05 6e-06 0.022649 0.030609 0.060383 0.631633 -3.70368 -10.559058 -0.588681 3.774704 -10.552461 -13.493613 -9.677861 12.290807 -52.966969 -19.680056 5.431153 -0.020031 -35.015968 0.241159 -1.739114 4.862345 -5.086456 -5.882102 9.861279 0.70259 -10.936861 -0.360574 7.156197 0.0 8.774815 -0.0 -16.033686 18.49432 6.396427 -1.844031 2.498503 -2.507276 -10.16359 4.678941 4.621104 -20.975996 -1e-06 1e-06 -21.226254 2.451698 -3.593995 0.0 -6e-06 -0.0 -1.362681 2.240797 -0.746323 -21.334892 0.58491 3.008319 -13.821196 -1e-06 1e-06 -23.887129 -0.249075 -0.839485 -61.040745 2.643263 -1.25205 -0.294025 1.679686 0.833255 -14.218195 0.093215 1.300579 -34.212002 -0.287561 0.967166 -20.033176 0.964536 1.212838 0.0 -0.0 0.0 -3.440387 0.788233 0.501655 -15.928172 -3.167306 2.999703 -6.338817 -0.0 1e-06 -18.123419 3.648181 -4.905662 -4e-06 0.0 -2e-06 14.392634 6.214371 12.953383 66.673309 3.808074 0.662432 -0.292492 23.789768 -0.15096 3.613088 1.913281 -8.440757 2.24354 -5.255033 -3.180156 14.282877 -0.826594 6.952496 -0.0 -12.690593 -1e-06 16.271292 -17.924307 2.708108 1.665665 -1.95592 -2.878297 4.727794 -4.170584 4.993919 11.020511 1e-06 -0.0 12.109032 -3.735715 -2.866778 0.0 -0.0 0.0 1.291985 -1.928548 -1.498088 14.800115 0.567467 3.865604 14.242553 -1.341738 -6.660648 19.631935 0.143921 -0.648243 50.24007 -0.671907 -6.637532 0.353029 -1.51115 -0.03194 20.222769 3.684305 2.316629 18.787249 1e-06 -1e-06 10.751608 -0.47987 1.397903 0.0 -0.0 0.0 3.273804 0.305947 -0.58011 21.48679 11.830364 2.266131 8.162915 0.0 -0.0 18.399052 -3.798986 -4.940567 3e-06 0.0 -1e-06 -2.534031 4.295081 21.225769 -0.068293 0.210292 1.756911 2.146297 2.616382 -15.693159 1.759035 -1.891355 -0.440781 0.0 -0.0 2e-06 -1.852871 -1.73147 -27.31144 0.08379 -0.008443 -2.563783 4.241895 -1.324093 8.263064 -1.36712 1.035179 -3.897768 0.0 -0.0 -1e-06 
0.0 0.0 0.0 0.0 -0.0 0.0 -1.903199 94.568115 177.535995 0.612325 0.093129 -3.664865 -2.947088 -0.137089 2.084423 -0.852293 -2.113592 -4.026134 -0.025325 -3.597013 11.686013 6.230901 0.254704 3.673608 -0.654737 0.259533 -3.444252 -0.111967 -0.0299 -14.618205 7.7e-05 -2.2e-05 6e-06 0.021227 0.013507 0.075132 0.634593 -3.723191 -10.543401 -0.593673 3.758243 -10.521083 -13.334453 -9.819036 12.356014 -53.817539 -20.093777 4.449376 -0.405301 -35.390026 0.33189 -1.341371 4.762593 -4.554434 -5.882102 9.861279 0.70259 -10.936861 -0.360574 7.156197 0.0 8.774815 -0.0 -16.096657 18.42037 6.343162 -1.844031 2.498503 -2.507276 -10.16359 4.678941 4.621104 -20.975996 -1e-06 1e-06 -21.226254 2.451698 -3.593995 0.0 -6e-06 -0.0 -1.362681 2.240797 -0.746323 -21.334892 0.58491 3.008319 -13.821196 -1e-06 1e-06 -23.887129 -0.249075 -0.839485 -61.256977 2.694586 -1.144701 -0.294025 1.679686 0.833255 -14.218195 0.093215 1.300579 -34.212002 -0.287561 0.967166 -20.033176 0.964536 1.212838 0.0 -0.0 0.0 -3.440387 0.788233 0.501655 -15.928172 -3.167306 2.999703 -6.338817 -0.0 1e-06 -18.123419 3.648181 -4.905662 -4e-06 0.0 -2e-06 14.862953 6.262564 13.08312 66.652931 3.85587 -0.39739 -0.365284 21.471832 -0.164138 3.842522 1.400596 -8.415244 2.24354 -5.255033 -3.180156 14.282877 -0.826594 6.952496 -0.0 -12.690593 -1e-06 16.398853 -17.936069 2.592119 1.665665 -1.95592 -2.878297 4.727794 -4.170584 4.993919 11.020511 1e-06 -0.0 12.109032 -3.735715 -2.866778 0.0 -0.0 0.0 1.291985 -1.928548 -1.498088 14.800115 0.567467 3.865604 14.242553 -1.341738 -6.660648 19.631935 0.143921 -0.648243 50.047123 -0.384674 -6.649072 0.353029 -1.51115 -0.03194 20.222769 3.684305 2.316629 18.787249 1e-06 -1e-06 10.751608 -0.47987 1.397903 0.0 -0.0 0.0 3.273804 0.305947 -0.58011 21.48679 11.830364 2.266131 8.162915 0.0 -0.0 18.399052 -3.798986 -4.940567 3e-06 0.0 -1e-06 -2.131174 3.892939 23.968426 -0.05401 0.104013 1.736583 1.650772 2.077673 -15.806826 1.78953 -1.886858 -1.42391 0.0 -0.0 2e-06 -1.51494 -2.411431 -28.666834 0.104743 0.104206 -2.172951 4.530341 -1.919988 6.860692 -1.384149 1.010448 -3.995187 0.0 -0.0 -1e-06 
0.0 0.0 0.0 0.0 -0.0 0.0 -2.483148 93.737305 182.869308 0.230389 1.016369 -2.974095 -3.015697 -0.085517 1.582558 -0.776373 -2.419278 -4.113402 0.277476 -3.665618 11.485158 6.345824 0.218685 3.189532 -0.784612 0.105751 -3.461582 -0.014644 -0.276912 -14.703007 7.7e-05 -2.2e-05 6e-06 0.010154 0.002286 0.09815 0.632136 -3.743326 -10.506661 -0.612295 3.753014 -10.472983 -13.229313 -9.865786 12.696271 -55.034206 -19.807381 4.456396 -0.473015 -35.529629 0.322469 -1.163644 4.670635 -4.492095 -5.882102 9.861279 0.70259 -10.936861 -0.360574 7.156197 0.0 8.774815 -0.0 -16.20002 18.349346 6.339819 -1.844031 2.498503 -2.507276 -10.16359 4.678941 4.621104 -20.975996 -1e-06 1e-06 -21.226254 2.451698 -3.593995 0.0 -6e-06 -0.0 -1.362681 2.240797 -0.746323 -21.334892 0.58491 3.008319 -13.821196 -1e-06 1e-06 -23.887129 -0.249075 -0.839485 -61.331734 2.627798 -1.015872 -0.294025 1.679686 0.833255 -14.218195 0.093215 1.300579 -34.212002 -0.287561 0.967166 -20.033176 0.964536 1.212838 0.0 -0.0 0.0 -3.440387 0.788233 0.501655 -15.928172 -3.167306 2.999703 -6.338817 -0.0 1e-06 -18.123419 3.648181 -4.905662 -4e-06 0.0 -2e-06 15.319488 6.312418 13.188044 66.626503 3.562131 -0.887628 -0.41104 19.390604 -0.119405 4.128382 1.044305 -8.881327 2.24354 -5.255033 -3.180156 14.282877 -0.826594 6.952496 -0.0 -12.690593 -1e-06 16.332623 -17.885908 2.592317 1.665665 -1.95592 -2.878297 4.727794 -4.170584 4.993919 11.020511 1e-06 -0.0 12.109032 -3.735715 -2.866778 0.0 -0.0 0.0 1.291985 -1.928548 -1.498088 14.800115 0.567467 3.865604 14.242553 -1.341738 -6.660648 19.631935 0.143921 -0.648243 50.043823 -0.244574 -6.425838 0.353029 -1.51115 -0.03194 20.222769 3.684305 2.316629 18.787249 1e-06 -1e-06 10.751608 -0.47987 1.397903 0.0 -0.0 0.0 3.273804 0.305947 -0.58011 21.48679 11.830364 2.266131 8.162915 0.0 -0.0 18.399052 -3.798986 -4.940567 3e-06 0.0 -1e-06 -0.819826 3.662904 25.925449 0.02407 -0.19316 3.064337 1.002412 0.903784 -14.222878 1.834543 -1.914083 -3.795051 0.0 -0.0 2e-06 -0.869394 -2.569021 -28.828951 0.215813 0.16262 1.171136 3.355646 -1.20284 6.632825 -1.399785 1.07744 -4.394952 0.0 -0.0 -1e-06 
0.0 0.0 0.0 0.0 -0.0 0.0 -3.236423 93.457069 188.371902 -1.714612 1.821791 -1.441223 -1.889523 -0.101025 0.412859 -0.703328 -2.352779 -4.516754 1.043795 -3.891181 11.401117 6.244052 0.397093 2.249765 -0.88746 -0.06286 -3.481329 -0.089786 -0.61121 -13.915895 7.7e-05 -2.2e-05 6e-06 -0.004977 -0.02646 0.083179 0.613091 -3.765874 -10.461675 -0.619722 3.718487 -10.44014 -15.223225 -9.606327 12.652838 -54.252144 -18.321423 5.124279 -0.477762 -35.565475 0.225046 -1.612045 4.659152 -4.806768 -5.882102 9.861279 0.70259 -10.936861 -0.360574 7.156197 0.0 8.774815 -0.0 -16.234001 18.342634 6.346986 -1.844031 2.498503 -2.507276 -10.16359 4.678941 4.621104 -20.975996 -1e-06 1e-06 -21.226254 2.451698 -3.593995 0.0 -6e-06 -0.0 -1.362681 2.240797 -0.746323 -21.334892 0.58491 3.008319 -13.821196 -1e-06 1e-06 -23.887129 -0.249075 -0.839485 -61.101337 2.51575 -0.892843 -0.294025 1.679686 0.833255 -14.218195 0.093215 1.300579 -34.212002 -0.287561 0.967166 -20.033176 0.964536 1.212838 0.0 -0.0 0.0 -3.440387 0.788233 0.501655 -15.928172 -3.167306 2.999703 -6.338817 -0.0 1e-06 -18.123419 3.648181 -4.905662 -4e-06 0.0 -2e-06 17.292784 6.300057 12.874269 64.996437 2.690434 -1.377723 -0.394907 17.664108 -0.068151 4.450943 0.653512 -8.581537 2.24354 -5.255033 -3.180156 14.282877 -0.826594 6.952496 -0.0 -12.690593 -1e-06 16.146461 -17.781464 2.602831 1.665665 -1.95592 -2.878297 4.727794 -4.170584 4.993919 11.020511 1e-06 -0.0 12.109032 -3.735715 -2.866778 0.0 -0.0 0.0 1.291985 -1.928548 -1.498088 14.800115 0.567467 3.865604 14.242553 -1.341738 -6.660648 19.631935 0.143921 -0.648243 49.99789 -0.217126 -6.360827 0.353029 -1.51115 -0.03194 20.222769 3.684305 2.316629 18.787249 1e-06 -1e-06 10.751608 -0.47987 1.397903 0.0 -0.0 0.0 3.273804 0.305947 -0.58011 21.48679 11.830364 2.266131 8.162915 0.0 -0.0 18.399052 -3.798986 -4.940567 3e-06 0.0 -1e-06 2.974418 4.306931 25.16634 0.076749 -0.539876 7.780223 0.129961 -1.324434 -11.953427 1.939793 -1.862565 -8.158445 0.0 -0.0 2e-06 1.140789 -0.960024 -30.333355 0.194749 0.117385 6.55522 0.604493 -0.177511 11.526858 -1.410353 1.128951 -4.728295 0.0 -0.0 -1e-06 
0.0 0.0 0.0 0.0 -0.0 0.0 -4.129185 93.49157 194.022766 -3.722689 2.205075 -0.21541 -0.960262 -0.138008 -0.507348 -0.537026 -2.428943 -4.888254 2.212666 -3.91094 11.261705 5.849814 0.66589 1.114929 -1.034166 0.433418 -3.553528 -0.232969 -0.818057 -13.510314 7.7e-05 -2.2e-05 6e-06 -0.014939 -0.065578 0.035902 0.641543 -3.815656 -10.541367 -0.665908 3.690572 -10.515987 -17.488047 -9.081017 12.478712 -53.684361 -16.05949 5.559324 -0.463719 -34.733681 0.189261 -1.590302 4.131178 -5.213609 -5.882102 9.861279 0.70259 -10.936861 -0.360574 7.156197 0.0 8.774815 -0.0 -16.483526 18.200422 6.124557 -1.844031 2.498503 -2.507276 -10.16359 4.678941 4.621104 -20.975996 -1e-06 1e-06 -21.226254 2.451698 -3.593995 0.0 -6e-06 -0.0 -1.362681 2.240797 -0.746323 -21.334892 0.58491 3.008319 -13.821196 -1e-06 1e-06 -23.887129 -0.249075 -0.839485 -60.8923 2.337137 -0.725959 -0.294025 1.679686 0.833255 -14.218195 0.093215 1.300579 -34.212002 -0.287561 0.967166 -20.033176 0.964536 1.212838 0.0 -0.0 0.0 -3.440387 0.788233 0.501655 -15.928172 -3.167306 2.999703 -6.338817 -0.0 1e-06 -18.123419 3.648181 -4.905662 -4e-06 0.0 -2e-06 18.726072 6.737985 12.754878 63.630249 2.243388 -1.455412 -0.462195 15.839581 -0.116599 4.772853 0.136979 -6.877103 2.24354 -5.255033 -3.180156 14.282877 -0.826594 6.952496 -0.0 -12.690593 -1e-06 16.190163 -17.69854 2.470621 1.665665 -1.95592 -2.878297 4.727794 -4.170584 4.993919 11.020511 1e-06 -0.0 12.109032 -3.735715 -2.866778 0.0 -0.0 0.0 1.291985 -1.928548 -1.498088 14.800115 0.567467 3.865604 14.242553 -1.341738 -6.660648 19.631935 0.143921 -0.648243 49.898777 -0.207369 -6.36724 0.353029 -1.51115 -0.03194 20.222769 3.684305 2.316629 18.787249 1e-06 -1e-06 10.751608 -0.47987 1.397903 0.0 -0.0 0.0 3.273804 0.305947 -0.58011 21.48679 11.830364 2.266131 8.162915 0.0 -0.0 18.399052 -3.798986 -4.940567 3e-06 0.0 -1e-06 6.860775 4.958876 22.670305 0.047315 -0.72746 15.866592 -0.819982 -3.189921 -6.953326 2.062402 -1.76625 -15.337487 0.0 -0.0 2e-06 3.293317 0.946838 -32.618107 0.105136 0.094939 13.543894 -0.147795 -1.023585 16.956366 -1.421505 1.136528 -3.213864 0.0 -0.0 -1e-06 
0.0 0.0 0.0 0.0 -0.0 0.0 -4.852674 93.984619 199.716766 -4.839636 1.917813 -0.071047 -0.504318 -0.0444 -0.565434 -0.300642 -2.650033 -4.957623 2.96724 -3.694566 10.978456 5.216669 1.023434 0.591695 -0.970968 0.602335 -3.583733 -0.223642 -0.616204 -14.170161 7.7e-05 -2.2e-05 6e-06 -0.007646 -0.041022 0.024262 0.683286 -3.771955 -10.53487 -0.693583 3.697249 -10.50625 -17.704037 -8.658891 12.872149 -55.677208 -14.556269 5.473809 0.026159 -31.378719 0.043557 -1.230345 3.851454 -6.577365 -5.882102 9.861279 0.70259 -10.936861 -0.360574 7.156197 0.0 8.774815 -0.0 -16.584442 18.128029 5.894237 -1.844031 2.498503 -2.507276 -10.16359 4.678941 4.621104 -20.975996 -1e-06 1e-06 -21.226254 2.451698 -3.593995 0.0 -6e-06 -0.0 -1.362681 2.240797 -0.746323 -21.334892 0.58491 3.008319 -13.821196 -1e-06 1e-06 -23.887129 -0.249075 -0.839485 -60.671055 2.217467 -0.813128 -0.294025 1.679686 0.833255 -14.218195 0.093215 1.300579 -34.212002 -0.287561 0.967166 -20.033176 0.964536 1.212838 0.0 -0.0 0.0 -3.440387 0.788233 0.501655 -15.928172 -3.167306 2.999703 -6.338817 -0.0 1e-06 -18.123419 3.648181 -4.905662 -4e-06 0.0 -2e-06 17.839607 7.463449 13.126708 64.382851 2.923767 -1.000386 -0.540144 14.464779 -0.107385 4.919603 -0.780035 -5.912491 2.24354 -5.255033 -3.180156 14.282877 -0.826594 6.952496 -0.0 -12.690593 -1e-06 16.254845 -17.805195 2.384508 1.665665 -1.95592 -2.878297 4.727794 -4.170584 4.993919 11.020511 1e-06 -0.0 12.109032 -3.735715 -2.866778 0.0 -0.0 0.0 1.291985 -1.928548 -1.498088 14.800115 0.567467 3.865604 14.242553 -1.341738 -6.660648 19.631935 0.143921 -0.648243 49.764576 -0.203544 -6.362771 0.353029 -1.51115 -0.03194 20.222769 3.684305 2.316629 18.787249 1e-06 -1e-06 10.751608 -0.47987 1.397903 0.0 -0.0 0.0 3.273804 0.305947 -0.58011 21.48679 11.830364 2.266131 8.162915 0.0 -0.0 18.399052 -3.798986 -4.940567 3e-06 0.0 -1e-06 8.982452 5.369566 18.854374 0.012777 -0.974041 27.165125 -1.27553 -3.574987 2.306373 2.203368 -1.63488 -22.034748 0.0 -0.0 2e-06 4.933619 2.007971 -32.640438 0.030223 -0.013761 19.7609 0.271727 -1.204213 15.573369 -1.393458 1.130895 -1.391796 0.0 -0.0 -1e-06 
0.0 0.0 0.0 0.0 -0.0 0.0 -5.486397 94.823509 205.115692 -5.431808 1.832973 -0.633504 -0.138193 0.105343 -0.037615 -0.120768 -2.574545 -4.72693 3.160163 -3.738689 10.628858 4.835787 1.184129 0.506246 -0.911105 0.511598 -3.548358 -0.124464 -0.075714 -14.930951 7.7e-05 -2.2e-05 6e-06 0.005798 -0.015768 0.008128 0.704584 -3.744252 -10.531822 -0.689709 3.715255 -10.487826 -16.893251 -8.843559 13.341021 -58.313889 -14.037536 5.174853 0.302807 -25.479055 -0.021753 -1.927307 4.842156 -6.323393 -5.882102 9.861279 0.70259 -10.936861 -0.360574 7.156197 0.0 8.774815 -0.0 -16.749107 17.822088 5.689485 -1.844031 2.498503 -2.507276 -10.16359 4.678941 4.621104 -20.975996 -1e-06 1e-06 -21.226254 2.451698 -3.593995 0.0 -6e-06 -0.0 -1.362681 2.240797 -0.746323 -21.334892 0.58491 3.008319 -13.821196 -1e-06 1e-06 -23.887129 -0.249075 -0.839485 -60.662552 2.098135 -0.809167 -0.294025 1.679686 0.833255 -14.218195 0.093215 1.300579 -34.212002 -0.287561 0.967166 -20.033176 0.964536 1.212838 0.0 -0.0 0.0 -3.440387 0.788233 0.501655 -15.928172 -3.167306 2.999703 -6.338817 -0.0 1e-06 -18.123419 3.648181 -4.905662 -4e-06 0.0 -2e-06 16.125254 8.028736 13.327435 65.76358 3.905062 0.394195 -0.544978 14.425604 -0.057144 5.061565 -1.263395 -5.967172 2.24354 -5.255033 -3.180156 14.282877 -0.826594 6.952496 -0.0 -12.690593 -1e-06 16.287737 -17.861454 2.437987 1.665665 -1.95592 -2.878297 4.727794 -4.170584 4.993919 11.020511 1e-06 -0.0 12.109032 -3.735715 -2.866778 0.0 -0.0 0.0 1.291985 -1.928548 -1.498088 14.800115 0.567467 3.865604 14.242553 -1.341738 -6.660648 19.631935 0.143921 -0.648243 49.728863 -0.191865 -6.330507 0.353029 -1.51115 -0.03194 20.222769 3.684305 2.316629 18.787249 1e-06 -1e-06 10.751608 -0.47987 1.397903 0.0 -0.0 0.0 3.273804 0.305947 -0.58011 21.48679 11.830364 2.266131 8.162915 0.0 -0.0 18.399052 -3.798986 -4.940567 3e-06 0.0 -1e-06 10.054729 5.110958 13.158695 -0.077485 -1.002168 40.532974 -1.776951 -2.521191 13.102015 2.068726 -1.618703 -17.125887 0.0 -0.0 2e-06 6.339556 1.832551 -30.326731 0.092991 -0.04548 23.842918 -0.424656 -1.300804 9.436121 -1.409328 1.057983 -0.545889 0.0 -0.0 -1e-06 
0.0 0.0 0.0 0.0 -0.0 0.0 -6.015084 95.726219 210.054657 -5.938403 2.456785 -1.22718 0.260713 0.131579 0.523117 -0.034612 -2.293439 -4.565797 3.167667 -3.919007 10.56236 4.612186 1.065925 0.579237 -0.841177 0.523635 -3.612458 0.081891 -0.127969 -15.284005 7.7e-05 -2.2e-05 6e-06 -0.001145 -0.024833 -0.025932 0.685199 -3.750166 -10.525185 -0.684959 3.696909 -10.472133 -16.619757 -9.10718 13.94447 -59.525864 -14.56608 6.457801 0.690728 -19.358196 -0.080021 -4.397435 8.58182 -3.936604 -5.882102 9.861279 0.70259 -10.936861 -0.360574 7.156197 0.0 8.774815 -0.0 -17.112137 17.677525 5.571902 -1.844031 2.498503 -2.507276 -10.16359 4.678941 4.621104 -20.975996 -1e-06 1e-06 -21.226254 2.451698 -3.593995 0.0 -6e-06 -0.0 -1.362681 2.240797 -0.746323 -21.334892 0.58491 3.008319 -13.821196 -1e-06 1e-06 -23.887129 -0.249075 -0.839485 -60.615429 2.130682 -0.64821 -0.294025 1.679686 0.833255 -14.218195 0.093215 1.300579 -34.212002 -0.287561 0.967166 -20.033176 0.964536 1.212838 0.0 -0.0 0.0 -3.440387 0.788233 0.501655 -15.928172 -3.167306 2.999703 -6.338817 -0.0 1e-06 -18.123419 3.648181 -4.905662 -4e-06 0.0 -2e-06 15.040421 8.263539 13.32895 66.166298 4.655113 1.403037 -0.202879 16.333038 0.002617 4.937946 -1.396117 -5.927101 2.24354 -5.255033 -3.180156 14.282877 -0.826594 6.952496 -0.0 -12.690593 -1e-06 16.265057 -17.803812 2.537935 1.665665 -1.95592 -2.878297 4.727794 -4.170584 4.993919 11.020511 1e-06 -0.0 12.109032 -3.735715 -2.866778 0.0 -0.0 0.0 1.291985 -1.928548 -1.498088 14.800115 0.567467 3.865604 14.242553 -1.341738 -6.660648 19.631935 0.143921 -0.648243 49.938614 -0.208641 -6.188402 0.353029 -1.51115 -0.03194 20.222769 3.684305 2.316629 18.787249 1e-06 -1e-06 10.751608 -0.47987 1.397903 0.0 -0.0 0.0 3.273804 0.305947 -0.58011 21.48679 11.830364 2.266131 8.162915 0.0 -0.0 18.399052 -3.798986 -4.940567 3e-06 0.0 -1e-06 10.439002 4.18922 6.217925 -0.043194 -0.979126 52.839676 -1.648413 0.490605 20.594107 1.924326 -1.901003 -5.902185 0.0 -0.0 2e-06 7.534873 0.793772 -26.338562 0.074182 -0.053405 24.114052 -0.970716 -1.346636 4.746983 -1.423062 0.977677 0.027494 0.0 -0.0 -1e-06 
0.0 0.0 0.0 0.0 -0.0 0.0 -6.405842 96.823586 214.704102 -6.194277 3.225319 -1.690017 0.589364 0.181251 0.865795 0.00257 -1.998841 -4.43251 2.96109 -3.915838 10.758946 4.575903 0.870764 0.710564 -0.82115 0.469003 -3.607157 0.302531 -0.497368 -15.560658 7.7e-05 -2.2e-05 6e-06 -0.010092 -0.035922 -0.027049 0.672656 -3.767556 -10.535909 -0.690131 3.690654 -10.487882 -17.068495 -8.971066 14.443922 -59.406055 -14.650451 8.405335 0.941373 -16.108276 -0.080027 -6.997618 12.086545 -1.572776 -5.882102 9.861279 0.70259 -10.936861 -0.360574 7.156197 0.0 8.774815 -0.0 -17.225904 17.718973 5.581011 -1.844031 2.498503 -2.507276 -10.16359 4.678941 4.621104 -20.975996 -1e-06 1e-06 -21.226254 2.451698 -3.593995 0.0 -6e-06 -0.0 -1.362681 2.240797 -0.746323 -21.334892 0.58491 3.008319 -13.821196 -1e-06 1e-06 -23.887129 -0.249075 -0.839485 -60.427742 2.248022 -0.626746 -0.294025 1.679686 0.833255 -14.218195 0.093215 1.300579 -34.212002 -0.287561 0.967166 -20.033176 0.964536 1.212838 0.0 -0.0 0.0 -3.440387 0.788233 0.501655 -15.928172 -3.167306 2.999703 -6.338817 -0.0 1e-06 -18.123419 3.648181 -4.905662 -4e-06 0.0 -2e-06 14.900829 8.185717 13.288419 65.476845 5.371116 1.870679 -0.002882 19.413593 0.015958 4.287796 -0.560667 -5.959245 2.24354 -5.255033 -3.180156 14.282877 -0.826594 6.952496 -0.0 -12.690593 -1e-06 16.402472 -17.835918 2.554408 1.665665 -1.95592 -2.878297 4.727794 -4.170584 4.993919 11.020511 1e-06 -0.0 12.109032 -3.735715 -2.866778 0.0 -0.0 0.0 1.291985 -1.928548 -1.498088 14.800115 0.567467 3.865604 14.242553 -1.341738 -6.660648 19.631935 0.143921 -0.648243 50.119408 -0.310453 -6.198056 0.353029 -1.51115 -0.03194 20.222769 3.684305 2.316629 18.787249 1e-06 -1e-06 10.751608 -0.47987 1.397903 0.0 -0.0 0.0 3.273804 0.305947 -0.58011 21.48679 11.830364 2.266131 8.162915 0.0 -0.0 18.399052 -3.798986 -4.940567 3e-06 0.0 -1e-06 10.184663 3.151904 -0.888033 -0.111447 -0.678225 62.087479 -0.698443 1.489014 18.167564 1.887245 -1.930582 -3.944905 0.0 -0.0 2e-06 8.247375 -0.089905 -21.542152 0.002734 -0.04444 22.021923 -1.225113 -1.653308 1.907691 -1.423711 0.982334 0.327803 0.0 -0.0 -1e-06 
0.0 0.0 0.0 0.0 -0.0 0.0 -6.666142 98.023788 219.480377 -5.848033 3.519186 -2.251832 0.720765 0.297809 1.132406 -0.102566 -1.608843 -4.306276 2.464765 -3.589756 11.093332 4.690291 0.816568 1.295064 -0.852176 0.311538 -3.559647 0.473579 -0.861798 -15.630184 7.7e-05 -2.2e-05 6e-06 -0.011268 -0.047821 -0.001862 0.646975 -3.787395 -10.531052 -0.667159 3.688563 -10.501622 -17.265696 -8.395608 14.581073 -59.226086 -13.220854 8.213149 0.810894 -17.072115 -0.067229 -7.274992 12.00033 -1.012067 -5.882102 9.861279 0.70259 -10.936861 -0.360574 7.156197 0.0 8.774815 -0.0 -17.179403 17.889046 5.602717 -1.844031 2.498503 -2.507276 -10.16359 4.678941 4.621104 -20.975996 -1e-06 1e-06 -21.226254 2.451698 -3.593995 0.0 -6e-06 -0.0 -1.362681 2.240797 -0.746323 -21.334892 0.58491 3.008319 -13.821196 -1e-06 1e-06 -23.887129 -0.249075 -0.839485 -60.523838 2.358207 -0.79094 -0.294025 1.679686 0.833255 -14.218195 0.093215 1.300579 -34.212002 -0.287561 0.967166 -20.033176 0.964536 1.212838 0.0 -0.0 0.0 -3.440387 0.788233 0.501655 -15.928172 -3.167306 2.999703 -6.338817 -0.0 1e-06 -18.123419 3.648181 -4.905662 -4e-06 0.0 -2e-06 14.921303 8.119645 13.28966 64.506531 6.318633 2.068424 0.197562 22.615026 0.059309 3.016037 0.869392 -6.146213 2.24354 -5.255033 -3.180156 14.282877 -0.826594 6.952496 -0.0 -12.690593 -1e-06 16.452047 -17.889679 2.564093 1.665665 -1.95592 -2.878297 4.727794 -4.170584 4.993919 11.020511 1e-06 -0.0 12.109032 -3.735715 -2.866778 0.0 -0.0 0.0 1.291985 -1.928548 -1.498088 14.800115 0.567467 3.865604 14.242553 -1.341738 -6.660648 19.631935 0.143921 -0.648243 50.02203 -0.417946 -6.318864 0.353029 -1.51115 -0.03194 20.222769 3.684305 2.316629 18.787249 1e-06 -1e-06 10.751608 -0.47987 1.397903 0.0 -0.0 0.0 3.273804 0.305947 -0.58011 21.48679 11.830364 2.266131 8.162915 0.0 -0.0 18.399052 -3.798986 -4.940567 3e-06 0.0 -1e-06 8.954268 2.505977 -7.531237 -0.152699 -0.297378 67.140579 0.323403 1.673975 13.892044 1.824692 -1.89041 -3.93968 0.0 -0.0 2e-06 8.202091 -0.567904 -15.745948 -0.014106 -0.049372 18.293028 -1.309312 -1.75147 0.203132 -1.424373 1.037991 0.432736 0.0 -0.0 -1e-06 
0.0 0.0 0.0 0.0 -0.0 0.0 -6.840111 99.077522 224.300888 -5.092904 3.259683 -3.041062 0.740094 0.494654 1.528258 -0.236474 -1.077538 -4.11703 1.792186 -2.977597 11.232849 4.72591 0.811538 2.475021 -0.842672 0.092596 -3.557264 0.711806 -1.073264 -15.428089 7.7e-05 -2.2e-05 6e-06 -0.00689 -0.05208 0.029557 0.626083 -3.796638 -10.551441 -0.638948 3.691501 -10.538029 -16.952961 -7.540847 14.468957 -59.362041 -10.834974 7.591203 0.611492 -20.644863 -0.050514 -6.280112 9.483689 -1.87975 -5.882102 9.861279 0.70259 -10.936861 -0.360574 7.156197 0.0 8.774815 -0.0 -17.070463 18.045006 5.623784 -1.844031 2.498503 -2.507276 -10.16359 4.678941 4.621104 -20.975996 -1e-06 1e-06 -21.226254 2.451698 -3.593995 0.0 -6e-06 -0.0 -1.362681 2.240797 -0.746323 -21.334892 0.58491 3.008319 -13.821196 -1e-06 1e-06 -23.887129 -0.249075 -0.839485 -60.821232 2.417124 -1.039872 -0.294025 1.679686 0.833255 -14.218195 0.093215 1.300579 -34.212002 -0.287561 0.967166 -20.033176 0.964536 1.212838 0.0 -0.0 0.0 -3.440387 0.788233 0.501655 -15.928172 -3.167306 2.999703 -6.338817 -0.0 1e-06 -18.123419 3.648181 -4.905662 -4e-06 0.0 -2e-06 14.34266 8.381883 13.339399 63.870117 7.448759 2.663569 0.405305 25.307894 0.130764 2.040164 1.872913 -6.031199 2.24354 -5.255033 -3.180156 14.282877 -0.826594 6.952496 -0.0 -12.690593 -1e-06 16.333899 -17.824034 2.606356 1.665665 -1.95592 -2.878297 4.727794 -4.170584 4.993919 11.020511 1e-06 -0.0 12.109032 -3.735715 -2.866778 0.0 -0.0 0.0 1.291985 -1.928548 -1.498088 14.800115 0.567467 3.865604 14.242553 -1.341738 -6.660648 19.631935 0.143921 -0.648243 49.753727 -0.530441 -6.399823 0.353029 -1.51115 -0.03194 20.222769 3.684305 2.316629 18.787249 1e-06 -1e-06 10.751608 -0.47987 1.397903 0.0 -0.0 0.0 3.273804 0.305947 -0.58011 21.48679 11.830364 2.266131 8.162915 0.0 -0.0 18.399052 -3.798986 -4.940567 3e-06 0.0 -1e-06 7.129361 2.424716 -13.050989 -0.12143 -0.010008 68.185387 1.050031 1.779937 10.720736 1.793218 -1.868648 -4.084704 0.0 -0.0 2e-06 7.661115 -0.794434 -9.197847 0.002722 -0.063086 13.560714 -1.321895 -1.500311 -0.658302 -1.42492 1.070493 0.378565 0.0 -0.0 -1e-06 
0.0 0.0 0.0 0.0 -0.0 0.0 -6.950154 99.767265 229.043625 -4.181954 2.506567 -3.90053 0.725623 0.737456 1.956245 -0.308959 -0.398638 -3.922438 1.105142 -2.247357 11.231091 4.448178 0.89734 3.947557 -0.816709 -0.117438 -3.602021 1.059573 -1.312298 -14.943087 7.7e-05 -2.2e-05 6e-06 -0.004579 -0.059797 0.053264 0.614565 -3.804209 -10.583329 -0.624904 3.685077 -10.57922 -16.612192 -6.530185 14.293619 -59.443382 -8.481199 7.606019 0.528772 -24.624283 -0.017016 -5.368671 7.200147 -3.038801 -5.882102 9.861279 0.70259 -10.936861 -0.360574 7.156197 0.0 8.774815 -0.0 -16.845848 18.113789 5.712755 -1.844031 2.498503 -2.507276 -10.16359 4.678941 4.621104 -20.975996 -1e-06 1e-06 -21.226254 2.451698 -3.593995 0.0 -6e-06 -0.0 -1.362681 2.240797 -0.746323 -21.334892 0.58491 3.008319 -13.821196 -1e-06 1e-06 -23.887129 -0.249075 -0.839485 -60.943081 2.464751 -1.215458 -0.294025 1.679686 0.833255 -14.218195 0.093215 1.300579 -34.212002 -0.287561 0.967166 -20.033176 0.964536 1.212838 0.0 -0.0 0.0 -3.440387 0.788233 0.501655 -15.928172 -3.167306 2.999703 -6.338817 -0.0 1e-06 -18.123419 3.648181 -4.905662 -4e-06 0.0 -2e-06 13.168591 9.062925 13.433332 63.380501 8.824833 4.101453 0.55536 27.23926 0.208345 1.799907 2.353201 -5.508302 2.24354 -5.255033 -3.180156 14.282877 -0.826594 6.952496 -0.0 -12.690593 -1e-06 16.180391 -17.707458 2.684286 1.665665 -1.95592 -2.878297 4.727794 -4.170584 4.993919 11.020511 1e-06 -0.0 12.109032 -3.735715 -2.866778 0.0 -0.0 0.0 1.291985 -1.928548 -1.498088 14.800115 0.567467 3.865604 14.242553 -1.341738 -6.660648 19.631935 0.143921 -0.648243 49.571247 -0.596567 -6.363401 0.353029 -1.51115 -0.03194 20.222769 3.684305 2.316629 18.787249 1e-06 -1e-06 10.751608 -0.47987 1.397903 0.0 -0.0 0.0 3.273804 0.305947 -0.58011 21.48679 11.830364 2.266131 8.162915 0.0 -0.0 18.399052 -3.798986 -4.940567 3e-06 0.0 -1e-06 5.175819 2.800089 -17.320005 -0.024376 0.233229 65.649895 1.345236 1.850523 8.396404 1.788227 -1.867036 -4.101829 0.0 -0.0 2e-06 6.897307 -0.661315 -2.716341 0.026355 -0.076347 8.934957 -1.402623 -1.191815 -1.20861 -1.429648 1.056008 0.220634 0.0 -0.0 -1e-06 
0.0 0.0 0.0 0.0 -0.0 0.0 -6.985122 99.991814 233.699722 -3.383269 1.4346 -4.653084 0.794873 0.916647 2.299857 -0.303312 0.356621 -3.800179 0.564973 -1.517434 11.287647 3.756414 1.127984 5.213756 -0.765643 -0.209926 -3.661937 1.364265 -1.587755 -14.387905 7.7e-05 -2.2e-05 6e-06 -0.004731 -0.070067 0.066628 0.605149 -3.813167 -10.598667 -0.618065 3.674089 -10.596109 -16.729494 -5.470905 14.104105 -59.121613 -6.644061 7.644483 0.498022 -27.7071 0.009732 -4.73972 6.085961 -3.942666 -5.882102 9.861279 0.70259 -10.936861 -0.360574 7.156197 0.0 8.774815 -0.0 -16.647427 18.156078 5.798967 -1.844031 2.498503 -2.507276 -10.16359 4.678941 4.621104 -20.975996 -1e-06 1e-06 -21.226254 2.451698 -3.593995 0.0 -6e-06 -0.0 -1.362681 2.240797 -0.746323 -21.334892 0.58491 3.008319 -13.821196 -1e-06 1e-06 -23.887129 -0.249075 -0.839485 -60.945156 2.511556 -1.265495 -0.294025 1.679686 0.833255 -14.218195 0.093215 1.300579 -34.212002 -0.287561 0.967166 -20.033176 0.964536 1.212838 0.0 -0.0 0.0 -3.440387 0.788233 0.501655 -15.928172 -3.167306 2.999703 -6.338817 -0.0 1e-06 -18.123419 3.648181 -4.905662 -4e-06 0.0 -2e-06 11.778253 10.051274 13.518153 62.669991 10.442527 6.054166 0.64757 28.646883 0.2466 1.998904 2.651876 -4.911249 2.24354 -5.255033 -3.180156 14.282877 -0.826594 6.952496 -0.0 -12.690593 -1e-06 16.057646 -17.619686 2.747743 1.665665 -1.95592 -2.878297 4.727794 -4.170584 4.993919 11.020511 1e-06 -0.0 12.109032 -3.735715 -2.866778 0.0 -0.0 0.0 1.291985 -1.928548 -1.498088 14.800115 0.567467 3.865604 14.242553 -1.341738 -6.660648 19.631935 0.143921 -0.648243 49.5359 -0.62624 -6.237909 0.353029 -1.51115 -0.03194 20.222769 3.684305 2.316629 18.787249 1e-06 -1e-06 10.751608 -0.47987 1.397903 0.0 -0.0 0.0 3.273804 0.305947 -0.58011 21.48679 11.830364 2.266131 8.162915 0.0 -0.0 18.399052 -3.798986 -4.940567 3e-06 0.0 -1e-06 3.493225 3.345365 -20.535286 0.091125 0.379711 59.691666 1.116265 1.921045 6.811972 1.796332 -1.878816 -3.983038 0.0 -0.0 2e-06 6.214962 -0.194148 2.965125 0.03301 -0.063252 5.467235 -1.62531 -1.043351 -2.18296 -1.437393 1.014113 0.107135 0.0 -0.0 -1e-06 
0.0 0.0 0.0 0.0 -0.0 0.0 -6.960367 99.773964 238.285233 -2.896592 0.229043 -5.229312 1.039944 0.969011 2.515946 -0.246839 1.065166 -3.749053 0.259354 -0.858296 11.481197 2.794041 1.460532 6.094337 -0.69072 -0.167189 -3.715296 1.494846 -1.807254 -14.128001 7.7e-05 -2.2e-05 6e-06 -6.5e-05 -0.049085 0.068402 0.598472 -3.791404 -10.586279 -0.604123 3.694351 -10.590254 -17.293087 -4.452146 13.909838 -58.622414 -5.408007 7.276337 0.540464 -29.345163 0.012927 -4.157328 5.74555 -4.645668 -5.882102 9.861279 0.70259 -10.936861 -0.360574 7.156197 0.0 8.774815 -0.0 -16.527788 18.175774 5.843946 -1.844031 2.498503 -2.507276 -10.16359 4.678941 4.621104 -20.975996 -1e-06 1e-06 -21.226254 2.451698 -3.593995 0.0 -6e-06 -0.0 -1.362681 2.240797 -0.746323 -21.334892 0.58491 3.008319 -13.821196 -1e-06 1e-06 -23.887129 -0.249075 -0.839485 -60.895172 2.501591 -1.23212 -0.294025 1.679686 0.833255 -14.218195 0.093215 1.300579 -34.212002 -0.287561 0.967166 -20.033176 0.964536 1.212838 0.0 -0.0 0.0 -3.440387 0.788233 0.501655 -15.928172 -3.167306 2.999703 -6.338817 -0.0 1e-06 -18.123419 3.648181 -4.905662 -4e-06 0.0 -2e-06 10.433246 11.154861 13.608757 61.737541 12.272854 7.772177 0.656135 29.748831 0.242869 2.238417 2.963619 -4.434073 2.24354 -5.255033 -3.180156 14.282877 -0.826594 6.952496 -0.0 -12.690593 -1e-06 15.951056 -17.594847 2.770375 1.665665 -1.95592 -2.878297 4.727794 -4.170584 4.993919 11.020511 1e-06 -0.0 12.109032 -3.735715 -2.866778 0.0 -0.0 0.0 1.291985 -1.928548 -1.498088 14.800115 0.567467 3.865604 14.242553 -1.341738 -6.660648 19.631935 0.143921 -0.648243 49.507206 -0.641739 -6.132846 0.353029 -1.51115 -0.03194 20.222769 3.684305 2.316629 18.787249 1e-06 -1e-06 10.751608 -0.47987 1.397903 0.0 -0.0 0.0 3.273804 0.305947 -0.58011 21.48679 11.830364 2.266131 8.162915 0.0 -0.0 18.399052 -3.798986 -4.940567 3e-06 0.0 -1e-06 2.388366 3.85092 -22.702066 0.181315 0.408597 50.576931 0.755363 2.156298 6.506382 1.801882 -1.899102 -3.803613 0.0 -0.0 2e-06 5.901595 0.523535 7.509604 0.007895 0.01093 3.701395 -2.080905 -1.087463 -3.971779 -1.44229 0.983788 0.224759 0.0 -0.0 -1e-06 
0.0 0.0 0.0 0.0 -0.0 0.0 -6.864272 99.213081 242.879074 -2.830577 -0.975112 -5.640598 1.514951 0.892703 2.590662 -0.165539 1.605808 -3.737052 0.196105 -0.236333 11.747029 1.741784 1.788185 6.762628 -0.615524 -0.051577 -3.725286 1.479267 -1.929162 -14.18161 7.7e-05 -2.2e-05 6e-06 0.011454 0.006546 0.065636 0.605883 -3.735221 -10.563439 -0.590112 3.749436 -10.583087 -17.981808 -3.502486 13.707124 -58.39706 -4.602274 6.276898 0.567933 -29.665367 0.024292 -3.445841 5.880882 -4.898975 -5.882102 9.861279 0.70259 -10.936861 -0.360574 7.156197 0.0 8.774815 -0.0 -16.415571 18.16744 5.890261 -1.844031 2.498503 -2.507276 -10.16359 4.678941 4.621104 -20.975996 -1e-06 1e-06 -21.226254 2.451698 -3.593995 0.0 -6e-06 -0.0 -1.362681 2.240797 -0.746323 -21.334892 0.58491 3.008319 -13.821196 -1e-06 1e-06 -23.887129 -0.249075 -0.839485 -60.794586 2.454044 -1.203606 -0.294025 1.679686 0.833255 -14.218195 0.093215 1.300579 -34.212002 -0.287561 0.967166 -20.033176 0.964536 1.212838 0.0 -0.0 0.0 -3.440387 0.788233 0.501655 -15.928172 -3.167306 2.999703 -6.338817 -0.0 1e-06 -18.123419 3.648181 -4.905662 -4e-06 0.0 -2e-06 9.196171 12.201824 13.624027 60.799545 14.108032 8.890541 0.552114 30.614029 0.231873 2.304412 3.300986 -4.296597 2.24354 -5.255033 -3.180156 14.282877 -0.826594 6.952496 -0.0 -12.690593 -1e-06 15.877593 -17.618235 2.789029 1.665665 -1.95592 -2.878297 4.727794 -4.170584 4.993919 11.020511 1e-06 -0.0 12.109032 -3.735715 -2.866778 0.0 -0.0 0.0 1.291985 -1.928548 -1.498088 14.800115 0.567467 3.865604 14.242553 -1.341738 -6.660648 19.631935 0.143921 -0.648243 49.485283 -0.682986 -6.109545 0.353029 -1.51115 -0.03194 20.222769 3.684305 2.316629 18.787249 1e-06 -1e-06 10.751608 -0.47987 1.397903 0.0 -0.0 0.0 3.273804 0.305947 -0.58011 21.48679 11.830364 2.266131 8.162915 0.0 -0.0 18.399052 -3.798986 -4.940567 3e-06 0.0 -1e-06 1.968732 4.526777 -23.606461 0.246162 0.446192 38.302547 0.892973 2.397119 7.886795 1.78656 -1.911839 -3.540537 0.0 -0.0 2e-06 6.004868 1.215056 11.344424 -0.05014 0.107588 3.072021 -2.656603 -1.20293 -6.247505 -1.440394 0.994493 0.519277 0.0 -0.0 -1e-06 
0.0 0.0 0.0 0.0 -0.0 0.0 -6.702322 98.369873 247.588562 -3.213322 -2.112461 -5.902292 2.166085 0.805933 2.574867 -0.0699 1.849228 -3.769616 0.370189 0.312941 11.964673 0.821592 2.093884 7.332657 -0.574043 0.000914 -3.718268 1.440294 -1.840809 -14.370016 7.7e-05 -2.2e-05 6e-06 0.023192 0.046656 0.057872 0.629883 -3.699678 -10.582025 -0.592006 3.793852 -10.604732 -18.40505 -2.65243 13.658022 -58.827606 -4.081815 4.580045 0.4909 -29.116753 0.049015 -2.515498 6.431879 -4.658331 -5.882102 9.861279 0.70259 -10.936861 -0.360574 7.156197 0.0 8.774815 -0.0 -16.27553 18.121668 6.029871 -1.844031 2.498503 -2.507276 -10.16359 4.678941 4.621104 -20.975996 -1e-06 1e-06 -21.226254 2.451698 -3.593995 0.0 -6e-06 -0.0 -1.362681 2.240797 -0.746323 -21.334892 0.58491 3.008319 -13.821196 -1e-06 1e-06 -23.887129 -0.249075 -0.839485 -60.793247 2.410499 -1.085486 -0.294025 1.679686 0.833255 -14.218195 0.093215 1.300579 -34.212002 -0.287561 0.967166 -20.033176 0.964536 1.212838 0.0 -0.0 0.0 -3.440387 0.788233 0.501655 -15.928172 -3.167306 2.999703 -6.338817 -0.0 1e-06 -18.123419 3.648181 -4.905662 -4e-06 0.0 -2e-06 8.128494 13.110315 13.490743 60.079731 15.701348 9.225636 0.355429 31.313034 0.20267 2.200522 3.478589 -4.381945 2.24354 -5.255033 -3.180156 14.282877 -0.826594 6.952496 -0.0 -12.690593 -1e-06 15.86872 -17.617567 2.845827 1.665665 -1.95592 -2.878297 4.727794 -4.170584 4.993919 11.020511 1e-06 -0.0 12.109032 -3.735715 -2.866778 0.0 -0.0 0.0 1.291985 -1.928548 -1.498088 14.800115 0.567467 3.865604 14.242553 -1.341738 -6.660648 19.631935 0.143921 -0.648243 49.640316 -0.766403 -6.065969 0.353029 -1.51115 -0.03194 20.222769 3.684305 2.316629 18.787249 1e-06 -1e-06 10.751608 -0.47987 1.397903 0.0 -0.0 0.0 3.273804 0.305947 -0.58011 21.48679 11.830364 2.266131 8.162915 0.0 -0.0 18.399052 -3.798986 -4.940567 3e-06 0.0 -1e-06 2.204541 5.469167 -23.13599 0.217597 0.5684 23.445475 1.578335 2.212003 9.845573 1.77402 -1.903217 -2.921723 0.0 -0.0 2e-06 6.429104 1.569271 14.965339 -0.110377 0.147419 2.734788 -3.043027 -1.194906 -8.49036 -1.436106 1.040475 0.639908 0.0 -0.0 -1e-06 
0.0 0.0 0.0 0.0 -0.0 0.0 -6.489849 97.412453 252.395111 -3.7086 -3.012728 -5.994425 2.627382 0.702684 2.423663 0.019067 1.914181 -3.81673 0.6559 0.539493 12.127311 0.228975 2.405378 7.592919 -0.607725 0.016269 -3.712322 1.435039 -1.593389 -14.471398 7.7e-05 -2.2e-05 6e-06 0.026073 0.050885 0.068369 0.641088 -3.707253 -10.611526 -0.598734 3.810233 -10.628916 -18.643339 -1.874448 13.776614 -59.681557 -3.594907 2.247477 0.382985 -28.184792 0.056009 -1.630517 6.966138 -4.637848 -5.882102 9.861279 0.70259 -10.936861 -0.360574 7.156197 0.0 8.774815 -0.0 -16.128086 18.151623 6.210812 -1.844031 2.498503 -2.507276 -10.16359 4.678941 4.621104 -20.975996 -1e-06 1e-06 -21.226254 2.451698 -3.593995 0.0 -6e-06 -0.0 -1.362681 2.240797 -0.746323 -21.334892 0.58491 3.008319 -13.821196 -1e-06 1e-06 -23.887129 -0.249075 -0.839485 -60.897392 2.390548 -0.895744 -0.294025 1.679686 0.833255 -14.218195 0.093215 1.300579 -34.212002 -0.287561 0.967166 -20.033176 0.964536 1.212838 0.0 -0.0 0.0 -3.440387 0.788233 0.501655 -15.928172 -3.167306 2.999703 -6.338817 -0.0 1e-06 -18.123419 3.648181 -4.905662 -4e-06 0.0 -2e-06 7.610025 13.838575 13.37649 59.498043 16.998547 8.584091 0.091135 32.043747 0.068646 1.971131 3.428239 -4.455941 2.24354 -5.255033 -3.180156 14.282877 -0.826594 6.952496 -0.0 -12.690593 -1e-06 15.858359 -17.586094 2.942234 1.665665 -1.95592 -2.878297 4.727794 -4.170584 4.993919 11.020511 1e-06 -0.0 12.109032 -3.735715 -2.866778 0.0 -0.0 0.0 1.291985 -1.928548 -1.498088 14.800115 0.567467 3.865604 14.242553 -1.341738 -6.660648 19.631935 0.143921 -0.648243 49.895393 -0.869239 -5.999015 0.353029 -1.51115 -0.03194 20.222769 3.684305 2.316629 18.787249 1e-06 -1e-06 10.751608 -0.47987 1.397903 0.0 -0.0 0.0 3.273804 0.305947 -0.58011 21.48679 11.830364 2.266131 8.162915 0.0 -0.0 18.399052 -3.798986 -4.940567 3e-06 0.0 -1e-06 2.855152 5.699107 -22.232037 0.051791 0.542251 8.810016 1.470995 1.993227 10.609784 1.748195 -1.978485 -2.568352 0.0 -0.0 2e-06 6.748833 1.597634 18.533411 -0.104431 0.096413 2.362457 -3.081583 -1.107405 -10.041249 -1.439915 1.020498 0.211919 0.0 -0.0 -1e-06 
0.0 0.0 0.0 0.0 -0.0 0.0 -6.23114 96.295502 257.301758 -3.989957 -3.589321 -5.682309 2.734651 0.472737 2.040787 0.057332 1.995171 -3.934638 0.960702 0.555142 12.289014 -0.008268 2.642148 7.289328 -0.66283 0.149528 -3.635492 1.377292 -1.45871 -14.514598 7.7e-05 -2.2e-05 6e-06 0.028664 0.084131 0.099387 0.624745 -3.691567 -10.605909 -0.578179 3.860108 -10.619666 -19.090576 -1.525343 13.766541 -60.359646 -2.886779 0.160116 0.396232 -26.970137 0.081278 -1.331696 7.202199 -5.681083 -5.882102 9.861279 0.70259 -10.936861 -0.360574 7.156197 0.0 8.774815 -0.0 -16.047102 18.143559 6.113367 -1.844031 2.498503 -2.507276 -10.16359 4.678941 4.621104 -20.975996 -1e-06 1e-06 -21.226254 2.451698 -3.593995 0.0 -6e-06 -0.0 -1.362681 2.240797 -0.746323 -21.334892 0.58491 3.008319 -13.821196 -1e-06 1e-06 -23.887129 -0.249075 -0.839485 -60.874512 2.308954 -0.956578 -0.294025 1.679686 0.833255 -14.218195 0.093215 1.300579 -34.212002 -0.287561 0.967166 -20.033176 0.964536 1.212838 0.0 -0.0 0.0 -3.440387 0.788233 0.501655 -15.928172 -3.167306 2.999703 -6.338817 -0.0 1e-06 -18.123419 3.648181 -4.905662 -4e-06 0.0 -2e-06 7.841681 14.067205 13.100772 58.934788 17.816174 6.968303 0.123365 32.824947 0.082907 1.438651 3.390469 -4.657748 2.24354 -5.255033 -3.180156 14.282877 -0.826594 6.952496 -0.0 -12.690593 -1e-06 15.77737 -17.645109 3.012476 1.665665 -1.95592 -2.878297 4.727794 -4.170584 4.993919 11.020511 1e-06 -0.0 12.109032 -3.735715 -2.866778 0.0 -0.0 0.0 1.291985 -1.928548 -1.498088 14.800115 0.567467 3.865604 14.242553 -1.341738 -6.660648 19.631935 0.143921 -0.648243 50.064686 -0.912507 -6.059269 0.353029 -1.51115 -0.03194 20.222769 3.684305 2.316629 18.787249 1e-06 -1e-06 10.751608 -0.47987 1.397903 0.0 -0.0 0.0 3.273804 0.305947 -0.58011 21.48679 11.830364 2.266131 8.162915 0.0 -0.0 18.399052 -3.798986 -4.940567 3e-06 0.0 -1e-06 3.346465 5.435089 -22.705908 -0.073178 0.376384 -1.054439 -0.284902 2.411587 8.907129 1.637019 -2.166664 -3.037685 0.0 -0.0 2e-06 6.452388 1.074252 21.578217 -0.034383 -0.048712 2.302125 -2.737337 -0.362662 -11.492739 -1.46114 0.891241 -0.618905 0.0 -0.0 -1e-06 
0.0 0.0 0.0 0.0 -0.0 0.0 -5.856292 95.177086 262.148743 -4.097298 -4.034793 -5.234746 2.715083 0.422836 1.732704 0.079556 2.045582 -4.055119 1.095243 0.399143 12.544033 -0.128284 2.694275 6.33848 -0.571762 0.174955 -3.654028 1.341514 -1.277031 -14.779519 7.7e-05 -2.2e-05 6e-06 0.018817 0.022431 0.101622 0.6124 -3.74542 -10.561713 -0.586451 3.791523 -10.57367 -19.523134 -1.636888 13.58263 -60.775776 -2.21007 -1.021967 0.46043 -25.437527 0.077119 -1.652464 7.425812 -7.174501 -5.882102 9.861279 0.70259 -10.936861 -0.360574 7.156197 0.0 8.774815 -0.0 -16.02607 18.01819 5.992263 -1.844031 2.498503 -2.507276 -10.16359 4.678941 4.621104 -20.975996 -1e-06 1e-06 -21.226254 2.451698 -3.593995 0.0 -6e-06 -0.0 -1.362681 2.240797 -0.746323 -21.334892 0.58491 3.008319 -13.821196 -1e-06 1e-06 -23.887129 -0.249075 -0.839485 -60.83746 2.224231 -0.926259 -0.294025 1.679686 0.833255 -14.218195 0.093215 1.300579 -34.212002 -0.287561 0.967166 -20.033176 0.964536 1.212838 0.0 -0.0 0.0 -3.440387 0.788233 0.501655 -15.928172 -3.167306 2.999703 -6.338817 -0.0 1e-06 -18.123419 3.648181 -4.905662 -4e-06 0.0 -2e-06 8.54915 13.993913 13.024878 58.617619 18.307394 4.867388 -0.050074 33.888439 0.060908 0.796438 3.488664 -5.612461 2.24354 -5.255033 -3.180156 14.282877 -0.826594 6.952496 -0.0 -12.690593 -1e-06 15.605016 -17.627195 3.049614 1.665665 -1.95592 -2.878297 4.727794 -4.170584 4.993919 11.020511 1e-06 -0.0 12.109032 -3.735715 -2.866778 0.0 -0.0 0.0 1.291985 -1.928548 -1.498088 14.800115 0.567467 3.865604 14.242553 -1.341738 -6.660648 19.631935 0.143921 -0.648243 50.063389 -0.753806 -5.96437 0.353029 -1.51115 -0.03194 20.222769 3.684305 2.316629 18.787249 1e-06 -1e-06 10.751608 -0.47987 1.397903 0.0 -0.0 0.0 3.273804 0.305947 -0.58011 21.48679 11.830364 2.266131 8.162915 0.0 -0.0 18.399052 -3.798986 -4.940567 3e-06 0.0 -1e-06 3.266099 5.654044 -25.029488 -0.048468 0.265872 -2.435397 -1.803558 3.748676 6.639975 1.587374 -2.157585 -3.344799 0.0 -0.0 2e-06 5.786219 0.350586 24.282854 -0.068593 -0.069288 2.41819 -2.038821 0.730937 -12.113196 -1.455521 0.849369 -1.60291 0.0 -0.0 -1e-06 
0.0 0.0 0.0 0.0 -0.0 0.0 -5.313204 94.211014 267.24823 -3.68325 -4.61043 -4.618781 2.358028 0.546855 1.380989 0.081369 2.105677 -4.251036 0.914383 0.167254 12.69143 -0.025492 2.593566 5.051024 -0.549666 0.322827 -3.586483 1.429956 -1.068802 -14.971421 7.7e-05 -2.2e-05 6e-06 0.013587 0.005203 0.084962 0.623634 -3.76243 -10.572315 -0.607216 3.77429 -10.582987 -19.891932 -1.853929 13.543143 -60.938553 -1.850031 -1.636763 0.408789 -23.338671 0.076864 -2.198573 8.163423 -7.795846 -5.882102 9.861279 0.70259 -10.936861 -0.360574 7.156197 0.0 8.774815 -0.0 -16.098301 18.123955 6.030238 -1.844031 2.498503 -2.507276 -10.16359 4.678941 4.621104 -20.975996 -1e-06 1e-06 -21.226254 2.451698 -3.593995 0.0 -6e-06 -0.0 -1.362681 2.240797 -0.746323 -21.334892 0.58491 3.008319 -13.821196 -1e-06 1e-06 -23.887129 -0.249075 -0.839485 -60.940609 2.24893 -0.889878 -0.294025 1.679686 0.833255 -14.218195 0.093215 1.300579 -34.212002 -0.287561 0.967166 -20.033176 0.964536 1.212838 0.0 -0.0 0.0 -3.440387 0.788233 0.501655 -15.928172 -3.167306 2.999703 -6.338817 -0.0 1e-06 -18.123419 3.648181 -4.905662 -4e-06 0.0 -2e-06 9.354854 13.871901 13.167931 59.004631 18.327847 2.988687 -0.350392 34.745811 0.01907 0.0693 3.564815 -7.361391 2.24354 -5.255033 -3.180156 14.282877 -0.826594 6.952496 -0.0 -12.690593 -1e-06 15.705096 -17.5819 3.051083 1.665665 -1.95592 -2.878297 4.727794 -4.170584 4.993919 11.020511 1e-06 -0.0 12.109032 -3.735715 -2.866778 0.0 -0.0 0.0 1.291985 -1.928548 -1.498088 14.800115 0.567467 3.865604 14.242553 -1.341738 -6.660648 19.631935 0.143921 -0.648243 50.153763 -0.71513 -5.916401 0.353029 -1.51115 -0.03194 20.222769 3.684305 2.316629 18.787249 1e-06 -1e-06 10.751608 -0.47987 1.397903 0.0 -0.0 0.0 3.273804 0.305947 -0.58011 21.48679 11.830364 2.266131 8.162915 0.0 -0.0 18.399052 -3.798986 -4.940567 3e-06 0.0 -1e-06 2.631832 5.964674 -25.789639 -0.068177 0.211514 -0.881642 -1.504571 4.165375 6.590641 1.66193 -2.122621 -3.700549 0.0 -0.0 2e-06 4.443676 -0.018431 26.284031 -0.101401 0.043394 3.598449 -1.206812 1.685844 -11.548971 -1.453258 0.863096 -3.337924 0.0 -0.0 -1e-06 
0.0 0.0 0.0 0.0 -0.0 0.0 -4.662714 93.620697 272.645721 -1.97181 -5.393237 -3.41188 1.081324 0.659307 0.530347 -0.044358 2.32411 -4.590997 0.343235 0.191195 12.727308 0.380862 2.456904 3.465394 -0.475042 0.653319 -3.570699 1.425464 -0.954472 -14.600155 7.7e-05 -2.2e-05 6e-06 0.014543 0.010959 0.075078 0.636708 -3.756329 -10.585838 -0.616857 3.778312 -10.591071 -20.90773 -2.197869 13.494966 -60.181332 -1.611152 -2.180379 0.379425 -20.944492 -0.011412 -2.780128 9.136829 -7.648266 -5.882102 9.861279 0.70259 -10.936861 -0.360574 7.156197 0.0 8.774815 -0.0 -16.149483 18.21743 6.258606 -1.844031 2.498503 -2.507276 -10.16359 4.678941 4.621104 -20.975996 -1e-06 1e-06 -21.226254 2.451698 -3.593995 0.0 -6e-06 -0.0 -1.362681 2.240797 -0.746323 -21.334892 0.58491 3.008319 -13.821196 -1e-06 1e-06 -23.887129 -0.249075 -0.839485 -61.16888 2.329422 -0.834378 -0.294025 1.679686 0.833255 -14.218195 0.093215 1.300579 -34.212002 -0.287561 0.967166 -20.033176 0.964536 1.212838 0.0 -0.0 0.0 -3.440387 0.788233 0.501655 -15.928172 -3.167306 2.999703 -6.338817 -0.0 1e-06 -18.123419 3.648181 -4.905662 -4e-06 0.0 -2e-06 11.111882 13.658579 13.399373 58.937752 17.518644 1.770821 -0.475384 34.903538 -0.102708 -0.6791 3.646995 -9.368561 2.24354 -5.255033 -3.180156 14.282877 -0.826594 6.952496 -0.0 -12.690593 -1e-06 15.925671 -17.406725 3.018325 1.665665 -1.95592 -2.878297 4.727794 -4.170584 4.993919 11.020511 1e-06 -0.0 12.109032 -3.735715 -2.866778 0.0 -0.0 0.0 1.291985 -1.928548 -1.498088 14.800115 0.567467 3.865604 14.242553 -1.341738 -6.660648 19.631935 0.143921 -0.648243 50.389317 -0.620259 -5.752735 0.353029 -1.51115 -0.03194 20.222769 3.684305 2.316629 18.787249 1e-06 -1e-06 10.751608 -0.47987 1.397903 0.0 -0.0 0.0 3.273804 0.305947 -0.58011 21.48679 11.830364 2.266131 8.162915 0.0 -0.0 18.399052 -3.798986 -4.940567 3e-06 0.0 -1e-06 0.794433 5.43796 -27.434681 -0.119046 0.161664 4.544682 1.190149 3.797492 10.701384 1.81833 -2.020758 -4.218172 0.0 -0.0 2e-06 1.251354 -0.095648 26.234783 -0.006406 0.194043 7.257283 -0.281972 3.225971 -10.537086 -1.460897 0.848334 -7.081809 0.0 -0.0 -1e-06 
0.0 0.0 0.0 0.0 -0.0 0.0 -3.954634 93.536758 278.233795 0.04088 -5.938539 -2.303881 -0.205464 0.728967 -0.220463 -0.296673 2.540417 -4.944146 -0.558132 0.203239 12.655221 0.980866 2.260615 1.924308 -0.459477 0.646008 -3.610459 1.64131 -0.862231 -14.589435 7.7e-05 -2.2e-05 6e-06 0.026517 0.003446 0.045736 0.644833 -3.762794 -10.56071 -0.600939 3.769274 -10.585049 -21.86578 -2.691769 13.254466 -59.195862 -1.378194 -2.132619 0.527436 -18.734762 -0.071533 -3.419328 9.744484 -8.229255 -5.882102 9.861279 0.70259 -10.936861 -0.360574 7.156197 0.0 8.774815 -0.0 -16.173136 18.251001 6.34861 -1.844031 2.498503 -2.507276 -10.16359 4.678941 4.621104 -20.975996 -1e-06 1e-06 -21.226254 2.451698 -3.593995 0.0 -6e-06 -0.0 -1.362681 2.240797 -0.746323 -21.334892 0.58491 3.008319 -13.821196 -1e-06 1e-06 -23.887129 -0.249075 -0.839485 -60.906418 2.379668 -0.717694 -0.294025 1.679686 0.833255 -14.218195 0.093215 1.300579 -34.212002 -0.287561 0.967166 -20.033176 0.964536 1.212838 0.0 -0.0 0.0 -3.440387 0.788233 0.501655 -15.928172 -3.167306 2.999703 -6.338817 -0.0 1e-06 -18.123419 3.648181 -4.905662 -4e-06 0.0 -2e-06 13.014794 13.136998 13.385958 59.206001 16.310699 0.532514 -0.030609 33.77589 0.133814 -0.992846 3.771154 -9.497758 2.24354 -5.255033 -3.180156 14.282877 -0.826594 6.952496 -0.0 -12.690593 -1e-06 15.905139 -17.380175 3.053497 1.665665 -1.95592 -2.878297 4.727794 -4.170584 4.993919 11.020511 1e-06 -0.0 12.109032 -3.735715 -2.866778 0.0 -0.0 0.0 1.291985 -1.928548 -1.498088 14.800115 0.567467 3.865604 14.242553 -1.341738 -6.660648 19.631935 0.143921 -0.648243 50.497982 -0.676598 -5.635222 0.353029 -1.51115 -0.03194 20.222769 3.684305 2.316629 18.787249 1e-06 -1e-06 10.751608 -0.47987 1.397903 0.0 -0.0 0.0 3.273804 0.305947 -0.58011 21.48679 11.830364 2.266131 8.162915 0.0 -0.0 18.399052 -3.798986 -4.940567 3e-06 0.0 -1e-06 -1.360302 4.339312 -29.908756 -0.057213 0.127978 11.672215 2.710317 3.544993 16.48628 1.818788 -1.953767 -2.505798 0.0 -0.0 2e-06 -2.255688 -0.328635 24.44924 -0.115375 0.428959 13.941516 0.188545 4.343942 -7.667697 -1.478197 0.849415 -13.322185 0.0 -0.0 -1e-06 
0.0 0.0 0.0 0.0 -0.0 0.0 -3.267462 93.756134 283.938171 1.710963 -5.939945 -2.13509 -0.812402 0.693306 -0.203907 -0.62153 2.628211 -4.97085 -1.861815 0.345457 12.219286 1.810123 1.976413 1.097878 -0.668123 0.378281 -3.569643 2.050843 -1.030454 -15.495483 7.7e-05 -2.2e-05 6e-06 0.046412 0.05102 0.053576 0.700366 -3.693623 -10.500262 -0.617849 3.792163 -10.517572 -21.098286 -3.378984 13.572499 -59.57481 -2.102449 -1.826705 0.678855 -17.020744 -0.144257 -3.684342 10.278193 -8.192543 -5.882102 9.861279 0.70259 -10.936861 -0.360574 7.156197 0.0 8.774815 -0.0 -16.257389 18.241587 6.172188 -1.844031 2.498503 -2.507276 -10.16359 4.678941 4.621104 -20.975996 -1e-06 1e-06 -21.226254 2.451698 -3.593995 0.0 -6e-06 -0.0 -1.362681 2.240797 -0.746323 -21.334892 0.58491 3.008319 -13.821196 -1e-06 1e-06 -23.887129 -0.249075 -0.839485 -60.688251 2.296033 -0.900419 -0.294025 1.679686 0.833255 -14.218195 0.093215 1.300579 -34.212002 -0.287561 0.967166 -20.033176 0.964536 1.212838 0.0 -0.0 0.0 -3.440387 0.788233 0.501655 -15.928172 -3.167306 2.999703 -6.338817 -0.0 1e-06 -18.123419 3.648181 -4.905662 -4e-06 0.0 -2e-06 13.097902 12.614928 13.6779 61.645359 15.420183 0.082412 0.252786 31.099915 0.25729 -0.837306 3.604527 -9.076406 2.24354 -5.255033 -3.180156 14.282877 -0.826594 6.952496 -0.0 -12.690593 -1e-06 16.073788 -17.444637 2.989767 1.665665 -1.95592 -2.878297 4.727794 -4.170584 4.993919 11.020511 1e-06 -0.0 12.109032 -3.735715 -2.866778 0.0 -0.0 0.0 1.291985 -1.928548 -1.498088 14.800115 0.567467 3.865604 14.242553 -1.341738 -6.660648 19.631935 0.143921 -0.648243 50.722408 -0.572019 -5.617812 0.353029 -1.51115 -0.03194 20.222769 3.684305 2.316629 18.787249 1e-06 -1e-06 10.751608 -0.47987 1.397903 0.0 -0.0 0.0 3.273804 0.305947 -0.58011 21.48679 11.830364 2.266131 8.162915 0.0 -0.0 18.399052 -3.798986 -4.940567 3e-06 0.0 -1e-06 -3.190129 2.990728 -30.810781 -0.00766 0.0916 19.439789 3.119406 4.631937 13.449224 1.709079 -1.933158 0.124941 0.0 -0.0 2e-06 -5.152424 -0.646514 20.959591 -0.101542 0.621301 24.599722 -0.074907 5.211667 -0.216987 -1.54117 0.792606 -21.942085 0.0 -0.0 -1e-06 
0.0 0.0 0.0 0.0 -0.0 0.0 -2.687023 94.382904 289.415771 3.145194 -6.107919 -2.562739 -1.347848 0.62171 0.2078 -0.851521 2.66029 -4.71051 -2.728266 0.495294 11.706062 2.000145 1.714219 0.642307 -0.850377 0.214058 -3.529623 2.383209 -1.195186 -16.010771 7.7e-05 -2.2e-05 6e-06 0.042642 0.040564 0.055536 0.712129 -3.700333 -10.446683 -0.638304 3.776264 -10.454221 -20.289764 -3.992582 13.663218 -59.965618 -3.148865 -1.067844 0.850244 -16.348213 -0.154762 -4.004167 10.682595 -7.582582 -5.882102 9.861279 0.70259 -10.936861 -0.360574 7.156197 0.0 8.774815 -0.0 -16.304821 18.331167 6.069047 -1.844031 2.498503 -2.507276 -10.16359 4.678941 4.621104 -20.975996 -1e-06 1e-06 -21.226254 2.451698 -3.593995 0.0 -6e-06 -0.0 -1.362681 2.240797 -0.746323 -21.334892 0.58491 3.008319 -13.821196 -1e-06 1e-06 -23.887129 -0.249075 -0.839485 -60.497505 2.26756 -1.222991 -0.294025 1.679686 0.833255 -14.218195 0.093215 1.300579 -34.212002 -0.287561 0.967166 -20.033176 0.964536 1.212838 0.0 -0.0 0.0 -3.440387 0.788233 0.501655 -15.928172 -3.167306 2.999703 -6.338817 -0.0 1e-06 -18.123419 3.648181 -4.905662 -4e-06 0.0 -2e-06 12.328455 12.475211 13.887068 64.138786 14.559206 1.34198 0.230713 27.6991 0.234995 0.319582 2.984784 -8.047713 2.24354 -5.255033 -3.180156 14.282877 -0.826594 6.952496 -0.0 -12.690593 -1e-06 16.357555 -17.627779 2.810606 1.665665 -1.95592 -2.878297 4.727794 -4.170584 4.993919 11.020511 1e-06 -0.0 12.109032 -3.735715 -2.866778 0.0 -0.0 0.0 1.291985 -1.928548 -1.498088 14.800115 0.567467 3.865604 14.242553 -1.341738 -6.660648 19.631935 0.143921 -0.648243 50.834324 -0.44842 -5.845959 0.353029 -1.51115 -0.03194 20.222769 3.684305 2.316629 18.787249 1e-06 -1e-06 10.751608 -0.47987 1.397903 0.0 -0.0 0.0 3.273804 0.305947 -0.58011 21.48679 11.830364 2.266131 8.162915 0.0 -0.0 18.399052 -3.798986 -4.940567 3e-06 0.0 -1e-06 -5.073095 2.258903 -29.165983 -0.021833 0.076664 24.294662 3.691937 5.884472 7.009475 1.643307 -1.935744 0.765939 0.0 -0.0 2e-06 -7.651257 -0.639557 15.476747 -0.022308 0.747269 37.891792 0.4399 5.267548 10.090007 -1.476306 0.699679 -22.307219 0.0 -0.0 -1e-06 
0.0 0.0 0.0 0.0 -0.0 0.0 -2.158426 95.235664 294.405853 4.264325 -6.767409 -3.090158 -1.809939 0.512307 0.662538 -0.958498 2.706701 -4.473924 -3.213278 0.469907 11.402998 1.631766 1.906404 0.438852 -0.78613 0.195914 -3.554807 2.481871 -1.256115 -16.131754 7.7e-05 -2.2e-05 6e-06 0.045435 0.061805 0.073022 0.705343 -3.678654 -10.417542 -0.627294 3.797942 -10.410278 -20.194563 -4.304494 13.565792 -59.559628 -4.374362 -0.732841 0.805362 -16.894936 -0.139254 -4.056716 10.789192 -7.451166 -5.882102 9.861279 0.70259 -10.936861 -0.360574 7.156197 0.0 8.774815 -0.0 -16.340281 18.411417 6.021168 -1.844031 2.498503 -2.507276 -10.16359 4.678941 4.621104 -20.975996 -1e-06 1e-06 -21.226254 2.451698 -3.593995 0.0 -6e-06 -0.0 -1.362681 2.240797 -0.746323 -21.334892 0.58491 3.008319 -13.821196 -1e-06 1e-06 -23.887129 -0.249075 -0.839485 -60.493149 2.231794 -1.373636 -0.294025 1.679686 0.833255 -14.218195 0.093215 1.300579 -34.212002 -0.287561 0.967166 -20.033176 0.964536 1.212838 0.0 -0.0 0.0 -3.440387 0.788233 0.501655 -15.928172 -3.167306 2.999703 -6.338817 -0.0 1e-06 -18.123419 3.648181 -4.905662 -4e-06 0.0 -2e-06 11.930701 12.730894 14.122219 65.295456 13.836643 3.844789 0.256152 24.582373 0.187469 2.116956 1.810897 -6.142205 2.24354 -5.255033 -3.180156 14.282877 -0.826594 6.952496 -0.0 -12.690593 -1e-06 16.554186 -17.60796 2.62444 1.665665 -1.95592 -2.878297 4.727794 -4.170584 4.993919 11.020511 1e-06 -0.0 12.109032 -3.735715 -2.866778 0.0 -0.0 0.0 1.291985 -1.928548 -1.498088 14.800115 0.567467 3.865604 14.242553 -1.341738 -6.660648 19.631935 0.143921 -0.648243 50.514206 -0.392198 -5.956955 0.353029 -1.51115 -0.03194 20.222769 3.684305 2.316629 18.787249 1e-06 -1e-06 10.751608 -0.47987 1.397903 0.0 -0.0 0.0 3.273804 0.305947 -0.58011 21.48679 11.830364 2.266131 8.162915 0.0 -0.0 18.399052 -3.798986 -4.940567 3e-06 0.0 -1e-06 -6.646861 2.225262 -25.816616 -0.0088 0.145658 25.453205 4.208605 7.020488 2.953998 1.631594 -1.984502 0.493919 0.0 -0.0 2e-06 -9.547796 0.049522 8.77392 0.058111 0.74846 50.348694 2.012558 4.651026 19.978779 -1.180834 0.801367 -8.804743 0.0 -0.0 -1e-06 
0.0 0.0 0.0 0.0 -0.0 0.0 -1.750028 96.284782 298.966949 5.025502 -7.612302 -3.525225 -2.204079 0.492238 0.985252 -1.044949 2.525868 -4.338765 -3.311426 0.340667 11.292233 1.11852 2.243885 0.631989 -0.625661 0.29926 -3.564453 2.434827 -0.988189 -16.251825 7.7e-05 -2.2e-05 6e-06 0.050232 0.088759 0.09155 0.700122 -3.652007 -10.426695 -0.61314 3.826622 -10.405761 -20.507673 -4.384951 13.241235 -58.499943 -5.744384 -0.376701 0.631496 -18.18552 -0.094162 -3.402029 10.201174 -7.909033 -5.882102 9.861279 0.70259 -10.936861 -0.360574 7.156197 0.0 8.774815 -0.0 -16.402382 18.454969 5.952126 -1.844031 2.498503 -2.507276 -10.16359 4.678941 4.621104 -20.975996 -1e-06 1e-06 -21.226254 2.451698 -3.593995 0.0 -6e-06 -0.0 -1.362681 2.240797 -0.746323 -21.334892 0.58491 3.008319 -13.821196 -1e-06 1e-06 -23.887129 -0.249075 -0.839485 -60.56356 2.258095 -1.461701 -0.294025 1.679686 0.833255 -14.218195 0.093215 1.300579 -34.212002 -0.287561 0.967166 -20.033176 0.964536 1.212838 0.0 -0.0 0.0 -3.440387 0.788233 0.501655 -15.928172 -3.167306 2.999703 -6.338817 -0.0 1e-06 -18.123419 3.648181 -4.905662 -4e-06 0.0 -2e-06 11.956628 12.952085 14.312176 65.439056 13.194984 6.585051 0.472406 22.213505 0.204236 3.808304 0.575594 -3.638395 2.24354 -5.255033 -3.180156 14.282877 -0.826594 6.952496 -0.0 -12.690593 -1e-06 16.604836 -17.588299 2.464685 1.665665 -1.95592 -2.878297 4.727794 -4.170584 4.993919 11.020511 1e-06 -0.0 12.109032 -3.735715 -2.866778 0.0 -0.0 0.0 1.291985 -1.928548 -1.498088 14.800115 0.567467 3.865604 14.242553 -1.341738 -6.660648 19.631935 0.143921 -0.648243 50.200943 -0.419075 -6.113404 0.353029 -1.51115 -0.03194 20.222769 3.684305 2.316629 18.787249 1e-06 -1e-06 10.751608 -0.47987 1.397903 0.0 -0.0 0.0 3.273804 0.305947 -0.58011 21.48679 11.830364 2.266131 8.162915 0.0 -0.0 18.399052 -3.798986 -4.940567 3e-06 0.0 -1e-06 -7.826715 2.41893 -21.424212 0.076665 0.198302 23.771793 4.626465 8.176789 0.539711 1.605343 -2.039727 0.437362 0.0 -0.0 2e-06 -10.71723 0.787614 1.929904 0.102459 0.555896 60.353985 1.630208 4.576221 19.898951 -1.186554 0.888232 -4.473477 0.0 -0.0 -1e-06 
0.0 0.0 0.0 0.0 -0.0 0.0 -1.496744 97.397377 303.351349 4.99538 -8.107634 -4.01975 -2.28169 0.389421 1.296405 -1.032688 2.16894 -4.211399 -3.040096 0.134811 11.342344 0.785663 2.512191 1.191441 -0.561457 0.407146 -3.560334 2.311504 -0.613682 -16.230906 7.7e-05 -2.2e-05 6e-06 0.04859 0.088075 0.094104 0.692474 -3.65836 -10.446033 -0.608089 3.833518 -10.431472 -20.694901 -4.522573 13.031405 -57.244049 -7.474737 0.245876 0.378656 -19.764177 -0.050414 -2.163044 9.007364 -7.817057 -5.882102 9.861279 0.70259 -10.936861 -0.360574 7.156197 0.0 8.774815 -0.0 -16.513977 18.408379 5.857872 -1.844031 2.498503 -2.507276 -10.16359 4.678941 4.621104 -20.975996 -1e-06 1e-06 -21.226254 2.451698 -3.593995 0.0 -6e-06 -0.0 -1.362681 2.240797 -0.746323 -21.334892 0.58491 3.008319 -13.821196 -1e-06 1e-06 -23.887129 -0.249075 -0.839485 -60.585663 2.280029 -1.435326 -0.294025 1.679686 0.833255 -14.218195 0.093215 1.300579 -34.212002 -0.287561 0.967166 -20.033176 0.964536 1.212838 0.0 -0.0 0.0 -3.440387 0.788233 0.501655 -15.928172 -3.167306 2.999703 -6.338817 -0.0 1e-06 -18.123419 3.648181 -4.905662 -4e-06 0.0 -2e-06 12.010922 12.859859 14.460226 65.296066 12.409111 8.792404 0.629615 21.163021 0.16928 4.788337 -0.350586 -1.57581 2.24354 -5.255033 -3.180156 14.282877 -0.826594 6.952496 -0.0 -12.690593 -1e-06 16.60729 -17.612419 2.387471 1.665665 -1.95592 -2.878297 4.727794 -4.170584 4.993919 11.020511 1e-06 -0.0 12.109032 -3.735715 -2.866778 0.0 -0.0 0.0 1.291985 -1.928548 -1.498088 14.800115 0.567467 3.865604 14.242553 -1.341738 -6.660648 19.631935 0.143921 -0.648243 50.127369 -0.407388 -6.186224 0.353029 -1.51115 -0.03194 20.222769 3.684305 2.316629 18.787249 1e-06 -1e-06 10.751608 -0.47987 1.397903 0.0 -0.0 0.0 3.273804 0.305947 -0.58011 21.48679 11.830364 2.266131 8.162915 0.0 -0.0 18.399052 -3.798986 -4.940567 3e-06 0.0 -1e-06 -8.148993 2.697257 -16.270384 0.091706 0.164429 20.584373 4.858528 8.862476 -0.979364 1.592333 -2.100623 0.410128 0.0 -0.0 2e-06 -10.585276 0.841591 -4.429075 0.113414 0.212322 66.786514 -0.650017 3.424621 15.44338 -1.261789 0.906599 -3.7581 0.0 -0.0 -1e-06 
0.0 0.0 0.0 0.0 -0.0 0.0 -1.405209 98.425697 307.793549 4.240239 -8.070379 -4.64606 -2.14352 0.196511 1.709299 -0.903873 1.696662 -4.047164 -2.467047 -0.297077 11.39959 0.738208 2.64294 2.099237 -0.50481 0.592319 -3.551226 2.090984 -0.233722 -15.951521 7.7e-05 -2.2e-05 6e-06 0.041423 0.07086 0.092665 0.682908 -3.679793 -10.468101 -0.611231 3.822719 -10.466966 -20.135065 -4.841289 12.997802 -56.346947 -9.539266 1.502249 0.100067 -21.474922 -0.008333 -1.328877 7.772111 -7.074991 -5.882102 9.861279 0.70259 -10.936861 -0.360574 7.156197 0.0 8.774815 -0.0 -16.556517 18.366549 5.81517 -1.844031 2.498503 -2.507276 -10.16359 4.678941 4.621104 -20.975996 -1e-06 1e-06 -21.226254 2.451698 -3.593995 0.0 -6e-06 -0.0 -1.362681 2.240797 -0.746323 -21.334892 0.58491 3.008319 -13.821196 -1e-06 1e-06 -23.887129 -0.249075 -0.839485 -60.59935 2.328342 -1.365956 -0.294025 1.679686 0.833255 -14.218195 0.093215 1.300579 -34.212002 -0.287561 0.967166 -20.033176 0.964536 1.212838 0.0 -0.0 0.0 -3.440387 0.788233 0.501655 -15.928172 -3.167306 2.999703 -6.338817 -0.0 1e-06 -18.123419 3.648181 -4.905662 -4e-06 0.0 -2e-06 11.786332 12.407016 14.537845 65.36731 11.359133 10.275872 0.584743 21.405302 0.100341 5.20942 -0.691196 -0.606967 2.24354 -5.255033 -3.180156 14.282877 -0.826594 6.952496 -0.0 -12.690593 -1e-06 16.604685 -17.652161 2.373111 1.665665 -1.95592 -2.878297 4.727794 -4.170584 4.993919 11.020511 1e-06 -0.0 12.109032 -3.735715 -2.866778 0.0 -0.0 0.0 1.291985 -1.928548 -1.498088 14.800115 0.567467 3.865604 14.242553 -1.341738 -6.660648 19.631935 0.143921 -0.648243 50.097504 -0.371681 -6.246731 0.353029 -1.51115 -0.03194 20.222769 3.684305 2.316629 18.787249 1e-06 -1e-06 10.751608 -0.47987 1.397903 0.0 -0.0 0.0 3.273804 0.305947 -0.58011 21.48679 11.830364 2.266131 8.162915 0.0 -0.0 18.399052 -3.798986 -4.940567 3e-06 0.0 -1e-06 -7.63758 3.200036 -10.454843 0.052609 0.077134 16.59927 4.736539 8.710414 -2.163942 1.594288 -2.102664 0.371748 0.0 -0.0 2e-06 -9.276727 0.078041 -9.904319 0.105781 -0.090974 69.187553 -2.92822 2.019799 11.090142 -1.310785 0.88992 -3.51527 0.0 -0.0 -1e-06 
0.0 0.0 0.0 0.0 -0.0 0.0 -1.471553 99.234352 312.351044 3.033867 -7.579428 -5.327481 -1.9101 0.005725 2.177141 -0.726611 1.121649 -3.881227 -1.728244 -0.912521 11.426383 0.959226 2.547313 3.217391 -0.389644 0.884561 -3.546381 1.835207 0.129317 -15.44187 7.7e-05 -2.2e-05 6e-06 0.036218 0.062476 0.092923 0.683876 -3.688301 -10.506573 -0.620571 3.815963 -10.517038 -18.926779 -5.386087 13.084002 -55.738705 -11.673306 2.986863 -0.164774 -23.362732 0.062145 -1.163943 6.763746 -6.215171 -5.882102 9.861279 0.70259 -10.936861 -0.360574 7.156197 0.0 8.774815 -0.0 -16.465721 18.316805 5.847598 -1.844031 2.498503 -2.507276 -10.16359 4.678941 4.621104 -20.975996 -1e-06 1e-06 -21.226254 2.451698 -3.593995 0.0 -6e-06 -0.0 -1.362681 2.240797 -0.746323 -21.334892 0.58491 3.008319 -13.821196 -1e-06 1e-06 -23.887129 -0.249075 -0.839485 -60.593834 2.402953 -1.306775 -0.294025 1.679686 0.833255 -14.218195 0.093215 1.300579 -34.212002 -0.287561 0.967166 -20.033176 0.964536 1.212838 0.0 -0.0 0.0 -3.440387 0.788233 0.501655 -15.928172 -3.167306 2.999703 -6.338817 -0.0 1e-06 -18.123419 3.648181 -4.905662 -4e-06 0.0 -2e-06 11.512563 11.661837 14.5509 65.544876 10.024745 10.782851 0.422266 22.650517 0.044562 5.325213 -0.392489 -0.745261 2.24354 -5.255033 -3.180156 14.282877 -0.826594 6.952496 -0.0 -12.690593 -1e-06 16.552801 -17.693205 2.432249 1.665665 -1.95592 -2.878297 4.727794 -4.170584 4.993919 11.020511 1e-06 -0.0 12.109032 -3.735715 -2.866778 0.0 -0.0 0.0 1.291985 -1.928548 -1.498088 14.800115 0.567467 3.865604 14.242553 -1.341738 -6.660648 19.631935 0.143921 -0.648243 50.039265 -0.377091 -6.286891 0.353029 -1.51115 -0.03194 20.222769 3.684305 2.316629 18.787249 1e-06 -1e-06 10.751608 -0.47987 1.397903 0.0 -0.0 0.0 3.273804 0.305947 -0.58011 21.48679 11.830364 2.266131 8.162915 0.0 -0.0 18.399052 -3.798986 -4.940567 3e-06 0.0 -1e-06 -6.474823 3.868177 -4.231591 0.007441 -0.022048 12.153925 4.23509 7.876487 -3.201309 1.606235 -2.050188 0.290905 0.0 -0.0 2e-06 -7.262202 -1.260501 -14.239061 0.076016 -0.298943 67.528816 -3.957987 1.448198 7.801656 -1.325693 0.841553 -3.551328 0.0 -0.0 -1e-06 
0.0 0.0 0.0 0.0 -0.0 0.0 -1.68353 99.716476 316.893585 1.692171 -6.761526 -5.799747 -1.683504 -0.111834 2.551543 -0.585025 0.506123 -3.773795 -0.950746 -1.615503 11.451912 1.39709 2.25461 4.237004 -0.246137 1.241171 -3.56494 1.62782 0.385305 -14.774614 7.7e-05 -2.2e-05 6e-06 0.033998 0.053725 0.084498 0.686151 -3.692719 -10.545298 -0.625197 3.803594 -10.557854 -17.436918 -6.138935 13.122186 -55.189785 -13.688573 4.26281 -0.318973 -25.401659 0.158599 -1.374542 6.120734 -5.77816 -5.882102 9.861279 0.70259 -10.936861 -0.360574 7.156197 0.0 8.774815 -0.0 -16.284891 18.304619 5.980401 -1.844031 2.498503 -2.507276 -10.16359 4.678941 4.621104 -20.975996 -1e-06 1e-06 -21.226254 2.451698 -3.593995 0.0 -6e-06 -0.0 -1.362681 2.240797 -0.746323 -21.334892 0.58491 3.008319 -13.821196 -1e-06 1e-06 -23.887129 -0.249075 -0.839485 -60.614468 2.512689 -1.227947 -0.294025 1.679686 0.833255 -14.218195 0.093215 1.300579 -34.212002 -0.287561 0.967166 -20.033176 0.964536 1.212838 0.0 -0.0 0.0 -3.440387 0.788233 0.501655 -15.928172 -3.167306 2.999703 -6.338817 -0.0 1e-06 -18.123419 3.648181 -4.905662 -4e-06 0.0 -2e-06 11.509661 10.756082 14.456364 65.631645 8.454076 10.153794 0.255901 24.444866 0.008126 5.174583 0.417605 -1.81464 2.24354 -5.255033 -3.180156 14.282877 -0.826594 6.952496 -0.0 -12.690593 -1e-06 16.463936 -17.739346 2.55713 1.665665 -1.95592 -2.878297 4.727794 -4.170584 4.993919 11.020511 1e-06 -0.0 12.109032 -3.735715 -2.866778 0.0 -0.0 0.0 1.291985 -1.928548 -1.498088 14.800115 0.567467 3.865604 14.242553 -1.341738 -6.660648 19.631935 0.143921 -0.648243 49.972427 -0.465557 -6.305397 0.353029 -1.51115 -0.03194 20.222769 3.684305 2.316629 18.787249 1e-06 -1e-06 10.751608 -0.47987 1.397903 0.0 -0.0 0.0 3.273804 0.305947 -0.58011 21.48679 11.830364 2.266131 8.162915 0.0 -0.0 18.399052 -3.798986 -4.940567 3e-06 0.0 -1e-06 -4.927528 4.508531 1.763259 -0.027968 -0.074628 7.682048 3.512702 6.61645 -4.148649 1.623267 -1.969568 0.225569 0.0 -0.0 2e-06 -4.987113 -2.855125 -17.715498 -0.001746 -0.429243 62.144901 -3.427719 1.707632 5.725582 -1.339972 0.802955 -3.655142 0.0 -0.0 -1e-06 
0.0 0.0 0.0 0.0 -0.0 0.0 -1.992599 99.794029 321.237793 0.68073 -5.784536 -5.950405 -1.650661 -0.126919 2.737526 -0.542125 -0.069658 -3.726118 -0.328508 -2.26634 11.517097 2.064869 1.848048 4.931486 -0.186227 1.533748 -3.597502 1.553219 0.490772 -14.242846 7.7e-05 -2.2e-05 6e-06 0.031723 0.040126 0.072261 0.676158 -3.700298 -10.557075 -0.618136 3.784642 -10.561735 -15.994323 -7.032978 13.029459 -54.495621 -15.556725 5.212682 -0.290259 -27.50436 0.223548 -1.460696 5.691519 -6.151962 -5.882102 9.861279 0.70259 -10.936861 -0.360574 7.156197 0.0 8.774815 -0.0 -16.024355 18.318138 6.187565 -1.844031 2.498503 -2.507276 -10.16359 4.678941 4.621104 -20.975996 -1e-06 1e-06 -21.226254 2.451698 -3.593995 0.0 -6e-06 -0.0 -1.362681 2.240797 -0.746323 -21.334892 0.58491 3.008319 -13.821196 -1e-06 1e-06 -23.887129 -0.249075 -0.839485 -60.588116 2.642068 -1.150728 -0.294025 1.679686 0.833255 -14.218195 0.093215 1.300579 -34.212002 -0.287561 0.967166 -20.033176 0.964536 1.212838 0.0 -0.0 0.0 -3.440387 0.788233 0.501655 -15.928172 -3.167306 2.999703 -6.338817 -0.0 1e-06 -18.123419 3.648181 -4.905662 -4e-06 0.0 -2e-06 11.82473 9.799164 14.252618 65.697746 6.924448 8.6803 0.128656 26.166662 -0.033401 4.546672 1.499881 -3.717981 2.24354 -5.255033 -3.180156 14.282877 -0.826594 6.952496 -0.0 -12.690593 -1e-06 16.394138 -17.773958 2.675163 1.665665 -1.95592 -2.878297 4.727794 -4.170584 4.993919 11.020511 1e-06 -0.0 12.109032 -3.735715 -2.866778 0.0 -0.0 0.0 1.291985 -1.928548 -1.498088 14.800115 0.567467 3.865604 14.242553 -1.341738 -6.660648 19.631935 0.143921 -0.648243 49.903034 -0.584765 -6.327987 0.353029 -1.51115 -0.03194 20.222769 3.684305 2.316629 18.787249 1e-06 -1e-06 10.751608 -0.47987 1.397903 0.0 -0.0 0.0 3.273804 0.305947 -0.58011 21.48679 11.830364 2.266131 8.162915 0.0 -0.0 18.399052 -3.798986 -4.940567 3e-06 0.0 -1e-06 -3.58258 4.912621 6.610005 -0.049168 -0.052771 4.340526 2.849288 5.389829 -5.298532 1.641925 -1.909741 0.249661 0.0 -0.0 2e-06 -3.035881 -4.33497 -20.501432 -0.064966 -0.409033 53.437061 -1.69102 2.072354 4.823333 -1.370009 0.810355 -3.701715 0.0 -0.0 -1e-06 
0.0 0.0 0.0 0.0 -0.0 0.0 -2.341081 99.473953 325.419647 0.285384 -4.793797 -5.865928 -1.910942 -0.097623 2.730399 -0.586006 -0.594437 -3.69559 -0.046743 -2.697852 11.614655 2.925973 1.351402 5.339237 -0.242412 1.65327 -3.599716 1.580283 0.544276 -13.993376 7.7e-05 -2.2e-05 6e-06 0.024019 0.029306 0.076304 0.653745 -3.710429 -10.546553 -0.610292 3.773397 -10.543561 -14.779947 -7.919029 12.908001 -53.579544 -17.384226 5.696163 -0.120296 -29.522448 0.224918 -1.307652 5.301672 -6.941801 -5.882102 9.861279 0.70259 -10.936861 -0.360574 7.156197 0.0 8.774815 -0.0 -15.780933 18.362055 6.372697 -1.844031 2.498503 -2.507276 -10.16359 4.678941 4.621104 -20.975996 -1e-06 1e-06 -21.226254 2.451698 -3.593995 0.0 -6e-06 -0.0 -1.362681 2.240797 -0.746323 -21.334892 0.58491 3.008319 -13.821196 -1e-06 1e-06 -23.887129 -0.249075 -0.839485 -60.446655 2.747423 -1.09712 -0.294025 1.679686 0.833255 -14.218195 0.093215 1.300579 -34.212002 -0.287561 0.967166 -20.033176 0.964536 1.212838 0.0 -0.0 0.0 -3.440387 0.788233 0.501655 -15.928172 -3.167306 2.999703 -6.338817 -0.0 1e-06 -18.123419 3.648181 -4.905662 -4e-06 0.0 -2e-06 12.254169 8.88458 13.984544 65.982109 5.720224 6.957439 0.016847 27.301754 -0.088173 3.493937 2.35807 -5.870137 2.24354 -5.255033 -3.180156 14.282877 -0.826594 6.952496 -0.0 -12.690593 -1e-06 16.408222 -17.772444 2.695384 1.665665 -1.95592 -2.878297 4.727794 -4.170584 4.993919 11.020511 1e-06 -0.0 12.109032 -3.735715 -2.866778 0.0 -0.0 0.0 1.291985 -1.928548 -1.498088 14.800115 0.567467 3.865604 14.242553 -1.341738 -6.660648 19.631935 0.143921 -0.648243 49.894444 -0.657837 -6.347538 0.353029 -1.51115 -0.03194 20.222769 3.684305 2.316629 18.787249 1e-06 -1e-06 10.751608 -0.47987 1.397903 0.0 -0.0 0.0 3.273804 0.305947 -0.58011 21.48679 11.830364 2.266131 8.162915 0.0 -0.0 18.399052 -3.798986 -4.940567 3e-06 0.0 -1e-06 -2.901004 4.989264 10.211275 -0.070844 0.011174 2.587488 2.429226 4.591776 -7.035613 1.655295 -1.913146 0.295632 0.0 -0.0 2e-06 -1.841213 -5.408357 -22.240656 -0.013445 -0.235845 41.634945 0.082647 1.827733 5.418126 -1.399835 0.844577 -3.807234 0.0 -0.0 -1e-06 
0.0 0.0 0.0 0.0 -0.0 0.0 -2.709267 98.86351 329.587219 0.398043 -3.881906 -5.685789 -2.303259 -0.086905 2.616336 -0.658901 -0.983879 -3.711853 -0.1187 -2.877867 11.727808 3.708973 0.839209 5.539193 -0.274714 1.569582 -3.545967 1.610084 0.590733 -13.885989 7.7e-05 -2.2e-05 6e-06 0.008091 0.011818 0.095342 0.632843 -3.734972 -10.555161 -0.621021 3.762883 -10.552045 -13.892529 -8.707693 12.879107 -52.661819 -19.179634 5.598469 0.148858 -31.308926 0.188947 -1.086077 4.955673 -7.481085 -5.882102 9.861279 0.70259 -10.936861 -0.360574 7.156197 0.0 8.774815 -0.0 -15.666132 18.397865 6.424377 -1.844031 2.498503 -2.507276 -10.16359 4.678941 4.621104 -20.975996 -1e-06 1e-06 -21.226254 2.451698 -3.593995 0.0 -6e-06 -0.0 -1.362681 2.240797 -0.746323 -21.334892 0.58491 3.008319 -13.821196 -1e-06 1e-06 -23.887129 -0.249075 -0.839485 -60.363777 2.784073 -1.141253 -0.294025 1.679686 0.833255 -14.218195 0.093215 1.300579 -34.212002 -0.287561 0.967166 -20.033176 0.964536 1.212838 0.0 -0.0 0.0 -3.440387 0.788233 0.501655 -15.928172 -3.167306 2.999703 -6.338817 -0.0 1e-06 -18.123419 3.648181 -4.905662 -4e-06 0.0 -2e-06 12.499077 8.108712 13.714061 66.671249 4.910845 5.42438 -0.180662 27.502008 -0.131225 2.523218 2.741803 -7.65494 2.24354 -5.255033 -3.180156 14.282877 -0.826594 6.952496 -0.0 -12.690593 -1e-06 16.501024 -17.799257 2.673329 1.665665 -1.95592 -2.878297 4.727794 -4.170584 4.993919 11.020511 1e-06 -0.0 12.109032 -3.735715 -2.866778 0.0 -0.0 0.0 1.291985 -1.928548 -1.498088 14.800115 0.567467 3.865604 14.242553 -1.341738 -6.660648 19.631935 0.143921 -0.648243 50.16283 -0.668217 -6.302711 0.353029 -1.51115 -0.03194 20.222769 3.684305 2.316629 18.787249 1e-06 -1e-06 10.751608 -0.47987 1.397903 0.0 -0.0 0.0 3.273804 0.305947 -0.58011 21.48679 11.830364 2.266131 8.162915 0.0 -0.0 18.399052 -3.798986 -4.940567 3e-06 0.0 -1e-06 -2.77747 4.791826 13.085629 -0.070869 0.114404 2.062469 2.094378 4.318185 -9.173718 1.659033 -1.975962 0.261275 0.0 -0.0 2e-06 -1.450965 -5.862267 -22.623055 0.134794 -0.069536 27.109882 1.147783 1.147327 7.043959 -1.430778 0.91791 -3.793005 0.0 -0.0 -1e-06 
0.0 0.0 0.0 0.0 -0.0 0.0 -3.14889 98.004639 333.867401 0.798455 -3.019092 -5.43343 -2.662481 -0.044326 2.422929 -0.783796 -1.197349 -3.819766 -0.406316 -2.963287 11.840035 4.379681 0.513233 5.542293 -0.317167 1.2804 -3.491606 1.603429 0.395781 -13.701813 7.7e-05 -2.2e-05 6e-06 -0.003086 0.017642 0.103434 0.629351 -3.733005 -10.591261 -0.640163 3.774654 -10.593629 -13.367332 -9.360463 12.821389 -51.90728 -20.677645 5.255287 0.448153 -32.942577 0.155289 -1.145585 4.843719 -7.72542 -5.882102 9.861279 0.70259 -10.936861 -0.360574 7.156197 0.0 8.774815 -0.0 -15.704275 18.430149 6.41203 -1.844031 2.498503 -2.507276 -10.16359 4.678941 4.621104 -20.975996 -1e-06 1e-06 -21.226254 2.451698 -3.593995 0.0 -6e-06 -0.0 -1.362681 2.240797 -0.746323 -21.334892 0.58491 3.008319 -13.821196 -1e-06 1e-06 -23.887129 -0.249075 -0.839485 -60.389828 2.754484 -1.364528 -0.294025 1.679686 0.833255 -14.218195 0.093215 1.300579 -34.212002 -0.287561 0.967166 -20.033176 0.964536 1.212838 0.0 -0.0 0.0 -3.440387 0.788233 0.501655 -15.928172 -3.167306 2.999703 -6.338817 -0.0 1e-06 -18.123419 3.648181 -4.905662 -4e-06 0.0 -2e-06 12.609057 7.482547 13.424356 67.571312 4.306463 3.868901 -0.247326 26.788078 -0.106785 2.088815 2.721318 -8.520549 2.24354 -5.255033 -3.180156 14.282877 -0.826594 6.952496 -0.0 -12.690593 -1e-06 16.504435 -17.871908 2.708162 1.665665 -1.95592 -2.878297 4.727794 -4.170584 4.993919 11.020511 1e-06 -0.0 12.109032 -3.735715 -2.866778 0.0 -0.0 0.0 1.291985 -1.928548 -1.498088 14.800115 0.567467 3.865604 14.242553 -1.341738 -6.660648 19.631935 0.143921 -0.648243 50.609001 -0.683766 -6.264469 0.353029 -1.51115 -0.03194 20.222769 3.684305 2.316629 18.787249 1e-06 -1e-06 10.751608 -0.47987 1.397903 0.0 -0.0 0.0 3.273804 0.305947 -0.58011 21.48679 11.830364 2.266131 8.162915 0.0 -0.0 18.399052 -3.798986 -4.940567 3e-06 0.0 -1e-06 -2.837286 4.65013 15.638415 -0.031824 0.156898 2.313749 1.712491 3.965279 -11.536785 1.666722 -2.029747 0.101922 0.0 -0.0 2e-06 -1.729792 -5.535929 -22.169142 0.302583 -0.082952 11.917614 1.992363 0.234642 7.575986 -1.414817 1.006867 -3.695243 0.0 -0.0 -1e-06 
0.0 0.0 0.0 0.0 -0.0 0.0 -3.67724 97.00177 338.266571 0.800369 -2.397316 -4.847611 -2.628561 0.068317 2.036719 -0.849186 -1.292359 -4.012786 -0.573539 -3.00604 11.931791 4.867768 0.418777 5.321686 -0.360528 0.875966 -3.539002 1.540956 0.095472 -13.242452 7.7e-05 -2.2e-05 6e-06 0.002363 0.057449 0.084057 0.632982 -3.690183 -10.613244 -0.633045 3.81437 -10.619755 -13.725319 -9.695013 12.408767 -50.89304 -21.566225 4.836718 0.437732 -34.452801 0.220614 -1.617625 5.206261 -7.490973 -5.882102 9.861279 0.70259 -10.936861 -0.360574 7.156197 0.0 8.774815 -0.0 -15.772792 18.43622 6.422028 -1.844031 2.498503 -2.507276 -10.16359 4.678941 4.621104 -20.975996 -1e-06 1e-06 -21.226254 2.451698 -3.593995 0.0 -6e-06 -0.0 -1.362681 2.240797 -0.746323 -21.334892 0.58491 3.008319 -13.821196 -1e-06 1e-06 -23.887129 -0.249075 -0.839485 -60.457611 2.683701 -1.461159 -0.294025 1.679686 0.833255 -14.218195 0.093215 1.300579 -34.212002 -0.287561 0.967166 -20.033176 0.964536 1.212838 0.0 -0.0 0.0 -3.440387 0.788233 0.501655 -15.928172 -3.167306 2.999703 -6.338817 -0.0 1e-06 -18.123419 3.648181 -4.905662 -4e-06 0.0 -2e-06 13.443837 7.10645 13.136461 67.560677 3.679326 2.165046 -0.181595 25.526756 -0.07191 2.435568 2.41734 -8.722249 2.24354 -5.255033 -3.180156 14.282877 -0.826594 6.952496 -0.0 -12.690593 -1e-06 16.317783 -17.838823 2.722394 1.665665 -1.95592 -2.878297 4.727794 -4.170584 4.993919 11.020511 1e-06 -0.0 12.109032 -3.735715 -2.866778 0.0 -0.0 0.0 1.291985 -1.928548 -1.498088 14.800115 0.567467 3.865604 14.242553 -1.341738 -6.660648 19.631935 0.143921 -0.648243 50.577435 -0.726844 -6.407908 0.353029 -1.51115 -0.03194 20.222769 3.684305 2.316629 18.787249 1e-06 -1e-06 10.751608 -0.47987 1.397903 0.0 -0.0 0.0 3.273804 0.305947 -0.58011 21.48679 11.830364 2.266131 8.162915 0.0 -0.0 18.399052 -3.798986 -4.940567 3e-06 0.0 -1e-06 -2.283625 4.675612 17.926935 -0.044181 0.107881 2.631247 1.286401 3.312646 -13.954951 1.699508 -1.955597 -0.11443 0.0 -0.0 2e-06 -1.739745 -4.686934 -22.698524 0.286805 -0.124969 0.56471 2.665397 -1.184535 6.613064 -1.373895 1.079595 -3.731246 0.0 -0.0 -1e-06 
0.0 0.0 0.0 0.0 -0.0 0.0 -4.30071 95.945145 342.827881 0.411401 -2.021636 -4.141323 -2.347461 0.085808 1.597508 -0.824409 -1.369326 -4.203053 -0.537023 -3.000039 12.074051 5.198049 0.399407 4.854395 -0.406102 0.818055 -3.533699 1.309828 -0.076802 -13.08173 7.7e-05 -2.2e-05 6e-06 0.009766 0.030977 0.063853 0.622692 -3.711041 -10.590423 -0.607879 3.783665 -10.598203 -14.463414 -9.705198 11.864652 -50.197769 -22.021643 4.040843 -0.000685 -35.428989 0.504831 -1.934199 5.592341 -6.853162 -5.882102 9.861279 0.70259 -10.936861 -0.360574 7.156197 0.0 8.774815 -0.0 -15.852448 18.420439 6.32219 -1.844031 2.498503 -2.507276 -10.16359 4.678941 4.621104 -20.975996 -1e-06 1e-06 -21.226254 2.451698 -3.593995 0.0 -6e-06 -0.0 -1.362681 2.240797 -0.746323 -21.334892 0.58491 3.008319 -13.821196 -1e-06 1e-06 -23.887129 -0.249075 -0.839485 -60.648773 2.678744 -1.46271 -0.294025 1.679686 0.833255 -14.218195 0.093215 1.300579 -34.212002 -0.287561 0.967166 -20.033176 0.964536 1.212838 0.0 -0.0 0.0 -3.440387 0.788233 0.501655 -15.928172 -3.167306 2.999703 -6.338817 -0.0 1e-06 -18.123419 3.648181 -4.905662 -4e-06 0.0 -2e-06 14.819719 7.067849 13.30784 66.654198 3.61277 0.614639 -0.141717 23.821646 -0.063324 3.228515 1.701656 -8.835079 2.24354 -5.255033 -3.180156 14.282877 -0.826594 6.952496 -0.0 -12.690593 -1e-06 16.196777 -17.85479 2.618896 1.665665 -1.95592 -2.878297 4.727794 -4.170584 4.993919 11.020511 1e-06 -0.0 12.109032 -3.735715 -2.866778 0.0 -0.0 0.0 1.291985 -1.928548 -1.498088 14.800115 0.567467 3.865604 14.242553 -1.341738 -6.660648 19.631935 0.143921 -0.648243 50.067268 -0.72513 -6.721871 0.353029 -1.51115 -0.03194 20.222769 3.684305 2.316629 18.787249 1e-06 -1e-06 10.751608 -0.47987 1.397903 0.0 -0.0 0.0 3.273804 0.305947 -0.58011 21.48679 11.830364 2.266131 8.162915 0.0 -0.0 18.399052 -3.798986 -4.940567 3e-06 0.0 -1e-06 -1.328682 4.494329 20.7561 -0.081361 0.139078 1.760621 0.65621 2.727605 -15.519997 1.762715 -1.836448 -0.31905 0.0 -0.0 2e-06 -0.943181 -4.598501 -25.406393 0.093191 -0.052418 -2.529788 3.823225 -2.526375 4.372564 -1.35855 1.064957 -3.742951 0.0 -0.0 -1e-06 
0.0 0.0 0.0 0.0 -0.0 0.0 -5.013377 94.855858 347.541199 0.219197 -1.628291 -3.721343 -2.408265 0.051152 1.29794 -0.838306 -1.565873 -4.320413 -0.274366 -2.975656 12.115891 5.488451 0.415529 4.382596 -0.407065 0.893105 -3.458974 1.134012 -0.032225 -13.45885 7.7e-05 -2.2e-05 6e-06 0.014436 0.011499 0.080708 0.623413 -3.732263 -10.563812 -0.598451 3.765086 -10.557278 -14.768457 -9.650125 11.984047 -50.570267 -22.188967 2.918409 -0.510037 -36.00671 0.646021 -1.762693 5.808892 -6.155235 -5.882102 9.861279 0.70259 -10.936861 -0.360574 7.156197 0.0 8.774815 -0.0 -15.943401 18.370747 6.26676 -1.844031 2.498503 -2.507276 -10.16359 4.678941 4.621104 -20.975996 -1e-06 1e-06 -21.226254 2.451698 -3.593995 0.0 -6e-06 -0.0 -1.362681 2.240797 -0.746323 -21.334892 0.58491 3.008319 -13.821196 -1e-06 1e-06 -23.887129 -0.249075 -0.839485 -60.840736 2.722724 -1.291211 -0.294025 1.679686 0.833255 -14.218195 0.093215 1.300579 -34.212002 -0.287561 0.967166 -20.033176 0.964536 1.212838 0.0 -0.0 0.0 -3.440387 0.788233 0.501655 -15.928172 -3.167306 2.999703 -6.338817 -0.0 1e-06 -18.123419 3.648181 -4.905662 -4e-06 0.0 -2e-06 15.832743 7.027568 13.558514 65.997856 3.928972 -0.355772 -0.113639 21.622131 -0.052482 3.937633 0.880217 -8.934504 2.24354 -5.255033 -3.180156 14.282877 -0.826594 6.952496 -0.0 -12.690593 -1e-06 16.294586 -17.846241 2.498985 1.665665 -1.95592 -2.878297 4.727794 -4.170584 4.993919 11.020511 1e-06 -0.0 12.109032 -3.735715 -2.866778 0.0 -0.0 0.0 1.291985 -1.928548 -1.498088 14.800115 0.567467 3.865604 14.242553 -1.341738 -6.660648 19.631935 0.143921 -0.648243 49.866974 -0.43743 -6.73383 0.353029 -1.51115 -0.03194 20.222769 3.684305 2.316629 18.787249 1e-06 -1e-06 10.751608 -0.47987 1.397903 0.0 -0.0 0.0 3.273804 0.305947 -0.58011 21.48679 11.830364 2.266131 8.162915 0.0 -0.0 18.399052 -3.798986 -4.940567 3e-06 0.0 -1e-06 -0.636878 4.159603 23.740551 -0.066802 0.01362 1.285487 0.118846 2.185747 -15.795749 1.7865 -1.799534 -1.111717 0.0 -0.0 2e-06 -0.20708 -5.123238 -26.947529 0.088999 0.044092 -1.872165 4.408835 -3.008596 2.838048 -1.370829 1.037724 -3.913073 0.0 -0.0 -1e-06 
0.0 0.0 0.0 0.0 -0.0 0.0 -5.818289 93.996529 352.562439 -0.130667 -1.108732 -3.193578 -2.44834 0.131745 0.783961 -0.798955 -1.927796 -4.458395 0.000949 -3.032423 12.085478 5.754129 0.30446 3.812744 -0.457793 0.989267 -3.444888 1.224914 0.015369 -13.666501 7.7e-05 -2.2e-05 6e-06 0.006575 -0.002979 0.100595 0.615493 -3.752362 -10.531664 -0.605082 3.755257 -10.51672 -15.113054 -9.63383 12.462747 -51.33588 -21.581539 2.373277 -0.626924 -36.219826 0.646265 -1.551358 5.80587 -6.403018 -5.882102 9.861279 0.70259 -10.936861 -0.360574 7.156197 0.0 8.774815 -0.0 -16.133799 18.308769 6.220612 -1.844031 2.498503 -2.507276 -10.16359 4.678941 4.621104 -20.975996 -1e-06 1e-06 -21.226254 2.451698 -3.593995 0.0 -6e-06 -0.0 -1.362681 2.240797 -0.746323 -21.334892 0.58491 3.008319 -13.821196 -1e-06 1e-06 -23.887129 -0.249075 -0.839485 -60.938709 2.677407 -1.170673 -0.294025 1.679686 0.833255 -14.218195 0.093215 1.300579 -34.212002 -0.287561 0.967166 -20.033176 0.964536 1.212838 0.0 -0.0 0.0 -3.440387 0.788233 0.501655 -15.928172 -3.167306 2.999703 -6.338817 -0.0 1e-06 -18.123419 3.648181 -4.905662 -4e-06 0.0 -2e-06 16.867126 6.811172 13.765484 65.343719 4.164357 -0.463683 -0.232694 19.680628 -0.061475 4.518501 0.233138 -8.93327 2.24354 -5.255033 -3.180156 14.282877 -0.826594 6.952496 -0.0 -12.690593 -1e-06 16.27223 -17.837482 2.517455 1.665665 -1.95592 -2.878297 4.727794 -4.170584 4.993919 11.020511 1e-06 -0.0 12.109032 -3.735715 -2.866778 0.0 -0.0 0.0 1.291985 -1.928548 -1.498088 14.800115 0.567467 3.865604 14.242553 -1.341738 -6.660648 19.631935 0.143921 -0.648243 49.837585 -0.310636 -6.54075 0.353029 -1.51115 -0.03194 20.222769 3.684305 2.316629 18.787249 1e-06 -1e-06 10.751608 -0.47987 1.397903 0.0 -0.0 0.0 3.273804 0.305947 -0.58011 21.48679 11.830364 2.266131 8.162915 0.0 -0.0 18.399052 -3.798986 -4.940567 3e-06 0.0 -1e-06 0.422486 3.8589 26.15859 -0.013351 -0.213262 1.792479 -0.298995 1.387362 -14.341038 1.822784 -1.840216 -3.16874 0.0 -0.0 2e-06 0.35702 -4.901675 -27.428593 0.186671 0.058068 1.755479 2.861159 -2.474397 2.964874 -1.390912 1.102055 -4.458416 0.0 -0.0 -1e-06 
0.0 0.0 0.0 0.0 -0.0 0.0 -6.738664 93.702454 357.766785 -1.752447 -0.648654 -1.95467 -1.494443 0.075858 -0.279937 -0.710776 -1.947096 -4.848113 0.59124 -3.313497 12.146156 5.817054 0.434 2.959714 -0.524473 1.070852 -3.470153 1.155188 -0.078103 -13.337904 7.7e-05 -2.2e-05 6e-06 -0.003598 0.006639 0.080993 0.596241 -3.734946 -10.495104 -0.602152 3.757332 -10.49675 -17.112429 -9.397873 12.62501 -50.88485 -19.773722 2.272553 -0.562464 -36.125099 0.529402 -1.835987 5.721475 -7.457939 -5.882102 9.861279 0.70259 -10.936861 -0.360574 7.156197 0.0 8.774815 -0.0 -16.272757 18.253553 6.11762 -1.844031 2.498503 -2.507276 -10.16359 4.678941 4.621104 -20.975996 -1e-06 1e-06 -21.226254 2.451698 -3.593995 0.0 -6e-06 -0.0 -1.362681 2.240797 -0.746323 -21.334892 0.58491 3.008319 -13.821196 -1e-06 1e-06 -23.887129 -0.249075 -0.839485 -60.773918 2.554583 -1.101533 -0.294025 1.679686 0.833255 -14.218195 0.093215 1.300579 -34.212002 -0.287561 0.967166 -20.033176 0.964536 1.212838 0.0 -0.0 0.0 -3.440387 0.788233 0.501655 -15.928172 -3.167306 2.999703 -6.338817 -0.0 1e-06 -18.123419 3.648181 -4.905662 -4e-06 0.0 -2e-06 18.637768 6.520089 13.585875 63.919582 3.871513 -0.843534 -0.309467 18.391842 -0.067422 5.088595 -0.182068 -7.94011 2.24354 -5.255033 -3.180156 14.282877 -0.826594 6.952496 -0.0 -12.690593 -1e-06 16.214247 -17.84177 2.525839 1.665665 -1.95592 -2.878297 4.727794 -4.170584 4.993919 11.020511 1e-06 -0.0 12.109032 -3.735715 -2.866778 0.0 -0.0 0.0 1.291985 -1.928548 -1.498088 14.800115 0.567467 3.865604 14.242553 -1.341738 -6.660648 19.631935 0.143921 -0.648243 49.946884 -0.270826 -6.505185 0.353029 -1.51115 -0.03194 20.222769 3.684305 2.316629 18.787249 1e-06 -1e-06 10.751608 -0.47987 1.397903 0.0 -0.0 0.0 3.273804 0.305947 -0.58011 21.48679 11.830364 2.266131 8.162915 0.0 -0.0 18.399052 -3.798986 -4.940567 3e-06 0.0 -1e-06 3.662075 4.599385 26.134514 0.083125 -0.557854 5.702785 -1.041784 -0.464253 -11.997093 1.917208 -1.812226 -7.343359 0.0 -0.0 2e-06 2.105989 -3.181316 -29.203342 0.181007 0.028344 7.812642 -0.182302 -1.727171 7.987372 -1.421432 1.126379 -4.685976 0.0 -0.0 -1e-06 
0.0 0.0 0.0 0.0 -0.0 0.0 -7.762521 93.714943 363.248169 -3.172335 -0.568431 -1.178247 -0.847403 0.035973 -0.932742 -0.502977 -2.148846 -5.099695 1.457133 -3.452175 11.967999 5.502715 0.710596 2.14136 -0.640763 1.542145 -3.560277 1.034941 -0.154456 -13.629598 7.7e-05 -2.2e-05 6e-06 -0.007727 -0.003225 0.04383 0.636788 -3.753709 -10.554658 -0.648878 3.755921 -10.557054 -18.682959 -9.01819 12.734862 -51.682762 -17.460468 1.771239 -0.306153 -34.74292 0.420167 -1.784669 5.317558 -8.277901 -5.882102 9.861279 0.70259 -10.936861 -0.360574 7.156197 0.0 8.774815 -0.0 -16.558083 18.107573 5.925361 -1.844031 2.498503 -2.507276 -10.16359 4.678941 4.621104 -20.975996 -1e-06 1e-06 -21.226254 2.451698 -3.593995 0.0 -6e-06 -0.0 -1.362681 2.240797 -0.746323 -21.334892 0.58491 3.008319 -13.821196 -1e-06 1e-06 -23.887129 -0.249075 -0.839485 -60.731148 2.384717 -0.978019 -0.294025 1.679686 0.833255 -14.218195 0.093215 1.300579 -34.212002 -0.287561 0.967166 -20.033176 0.964536 1.212838 0.0 -0.0 0.0 -3.440387 0.788233 0.501655 -15.928172 -3.167306 2.999703 -6.338817 -0.0 1e-06 -18.123419 3.648181 -4.905662 -4e-06 0.0 -2e-06 19.038982 6.728532 13.562692 63.577908 3.799198 -0.826704 -0.535175 17.421171 -0.15871 5.363634 -0.410022 -6.703084 2.24354 -5.255033 -3.180156 14.282877 -0.826594 6.952496 -0.0 -12.690593 -1e-06 16.329998 -17.85409 2.429432 1.665665 -1.95592 -2.878297 4.727794 -4.170584 4.993919 11.020511 1e-06 -0.0 12.109032 -3.735715 -2.866778 0.0 -0.0 0.0 1.291985 -1.928548 -1.498088 14.800115 0.567467 3.865604 14.242553 -1.341738 -6.660648 19.631935 0.143921 -0.648243 50.16328 -0.237724 -6.483664 0.353029 -1.51115 -0.03194 20.222769 3.684305 2.316629 18.787249 1e-06 -1e-06 10.751608 -0.47987 1.397903 0.0 -0.0 0.0 3.273804 0.305947 -0.58011 21.48679 11.830364 2.266131 8.162915 0.0 -0.0 18.399052 -3.798986 -4.940567 3e-06 0.0 -1e-06 6.673827 5.246025 24.226055 0.103708 -0.753099 13.694151 -1.756083 -1.987584 -7.014394 2.034606 -1.738189 -14.428551 0.0 -0.0 2e-06 3.713251 -1.38498 -31.133034 0.115547 0.069814 15.347813 -0.998247 -1.98444 11.579289 -1.432741 1.108618 -3.220315 0.0 -0.0 -1e-06 
0.0 0.0 0.0 0.0 -0.0 0.0 -8.666693 94.158226 368.803864 -3.758185 -0.962088 -1.231763 -0.563554 0.042424 -0.901929 -0.312192 -2.389042 -5.100549 1.942528 -3.345496 11.485887 5.018543 0.984412 1.779444 -0.665557 1.701579 -3.576474 1.001638 0.219748 -14.502254 7.7e-05 -2.2e-05 6e-06 -0.007572 0.004496 0.033654 0.668462 -3.747056 -10.580362 -0.680572 3.761048 -10.553587 -18.418627 -8.728541 13.113253 -54.628819 -15.85089 1.267253 0.280926 -31.028303 0.117887 -1.551797 5.333819 -9.164252 -5.882102 9.861279 0.70259 -10.936861 -0.360574 7.156197 0.0 8.774815 -0.0 -16.678419 17.890972 5.816408 -1.844031 2.498503 -2.507276 -10.16359 4.678941 4.621104 -20.975996 -1e-06 1e-06 -21.226254 2.451698 -3.593995 0.0 -6e-06 -0.0 -1.362681 2.240797 -0.746323 -21.334892 0.58491 3.008319 -13.821196 -1e-06 1e-06 -23.887129 -0.249075 -0.839485 -60.720722 2.277182 -0.952582 -0.294025 1.679686 0.833255 -14.218195 0.093215 1.300579 -34.212002 -0.287561 0.967166 -20.033176 0.964536 1.212838 0.0 -0.0 0.0 -3.440387 0.788233 0.501655 -15.928172 -3.167306 2.999703 -6.338817 -0.0 1e-06 -18.123419 3.648181 -4.905662 -4e-06 0.0 -2e-06 17.639103 7.220592 13.823185 64.821259 4.296148 -0.342369 -0.690866 16.777411 -0.163767 5.322248 -0.733658 -6.365418 2.24354 -5.255033 -3.180156 14.282877 -0.826594 6.952496 -0.0 -12.690593 -1e-06 16.395121 -17.937889 2.409698 1.665665 -1.95592 -2.878297 4.727794 -4.170584 4.993919 11.020511 1e-06 -0.0 12.109032 -3.735715 -2.866778 0.0 -0.0 0.0 1.291985 -1.928548 -1.498088 14.800115 0.567467 3.865604 14.242553 -1.341738 -6.660648 19.631935 0.143921 -0.648243 50.017223 -0.209938 -6.491903 0.353029 -1.51115 -0.03194 20.222769 3.684305 2.316629 18.787249 1e-06 -1e-06 10.751608 -0.47987 1.397903 0.0 -0.0 0.0 3.273804 0.305947 -0.58011 21.48679 11.830364 2.266131 8.162915 0.0 -0.0 18.399052 -3.798986 -4.940567 3e-06 0.0 -1e-06 8.303814 5.674887 20.810682 0.032938 -0.933158 24.537325 -2.053374 -2.668792 1.594829 2.124322 -1.575589 -21.184443 0.0 -0.0 2e-06 4.745188 -0.407188 -30.738663 0.038453 0.107625 21.148537 -0.325379 -2.000457 10.401557 -1.398895 1.006547 -1.666531 0.0 -0.0 -1e-06 
0.0 0.0 0.0 0.0 -0.0 0.0 -9.535954 94.909355 373.984222 -4.157431 -1.249923 -1.694133 -0.247911 0.175506 -0.470605 -0.161797 -2.325793 -4.927251 2.134986 -3.438628 10.946427 4.651617 1.227045 1.64904 -0.603462 1.421323 -3.558746 0.957229 0.386045 -15.023993 7.7e-05 -2.2e-05 6e-06 0.012208 0.05664 0.036203 0.70635 -3.673506 -10.524432 -0.68034 3.790569 -10.496127 -17.472002 -8.793481 13.71983 -57.729469 -15.136618 1.101081 0.630315 -25.756643 -0.026631 -2.066476 6.487463 -9.344842 -5.882102 9.861279 0.70259 -10.936861 -0.360574 7.156197 0.0 8.774815 -0.0 -16.726547 17.89287 5.652413 -1.844031 2.498503 -2.507276 -10.16359 4.678941 4.621104 -20.975996 -1e-06 1e-06 -21.226254 2.451698 -3.593995 0.0 -6e-06 -0.0 -1.362681 2.240797 -0.746323 -21.334892 0.58491 3.008319 -13.821196 -1e-06 1e-06 -23.887129 -0.249075 -0.839485 -60.489105 2.143627 -0.992388 -0.294025 1.679686 0.833255 -14.218195 0.093215 1.300579 -34.212002 -0.287561 0.967166 -20.033176 0.964536 1.212838 0.0 -0.0 0.0 -3.440387 0.788233 0.501655 -15.928172 -3.167306 2.999703 -6.338817 -0.0 1e-06 -18.123419 3.648181 -4.905662 -4e-06 0.0 -2e-06 15.861833 7.76649 13.75536 66.20266 4.69468 0.334841 -0.613504 17.042261 -0.086955 5.076827 -0.840032 -6.063729 2.24354 -5.255033 -3.180156 14.282877 -0.826594 6.952496 -0.0 -12.690593 -1e-06 16.44935 -18.011702 2.458698 1.665665 -1.95592 -2.878297 4.727794 -4.170584 4.993919 11.020511 1e-06 -0.0 12.109032 -3.735715 -2.866778 0.0 -0.0 0.0 1.291985 -1.928548 -1.498088 14.800115 0.567467 3.865604 14.242553 -1.341738 -6.660648 19.631935 0.143921 -0.648243 50.191063 -0.292735 -6.293292 0.353029 -1.51115 -0.03194 20.222769 3.684305 2.316629 18.787249 1e-06 -1e-06 10.751608 -0.47987 1.397903 0.0 -0.0 0.0 3.273804 0.305947 -0.58011 21.48679 11.830364 2.266131 8.162915 0.0 -0.0 18.399052 -3.798986 -4.940567 3e-06 0.0 -1e-06 9.437739 5.598131 15.423315 -0.071814 -0.980914 37.494171 -2.927096 -2.990031 12.502634 2.10896 -1.596651 -18.638708 0.0 -0.0 2e-06 5.701794 -0.456712 -28.432819 0.130321 -0.074734 24.803703 -0.973603 -1.379526 6.447829 -1.398672 0.984238 -0.444428 0.0 -0.0 -1e-06 
0.0 0.0 0.0 0.0 -0.0 0.0 -10.358561 95.643806 378.866058 -4.858527 -0.62399 -2.122565 0.224011 0.133975 0.000754 -0.055329 -2.089817 -4.77666 2.370411 -3.661493 10.738608 4.500045 1.137833 1.402441 -0.549532 1.264271 -3.607796 1.032672 0.372934 -15.348619 7.7e-05 -2.2e-05 6e-06 0.006794 0.047806 0.013789 0.700577 -3.68363 -10.526994 -0.6864 3.778113 -10.480496 -17.233803 -8.984074 14.079237 -59.063534 -14.878102 2.853771 0.958831 -20.895296 -0.147446 -3.659168 8.545234 -7.86296 -5.882102 9.861279 0.70259 -10.936861 -0.360574 7.156197 0.0 8.774815 -0.0 -16.99213 17.776512 5.632561 -1.844031 2.498503 -2.507276 -10.16359 4.678941 4.621104 -20.975996 -1e-06 1e-06 -21.226254 2.451698 -3.593995 0.0 -6e-06 -0.0 -1.362681 2.240797 -0.746323 -21.334892 0.58491 3.008319 -13.821196 -1e-06 1e-06 -23.887129 -0.249075 -0.839485 -60.57473 2.123185 -0.77657 -0.294025 1.679686 0.833255 -14.218195 0.093215 1.300579 -34.212002 -0.287561 0.967166 -20.033176 0.964536 1.212838 0.0 -0.0 0.0 -3.440387 0.788233 0.501655 -15.928172 -3.167306 2.999703 -6.338817 -0.0 1e-06 -18.123419 3.648181 -4.905662 -4e-06 0.0 -2e-06 15.137711 7.994979 13.741611 66.210083 5.089386 0.949457 -0.396803 18.618069 -0.065934 4.797411 -0.746254 -6.442966 2.24354 -5.255033 -3.180156 14.282877 -0.826594 6.952496 -0.0 -12.690593 -1e-06 16.365648 -17.919376 2.598174 1.665665 -1.95592 -2.878297 4.727794 -4.170584 4.993919 11.020511 1e-06 -0.0 12.109032 -3.735715 -2.866778 0.0 -0.0 0.0 1.291985 -1.928548 -1.498088 14.800115 0.567467 3.865604 14.242553 -1.341738 -6.660648 19.631935 0.143921 -0.648243 50.369694 -0.278562 -6.061554 0.353029 -1.51115 -0.03194 20.222769 3.684305 2.316629 18.787249 1e-06 -1e-06 10.751608 -0.47987 1.397903 0.0 -0.0 0.0 3.273804 0.305947 -0.58011 21.48679 11.830364 2.266131 8.162915 0.0 -0.0 18.399052 -3.798986 -4.940567 3e-06 0.0 -1e-06 10.458011 4.739732 8.706946 -0.024985 -1.01035 49.543156 -3.895386 -1.269384 20.292936 1.912577 -1.861609 -6.912867 0.0 -0.0 2e-06 6.889642 -1.102846 -24.719322 0.090971 -0.072178 25.27696 -1.627655 -1.609985 1.75294 -1.414664 0.958139 0.106788 0.0 -0.0 -1e-06 
0.0 0.0 0.0 0.0 -0.0 0.0 -11.016728 96.633438 383.616547 -5.382822 0.268309 -2.456911 0.65413 0.127846 0.28991 -0.002219 -1.851699 -4.662211 2.439109 -3.725456 10.87498 4.632615 0.936505 1.260017 -0.554461 1.074445 -3.601993 1.091241 0.064337 -15.776484 7.7e-05 -2.2e-05 6e-06 -0.005183 0.015929 0.00604 0.689035 -3.719769 -10.546233 -0.698831 3.750086 -10.499747 -17.512484 -8.968471 14.51894 -59.206013 -14.67248 5.153486 1.084336 -17.894476 -0.152819 -5.246932 10.28216 -6.231908 -5.882102 9.861279 0.70259 -10.936861 -0.360574 7.156197 0.0 8.774815 -0.0 -17.173573 17.784019 5.555636 -1.844031 2.498503 -2.507276 -10.16359 4.678941 4.621104 -20.975996 -1e-06 1e-06 -21.226254 2.451698 -3.593995 0.0 -6e-06 -0.0 -1.362681 2.240797 -0.746323 -21.334892 0.58491 3.008319 -13.821196 -1e-06 1e-06 -23.887129 -0.249075 -0.839485 -60.502228 2.214852 -0.78491 -0.294025 1.679686 0.833255 -14.218195 0.093215 1.300579 -34.212002 -0.287561 0.967166 -20.033176 0.964536 1.212838 0.0 -0.0 0.0 -3.440387 0.788233 0.501655 -15.928172 -3.167306 2.999703 -6.338817 -0.0 1e-06 -18.123419 3.648181 -4.905662 -4e-06 0.0 -2e-06 15.165556 7.950737 13.727404 65.23719 5.70588 1.157297 -0.091128 20.744562 -0.047057 4.193067 -0.108511 -6.436691 2.24354 -5.255033 -3.180156 14.282877 -0.826594 6.952496 -0.0 -12.690593 -1e-06 16.421753 -17.894201 2.662334 1.665665 -1.95592 -2.878297 4.727794 -4.170584 4.993919 11.020511 1e-06 -0.0 12.109032 -3.735715 -2.866778 0.0 -0.0 0.0 1.291985 -1.928548 -1.498088 14.800115 0.567467 3.865604 14.242553 -1.341738 -6.660648 19.631935 0.143921 -0.648243 50.481815 -0.374359 -6.027014 0.353029 -1.51115 -0.03194 20.222769 3.684305 2.316629 18.787249 1e-06 -1e-06 10.751608 -0.47987 1.397903 0.0 -0.0 0.0 3.273804 0.305947 -0.58011 21.48679 11.830364 2.266131 8.162915 0.0 -0.0 18.399052 -3.798986 -4.940567 3e-06 0.0 -1e-06 10.702375 3.808866 1.73868 -0.090004 -0.819464 58.966873 -2.654812 -0.146071 17.660603 1.86484 -1.92268 -3.974093 0.0 -0.0 2e-06 7.749724 -1.835272 -20.154991 -0.011462 -0.070146 23.56949 -1.98072 -2.132168 -1.166198 -1.414826 0.982167 0.423325 0.0 -0.0 -1e-06 
0.0 0.0 0.0 0.0 -0.0 0.0 -11.504966 97.818405 388.326202 -5.186721 0.829915 -2.972491 0.828839 0.228468 0.527712 -0.103297 -1.542406 -4.553395 2.141457 -3.503836 11.162563 4.986701 0.794979 1.704691 -0.621837 0.774871 -3.576851 1.104296 -0.332565 -15.936607 7.7e-05 -2.2e-05 6e-06 -0.01125 -0.015399 0.017991 0.666601 -3.75576 -10.547388 -0.688665 3.724694 -10.51767 -17.445879 -8.580367 14.734514 -59.409157 -13.687002 6.090987 0.952422 -17.589849 -0.141954 -5.488364 10.331729 -5.33021 -5.882102 9.861279 0.70259 -10.936861 -0.360574 7.156197 0.0 8.774815 -0.0 -17.132853 17.866625 5.543479 -1.844031 2.498503 -2.507276 -10.16359 4.678941 4.621104 -20.975996 -1e-06 1e-06 -21.226254 2.451698 -3.593995 0.0 -6e-06 -0.0 -1.362681 2.240797 -0.746323 -21.334892 0.58491 3.008319 -13.821196 -1e-06 1e-06 -23.887129 -0.249075 -0.839485 -60.422306 2.294635 -0.940466 -0.294025 1.679686 0.833255 -14.218195 0.093215 1.300579 -34.212002 -0.287561 0.967166 -20.033176 0.964536 1.212838 0.0 -0.0 0.0 -3.440387 0.788233 0.501655 -15.928172 -3.167306 2.999703 -6.338817 -0.0 1e-06 -18.123419 3.648181 -4.905662 -4e-06 0.0 -2e-06 15.158193 8.000203 13.750478 64.228111 6.556374 1.372516 0.196488 22.813154 0.013724 3.44461 0.815424 -6.084729 2.24354 -5.255033 -3.180156 14.282877 -0.826594 6.952496 -0.0 -12.690593 -1e-06 16.447416 -17.862873 2.678707 1.665665 -1.95592 -2.878297 4.727794 -4.170584 4.993919 11.020511 1e-06 -0.0 12.109032 -3.735715 -2.866778 0.0 -0.0 0.0 1.291985 -1.928548 -1.498088 14.800115 0.567467 3.865604 14.242553 -1.341738 -6.660648 19.631935 0.143921 -0.648243 50.340244 -0.465653 -6.118391 0.353029 -1.51115 -0.03194 20.222769 3.684305 2.316629 18.787249 1e-06 -1e-06 10.751608 -0.47987 1.397903 0.0 -0.0 0.0 3.273804 0.305947 -0.58011 21.48679 11.830364 2.266131 8.162915 0.0 -0.0 18.399052 -3.798986 -4.940567 3e-06 0.0 -1e-06 9.654113 3.144094 -4.719284 -0.150944 -0.469477 64.415916 -0.688971 0.668621 12.697328 1.821613 -1.89676 -3.828737 0.0 -0.0 2e-06 7.706777 -2.35511 -14.368961 -0.031545 -0.071988 19.652052 -2.059894 -2.422538 -2.510511 -1.415559 1.029794 0.557382 0.0 -0.0 -1e-06 
0.0 0.0 0.0 0.0 -0.0 0.0 -11.859128 98.884476 392.922546 -4.469219 0.906575 -3.641709 0.849115 0.411126 0.87862 -0.243692 -1.087533 -4.400352 1.580784 -3.00842 11.253084 5.234637 0.680852 2.738382 -0.700478 0.471975 -3.56641 1.194597 -0.792361 -15.692295 7.7e-05 -2.2e-05 6e-06 -0.008955 -0.027043 0.033153 0.647661 -3.769157 -10.565371 -0.666061 3.715434 -10.551698 -16.8869 -7.878404 14.692123 -59.906326 -12.011367 6.549718 0.818908 -19.335787 -0.143355 -5.010324 9.365185 -5.140675 -5.882102 9.861279 0.70259 -10.936861 -0.360574 7.156197 0.0 8.774815 -0.0 -16.962042 17.931866 5.58602 -1.844031 2.498503 -2.507276 -10.16359 4.678941 4.621104 -20.975996 -1e-06 1e-06 -21.226254 2.451698 -3.593995 0.0 -6e-06 -0.0 -1.362681 2.240797 -0.746323 -21.334892 0.58491 3.008319 -13.821196 -1e-06 1e-06 -23.887129 -0.249075 -0.839485 -60.427395 2.333616 -1.17156 -0.294025 1.679686 0.833255 -14.218195 0.093215 1.300579 -34.212002 -0.287561 0.967166 -20.033176 0.964536 1.212838 0.0 -0.0 0.0 -3.440387 0.788233 0.501655 -15.928172 -3.167306 2.999703 -6.338817 -0.0 1e-06 -18.123419 3.648181 -4.905662 -4e-06 0.0 -2e-06 14.574388 8.343355 13.793717 63.682644 7.415182 1.677055 0.426169 24.722488 0.095932 2.911152 1.563708 -5.722744 2.24354 -5.255033 -3.180156 14.282877 -0.826594 6.952496 -0.0 -12.690593 -1e-06 16.347734 -17.764193 2.696829 1.665665 -1.95592 -2.878297 4.727794 -4.170584 4.993919 11.020511 1e-06 -0.0 12.109032 -3.735715 -2.866778 0.0 -0.0 0.0 1.291985 -1.928548 -1.498088 14.800115 0.567467 3.865604 14.242553 -1.341738 -6.660648 19.631935 0.143921 -0.648243 50.05793 -0.54101 -6.235012 0.353029 -1.51115 -0.03194 20.222769 3.684305 2.316629 18.787249 1e-06 -1e-06 10.751608 -0.47987 1.397903 0.0 -0.0 0.0 3.273804 0.305947 -0.58011 21.48679 11.830364 2.266131 8.162915 0.0 -0.0 18.399052 -3.798986 -4.940567 3e-06 0.0 -1e-06 7.737943 2.69217 -10.229018 -0.133058 -0.146941 66.026596 0.634266 1.35234 8.76666 1.811154 -1.883729 -3.966202 0.0 -0.0 2e-06 7.016695 -2.720819 -8.087198 0.001465 -0.081858 14.824851 -1.960016 -2.268869 -2.984956 -1.417529 1.036874 0.517592 0.0 -0.0 -1e-06 
0.0 0.0 0.0 0.0 -0.0 0.0 -12.108723 99.570045 397.413696 -3.573063 0.487034 -4.268689 0.84334 0.618257 1.272443 -0.317866 -0.470838 -4.229149 0.9672 -2.340111 11.187729 5.067996 0.672641 3.94566 -0.747057 0.16236 -3.589087 1.396107 -1.263683 -15.136951 7.7e-05 -2.2e-05 6e-06 -0.007979 -0.042617 0.0451 0.630417 -3.783263 -10.587863 -0.648608 3.698439 -10.582465 -16.348969 -6.956841 14.514721 -60.200439 -10.103118 7.292296 0.774731 -22.115234 -0.140407 -4.715991 8.49936 -5.250522 -5.882102 9.861279 0.70259 -10.936861 -0.360574 7.156197 0.0 8.774815 -0.0 -16.794838 17.956577 5.663274 -1.844031 2.498503 -2.507276 -10.16359 4.678941 4.621104 -20.975996 -1e-06 1e-06 -21.226254 2.451698 -3.593995 0.0 -6e-06 -0.0 -1.362681 2.240797 -0.746323 -21.334892 0.58491 3.008319 -13.821196 -1e-06 1e-06 -23.887129 -0.249075 -0.839485 -60.538712 2.373536 -1.34117 -0.294025 1.679686 0.833255 -14.218195 0.093215 1.300579 -34.212002 -0.287561 0.967166 -20.033176 0.964536 1.212838 0.0 -0.0 0.0 -3.440387 0.788233 0.501655 -15.928172 -3.167306 2.999703 -6.338817 -0.0 1e-06 -18.123419 3.648181 -4.905662 -4e-06 0.0 -2e-06 13.389476 9.013305 13.761597 63.506207 8.254824 2.29413 0.507644 26.47044 0.144502 2.676649 2.032371 -5.357411 2.24354 -5.255033 -3.180156 14.282877 -0.826594 6.952496 -0.0 -12.690593 -1e-06 16.206276 -17.660807 2.765488 1.665665 -1.95592 -2.878297 4.727794 -4.170584 4.993919 11.020511 1e-06 -0.0 12.109032 -3.735715 -2.866778 0.0 -0.0 0.0 1.291985 -1.928548 -1.498088 14.800115 0.567467 3.865604 14.242553 -1.341738 -6.660648 19.631935 0.143921 -0.648243 49.847691 -0.610154 -6.26599 0.353029 -1.51115 -0.03194 20.222769 3.684305 2.316629 18.787249 1e-06 -1e-06 10.751608 -0.47987 1.397903 0.0 -0.0 0.0 3.273804 0.305947 -0.58011 21.48679 11.830364 2.266131 8.162915 0.0 -0.0 18.399052 -3.798986 -4.940567 3e-06 0.0 -1e-06 5.623243 2.534223 -14.865157 -0.046859 0.132036 64.298111 1.209839 1.916732 5.76072 1.812086 -1.883382 -4.025138 0.0 -0.0 2e-06 6.082607 -2.724887 -2.010938 0.02923 -0.099912 10.088518 -1.847463 -1.93113 -3.31897 -1.421564 0.99791 0.341035 0.0 -0.0 -1e-06 
0.0 0.0 0.0 0.0 -0.0 0.0 -12.259764 99.801628 401.878601 -2.79302 -0.346687 -4.704853 0.936686 0.77288 1.600505 -0.307015 0.252359 -4.086284 0.466614 -1.653088 11.161777 4.431656 0.843971 4.89527 -0.764165 -0.029512 -3.640516 1.626393 -1.676697 -14.522558 7.7e-05 -2.2e-05 6e-06 -0.007828 -0.051893 0.05429 0.621978 -3.789688 -10.59168 -0.6421 3.685683 -10.588987 -16.392632 -5.874678 14.261415 -59.853378 -8.367304 7.884916 0.768436 -24.905836 -0.12472 -4.682874 8.150783 -5.428123 -5.882102 9.861279 0.70259 -10.936861 -0.360574 7.156197 0.0 8.774815 -0.0 -16.70048 17.979771 5.72665 -1.844031 2.498503 -2.507276 -10.16359 4.678941 4.621104 -20.975996 -1e-06 1e-06 -21.226254 2.451698 -3.593995 0.0 -6e-06 -0.0 -1.362681 2.240797 -0.746323 -21.334892 0.58491 3.008319 -13.821196 -1e-06 1e-06 -23.887129 -0.249075 -0.839485 -60.680084 2.423604 -1.36104 -0.294025 1.679686 0.833255 -14.218195 0.093215 1.300579 -34.212002 -0.287561 0.967166 -20.033176 0.964536 1.212838 0.0 -0.0 0.0 -3.440387 0.788233 0.501655 -15.928172 -3.167306 2.999703 -6.338817 -0.0 1e-06 -18.123419 3.648181 -4.905662 -4e-06 0.0 -2e-06 12.05223 9.958803 13.658455 63.138325 9.144073 3.14842 0.524963 28.139038 0.134438 2.625427 2.26913 -5.078817 2.24354 -5.255033 -3.180156 14.282877 -0.826594 6.952496 -0.0 -12.690593 -1e-06 16.078445 -17.587297 2.855681 1.665665 -1.95592 -2.878297 4.727794 -4.170584 4.993919 11.020511 1e-06 -0.0 12.109032 -3.735715 -2.866778 0.0 -0.0 0.0 1.291985 -1.928548 -1.498088 14.800115 0.567467 3.865604 14.242553 -1.341738 -6.660648 19.631935 0.143921 -0.648243 49.801922 -0.645302 -6.175735 0.353029 -1.51115 -0.03194 20.222769 3.684305 2.316629 18.787249 1e-06 -1e-06 10.751608 -0.47987 1.397903 0.0 -0.0 0.0 3.273804 0.305947 -0.58011 21.48679 11.830364 2.266131 8.162915 0.0 -0.0 18.399052 -3.798986 -4.940567 3e-06 0.0 -1e-06 3.76607 2.661376 -18.808674 0.055208 0.285322 59.368004 0.898711 2.16701 3.823259 1.812889 -1.889733 -3.951277 0.0 -0.0 2e-06 5.248174 -2.36332 3.338618 0.024497 -0.08304 6.275695 -1.853179 -1.747402 -4.062995 -1.427382 0.951862 0.201798 0.0 -0.0 -1e-06 
0.0 0.0 0.0 0.0 -0.0 0.0 -12.347006 99.632805 406.327667 -2.300699 -1.412473 -4.974824 1.193072 0.828165 1.829812 -0.241189 0.968467 -3.993074 0.152335 -1.01301 11.270122 3.475429 1.143866 5.521575 -0.734022 -0.068391 -3.700709 1.767826 -1.987201 -14.101871 7.7e-05 -2.2e-05 6e-06 -0.001386 -0.02941 0.056481 0.618113 -3.765465 -10.57786 -0.627593 3.705601 -10.58564 -17.042639 -4.749102 13.999865 -59.119045 -7.005175 7.783586 0.82998 -26.913387 -0.128392 -4.520297 8.073245 -5.78876 -5.882102 9.861279 0.70259 -10.936861 -0.360574 7.156197 0.0 8.774815 -0.0 -16.662577 18.023285 5.751122 -1.844031 2.498503 -2.507276 -10.16359 4.678941 4.621104 -20.975996 -1e-06 1e-06 -21.226254 2.451698 -3.593995 0.0 -6e-06 -0.0 -1.362681 2.240797 -0.746323 -21.334892 0.58491 3.008319 -13.821196 -1e-06 1e-06 -23.887129 -0.249075 -0.839485 -60.741913 2.455421 -1.314053 -0.294025 1.679686 0.833255 -14.218195 0.093215 1.300579 -34.212002 -0.287561 0.967166 -20.033176 0.964536 1.212838 0.0 -0.0 0.0 -3.440387 0.788233 0.501655 -15.928172 -3.167306 2.999703 -6.338817 -0.0 1e-06 -18.123419 3.648181 -4.905662 -4e-06 0.0 -2e-06 10.858418 11.011577 13.592182 62.324261 10.259975 4.103822 0.537558 29.565769 0.104804 2.707526 2.369911 -4.565374 2.24354 -5.255033 -3.180156 14.282877 -0.826594 6.952496 -0.0 -12.690593 -1e-06 15.945302 -17.542629 2.906093 1.665665 -1.95592 -2.878297 4.727794 -4.170584 4.993919 11.020511 1e-06 -0.0 12.109032 -3.735715 -2.866778 0.0 -0.0 0.0 1.291985 -1.928548 -1.498088 14.800115 0.567467 3.865604 14.242553 -1.341738 -6.660648 19.631935 0.143921 -0.648243 49.774151 -0.645056 -6.058256 0.353029 -1.51115 -0.03194 20.222769 3.684305 2.316629 18.787249 1e-06 -1e-06 10.751608 -0.47987 1.397903 0.0 -0.0 0.0 3.273804 0.305947 -0.58011 21.48679 11.830364 2.266131 8.162915 0.0 -0.0 18.399052 -3.798986 -4.940567 3e-06 0.0 -1e-06 2.416305 3.095727 -21.880938 0.12811 0.289554 51.423004 0.215419 2.250089 3.339744 1.807644 -1.902857 -3.76435 0.0 -0.0 2e-06 4.764807 -1.777565 7.777049 -0.006663 -0.012807 3.746958 -2.101732 -1.793436 -5.331053 -1.435874 0.924453 0.299011 0.0 -0.0 -1e-06 
0.0 0.0 0.0 0.0 -0.0 0.0 -12.376359 99.148788 410.771667 -2.185734 -2.517857 -5.139732 1.626986 0.777463 1.949275 -0.144269 1.527522 -3.949658 0.058055 -0.400543 11.484395 2.417828 1.479452 6.009221 -0.662484 -0.022524 -3.729354 1.807488 -2.144434 -13.920505 7.7e-05 -2.2e-05 6e-06 0.011786 0.022807 0.053991 0.61944 -3.713081 -10.557403 -0.60428 3.757754 -10.582336 -17.953541 -3.70362 13.743238 -58.52454 -5.953607 6.733214 0.898369 -27.93755 -0.159952 -3.970692 8.093799 -6.047657 -5.882102 9.861279 0.70259 -10.936861 -0.360574 7.156197 0.0 8.774815 -0.0 -16.612041 18.064102 5.77422 -1.844031 2.498503 -2.507276 -10.16359 4.678941 4.621104 -20.975996 -1e-06 1e-06 -21.226254 2.451698 -3.593995 0.0 -6e-06 -0.0 -1.362681 2.240797 -0.746323 -21.334892 0.58491 3.008319 -13.821196 -1e-06 1e-06 -23.887129 -0.249075 -0.839485 -60.722439 2.478909 -1.313534 -0.294025 1.679686 0.833255 -14.218195 0.093215 1.300579 -34.212002 -0.287561 0.967166 -20.033176 0.964536 1.212838 0.0 -0.0 0.0 -3.440387 0.788233 0.501655 -15.928172 -3.167306 2.999703 -6.338817 -0.0 1e-06 -18.123419 3.648181 -4.905662 -4e-06 0.0 -2e-06 9.783556 12.038261 13.567196 61.304043 11.559065 5.018079 0.496336 30.625231 0.110424 2.864636 2.401468 -3.846909 2.24354 -5.255033 -3.180156 14.282877 -0.826594 6.952496 -0.0 -12.690593 -1e-06 15.840824 -17.546024 2.904833 1.665665 -1.95592 -2.878297 4.727794 -4.170584 4.993919 11.020511 1e-06 -0.0 12.109032 -3.735715 -2.866778 0.0 -0.0 0.0 1.291985 -1.928548 -1.498088 14.800115 0.567467 3.865604 14.242553 -1.341738 -6.660648 19.631935 0.143921 -0.648243 49.711754 -0.641108 -6.009607 0.353029 -1.51115 -0.03194 20.222769 3.684305 2.316629 18.787249 1e-06 -1e-06 10.751608 -0.47987 1.397903 0.0 -0.0 0.0 3.273804 0.305947 -0.58011 21.48679 11.830364 2.266131 8.162915 0.0 -0.0 18.399052 -3.798986 -4.940567 3e-06 0.0 -1e-06 1.605641 4.057522 -23.668839 0.18962 0.305582 40.332737 0.104736 2.438599 4.430762 1.786619 -1.912925 -3.568112 0.0 -0.0 2e-06 4.668815 -1.211763 11.51722 -0.054058 0.07422 2.398915 -2.488566 -1.787725 -7.012934 -1.439109 0.937296 0.545555 0.0 -0.0 -1e-06 
0.0 0.0 0.0 0.0 -0.0 0.0 -12.373173 98.377502 415.248047 -2.499713 -3.568043 -5.236057 2.231989 0.723316 1.997772 -0.038895 1.782161 -3.962573 0.174555 0.150785 11.710818 1.485426 1.82866 6.451225 -0.629767 -0.011808 -3.735334 1.855119 -2.109515 -13.904343 7.7e-05 -2.2e-05 6e-06 0.024877 0.058756 0.048061 0.635872 -3.68321 -10.57776 -0.595778 3.80043 -10.60322 -18.685143 -2.772182 13.635695 -58.457382 -5.181137 4.873892 0.866373 -28.214823 -0.188654 -2.971747 8.260148 -5.978076 -5.882102 9.861279 0.70259 -10.936861 -0.360574 7.156197 0.0 8.774815 -0.0 -16.423107 18.065395 5.941692 -1.844031 2.498503 -2.507276 -10.16359 4.678941 4.621104 -20.975996 -1e-06 1e-06 -21.226254 2.451698 -3.593995 0.0 -6e-06 -0.0 -1.362681 2.240797 -0.746323 -21.334892 0.58491 3.008319 -13.821196 -1e-06 1e-06 -23.887129 -0.249075 -0.839485 -60.757484 2.476685 -1.244301 -0.294025 1.679686 0.833255 -14.218195 0.093215 1.300579 -34.212002 -0.287561 0.967166 -20.033176 0.964536 1.212838 0.0 -0.0 0.0 -3.440387 0.788233 0.501655 -15.928172 -3.167306 2.999703 -6.338817 -0.0 1e-06 -18.123419 3.648181 -4.905662 -4e-06 0.0 -2e-06 8.810217 12.971612 13.478549 60.430965 12.82265 5.772059 0.342654 31.352505 0.100752 2.95508 2.350261 -3.224534 2.24354 -5.255033 -3.180156 14.282877 -0.826594 6.952496 -0.0 -12.690593 -1e-06 15.800755 -17.522535 2.911214 1.665665 -1.95592 -2.878297 4.727794 -4.170584 4.993919 11.020511 1e-06 -0.0 12.109032 -3.735715 -2.866778 0.0 -0.0 0.0 1.291985 -1.928548 -1.498088 14.800115 0.567467 3.865604 14.242553 -1.341738 -6.660648 19.631935 0.143921 -0.648243 49.746365 -0.676018 -5.960486 0.353029 -1.51115 -0.03194 20.222769 3.684305 2.316629 18.787249 1e-06 -1e-06 10.751608 -0.47987 1.397903 0.0 -0.0 0.0 3.273804 0.305947 -0.58011 21.48679 11.830364 2.266131 8.162915 0.0 -0.0 18.399052 -3.798986 -4.940567 3e-06 0.0 -1e-06 1.271303 5.671255 -23.735596 0.193521 0.47715 25.826553 0.651642 2.34606 6.255706 1.774493 -1.885923 -3.089358 0.0 -0.0 2e-06 4.912799 -0.916112 14.819002 -0.111163 0.112613 1.972699 -2.749088 -1.564658 -8.98205 -1.434106 1.001176 0.607555 0.0 -0.0 -1e-06 
0.0 0.0 0.0 0.0 -0.0 0.0 -12.397996 97.430222 419.802673 -3.010264 -4.364676 -5.311364 2.749757 0.657206 1.94531 0.057033 1.83856 -3.975573 0.398403 0.395397 11.918267 0.83417 2.189237 6.675845 -0.691282 -0.044572 -3.729713 1.967371 -1.889813 -13.853654 7.7e-05 -2.2e-05 6e-06 0.027556 0.06628 0.05708 0.64591 -3.690622 -10.614525 -0.601793 3.823294 -10.629219 -19.142355 -1.931882 13.701489 -58.792835 -4.547359 2.582198 0.697147 -27.980818 -0.163571 -1.861488 8.448094 -5.8906 -5.882102 9.861279 0.70259 -10.936861 -0.360574 7.156197 0.0 8.774815 -0.0 -16.172619 18.122221 6.215646 -1.844031 2.498503 -2.507276 -10.16359 4.678941 4.621104 -20.975996 -1e-06 1e-06 -21.226254 2.451698 -3.593995 0.0 -6e-06 -0.0 -1.362681 2.240797 -0.746323 -21.334892 0.58491 3.008319 -13.821196 -1e-06 1e-06 -23.887129 -0.249075 -0.839485 -60.929585 2.46359 -1.023681 -0.294025 1.679686 0.833255 -14.218195 0.093215 1.300579 -34.212002 -0.287561 0.967166 -20.033176 0.964536 1.212838 0.0 -0.0 0.0 -3.440387 0.788233 0.501655 -15.928172 -3.167306 2.999703 -6.338817 -0.0 1e-06 -18.123419 3.648181 -4.905662 -4e-06 0.0 -2e-06 8.217576 13.74597 13.429029 59.6763 13.959566 6.069536 0.11159 32.047199 0.001113 2.934667 2.246356 -2.67941 2.24354 -5.255033 -3.180156 14.282877 -0.826594 6.952496 -0.0 -12.690593 -1e-06 15.823518 -17.502722 2.93864 1.665665 -1.95592 -2.878297 4.727794 -4.170584 4.993919 11.020511 1e-06 -0.0 12.109032 -3.735715 -2.866778 0.0 -0.0 0.0 1.291985 -1.928548 -1.498088 14.800115 0.567467 3.865604 14.242553 -1.341738 -6.660648 19.631935 0.143921 -0.648243 49.902275 -0.738674 -5.954169 0.353029 -1.51115 -0.03194 20.222769 3.684305 2.316629 18.787249 1e-06 -1e-06 10.751608 -0.47987 1.397903 0.0 -0.0 0.0 3.273804 0.305947 -0.58011 21.48679 11.830364 2.266131 8.162915 0.0 -0.0 18.399052 -3.798986 -4.940567 3e-06 0.0 -1e-06 1.367942 6.63031 -22.801493 0.023446 0.535759 10.405519 0.785868 2.180697 7.262668 1.738671 -1.964017 -2.845423 0.0 -0.0 2e-06 5.181984 -0.90628 18.136074 -0.098498 0.058461 1.823427 -2.714314 -1.417874 -10.59466 -1.433784 0.978767 0.160854 0.0 -0.0 -1e-06 
0.0 0.0 0.0 0.0 -0.0 0.0 -12.442494 96.306145 424.572266 -3.354269 -4.740566 -5.102459 2.8895 0.415813 1.663714 0.118019 1.925888 -4.043651 0.688535 0.363391 12.09479 0.541399 2.431769 6.491389 -0.761127 0.020677 -3.642167 2.014317 -1.825444 -13.741085 7.7e-05 -2.2e-05 6e-06 0.027769 0.093122 0.083913 0.624493 -3.678121 -10.601085 -0.580616 3.864329 -10.612289 -19.679602 -1.659778 13.677612 -58.975746 -3.836285 0.974482 0.647634 -27.033363 -0.10122 -1.440114 8.475218 -6.473843 -5.882102 9.861279 0.70259 -10.936861 -0.360574 7.156197 0.0 8.774815 -0.0 -16.123785 18.13637 6.106666 -1.844031 2.498503 -2.507276 -10.16359 4.678941 4.621104 -20.975996 -1e-06 1e-06 -21.226254 2.451698 -3.593995 0.0 -6e-06 -0.0 -1.362681 2.240797 -0.746323 -21.334892 0.58491 3.008319 -13.821196 -1e-06 1e-06 -23.887129 -0.249075 -0.839485 -60.909451 2.399181 -1.082579 -0.294025 1.679686 0.833255 -14.218195 0.093215 1.300579 -34.212002 -0.287561 0.967166 -20.033176 0.964536 1.212838 0.0 -0.0 0.0 -3.440387 0.788233 0.501655 -15.928172 -3.167306 2.999703 -6.338817 -0.0 1e-06 -18.123419 3.648181 -4.905662 -4e-06 0.0 -2e-06 8.357975 14.018247 13.191792 58.813694 14.658634 5.599441 0.145059 32.781231 0.052047 2.708106 2.303989 -2.362458 2.24354 -5.255033 -3.180156 14.282877 -0.826594 6.952496 -0.0 -12.690593 -1e-06 15.815023 -17.621464 2.953791 1.665665 -1.95592 -2.878297 4.727794 -4.170584 4.993919 11.020511 1e-06 -0.0 12.109032 -3.735715 -2.866778 0.0 -0.0 0.0 1.291985 -1.928548 -1.498088 14.800115 0.567467 3.865604 14.242553 -1.341738 -6.660648 19.631935 0.143921 -0.648243 50.090462 -0.788778 -6.108821 0.353029 -1.51115 -0.03194 20.222769 3.684305 2.316629 18.787249 1e-06 -1e-06 10.751608 -0.47987 1.397903 0.0 -0.0 0.0 3.273804 0.305947 -0.58011 21.48679 11.830364 2.266131 8.162915 0.0 -0.0 18.399052 -3.798986 -4.940567 3e-06 0.0 -1e-06 1.53118 6.390786 -23.041086 -0.082915 0.387433 -0.103507 -0.052882 2.806952 6.033602 1.602382 -2.171825 -3.310764 0.0 -0.0 2e-06 4.95821 -1.484362 21.163593 -0.024973 -0.067933 1.789461 -2.358125 -0.749585 -12.114116 -1.452972 0.81918 -0.629746 0.0 -0.0 -1e-06 
0.0 0.0 0.0 0.0 -0.0 0.0 -12.422226 95.204819 429.386627 -3.666411 -4.860372 -4.874447 2.910316 0.352629 1.487363 0.167287 1.893759 -4.124908 0.886242 0.149615 12.335082 0.405621 2.456889 5.834162 -0.656467 -0.060604 -3.64495 2.00113 -1.780624 -13.832821 7.7e-05 -2.2e-05 6e-06 0.014942 0.018964 0.07841 0.61585 -3.741057 -10.567646 -0.597839 3.781273 -10.578932 -19.998137 -1.892972 13.653118 -59.085934 -3.425324 0.239458 0.626088 -25.401932 -0.056715 -1.545068 8.618049 -7.334451 -5.882102 9.861279 0.70259 -10.936861 -0.360574 7.156197 0.0 8.774815 -0.0 -16.145819 18.022058 5.975119 -1.844031 2.498503 -2.507276 -10.16359 4.678941 4.621104 -20.975996 -1e-06 1e-06 -21.226254 2.451698 -3.593995 0.0 -6e-06 -0.0 -1.362681 2.240797 -0.746323 -21.334892 0.58491 3.008319 -13.821196 -1e-06 1e-06 -23.887129 -0.249075 -0.839485 -60.861828 2.337491 -1.039645 -0.294025 1.679686 0.833255 -14.218195 0.093215 1.300579 -34.212002 -0.287561 0.967166 -20.033176 0.964536 1.212838 0.0 -0.0 0.0 -3.440387 0.788233 0.501655 -15.928172 -3.167306 2.999703 -6.338817 -0.0 1e-06 -18.123419 3.648181 -4.905662 -4e-06 0.0 -2e-06 8.990663 13.89815 13.236135 58.280052 15.194385 4.192078 0.127062 33.6674 0.11901 2.256998 2.501987 -2.835419 2.24354 -5.255033 -3.180156 14.282877 -0.826594 6.952496 -0.0 -12.690593 -1e-06 15.75065 -17.635252 2.951142 1.665665 -1.95592 -2.878297 4.727794 -4.170584 4.993919 11.020511 1e-06 -0.0 12.109032 -3.735715 -2.866778 0.0 -0.0 0.0 1.291985 -1.928548 -1.498088 14.800115 0.567467 3.865604 14.242553 -1.341738 -6.660648 19.631935 0.143921 -0.648243 50.148849 -0.626226 -6.057345 0.353029 -1.51115 -0.03194 20.222769 3.684305 2.316629 18.787249 1e-06 -1e-06 10.751608 -0.47987 1.397903 0.0 -0.0 0.0 3.273804 0.305947 -0.58011 21.48679 11.830364 2.266131 8.162915 0.0 -0.0 18.399052 -3.798986 -4.940567 3e-06 0.0 -1e-06 1.483991 6.245625 -25.095091 -0.01934 0.305789 -1.161569 -0.6276 3.860013 4.441607 1.579072 -2.149201 -3.525382 0.0 -0.0 2e-06 4.667994 -2.082139 24.085447 -0.072296 -0.076102 1.873579 -1.680468 0.089156 -12.466845 -1.442679 0.785813 -1.622188 0.0 -0.0 -1e-06 
0.0 0.0 0.0 0.0 -0.0 0.0 -12.223294 94.358597 434.206635 -3.06974 -5.198248 -4.402062 2.362335 0.448197 1.103993 0.146114 1.955191 -4.322124 0.656083 -0.058086 12.435809 0.549773 2.321545 5.02777 -0.680228 0.064481 -3.591398 2.088984 -1.850332 -13.597576 7.7e-05 -2.2e-05 6e-06 0.012114 0.013833 0.064781 0.635818 -3.74828 -10.601271 -0.621946 3.779541 -10.614114 -20.425131 -2.195838 13.669293 -58.906837 -3.123719 -0.222463 0.486176 -23.350254 -0.028142 -1.780529 9.217996 -7.6019 -5.882102 9.861279 0.70259 -10.936861 -0.360574 7.156197 0.0 8.774815 -0.0 -16.217941 18.115278 6.040331 -1.844031 2.498503 -2.507276 -10.16359 4.678941 4.621104 -20.975996 -1e-06 1e-06 -21.226254 2.451698 -3.593995 0.0 -6e-06 -0.0 -1.362681 2.240797 -0.746323 -21.334892 0.58491 3.008319 -13.821196 -1e-06 1e-06 -23.887129 -0.249075 -0.839485 -60.908329 2.316855 -1.010789 -0.294025 1.679686 0.833255 -14.218195 0.093215 1.300579 -34.212002 -0.287561 0.967166 -20.033176 0.964536 1.212838 0.0 -0.0 0.0 -3.440387 0.788233 0.501655 -15.928172 -3.167306 2.999703 -6.338817 -0.0 1e-06 -18.123419 3.648181 -4.905662 -4e-06 0.0 -2e-06 9.928901 13.622196 13.482486 58.307816 15.24377 2.952392 -0.047002 34.297237 0.118048 1.619912 2.690095 -3.784512 2.24354 -5.255033 -3.180156 14.282877 -0.826594 6.952496 -0.0 -12.690593 -1e-06 15.829492 -17.589291 3.005129 1.665665 -1.95592 -2.878297 4.727794 -4.170584 4.993919 11.020511 1e-06 -0.0 12.109032 -3.735715 -2.866778 0.0 -0.0 0.0 1.291985 -1.928548 -1.498088 14.800115 0.567467 3.865604 14.242553 -1.341738 -6.660648 19.631935 0.143921 -0.648243 50.293812 -0.620972 -6.010905 0.353029 -1.51115 -0.03194 20.222769 3.684305 2.316629 18.787249 1e-06 -1e-06 10.751608 -0.47987 1.397903 0.0 -0.0 0.0 3.273804 0.305947 -0.58011 21.48679 11.830364 2.266131 8.162915 0.0 -0.0 18.399052 -3.798986 -4.940567 3e-06 0.0 -1e-06 0.653203 5.902749 -25.751474 -0.054224 0.232163 1.717994 0.75875 3.495088 5.33687 1.708424 -2.105925 -4.010466 0.0 -0.0 2e-06 3.296626 -2.134293 25.977238 -0.081221 0.026004 3.446716 -0.883096 0.959197 -11.725904 -1.438482 0.833173 -3.633031 0.0 -0.0 -1e-06 
0.0 0.0 0.0 0.0 -0.0 0.0 -11.902823 94.0093 439.199921 -1.020314 -5.930987 -3.310884 0.875501 0.511466 0.183232 -0.033478 2.209323 -4.703958 -0.014906 -0.052633 12.502384 0.884565 2.270286 3.951225 -0.613969 0.350255 -3.641932 2.02061 -1.835771 -12.726312 7.7e-05 -2.2e-05 6e-06 0.013574 0.000843 0.042894 0.644369 -3.752871 -10.608601 -0.626546 3.756724 -10.617064 -21.723162 -2.475592 13.458262 -57.81702 -2.67336 -0.791155 0.407597 -21.170847 -0.064897 -2.233269 9.717966 -7.700655 -5.882102 9.861279 0.70259 -10.936861 -0.360574 7.156197 0.0 8.774815 -0.0 -16.366718 18.108431 6.170476 -1.844031 2.498503 -2.507276 -10.16359 4.678941 4.621104 -20.975996 -1e-06 1e-06 -21.226254 2.451698 -3.593995 0.0 -6e-06 -0.0 -1.362681 2.240797 -0.746323 -21.334892 0.58491 3.008319 -13.821196 -1e-06 1e-06 -23.887129 -0.249075 -0.839485 -61.088139 2.303273 -0.830801 -0.294025 1.679686 0.833255 -14.218195 0.093215 1.300579 -34.212002 -0.287561 0.967166 -20.033176 0.964536 1.212838 0.0 -0.0 0.0 -3.440387 0.788233 0.501655 -15.928172 -3.167306 2.999703 -6.338817 -0.0 1e-06 -18.123419 3.648181 -4.905662 -4e-06 0.0 -2e-06 12.030757 13.167732 13.733349 57.601044 14.614769 2.181174 -0.023298 34.397213 0.066468 1.017026 2.937726 -4.381616 2.24354 -5.255033 -3.180156 14.282877 -0.826594 6.952496 -0.0 -12.690593 -1e-06 15.871955 -17.400515 3.036257 1.665665 -1.95592 -2.878297 4.727794 -4.170584 4.993919 11.020511 1e-06 -0.0 12.109032 -3.735715 -2.866778 0.0 -0.0 0.0 1.291985 -1.928548 -1.498088 14.800115 0.567467 3.865604 14.242553 -1.341738 -6.660648 19.631935 0.143921 -0.648243 50.496037 -0.58483 -5.796189 0.353029 -1.51115 -0.03194 20.222769 3.684305 2.316629 18.787249 1e-06 -1e-06 10.751608 -0.47987 1.397903 0.0 -0.0 0.0 3.273804 0.305947 -0.58011 21.48679 11.830364 2.266131 8.162915 0.0 -0.0 18.399052 -3.798986 -4.940567 3e-06 0.0 -1e-06 -1.439676 4.77409 -27.385128 -0.083446 0.188429 7.409287 3.893264 2.734938 11.102246 1.849859 -1.957687 -4.136407 0.0 -0.0 2e-06 -0.156782 -1.94934 25.17873 0.002566 0.109396 8.48974 -0.017079 2.866751 -10.614934 -1.441719 0.836696 -8.228528 0.0 -0.0 -1e-06 
0.0 0.0 0.0 0.0 -0.0 0.0 -11.50452 94.017281 444.453186 1.053309 -6.52258 -2.569098 -0.265307 0.523265 -0.38972 -0.299841 2.446544 -5.00393 -1.069494 -0.021867 12.349655 1.281084 2.097301 3.092554 -0.655891 0.236746 -3.647676 2.217351 -1.678636 -12.770093 7.7e-05 -2.2e-05 6e-06 0.020609 -0.023486 0.017689 0.662637 -3.770734 -10.576721 -0.630491 3.724618 -10.605469 -22.20776 -2.935681 13.34602 -57.463127 -2.566689 -0.450223 0.571294 -19.071669 -0.080288 -2.887389 10.080544 -8.593333 -5.882102 9.861279 0.70259 -10.936861 -0.360574 7.156197 0.0 8.774815 -0.0 -16.412525 18.055859 6.152338 -1.844031 2.498503 -2.507276 -10.16359 4.678941 4.621104 -20.975996 -1e-06 1e-06 -21.226254 2.451698 -3.593995 0.0 -6e-06 -0.0 -1.362681 2.240797 -0.746323 -21.334892 0.58491 3.008319 -13.821196 -1e-06 1e-06 -23.887129 -0.249075 -0.839485 -60.829563 2.273756 -0.818006 -0.294025 1.679686 0.833255 -14.218195 0.093215 1.300579 -34.212002 -0.287561 0.967166 -20.033176 0.964536 1.212838 0.0 -0.0 0.0 -3.440387 0.788233 0.501655 -15.928172 -3.167306 2.999703 -6.338817 -0.0 1e-06 -18.123419 3.648181 -4.905662 -4e-06 0.0 -2e-06 13.435076 12.503969 13.78054 58.191784 13.847456 1.294281 0.402414 33.438148 0.317028 0.528006 3.266688 -4.080789 2.24354 -5.255033 -3.180156 14.282877 -0.826594 6.952496 -0.0 -12.690593 -1e-06 15.790493 -17.416012 3.044168 1.665665 -1.95592 -2.878297 4.727794 -4.170584 4.993919 11.020511 1e-06 -0.0 12.109032 -3.735715 -2.866778 0.0 -0.0 0.0 1.291985 -1.928548 -1.498088 14.800115 0.567467 3.865604 14.242553 -1.341738 -6.660648 19.631935 0.143921 -0.648243 50.513313 -0.629604 -5.759653 0.353029 -1.51115 -0.03194 20.222769 3.684305 2.316629 18.787249 1e-06 -1e-06 10.751608 -0.47987 1.397903 0.0 -0.0 0.0 3.273804 0.305947 -0.58011 21.48679 11.830364 2.266131 8.162915 0.0 -0.0 18.399052 -3.798986 -4.940567 3e-06 0.0 -1e-06 -3.495141 3.432634 -29.019747 0.019986 0.120288 13.982848 4.758145 3.09107 14.00121 1.819355 -1.929902 -2.275998 0.0 -0.0 2e-06 -3.73806 -2.008633 22.631445 -0.102167 0.357838 16.783749 0.527276 4.60149 -7.242981 -1.484076 0.863482 -15.609721 0.0 -0.0 -1e-06 
0.0 0.0 0.0 0.0 -0.0 0.0 -11.108261 94.277473 449.863708 2.774496 -6.863308 -2.717641 -0.902105 0.510611 -0.222688 -0.597101 2.50781 -4.952057 -2.259642 0.103187 11.862348 1.713814 1.970738 2.833459 -0.805942 -0.043159 -3.590203 2.491744 -1.675796 -13.509458 7.7e-05 -2.2e-05 6e-06 0.034682 0.009271 0.030761 0.709695 -3.721363 -10.530925 -0.650569 3.736606 -10.551446 -21.088039 -3.55046 13.648133 -58.662605 -3.306493 0.317857 0.798261 -17.473717 -0.154592 -3.331795 10.503139 -8.684307 -5.882102 9.861279 0.70259 -10.936861 -0.360574 7.156197 0.0 8.774815 -0.0 -16.475973 18.106983 6.053046 -1.844031 2.498503 -2.507276 -10.16359 4.678941 4.621104 -20.975996 -1e-06 1e-06 -21.226254 2.451698 -3.593995 0.0 -6e-06 -0.0 -1.362681 2.240797 -0.746323 -21.334892 0.58491 3.008319 -13.821196 -1e-06 1e-06 -23.887129 -0.249075 -0.839485 -60.691902 2.219169 -1.004431 -0.294025 1.679686 0.833255 -14.218195 0.093215 1.300579 -34.212002 -0.287561 0.967166 -20.033176 0.964536 1.212838 0.0 -0.0 0.0 -3.440387 0.788233 0.501655 -15.928172 -3.167306 2.999703 -6.338817 -0.0 1e-06 -18.123419 3.648181 -4.905662 -4e-06 0.0 -2e-06 13.078061 11.97202 13.968078 60.805424 13.394439 1.205831 0.600888 31.177147 0.36255 0.503858 3.353154 -4.017737 2.24354 -5.255033 -3.180156 14.282877 -0.826594 6.952496 -0.0 -12.690593 -1e-06 15.97158 -17.409302 2.958599 1.665665 -1.95592 -2.878297 4.727794 -4.170584 4.993919 11.020511 1e-06 -0.0 12.109032 -3.735715 -2.866778 0.0 -0.0 0.0 1.291985 -1.928548 -1.498088 14.800115 0.567467 3.865604 14.242553 -1.341738 -6.660648 19.631935 0.143921 -0.648243 50.70126 -0.51483 -5.73519 0.353029 -1.51115 -0.03194 20.222769 3.684305 2.316629 18.787249 1e-06 -1e-06 10.751608 -0.47987 1.397903 0.0 -0.0 0.0 3.273804 0.305947 -0.58011 21.48679 11.830364 2.266131 8.162915 0.0 -0.0 18.399052 -3.798986 -4.940567 3e-06 0.0 -1e-06 -5.281333 2.449216 -28.835464 0.021846 0.087259 20.23612 4.785915 4.419878 10.923838 1.708562 -1.917412 0.138263 0.0 -0.0 2e-06 -6.87508 -1.909617 18.330936 -0.021339 0.494408 28.566528 0.654499 6.261184 0.726732 -1.548186 0.777159 -24.040962 0.0 -0.0 -1e-06 
0.0 0.0 0.0 0.0 -0.0 0.0 -10.78849 94.940247 455.082458 4.077053 -7.457403 -3.37748 -1.433549 0.449689 0.238314 -0.788255 2.512816 -4.657569 -2.906298 0.158561 11.441207 1.568213 1.8806 2.799439 -0.900939 -0.086723 -3.550958 2.644762 -1.601463 -13.710742 7.7e-05 -2.2e-05 6e-06 0.036658 0.035971 0.034938 0.718121 -3.694514 -10.488559 -0.65591 3.760761 -10.500692 -20.131052 -4.03565 13.827966 -59.739922 -4.334788 1.050524 0.901874 -16.985828 -0.14927 -3.766632 10.888465 -8.046467 -5.882102 9.861279 0.70259 -10.936861 -0.360574 7.156197 0.0 8.774815 -0.0 -16.531883 18.144333 5.934398 -1.844031 2.498503 -2.507276 -10.16359 4.678941 4.621104 -20.975996 -1e-06 1e-06 -21.226254 2.451698 -3.593995 0.0 -6e-06 -0.0 -1.362681 2.240797 -0.746323 -21.334892 0.58491 3.008319 -13.821196 -1e-06 1e-06 -23.887129 -0.249075 -0.839485 -60.483292 2.172489 -1.325853 -0.294025 1.679686 0.833255 -14.218195 0.093215 1.300579 -34.212002 -0.287561 0.967166 -20.033176 0.964536 1.212838 0.0 -0.0 0.0 -3.440387 0.788233 0.501655 -15.928172 -3.167306 2.999703 -6.338817 -0.0 1e-06 -18.123419 3.648181 -4.905662 -4e-06 0.0 -2e-06 12.35707 11.904149 14.232214 63.107273 13.166636 2.266768 0.574868 28.067404 0.311052 1.486307 2.898688 -3.601225 2.24354 -5.255033 -3.180156 14.282877 -0.826594 6.952496 -0.0 -12.690593 -1e-06 16.268942 -17.518358 2.784599 1.665665 -1.95592 -2.878297 4.727794 -4.170584 4.993919 11.020511 1e-06 -0.0 12.109032 -3.735715 -2.866778 0.0 -0.0 0.0 1.291985 -1.928548 -1.498088 14.800115 0.567467 3.865604 14.242553 -1.341738 -6.660648 19.631935 0.143921 -0.648243 50.723507 -0.426311 -5.927334 0.353029 -1.51115 -0.03194 20.222769 3.684305 2.316629 18.787249 1e-06 -1e-06 10.751608 -0.47987 1.397903 0.0 -0.0 0.0 3.273804 0.305947 -0.58011 21.48679 11.830364 2.266131 8.162915 0.0 -0.0 18.399052 -3.798986 -4.940567 3e-06 0.0 -1e-06 -6.870813 2.135167 -26.450048 -0.032718 0.054201 23.75902 5.085249 5.606668 5.536435 1.648169 -1.947068 0.546363 0.0 -0.0 2e-06 -9.35778 -1.267835 12.295557 0.069777 0.589039 41.959225 1.808697 7.108563 12.032076 -1.42487 0.68064 -22.285557 0.0 -0.0 -1e-06 
0.0 0.0 0.0 0.0 -0.0 0.0 -10.535753 95.739731 459.96524 4.96728 -8.449904 -4.008877 -1.883183 0.362218 0.715599 -0.885285 2.500029 -4.434818 -3.180334 0.073674 11.244086 1.03587 2.124324 2.883286 -0.729798 0.084258 -3.583978 2.620616 -1.454658 -13.55028 7.7e-05 -2.2e-05 6e-06 0.043345 0.100563 0.059463 0.710035 -3.633581 -10.466276 -0.635357 3.82988 -10.468976 -19.941706 -4.308887 13.875564 -59.823681 -5.429632 1.421012 0.792452 -17.704659 -0.115519 -3.929641 10.919977 -8.155086 -5.882102 9.861279 0.70259 -10.936861 -0.360574 7.156197 0.0 8.774815 -0.0 -16.587467 18.200951 5.838352 -1.844031 2.498503 -2.507276 -10.16359 4.678941 4.621104 -20.975996 -1e-06 1e-06 -21.226254 2.451698 -3.593995 0.0 -6e-06 -0.0 -1.362681 2.240797 -0.746323 -21.334892 0.58491 3.008319 -13.821196 -1e-06 1e-06 -23.887129 -0.249075 -0.839485 -60.442505 2.060329 -1.427913 -0.294025 1.679686 0.833255 -14.218195 0.093215 1.300579 -34.212002 -0.287561 0.967166 -20.033176 0.964536 1.212838 0.0 -0.0 0.0 -3.440387 0.788233 0.501655 -15.928172 -3.167306 2.999703 -6.338817 -0.0 1e-06 -18.123419 3.648181 -4.905662 -4e-06 0.0 -2e-06 12.296949 12.130407 14.527381 64.08828 13.287088 4.074667 0.577791 24.786131 0.254747 3.052146 1.835192 -2.571354 2.24354 -5.255033 -3.180156 14.282877 -0.826594 6.952496 -0.0 -12.690593 -1e-06 16.449972 -17.496668 2.615472 1.665665 -1.95592 -2.878297 4.727794 -4.170584 4.993919 11.020511 1e-06 -0.0 12.109032 -3.735715 -2.866778 0.0 -0.0 0.0 1.291985 -1.928548 -1.498088 14.800115 0.567467 3.865604 14.242553 -1.341738 -6.660648 19.631935 0.143921 -0.648243 50.34491 -0.440935 -6.033592 0.353029 -1.51115 -0.03194 20.222769 3.684305 2.316629 18.787249 1e-06 -1e-06 10.751608 -0.47987 1.397903 0.0 -0.0 0.0 3.273804 0.305947 -0.58011 21.48679 11.830364 2.266131 8.162915 0.0 -0.0 18.399052 -3.798986 -4.940567 3e-06 0.0 -1e-06 -8.057981 2.429749 -22.863148 -0.014099 0.127181 24.448982 5.149499 6.603709 1.676412 1.643093 -1.995081 0.194483 0.0 -0.0 2e-06 -10.786842 0.18513 5.327766 0.121356 0.571953 53.748478 3.318978 7.015845 22.352367 -1.130409 0.822169 -7.993801 0.0 -0.0 -1e-06 
0.0 0.0 0.0 0.0 -0.0 0.0 -10.421107 96.696854 464.549255 5.366244 -9.381585 -4.521117 -2.204196 0.336408 1.042969 -0.979925 2.204002 -4.326486 -3.09001 -0.053142 11.290349 0.581376 2.469288 3.294883 -0.543418 0.273078 -3.596269 2.519252 -1.05391 -13.458506 7.7e-05 -2.2e-05 6e-06 0.04564 0.122388 0.080246 0.705194 -3.610653 -10.466929 -0.626173 3.853312 -10.463014 -20.168489 -4.447583 13.659864 -59.064514 -6.632573 2.218453 0.578212 -18.852573 -0.052194 -3.467957 10.371525 -8.488964 -5.882102 9.861279 0.70259 -10.936861 -0.360574 7.156197 0.0 8.774815 -0.0 -16.627266 18.31694 5.773087 -1.844031 2.498503 -2.507276 -10.16359 4.678941 4.621104 -20.975996 -1e-06 1e-06 -21.226254 2.451698 -3.593995 0.0 -6e-06 -0.0 -1.362681 2.240797 -0.746323 -21.334892 0.58491 3.008319 -13.821196 -1e-06 1e-06 -23.887129 -0.249075 -0.839485 -60.429157 2.129839 -1.496996 -0.294025 1.679686 0.833255 -14.218195 0.093215 1.300579 -34.212002 -0.287561 0.967166 -20.033176 0.964536 1.212838 0.0 -0.0 0.0 -3.440387 0.788233 0.501655 -15.928172 -3.167306 2.999703 -6.338817 -0.0 1e-06 -18.123419 3.648181 -4.905662 -4e-06 0.0 -2e-06 12.670464 12.323837 14.689123 64.329529 13.498395 6.003953 0.653044 21.734182 0.213693 4.468963 0.483488 -0.899793 2.24354 -5.255033 -3.180156 14.282877 -0.826594 6.952496 -0.0 -12.690593 -1e-06 16.466881 -17.478373 2.4825 1.665665 -1.95592 -2.878297 4.727794 -4.170584 4.993919 11.020511 1e-06 -0.0 12.109032 -3.735715 -2.866778 0.0 -0.0 0.0 1.291985 -1.928548 -1.498088 14.800115 0.567467 3.865604 14.242553 -1.341738 -6.660648 19.631935 0.143921 -0.648243 50.048286 -0.485669 -6.167261 0.353029 -1.51115 -0.03194 20.222769 3.684305 2.316629 18.787249 1e-06 -1e-06 10.751608 -0.47987 1.397903 0.0 -0.0 0.0 3.273804 0.305947 -0.58011 21.48679 11.830364 2.266131 8.162915 0.0 -0.0 18.399052 -3.798986 -4.940567 3e-06 0.0 -1e-06 -8.732018 2.719905 -18.381865 0.078779 0.171217 22.774063 5.006417 7.588221 -0.800288 1.615351 -2.028972 0.157426 0.0 -0.0 2e-06 -11.184822 1.468542 -1.295329 0.142054 0.337533 62.862759 2.365736 7.093897 20.641237 -1.161882 0.890531 -4.613401 0.0 -0.0 -1e-06 
0.0 0.0 0.0 0.0 -0.0 0.0 -10.455481 97.687759 468.976532 4.967714 -9.968828 -5.052339 -2.189496 0.213108 1.360605 -0.960172 1.76756 -4.230657 -2.690006 -0.252508 11.468189 0.35814 2.725773 4.069118 -0.489768 0.376788 -3.591475 2.392511 -0.581923 -13.166939 7.7e-05 -2.2e-05 6e-06 0.042159 0.101855 0.08158 0.696743 -3.628689 -10.471601 -0.623593 3.832936 -10.478453 -20.095942 -4.644249 13.501596 -58.269001 -8.221547 3.209273 0.281594 -19.976849 0.018595 -2.55875 9.62048 -7.804191 -5.882102 9.861279 0.70259 -10.936861 -0.360574 7.156197 0.0 8.774815 -0.0 -16.714661 18.346581 5.703078 -1.844031 2.498503 -2.507276 -10.16359 4.678941 4.621104 -20.975996 -1e-06 1e-06 -21.226254 2.451698 -3.593995 0.0 -6e-06 -0.0 -1.362681 2.240797 -0.746323 -21.334892 0.58491 3.008319 -13.821196 -1e-06 1e-06 -23.887129 -0.249075 -0.839485 -60.460236 2.227782 -1.421886 -0.294025 1.679686 0.833255 -14.218195 0.093215 1.300579 -34.212002 -0.287561 0.967166 -20.033176 0.964536 1.212838 0.0 -0.0 0.0 -3.440387 0.788233 0.501655 -15.928172 -3.167306 2.999703 -6.338817 -0.0 1e-06 -18.123419 3.648181 -4.905662 -4e-06 0.0 -2e-06 12.789111 12.324626 14.759418 64.660133 13.531829 7.685128 0.625288 19.741922 0.123909 5.398289 -1.080709 0.866584 2.24354 -5.255033 -3.180156 14.282877 -0.826594 6.952496 -0.0 -12.690593 -1e-06 16.474825 -17.513105 2.419194 1.665665 -1.95592 -2.878297 4.727794 -4.170584 4.993919 11.020511 1e-06 -0.0 12.109032 -3.735715 -2.866778 0.0 -0.0 0.0 1.291985 -1.928548 -1.498088 14.800115 0.567467 3.865604 14.242553 -1.341738 -6.660648 19.631935 0.143921 -0.648243 49.97847 -0.44025 -6.197281 0.353029 -1.51115 -0.03194 20.222769 3.684305 2.316629 18.787249 1e-06 -1e-06 10.751608 -0.47987 1.397903 0.0 -0.0 0.0 3.273804 0.305947 -0.58011 21.48679 11.830364 2.266131 8.162915 0.0 -0.0 18.399052 -3.798986 -4.940567 3e-06 0.0 -1e-06 -8.535104 3.123127 -13.224558 0.090895 0.13225 19.80784 4.764274 8.131392 -2.56901 1.599498 -2.065774 0.173533 0.0 -0.0 2e-06 -10.290066 2.01692 -7.195445 0.115827 0.049217 68.088654 -0.286669 6.002035 15.323564 -1.247143 0.906517 -4.039443 0.0 -0.0 -1e-06 
0.0 0.0 0.0 0.0 -0.0 0.0 -10.606454 98.535156 473.310089 4.08821 -10.14507 -5.671418 -2.05228 0.055271 1.777915 -0.843073 1.238808 -4.079655 -2.120984 -0.657151 11.568832 0.374453 2.814109 5.148894 -0.435169 0.5542 -3.576974 2.183725 -0.123328 -12.638037 7.7e-05 -2.2e-05 6e-06 0.034579 0.069096 0.075844 0.68914 -3.658113 -10.485593 -0.629239 3.798383 -10.501092 -19.265913 -4.970587 13.529312 -57.968746 -10.089056 4.376412 -0.020666 -21.266356 0.094183 -1.865318 8.892842 -6.434841 -5.882102 9.861279 0.70259 -10.936861 -0.360574 7.156197 0.0 8.774815 -0.0 -16.715263 18.345768 5.680418 -1.844031 2.498503 -2.507276 -10.16359 4.678941 4.621104 -20.975996 -1e-06 1e-06 -21.226254 2.451698 -3.593995 0.0 -6e-06 -0.0 -1.362681 2.240797 -0.746323 -21.334892 0.58491 3.008319 -13.821196 -1e-06 1e-06 -23.887129 -0.249075 -0.839485 -60.45512 2.32207 -1.357255 -0.294025 1.679686 0.833255 -14.218195 0.093215 1.300579 -34.212002 -0.287561 0.967166 -20.033176 0.964536 1.212838 0.0 -0.0 0.0 -3.440387 0.788233 0.501655 -15.928172 -3.167306 2.999703 -6.338817 -0.0 1e-06 -18.123419 3.648181 -4.905662 -4e-06 0.0 -2e-06 12.46487 12.033054 14.764984 65.273766 13.145904 8.978641 0.434645 19.349817 0.035501 6.130752 -2.307394 2.297821 2.24354 -5.255033 -3.180156 14.282877 -0.826594 6.952496 -0.0 -12.690593 -1e-06 16.513416 -17.586246 2.41179 1.665665 -1.95592 -2.878297 4.727794 -4.170584 4.993919 11.020511 1e-06 -0.0 12.109032 -3.735715 -2.866778 0.0 -0.0 0.0 1.291985 -1.928548 -1.498088 14.800115 0.567467 3.865604 14.242553 -1.341738 -6.660648 19.631935 0.143921 -0.648243 49.967918 -0.395321 -6.230497 0.353029 -1.51115 -0.03194 20.222769 3.684305 2.316629 18.787249 1e-06 -1e-06 10.751608 -0.47987 1.397903 0.0 -0.0 0.0 3.273804 0.305947 -0.58011 21.48679 11.830364 2.266131 8.162915 0.0 -0.0 18.399052 -3.798986 -4.940567 3e-06 0.0 -1e-06 -7.759656 3.655163 -7.613151 0.055233 0.048368 16.148769 4.373143 8.181482 -3.811603 1.595861 -2.057118 0.172747 0.0 -0.0 2e-06 -8.649742 1.850431 -12.16497 0.09247 -0.131785 69.254883 -2.339926 5.003542 10.879658 -1.310711 0.895082 -3.918723 0.0 -0.0 -1e-06 
0.0 0.0 0.0 0.0 -0.0 0.0 -10.869321 99.130867 477.605591 2.945193 -9.933472 -6.194286 -1.883472 -0.080656 2.185796 -0.685239 0.678401 -3.916903 -1.489286 -1.242983 11.633081 0.637524 2.679447 6.215885 -0.34583 0.831107 -3.560564 1.922218 0.225067 -12.08756 7.7e-05 -2.2e-05 6e-06 0.031048 0.055532 0.070473 0.695297 -3.66772 -10.513317 -0.640283 3.780428 -10.531545 -18.10041 -5.45249 13.620409 -57.692184 -11.887094 5.625882 -0.288289 -23.082193 0.189424 -1.722768 8.192893 -4.966826 -5.882102 9.861279 0.70259 -10.936861 -0.360574 7.156197 0.0 8.774815 -0.0 -16.577879 18.338272 5.735683 -1.844031 2.498503 -2.507276 -10.16359 4.678941 4.621104 -20.975996 -1e-06 1e-06 -21.226254 2.451698 -3.593995 0.0 -6e-06 -0.0 -1.362681 2.240797 -0.746323 -21.334892 0.58491 3.008319 -13.821196 -1e-06 1e-06 -23.887129 -0.249075 -0.839485 -60.495964 2.442931 -1.34887 -0.294025 1.679686 0.833255 -14.218195 0.093215 1.300579 -34.212002 -0.287561 0.967166 -20.033176 0.964536 1.212838 0.0 -0.0 0.0 -3.440387 0.788233 0.501655 -15.928172 -3.167306 2.999703 -6.338817 -0.0 1e-06 -18.123419 3.648181 -4.905662 -4e-06 0.0 -2e-06 12.197823 11.346759 14.691618 65.641762 12.058667 9.425611 0.207635 20.946814 -0.02376 6.470506 -2.314767 2.525697 2.24354 -5.255033 -3.180156 14.282877 -0.826594 6.952496 -0.0 -12.690593 -1e-06 16.522585 -17.654694 2.460634 1.665665 -1.95592 -2.878297 4.727794 -4.170584 4.993919 11.020511 1e-06 -0.0 12.109032 -3.735715 -2.866778 0.0 -0.0 0.0 1.291985 -1.928548 -1.498088 14.800115 0.567467 3.865604 14.242553 -1.341738 -6.660648 19.631935 0.143921 -0.648243 50.002365 -0.402991 -6.274046 0.353029 -1.51115 -0.03194 20.222769 3.684305 2.316629 18.787249 1e-06 -1e-06 10.751608 -0.47987 1.397903 0.0 -0.0 0.0 3.273804 0.305947 -0.58011 21.48679 11.830364 2.266131 8.162915 0.0 -0.0 18.399052 -3.798986 -4.940567 3e-06 0.0 -1e-06 -6.524534 4.223137 -2.048199 0.017972 -0.01841 12.334748 3.767156 7.68252 -4.893806 1.605044 -1.998391 0.128533 0.0 -0.0 2e-06 -6.685235 1.056966 -16.153463 0.057296 -0.247813 66.337051 -2.946197 4.856043 7.548847 -1.354297 0.868328 -4.0309 0.0 -0.0 -1e-06 
0.0 0.0 0.0 0.0 -0.0 0.0 -11.233517 99.398384 481.89917 1.873776 -9.405032 -6.396714 -1.795868 -0.152361 2.442657 -0.573991 0.142164 -3.822482 -0.883646 -1.868492 11.754016 1.11463 2.367 6.977944 -0.285936 1.114259 -3.58212 1.663535 0.375489 -11.747169 7.7e-05 -2.2e-05 6e-06 0.032105 0.046968 0.062319 0.698311 -3.673503 -10.542204 -0.639296 3.768401 -10.5549 -16.955601 -6.125809 13.607517 -57.131432 -13.457971 6.837471 -0.417955 -25.422504 0.276716 -1.866841 7.424862 -4.368159 -5.882102 9.861279 0.70259 -10.936861 -0.360574 7.156197 0.0 8.774815 -0.0 -16.337515 18.339725 5.907951 -1.844031 2.498503 -2.507276 -10.16359 4.678941 4.621104 -20.975996 -1e-06 1e-06 -21.226254 2.451698 -3.593995 0.0 -6e-06 -0.0 -1.362681 2.240797 -0.746323 -21.334892 0.58491 3.008319 -13.821196 -1e-06 1e-06 -23.887129 -0.249075 -0.839485 -60.629288 2.542466 -1.283206 -0.294025 1.679686 0.833255 -14.218195 0.093215 1.300579 -34.212002 -0.287561 0.967166 -20.033176 0.964536 1.212838 0.0 -0.0 0.0 -3.440387 0.788233 0.501655 -15.928172 -3.167306 2.999703 -6.338817 -0.0 1e-06 -18.123419 3.648181 -4.905662 -4e-06 0.0 -2e-06 12.312969 10.328222 14.523126 65.564972 10.359108 8.810724 0.027264 23.984356 -0.066885 5.965302 -0.898957 0.979719 2.24354 -5.255033 -3.180156 14.282877 -0.826594 6.952496 -0.0 -12.690593 -1e-06 16.46681 -17.713936 2.598063 1.665665 -1.95592 -2.878297 4.727794 -4.170584 4.993919 11.020511 1e-06 -0.0 12.109032 -3.735715 -2.866778 0.0 -0.0 0.0 1.291985 -1.928548 -1.498088 14.800115 0.567467 3.865604 14.242553 -1.341738 -6.660648 19.631935 0.143921 -0.648243 50.088917 -0.511638 -6.291196 0.353029 -1.51115 -0.03194 20.222769 3.684305 2.316629 18.787249 1e-06 -1e-06 10.751608 -0.47987 1.397903 0.0 -0.0 0.0 3.273804 0.305947 -0.58011 21.48679 11.830364 2.266131 8.162915 0.0 -0.0 18.399052 -3.798986 -4.940567 3e-06 0.0 -1e-06 -5.353916 4.666062 3.074196 -0.009125 -0.015987 8.776577 3.262098 6.813357 -6.177905 1.628181 -1.919474 0.127513 0.0 -0.0 2e-06 -4.781159 -0.092228 -19.424862 -0.014656 -0.323214 59.665527 -2.162391 4.907534 5.188901 -1.393679 0.862543 -4.075177 0.0 -0.0 -1e-06 
0.0 0.0 0.0 0.0 -0.0 0.0 -11.646223 99.296387 486.151733 1.269177 -8.702232 -6.325517 -1.94964 -0.160294 2.523919 -0.56053 -0.335875 -3.787071 -0.467875 -2.412178 11.927796 1.762634 1.921006 7.387832 -0.313805 1.259354 -3.614158 1.45363 0.383663 -11.713819 7.7e-05 -2.2e-05 6e-06 0.031219 0.039201 0.057906 0.684893 -3.681892 -10.556244 -0.626531 3.761333 -10.559631 -15.857059 -6.951328 13.536767 -56.37426 -14.925268 7.980988 -0.342891 -27.857708 0.278369 -1.871744 6.618397 -4.812477 -5.882102 9.861279 0.70259 -10.936861 -0.360574 7.156197 0.0 8.774815 -0.0 -16.078808 18.370512 6.148174 -1.844031 2.498503 -2.507276 -10.16359 4.678941 4.621104 -20.975996 -1e-06 1e-06 -21.226254 2.451698 -3.593995 0.0 -6e-06 -0.0 -1.362681 2.240797 -0.746323 -21.334892 0.58491 3.008319 -13.821196 -1e-06 1e-06 -23.887129 -0.249075 -0.839485 -60.739822 2.602176 -1.172076 -0.294025 1.679686 0.833255 -14.218195 0.093215 1.300579 -34.212002 -0.287561 0.967166 -20.033176 0.964536 1.212838 0.0 -0.0 0.0 -3.440387 0.788233 0.501655 -15.928172 -3.167306 2.999703 -6.338817 -0.0 1e-06 -18.123419 3.648181 -4.905662 -4e-06 0.0 -2e-06 12.70536 9.17344 14.37519 65.340424 8.585395 7.369854 -0.021865 27.24966 -0.107668 4.690237 1.371761 -1.935976 2.24354 -5.255033 -3.180156 14.282877 -0.826594 6.952496 -0.0 -12.690593 -1e-06 16.435665 -17.770256 2.731946 1.665665 -1.95592 -2.878297 4.727794 -4.170584 4.993919 11.020511 1e-06 -0.0 12.109032 -3.735715 -2.866778 0.0 -0.0 0.0 1.291985 -1.928548 -1.498088 14.800115 0.567467 3.865604 14.242553 -1.341738 -6.660648 19.631935 0.143921 -0.648243 50.205944 -0.671913 -6.285392 0.353029 -1.51115 -0.03194 20.222769 3.684305 2.316629 18.787249 1e-06 -1e-06 10.751608 -0.47987 1.397903 0.0 -0.0 0.0 3.273804 0.305947 -0.58011 21.48679 11.830364 2.266131 8.162915 0.0 -0.0 18.399052 -3.798986 -4.940567 3e-06 0.0 -1e-06 -4.64631 4.861225 7.600918 -0.030856 0.071959 5.481197 2.952358 5.90448 -7.412965 1.657043 -1.884052 0.223438 0.0 -0.0 2e-06 -3.385075 -1.21069 -21.874527 -0.034986 -0.254671 49.722904 -0.685015 4.344834 4.315834 -1.420386 0.887821 -4.031398 0.0 -0.0 -1e-06 
0.0 0.0 0.0 0.0 -0.0 0.0 -12.053351 98.869537 490.368591 1.149742 -7.877069 -6.101089 -2.267499 -0.166456 2.484865 -0.606718 -0.795066 -3.788118 -0.365767 -2.80195 12.077621 2.48346 1.349578 7.574477 -0.373737 1.198878 -3.607517 1.266388 0.391278 -11.780105 7.7e-05 -2.2e-05 6e-06 0.021817 0.025781 0.068449 0.665378 -3.703089 -10.56958 -0.625336 3.755532 -10.56651 -14.798445 -7.793806 13.505112 -55.623306 -16.427359 8.800616 -0.095971 -29.96224 0.221515 -1.772925 5.939481 -5.531968 -5.882102 9.861279 0.70259 -10.936861 -0.360574 7.156197 0.0 8.774815 -0.0 -15.915362 18.411205 6.308582 -1.844031 2.498503 -2.507276 -10.16359 4.678941 4.621104 -20.975996 -1e-06 1e-06 -21.226254 2.451698 -3.593995 0.0 -6e-06 -0.0 -1.362681 2.240797 -0.746323 -21.334892 0.58491 3.008319 -13.821196 -1e-06 1e-06 -23.887129 -0.249075 -0.839485 -60.788071 2.621286 -1.111607 -0.294025 1.679686 0.833255 -14.218195 0.093215 1.300579 -34.212002 -0.287561 0.967166 -20.033176 0.964536 1.212838 0.0 -0.0 0.0 -3.440387 0.788233 0.501655 -15.928172 -3.167306 2.999703 -6.338817 -0.0 1e-06 -18.123419 3.648181 -4.905662 -4e-06 0.0 -2e-06 13.049719 8.080034 14.225395 65.364975 7.256348 5.91526 -0.020753 29.413807 -0.117134 3.336176 3.149674 -4.667741 2.24354 -5.255033 -3.180156 14.282877 -0.826594 6.952496 -0.0 -12.690593 -1e-06 16.491173 -17.796974 2.73808 1.665665 -1.95592 -2.878297 4.727794 -4.170584 4.993919 11.020511 1e-06 -0.0 12.109032 -3.735715 -2.866778 0.0 -0.0 0.0 1.291985 -1.928548 -1.498088 14.800115 0.567467 3.865604 14.242553 -1.341738 -6.660648 19.631935 0.143921 -0.648243 50.357803 -0.782914 -6.245337 0.353029 -1.51115 -0.03194 20.222769 3.684305 2.316629 18.787249 1e-06 -1e-06 10.751608 -0.47987 1.397903 0.0 -0.0 0.0 3.273804 0.305947 -0.58011 21.48679 11.830364 2.266131 8.162915 0.0 -0.0 18.399052 -3.798986 -4.940567 3e-06 0.0 -1e-06 -4.419448 4.691177 11.400453 -0.057686 0.197419 3.103413 2.731197 5.326146 -8.8426 1.675253 -1.926126 0.320255 0.0 -0.0 2e-06 -2.642271 -1.976324 -23.131399 0.052619 -0.102166 36.809181 0.550823 3.263442 5.651248 -1.437996 0.938393 -4.037568 0.0 -0.0 -1e-06 
0.0 0.0 0.0 0.0 -0.0 0.0 -12.479142 98.20639 494.666107 1.292623 -6.932161 -5.796991 -2.561512 -0.161826 2.39182 -0.680162 -1.170686 -3.842355 -0.487773 -3.12287 12.170094 3.118075 0.837086 7.588889 -0.394965 0.954148 -3.562195 1.025278 0.275683 -11.816561 7.7e-05 -2.2e-05 6e-06 0.006106 -0.000536 0.079689 0.656533 -3.735506 -10.600875 -0.647973 3.73567 -10.601835 -13.88665 -8.580798 13.513145 -55.065559 -17.914024 9.115583 0.182892 -31.624422 0.161191 -1.716604 5.388205 -5.957474 -5.882102 9.861279 0.70259 -10.936861 -0.360574 7.156197 0.0 8.774815 -0.0 -15.897719 18.41662 6.316564 -1.844031 2.498503 -2.507276 -10.16359 4.678941 4.621104 -20.975996 -1e-06 1e-06 -21.226254 2.451698 -3.593995 0.0 -6e-06 -0.0 -1.362681 2.240797 -0.746323 -21.334892 0.58491 3.008319 -13.821196 -1e-06 1e-06 -23.887129 -0.249075 -0.839485 -60.873199 2.636902 -1.197688 -0.294025 1.679686 0.833255 -14.218195 0.093215 1.300579 -34.212002 -0.287561 0.967166 -20.033176 0.964536 1.212838 0.0 -0.0 0.0 -3.440387 0.788233 0.501655 -15.928172 -3.167306 2.999703 -6.338817 -0.0 1e-06 -18.123419 3.648181 -4.905662 -4e-06 0.0 -2e-06 13.192643 7.22002 14.061182 65.697556 6.401534 4.785785 -0.106414 29.926943 -0.092278 2.434103 3.959873 -6.350807 2.24354 -5.255033 -3.180156 14.282877 -0.826594 6.952496 -0.0 -12.690593 -1e-06 16.583206 -17.855856 2.702528 1.665665 -1.95592 -2.878297 4.727794 -4.170584 4.993919 11.020511 1e-06 -0.0 12.109032 -3.735715 -2.866778 0.0 -0.0 0.0 1.291985 -1.928548 -1.498088 14.800115 0.567467 3.865604 14.242553 -1.341738 -6.660648 19.631935 0.143921 -0.648243 50.715523 -0.804081 -6.185935 0.353029 -1.51115 -0.03194 20.222769 3.684305 2.316629 18.787249 1e-06 -1e-06 10.751608 -0.47987 1.397903 0.0 -0.0 0.0 3.273804 0.305947 -0.58011 21.48679 11.830364 2.266131 8.162915 0.0 -0.0 18.399052 -3.798986 -4.940567 3e-06 0.0 -1e-06 -4.501939 4.326492 14.391303 -0.058042 0.304869 2.258582 2.501409 5.08798 -10.619054 1.683995 -2.010983 0.251015 0.0 -0.0 2e-06 -2.422883 -2.282377 -23.229744 0.198529 -0.041058 21.834711 1.691097 2.695797 8.083182 -1.439584 0.986377 -3.950377 0.0 -0.0 -1e-06 
0.0 0.0 0.0 0.0 -0.0 0.0 -12.987733 97.331436 499.142395 1.507934 -5.970735 -5.301313 -2.757981 -0.106299 2.154149 -0.778502 -1.447011 -3.985574 -0.675855 -3.371505 12.229522 3.754248 0.600049 7.41786 -0.442225 0.502131 -3.55393 0.687921 -0.116315 -11.643735 7.7e-05 -2.2e-05 6e-06 0.003236 0.022936 0.067516 0.669349 -3.710225 -10.646899 -0.666948 3.760387 -10.655925 -13.308335 -9.243703 13.279155 -54.593334 -19.037485 9.288679 0.453614 -33.144146 0.08364 -1.888698 5.029865 -6.135434 -5.882102 9.861279 0.70259 -10.936861 -0.360574 7.156197 0.0 8.774815 -0.0 -15.947968 18.408043 6.309269 -1.844031 2.498503 -2.507276 -10.16359 4.678941 4.621104 -20.975996 -1e-06 1e-06 -21.226254 2.451698 -3.593995 0.0 -6e-06 -0.0 -1.362681 2.240797 -0.746323 -21.334892 0.58491 3.008319 -13.821196 -1e-06 1e-06 -23.887129 -0.249075 -0.839485 -60.869186 2.594116 -1.412331 -0.294025 1.679686 0.833255 -14.218195 0.093215 1.300579 -34.212002 -0.287561 0.967166 -20.033176 0.964536 1.212838 0.0 -0.0 0.0 -3.440387 0.788233 0.501655 -15.928172 -3.167306 2.999703 -6.338817 -0.0 1e-06 -18.123419 3.648181 -4.905662 -4e-06 0.0 -2e-06 13.579158 6.636641 13.732537 65.809921 5.630789 3.677844 -0.023797 28.904036 -0.040531 2.011477 4.132669 -6.997432 2.24354 -5.255033 -3.180156 14.282877 -0.826594 6.952496 -0.0 -12.690593 -1e-06 16.534081 -17.868277 2.66685 1.665665 -1.95592 -2.878297 4.727794 -4.170584 4.993919 11.020511 1e-06 -0.0 12.109032 -3.735715 -2.866778 0.0 -0.0 0.0 1.291985 -1.928548 -1.498088 14.800115 0.567467 3.865604 14.242553 -1.341738 -6.660648 19.631935 0.143921 -0.648243 50.919186 -0.777504 -6.21342 0.353029 -1.51115 -0.03194 20.222769 3.684305 2.316629 18.787249 1e-06 -1e-06 10.751608 -0.47987 1.397903 0.0 -0.0 0.0 3.273804 0.305947 -0.58011 21.48679 11.830364 2.266131 8.162915 0.0 -0.0 18.399052 -3.798986 -4.940567 3e-06 0.0 -1e-06 -4.483734 4.109272 17.051971 -0.057925 0.300332 2.034554 2.304211 4.52216 -12.520594 1.704759 -2.015652 -0.042999 0.0 -0.0 2e-06 -2.627014 -1.776361 -23.290237 0.3433 -0.088536 7.75963 3.323694 2.244305 8.99816 -1.400929 1.037266 -3.938932 0.0 -0.0 -1e-06 
0.0 0.0 0.0 0.0 -0.0 0.0 -13.599822 96.335587 503.796906 1.327525 -5.233161 -4.565419 -2.63284 -0.111407 1.740484 -0.815524 -1.640698 -4.170224 -0.697978 -3.385241 12.337515 4.330415 0.461355 7.00361 -0.5292 0.202287 -3.567869 0.258129 -0.491389 -11.309457 7.7e-05 -2.2e-05 6e-06 0.01446 0.03817 0.033246 0.672144 -3.694208 -10.669465 -0.647617 3.778086 -10.686062 -13.344208 -9.622581 12.583143 -54.042347 -19.570353 9.008857 0.323989 -34.455509 0.206623 -1.977538 4.751091 -6.14024 -5.882102 9.861279 0.70259 -10.936861 -0.360574 7.156197 0.0 8.774815 -0.0 -15.960957 18.408503 6.224028 -1.844031 2.498503 -2.507276 -10.16359 4.678941 4.621104 -20.975996 -1e-06 1e-06 -21.226254 2.451698 -3.593995 0.0 -6e-06 -0.0 -1.362681 2.240797 -0.746323 -21.334892 0.58491 3.008319 -13.821196 -1e-06 1e-06 -23.887129 -0.249075 -0.839485 -60.835903 2.581023 -1.584514 -0.294025 1.679686 0.833255 -14.218195 0.093215 1.300579 -34.212002 -0.287561 0.967166 -20.033176 0.964536 1.212838 0.0 -0.0 0.0 -3.440387 0.788233 0.501655 -15.928172 -3.167306 2.999703 -6.338817 -0.0 1e-06 -18.123419 3.648181 -4.905662 -4e-06 0.0 -2e-06 14.652229 6.459191 13.500317 65.070946 5.026712 2.556752 0.011472 26.801783 -0.042731 2.177038 3.706757 -7.124169 2.24354 -5.255033 -3.180156 14.282877 -0.826594 6.952496 -0.0 -12.690593 -1e-06 16.378559 -17.816275 2.561254 1.665665 -1.95592 -2.878297 4.727794 -4.170584 4.993919 11.020511 1e-06 -0.0 12.109032 -3.735715 -2.866778 0.0 -0.0 0.0 1.291985 -1.928548 -1.498088 14.800115 0.567467 3.865604 14.242553 -1.341738 -6.660648 19.631935 0.143921 -0.648243 50.471985 -0.863335 -6.46191 0.353029 -1.51115 -0.03194 20.222769 3.684305 2.316629 18.787249 1e-06 -1e-06 10.751608 -0.47987 1.397903 0.0 -0.0 0.0 3.273804 0.305947 -0.58011 21.48679 11.830364 2.266131 8.162915 0.0 -0.0 18.399052 -3.798986 -4.940567 3e-06 0.0 -1e-06 -3.898451 3.944194 19.692225 -0.087284 0.327191 1.582237 2.051328 3.692787 -14.1922 1.768333 -1.885915 -0.386842 0.0 -0.0 2e-06 -2.536079 -0.86461 -24.884359 0.209857 -0.016762 -0.466728 4.835578 0.871039 7.306086 -1.354729 1.069541 -3.821616 0.0 -0.0 -1e-06 
0.0 0.0 0.0 0.0 -0.0 0.0 -14.25742 95.235245 508.590637 1.091127 -4.651281 -4.135339 -2.561549 -0.178545 1.530629 -0.851747 -1.876534 -4.288032 -0.492133 -3.278941 12.423761 4.714935 0.478732 6.584993 -0.542425 0.102863 -3.487505 -0.179788 -0.490116 -11.485666 7.7e-05 -2.2e-05 6e-06 0.021278 0.012 0.046211 0.665247 -3.720199 -10.654886 -0.626599 3.753166 -10.649944 -13.391806 -9.761273 12.334175 -54.095882 -20.069952 7.603946 -0.29635 -35.238003 0.404813 -1.471794 4.558382 -5.819776 -5.882102 9.861279 0.70259 -10.936861 -0.360574 7.156197 0.0 8.774815 -0.0 -15.978537 18.471886 6.205531 -1.844031 2.498503 -2.507276 -10.16359 4.678941 4.621104 -20.975996 -1e-06 1e-06 -21.226254 2.451698 -3.593995 0.0 -6e-06 -0.0 -1.362681 2.240797 -0.746323 -21.334892 0.58491 3.008319 -13.821196 -1e-06 1e-06 -23.887129 -0.249075 -0.839485 -60.859444 2.637307 -1.448501 -0.294025 1.679686 0.833255 -14.218195 0.093215 1.300579 -34.212002 -0.287561 0.967166 -20.033176 0.964536 1.212838 0.0 -0.0 0.0 -3.440387 0.788233 0.501655 -15.928172 -3.167306 2.999703 -6.338817 -0.0 1e-06 -18.123419 3.648181 -4.905662 -4e-06 0.0 -2e-06 15.568597 6.56881 13.606137 64.417915 5.076634 1.399538 0.058705 23.812168 -0.052485 2.558515 2.96993 -7.548302 2.24354 -5.255033 -3.180156 14.282877 -0.826594 6.952496 -0.0 -12.690593 -1e-06 16.464312 -17.788242 2.396397 1.665665 -1.95592 -2.878297 4.727794 -4.170584 4.993919 11.020511 1e-06 -0.0 12.109032 -3.735715 -2.866778 0.0 -0.0 0.0 1.291985 -1.928548 -1.498088 14.800115 0.567467 3.865604 14.242553 -1.341738 -6.660648 19.631935 0.143921 -0.648243 50.079395 -0.629048 -6.618043 0.353029 -1.51115 -0.03194 20.222769 3.684305 2.316629 18.787249 1e-06 -1e-06 10.751608 -0.47987 1.397903 0.0 -0.0 0.0 3.273804 0.305947 -0.58011 21.48679 11.830364 2.266131 8.162915 0.0 -0.0 18.399052 -3.798986 -4.940567 3e-06 0.0 -1e-06 -3.211025 3.807646 22.470804 -0.098003 0.243616 1.582173 1.553197 2.991103 -15.307641 1.798576 -1.823461 -0.979114 0.0 -0.0 2e-06 -2.04616 -0.828174 -27.1084 0.075784 0.106433 -1.231956 5.689403 -0.307868 3.670002 -1.358999 1.007251 -4.013996 0.0 -0.0 -1e-06 
0.0 0.0 0.0 0.0 -0.0 0.0 -15.056885 94.282608 513.688904 0.737979 -4.076711 -3.846461 -2.535677 -0.133884 1.288797 -0.806092 -2.173917 -4.350067 -0.177639 -3.310726 12.387492 4.841638 0.461331 6.196645 -0.612481 0.057656 -3.420228 -0.294776 -0.422513 -11.652742 7.7e-05 -2.2e-05 6e-06 0.012944 -0.021975 0.075407 0.663198 -3.759886 -10.622359 -0.640457 3.723589 -10.604479 -13.177061 -9.824603 12.599874 -55.027222 -20.180611 6.481901 -0.480026 -35.398483 0.404547 -0.723277 4.469285 -5.713454 -5.882102 9.861279 0.70259 -10.936861 -0.360574 7.156197 0.0 8.774815 -0.0 -16.070723 18.463793 6.257217 -1.844031 2.498503 -2.507276 -10.16359 4.678941 4.621104 -20.975996 -1e-06 1e-06 -21.226254 2.451698 -3.593995 0.0 -6e-06 -0.0 -1.362681 2.240797 -0.746323 -21.334892 0.58491 3.008319 -13.821196 -1e-06 1e-06 -23.887129 -0.249075 -0.839485 -61.041988 2.684556 -1.264978 -0.294025 1.679686 0.833255 -14.218195 0.093215 1.300579 -34.212002 -0.287561 0.967166 -20.033176 0.964536 1.212838 0.0 -0.0 0.0 -3.440387 0.788233 0.501655 -15.928172 -3.167306 2.999703 -6.338817 -0.0 1e-06 -18.123419 3.648181 -4.905662 -4e-06 0.0 -2e-06 16.141972 6.649357 13.943501 64.09729 5.337039 0.889966 -0.147634 20.948322 -0.05378 3.072289 2.351221 -8.291302 2.24354 -5.255033 -3.180156 14.282877 -0.826594 6.952496 -0.0 -12.690593 -1e-06 16.536261 -17.832281 2.384294 1.665665 -1.95592 -2.878297 4.727794 -4.170584 4.993919 11.020511 1e-06 -0.0 12.109032 -3.735715 -2.866778 0.0 -0.0 0.0 1.291985 -1.928548 -1.498088 14.800115 0.567467 3.865604 14.242553 -1.341738 -6.660648 19.631935 0.143921 -0.648243 50.08086 -0.395626 -6.504528 0.353029 -1.51115 -0.03194 20.222769 3.684305 2.316629 18.787249 1e-06 -1e-06 10.751608 -0.47987 1.397903 0.0 -0.0 0.0 3.273804 0.305947 -0.58011 21.48679 11.830364 2.266131 8.162915 0.0 -0.0 18.399052 -3.798986 -4.940567 3e-06 0.0 -1e-06 -2.233959 3.779095 24.884747 -0.026493 0.047615 2.638028 1.0917 2.123661 -15.022142 1.832813 -1.875094 -2.684544 0.0 -0.0 2e-06 -1.556572 -0.773886 -27.692554 0.172833 0.171859 1.955163 4.205639 -0.340925 1.621065 -1.388523 1.022455 -4.476976 0.0 -0.0 -1e-06 
0.0 0.0 0.0 0.0 -0.0 0.0 -16.061909 93.808128 519.053833 -1.070216 -3.55534 -2.776037 -1.504276 -0.08076 0.373104 -0.682673 -2.250196 -4.64767 0.546416 -3.547659 12.454078 4.796429 0.588169 5.756405 -0.658634 -0.140687 -3.430501 -0.440933 -0.352041 -10.910475 7.7e-05 -2.2e-05 6e-06 0.000965 -0.052666 0.084783 0.64085 -3.78577 -10.559288 -0.638573 3.688579 -10.550927 -14.572752 -9.61243 12.721237 -54.74831 -19.194065 5.911127 -0.363436 -35.287952 0.290593 -0.498325 4.775995 -6.195177 -5.882102 9.861279 0.70259 -10.936861 -0.360574 7.156197 0.0 8.774815 -0.0 -16.069956 18.429844 6.309692 -1.844031 2.498503 -2.507276 -10.16359 4.678941 4.621104 -20.975996 -1e-06 1e-06 -21.226254 2.451698 -3.593995 0.0 -6e-06 -0.0 -1.362681 2.240797 -0.746323 -21.334892 0.58491 3.008319 -13.821196 -1e-06 1e-06 -23.887129 -0.249075 -0.839485 -60.817848 2.636346 -1.109619 -0.294025 1.679686 0.833255 -14.218195 0.093215 1.300579 -34.212002 -0.287561 0.967166 -20.033176 0.964536 1.212838 0.0 -0.0 0.0 -3.440387 0.788233 0.501655 -15.928172 -3.167306 2.999703 -6.338817 -0.0 1e-06 -18.123419 3.648181 -4.905662 -4e-06 0.0 -2e-06 17.740932 6.506843 13.930143 62.761551 5.026806 0.391131 -0.309266 18.751104 -0.02787 3.669713 1.784646 -8.576067 2.24354 -5.255033 -3.180156 14.282877 -0.826594 6.952496 -0.0 -12.690593 -1e-06 16.369112 -17.812416 2.477354 1.665665 -1.95592 -2.878297 4.727794 -4.170584 4.993919 11.020511 1e-06 -0.0 12.109032 -3.735715 -2.866778 0.0 -0.0 0.0 1.291985 -1.928548 -1.498088 14.800115 0.567467 3.865604 14.242553 -1.341738 -6.660648 19.631935 0.143921 -0.648243 50.15081 -0.284581 -6.380995 0.353029 -1.51115 -0.03194 20.222769 3.684305 2.316629 18.787249 1e-06 -1e-06 10.751608 -0.47987 1.397903 0.0 -0.0 0.0 3.273804 0.305947 -0.58011 21.48679 11.830364 2.266131 8.162915 0.0 -0.0 18.399052 -3.798986 -4.940567 3e-06 0.0 -1e-06 1.206526 4.846786 25.031624 0.108742 -0.340388 7.039553 0.153731 0.173697 -14.312217 1.918636 -1.888176 -6.268136 0.0 -0.0 2e-06 0.206611 0.903786 -28.665901 0.176896 0.158739 7.380841 0.414599 0.277335 3.559686 -1.421219 1.07029 -5.19761 0.0 -0.0 -1e-06 
0.0 0.0 0.0 0.0 -0.0 0.0 -17.231903 93.688889 524.400452 -3.343962 -3.156294 -1.604357 -0.409725 -0.075274 -0.602091 -0.467831 -2.41177 -5.049008 1.751792 -3.733223 12.491364 4.47944 0.736102 5.123266 -0.758532 0.297764 -3.478234 -0.673731 -0.481703 -10.091257 7.7e-05 -2.2e-05 6e-06 0.000631 -0.05345 0.054557 0.658171 -3.784593 -10.576327 -0.654457 3.685441 -10.573941 -17.009243 -9.120274 12.762928 -53.962566 -17.175562 4.995973 -0.358987 -34.804428 0.310852 -0.211434 4.844115 -6.332947 -5.882102 9.861279 0.70259 -10.936861 -0.360574 7.156197 0.0 8.774815 -0.0 -16.343227 18.323336 6.100844 -1.844031 2.498503 -2.507276 -10.16359 4.678941 4.621104 -20.975996 -1e-06 1e-06 -21.226254 2.451698 -3.593995 0.0 -6e-06 -0.0 -1.362681 2.240797 -0.746323 -21.334892 0.58491 3.008319 -13.821196 -1e-06 1e-06 -23.887129 -0.249075 -0.839485 -60.577072 2.433592 -0.984666 -0.294025 1.679686 0.833255 -14.218195 0.093215 1.300579 -34.212002 -0.287561 0.967166 -20.033176 0.964536 1.212838 0.0 -0.0 0.0 -3.440387 0.788233 0.501655 -15.928172 -3.167306 2.999703 -6.338817 -0.0 1e-06 -18.123419 3.648181 -4.905662 -4e-06 0.0 -2e-06 19.604454 6.504444 13.95998 61.118404 4.531524 -0.170435 -0.567067 17.187551 -0.101414 4.133353 1.230899 -7.656107 2.24354 -5.255033 -3.180156 14.282877 -0.826594 6.952496 -0.0 -12.690593 -1e-06 16.327398 -17.708488 2.495547 1.665665 -1.95592 -2.878297 4.727794 -4.170584 4.993919 11.020511 1e-06 -0.0 12.109032 -3.735715 -2.866778 0.0 -0.0 0.0 1.291985 -1.928548 -1.498088 14.800115 0.567467 3.865604 14.242553 -1.341738 -6.660648 19.631935 0.143921 -0.648243 50.337082 -0.24623 -6.300414 0.353029 -1.51115 -0.03194 20.222769 3.684305 2.316629 18.787249 1e-06 -1e-06 10.751608 -0.47987 1.397903 0.0 -0.0 0.0 3.273804 0.305947 -0.58011 21.48679 11.830364 2.266131 8.162915 0.0 -0.0 18.399052 -3.798986 -4.940567 3e-06 0.0 -1e-06 5.662364 6.112209 23.347528 0.111479 -0.594016 14.493533 -0.956884 -2.517473 -10.830075 2.00994 -1.795066 -12.68802 0.0 -0.0 2e-06 2.60471 2.861699 -30.151535 0.09984 0.147111 13.338187 -1.436304 -0.356665 8.636643 -1.426925 1.104317 -4.638237 0.0 -0.0 -1e-06 
0.0 0.0 0.0 0.0 -0.0 0.0 -18.309673 93.920517 529.680298 -4.654513 -3.105913 -1.209672 0.087057 -0.099461 -0.950967 -0.276661 -2.68543 -5.219522 2.739203 -3.640178 12.191879 3.893742 0.906533 4.797586 -0.818848 0.589607 -3.551472 -0.70545 -0.17957 -10.233812 7.7e-05 -2.2e-05 6e-06 -0.004907 -0.057928 0.029482 0.684384 -3.790315 -10.616508 -0.691002 3.679739 -10.599759 -17.902489 -8.599351 13.031601 -55.31274 -15.147017 4.19709 0.137204 -32.748932 0.105875 0.164367 4.761454 -7.191279 -5.882102 9.861279 0.70259 -10.936861 -0.360574 7.156197 0.0 8.774815 -0.0 -16.54458 18.138275 5.952955 -1.844031 2.498503 -2.507276 -10.16359 4.678941 4.621104 -20.975996 -1e-06 1e-06 -21.226254 2.451698 -3.593995 0.0 -6e-06 -0.0 -1.362681 2.240797 -0.746323 -21.334892 0.58491 3.008319 -13.821196 -1e-06 1e-06 -23.887129 -0.249075 -0.839485 -60.497696 2.277677 -0.88198 -0.294025 1.679686 0.833255 -14.218195 0.093215 1.300579 -34.212002 -0.287561 0.967166 -20.033176 0.964536 1.212838 0.0 -0.0 0.0 -3.440387 0.788233 0.501655 -15.928172 -3.167306 2.999703 -6.338817 -0.0 1e-06 -18.123419 3.648181 -4.905662 -4e-06 0.0 -2e-06 19.382784 6.823718 14.262712 61.608253 4.525033 -0.563269 -0.763615 16.081615 -0.125784 4.157804 0.623713 -6.982924 2.24354 -5.255033 -3.180156 14.282877 -0.826594 6.952496 -0.0 -12.690593 -1e-06 16.284571 -17.684828 2.544556 1.665665 -1.95592 -2.878297 4.727794 -4.170584 4.993919 11.020511 1e-06 -0.0 12.109032 -3.735715 -2.866778 0.0 -0.0 0.0 1.291985 -1.928548 -1.498088 14.800115 0.567467 3.865604 14.242553 -1.341738 -6.660648 19.631935 0.143921 -0.648243 50.189098 -0.199835 -6.234627 0.353029 -1.51115 -0.03194 20.222769 3.684305 2.316629 18.787249 1e-06 -1e-06 10.751608 -0.47987 1.397903 0.0 -0.0 0.0 3.273804 0.305947 -0.58011 21.48679 11.830364 2.266131 8.162915 0.0 -0.0 18.399052 -3.798986 -4.940567 3e-06 0.0 -1e-06 8.60563 6.940376 20.402271 0.050384 -0.792702 24.543024 -1.526385 -3.9753 -3.312455 2.113148 -1.625625 -20.711988 0.0 -0.0 2e-06 4.517831 3.599057 -29.992836 -0.012695 0.162813 18.51552 -0.371636 -0.859664 10.677053 -1.394593 1.039322 -2.953236 0.0 -0.0 -1e-06 
0.0 0.0 0.0 0.0 -0.0 0.0 -19.2402 94.582138 534.698486 -5.201898 -3.278154 -1.413036 0.337218 0.074555 -0.659969 -0.075856 -2.716935 -5.073031 3.072994 -3.603152 11.597327 3.409969 1.173809 4.742112 -0.756181 0.491238 -3.571691 -0.573072 0.056329 -10.699546 7.7e-05 -2.2e-05 6e-06 0.007591 0.003859 0.024252 0.731212 -3.709777 -10.588151 -0.713646 3.722784 -10.577334 -17.455835 -8.47277 13.546861 -57.810776 -13.862728 2.944058 0.302168 -28.83025 0.04141 0.06971 5.1504 -7.877239 -5.882102 9.861279 0.70259 -10.936861 -0.360574 7.156197 0.0 8.774815 -0.0 -16.530485 18.057487 5.787643 -1.844031 2.498503 -2.507276 -10.16359 4.678941 4.621104 -20.975996 -1e-06 1e-06 -21.226254 2.451698 -3.593995 0.0 -6e-06 -0.0 -1.362681 2.240797 -0.746323 -21.334892 0.58491 3.008319 -13.821196 -1e-06 1e-06 -23.887129 -0.249075 -0.839485 -60.236599 2.123194 -0.907578 -0.294025 1.679686 0.833255 -14.218195 0.093215 1.300579 -34.212002 -0.287561 0.967166 -20.033176 0.964536 1.212838 0.0 -0.0 0.0 -3.440387 0.788233 0.501655 -15.928172 -3.167306 2.999703 -6.338817 -0.0 1e-06 -18.123419 3.648181 -4.905662 -4e-06 0.0 -2e-06 17.714621 7.357126 14.304013 63.531342 4.766431 -0.157156 -0.773641 15.807462 -0.070441 4.176982 0.201903 -6.783031 2.24354 -5.255033 -3.180156 14.282877 -0.826594 6.952496 -0.0 -12.690593 -1e-06 16.309328 -17.865324 2.565215 1.665665 -1.95592 -2.878297 4.727794 -4.170584 4.993919 11.020511 1e-06 -0.0 12.109032 -3.735715 -2.866778 0.0 -0.0 0.0 1.291985 -1.928548 -1.498088 14.800115 0.567467 3.865604 14.242553 -1.341738 -6.660648 19.631935 0.143921 -0.648243 50.101578 -0.279592 -6.131913 0.353029 -1.51115 -0.03194 20.222769 3.684305 2.316629 18.787249 1e-06 -1e-06 10.751608 -0.47987 1.397903 0.0 -0.0 0.0 3.273804 0.305947 -0.58011 21.48679 11.830364 2.266131 8.162915 0.0 -0.0 18.399052 -3.798986 -4.940567 3e-06 0.0 -1e-06 10.044953 7.097838 15.522732 -0.052143 -0.82638 36.810432 -2.185801 -4.082943 8.002463 2.167579 -1.574131 -21.658777 0.0 -0.0 2e-06 5.94117 3.028504 -28.222675 0.05944 -0.047848 22.551762 -0.20641 0.078894 7.581771 -1.388215 1.01944 -1.195941 0.0 -0.0 -1e-06 
0.0 0.0 0.0 0.0 -0.0 0.0 -20.096146 95.3078 539.53064 -5.613123 -2.804522 -1.801453 0.588187 0.078398 -0.109714 0.025756 -2.438437 -4.868731 3.224151 -3.721478 11.267131 3.193841 1.208599 4.618807 -0.682052 0.393741 -3.630252 -0.379144 0.151868 -11.234611 7.7e-05 -2.2e-05 6e-06 0.010825 0.017757 -0.011808 0.739067 -3.699024 -10.606828 -0.715957 3.733767 -10.588403 -17.127525 -8.618865 13.821784 -59.303871 -13.297324 3.556632 0.587066 -24.204979 -0.079005 -1.159976 6.312911 -7.182705 -5.882102 9.861279 0.70259 -10.936861 -0.360574 7.156197 0.0 8.774815 -0.0 -16.746563 17.80876 5.728236 -1.844031 2.498503 -2.507276 -10.16359 4.678941 4.621104 -20.975996 -1e-06 1e-06 -21.226254 2.451698 -3.593995 0.0 -6e-06 -0.0 -1.362681 2.240797 -0.746323 -21.334892 0.58491 3.008319 -13.821196 -1e-06 1e-06 -23.887129 -0.249075 -0.839485 -60.370689 2.069868 -0.786475 -0.294025 1.679686 0.833255 -14.218195 0.093215 1.300579 -34.212002 -0.287561 0.967166 -20.033176 0.964536 1.212838 0.0 -0.0 0.0 -3.440387 0.788233 0.501655 -15.928172 -3.167306 2.999703 -6.338817 -0.0 1e-06 -18.123419 3.648181 -4.905662 -4e-06 0.0 -2e-06 16.46349 7.804358 14.323541 64.626274 5.170801 1.10486 -0.544531 17.003502 -0.024931 4.321771 0.154247 -7.339416 2.24354 -5.255033 -3.180156 14.282877 -0.826594 6.952496 -0.0 -12.690593 -1e-06 16.227692 -17.830545 2.630749 1.665665 -1.95592 -2.878297 4.727794 -4.170584 4.993919 11.020511 1e-06 -0.0 12.109032 -3.735715 -2.866778 0.0 -0.0 0.0 1.291985 -1.928548 -1.498088 14.800115 0.567467 3.865604 14.242553 -1.341738 -6.660648 19.631935 0.143921 -0.648243 50.042809 -0.253811 -6.054043 0.353029 -1.51115 -0.03194 20.222769 3.684305 2.316629 18.787249 1e-06 -1e-06 10.751608 -0.47987 1.397903 0.0 -0.0 0.0 3.273804 0.305947 -0.58011 21.48679 11.830364 2.266131 8.162915 0.0 -0.0 18.399052 -3.798986 -4.940567 3e-06 0.0 -1e-06 10.718966 6.311996 9.01525 -0.019225 -0.783013 49.019691 -3.370071 -1.964009 17.746353 1.892474 -1.788457 -9.215533 0.0 -0.0 2e-06 7.098089 1.714387 -25.413118 0.080142 -0.067049 24.674545 -0.695775 0.745591 2.86111 -1.405509 0.971668 -0.353333 0.0 -0.0 -1e-06 
0.0 0.0 0.0 0.0 -0.0 0.0 -20.781445 96.16674 544.169189 -5.930946 -2.010309 -2.12172 0.872186 0.039353 0.310442 0.083763 -2.089182 -4.716648 3.17345 -3.729362 11.291808 3.287343 1.049906 4.643404 -0.666388 0.386921 -3.657089 -0.088075 -0.197343 -11.843133 7.7e-05 -2.2e-05 6e-06 0.005381 -0.012999 -0.030934 0.729854 -3.733275 -10.628162 -0.717812 3.704851 -10.600831 -17.373301 -8.617284 14.253979 -59.462673 -13.366126 5.841832 0.81645 -20.370258 -0.111865 -3.041918 7.942546 -5.108502 -5.882102 9.861279 0.70259 -10.936861 -0.360574 7.156197 0.0 8.774815 -0.0 -17.01313 17.699703 5.626659 -1.844031 2.498503 -2.507276 -10.16359 4.678941 4.621104 -20.975996 -1e-06 1e-06 -21.226254 2.451698 -3.593995 0.0 -6e-06 -0.0 -1.362681 2.240797 -0.746323 -21.334892 0.58491 3.008319 -13.821196 -1e-06 1e-06 -23.887129 -0.249075 -0.839485 -60.420982 2.169301 -0.755897 -0.294025 1.679686 0.833255 -14.218195 0.093215 1.300579 -34.212002 -0.287561 0.967166 -20.033176 0.964536 1.212838 0.0 -0.0 0.0 -3.440387 0.788233 0.501655 -15.928172 -3.167306 2.999703 -6.338817 -0.0 1e-06 -18.123419 3.648181 -4.905662 -4e-06 0.0 -2e-06 16.017809 8.086828 14.399652 64.430344 5.937127 2.697916 -0.149981 18.972132 -0.012265 4.360041 0.527375 -7.103005 2.24354 -5.255033 -3.180156 14.282877 -0.826594 6.952496 -0.0 -12.690593 -1e-06 16.261259 -17.822939 2.637499 1.665665 -1.95592 -2.878297 4.727794 -4.170584 4.993919 11.020511 1e-06 -0.0 12.109032 -3.735715 -2.866778 0.0 -0.0 0.0 1.291985 -1.928548 -1.498088 14.800115 0.567467 3.865604 14.242553 -1.341738 -6.660648 19.631935 0.143921 -0.648243 50.026382 -0.337923 -6.138011 0.353029 -1.51115 -0.03194 20.222769 3.684305 2.316629 18.787249 1e-06 -1e-06 10.751608 -0.47987 1.397903 0.0 -0.0 0.0 3.273804 0.305947 -0.58011 21.48679 11.830364 2.266131 8.162915 0.0 -0.0 18.399052 -3.798986 -4.940567 3e-06 0.0 -1e-06 10.686153 5.341211 2.107634 -0.051336 -0.624235 58.992699 -2.314442 0.36572 17.557949 1.837041 -1.912607 -4.31733 0.0 -0.0 2e-06 7.901306 0.309406 -21.69722 0.01204 -0.080965 24.515203 -1.056056 1.003959 -0.470492 -1.412626 0.958523 0.222076 0.0 -0.0 -1e-06 
0.0 0.0 0.0 0.0 -0.0 0.0 -21.267561 97.216255 548.640076 -5.719311 -1.418039 -2.590165 0.999912 0.112037 0.640784 0.001196 -1.734294 -4.607394 2.829506 -3.439864 11.557251 3.66651 0.90571 5.168517 -0.720632 0.257894 -3.639924 0.172228 -0.622303 -12.220835 7.7e-05 -2.2e-05 6e-06 -0.003477 -0.068915 -0.025937 0.699799 -3.791353 -10.634113 -0.705252 3.652333 -10.606033 -17.55337 -8.290942 14.636293 -59.412277 -13.20674 7.926105 0.764615 -18.528412 -0.077487 -4.315452 8.775385 -3.053169 -5.882102 9.861279 0.70259 -10.936861 -0.360574 7.156197 0.0 8.774815 -0.0 -17.096294 17.731445 5.54543 -1.844031 2.498503 -2.507276 -10.16359 4.678941 4.621104 -20.975996 -1e-06 1e-06 -21.226254 2.451698 -3.593995 0.0 -6e-06 -0.0 -1.362681 2.240797 -0.746323 -21.334892 0.58491 3.008319 -13.821196 -1e-06 1e-06 -23.887129 -0.249075 -0.839485 -60.348621 2.320296 -0.847798 -0.294025 1.679686 0.833255 -14.218195 0.093215 1.300579 -34.212002 -0.287561 0.967166 -20.033176 0.964536 1.212838 0.0 -0.0 0.0 -3.440387 0.788233 0.501655 -15.928172 -3.167306 2.999703 -6.338817 -0.0 1e-06 -18.123419 3.648181 -4.905662 -4e-06 0.0 -2e-06 15.7341 8.428562 14.476936 63.821167 7.079252 4.339131 0.151126 20.924721 -0.007463 4.190437 1.179475 -5.712398 2.24354 -5.255033 -3.180156 14.282877 -0.826594 6.952496 -0.0 -12.690593 -1e-06 16.369001 -17.900192 2.610211 1.665665 -1.95592 -2.878297 4.727794 -4.170584 4.993919 11.020511 1e-06 -0.0 12.109032 -3.735715 -2.866778 0.0 -0.0 0.0 1.291985 -1.928548 -1.498088 14.800115 0.567467 3.865604 14.242553 -1.341738 -6.660648 19.631935 0.143921 -0.648243 49.962173 -0.440928 -6.301013 0.353029 -1.51115 -0.03194 20.222769 3.684305 2.316629 18.787249 1e-06 -1e-06 10.751608 -0.47987 1.397903 0.0 -0.0 0.0 3.273804 0.305947 -0.58011 21.48679 11.830364 2.266131 8.162915 0.0 -0.0 18.399052 -3.798986 -4.940567 3e-06 0.0 -1e-06 9.734453 4.576945 -4.682493 -0.1052 -0.250898 65.636337 -0.283006 1.96743 13.302902 1.823852 -1.917567 -3.645926 0.0 -0.0 2e-06 7.875922 -0.510638 -16.814838 -0.01065 -0.083283 22.034767 -1.216375 0.877634 -2.512429 -1.419937 0.973882 0.597966 0.0 -0.0 -1e-06 
0.0 0.0 0.0 0.0 -0.0 0.0 -21.594856 98.240898 553.030334 -5.094047 -1.213063 -3.189628 1.05437 0.282034 1.002769 -0.144698 -1.240577 -4.505273 2.258865 -2.898235 11.77435 4.111263 0.783667 6.277887 -0.80319 0.056967 -3.616993 0.473386 -1.012432 -12.306929 7.7e-05 -2.2e-05 6e-06 -0.006562 -0.111588 -0.0128 0.665059 -3.831573 -10.641579 -0.677177 3.608474 -10.617346 -17.421673 -7.573782 14.731615 -59.60601 -12.436502 9.188492 0.634611 -18.883266 -0.045018 -4.792681 8.452037 -1.85465 -5.882102 9.861279 0.70259 -10.936861 -0.360574 7.156197 0.0 8.774815 -0.0 -17.064268 17.874804 5.494766 -1.844031 2.498503 -2.507276 -10.16359 4.678941 4.621104 -20.975996 -1e-06 1e-06 -21.226254 2.451698 -3.593995 0.0 -6e-06 -0.0 -1.362681 2.240797 -0.746323 -21.334892 0.58491 3.008319 -13.821196 -1e-06 1e-06 -23.887129 -0.249075 -0.839485 -60.360275 2.441579 -1.023516 -0.294025 1.679686 0.833255 -14.218195 0.093215 1.300579 -34.212002 -0.287561 0.967166 -20.033176 0.964536 1.212838 0.0 -0.0 0.0 -3.440387 0.788233 0.501655 -15.928172 -3.167306 2.999703 -6.338817 -0.0 1e-06 -18.123419 3.648181 -4.905662 -4e-06 0.0 -2e-06 15.094949 8.936798 14.435277 63.304558 8.257367 5.770288 0.427569 22.788548 0.026522 3.836732 1.978556 -4.122994 2.24354 -5.255033 -3.180156 14.282877 -0.826594 6.952496 -0.0 -12.690593 -1e-06 16.405653 -17.944193 2.60154 1.665665 -1.95592 -2.878297 4.727794 -4.170584 4.993919 11.020511 1e-06 -0.0 12.109032 -3.735715 -2.866778 0.0 -0.0 0.0 1.291985 -1.928548 -1.498088 14.800115 0.567467 3.865604 14.242553 -1.341738 -6.660648 19.631935 0.143921 -0.648243 49.802288 -0.545702 -6.453452 0.353029 -1.51115 -0.03194 20.222769 3.684305 2.316629 18.787249 1e-06 -1e-06 10.751608 -0.47987 1.397903 0.0 -0.0 0.0 3.273804 0.305947 -0.58011 21.48679 11.830364 2.266131 8.162915 0.0 -0.0 18.399052 -3.798986 -4.940567 3e-06 0.0 -1e-06 8.018998 3.958121 -10.90111 -0.069558 0.087346 68.614624 1.009983 2.934006 9.563801 1.834365 -1.925532 -3.391064 0.0 -0.0 2e-06 7.290082 -0.705591 -11.198981 0.004631 -0.088198 18.088991 -1.276064 0.550182 -3.618035 -1.425999 0.97483 0.816416 0.0 -0.0 -1e-06 
0.0 0.0 0.0 0.0 -0.0 0.0 -21.834528 99.061417 557.561157 -4.239912 -1.424756 -3.818361 1.063678 0.521251 1.412738 -0.248932 -0.587018 -4.358608 1.578856 -2.231908 11.809272 4.41058 0.704874 7.65503 -0.847449 -0.191407 -3.620243 0.730947 -1.246819 -12.121717 7.7e-05 -2.2e-05 6e-06 -0.006194 -0.143045 -0.001186 0.640497 -3.863778 -10.672997 -0.653166 3.578204 -10.656437 -17.270365 -6.534807 14.648438 -59.714199 -11.295876 10.205169 0.610525 -20.605024 -0.027202 -4.90426 7.500892 -1.860356 -5.882102 9.861279 0.70259 -10.936861 -0.360574 7.156197 0.0 8.774815 -0.0 -17.058546 18.068476 5.489357 -1.844031 2.498503 -2.507276 -10.16359 4.678941 4.621104 -20.975996 -1e-06 1e-06 -21.226254 2.451698 -3.593995 0.0 -6e-06 -0.0 -1.362681 2.240797 -0.746323 -21.334892 0.58491 3.008319 -13.821196 -1e-06 1e-06 -23.887129 -0.249075 -0.839485 -60.664055 2.545591 -1.197261 -0.294025 1.679686 0.833255 -14.218195 0.093215 1.300579 -34.212002 -0.287561 0.967166 -20.033176 0.964536 1.212838 0.0 -0.0 0.0 -3.440387 0.788233 0.501655 -15.928172 -3.167306 2.999703 -6.338817 -0.0 1e-06 -18.123419 3.648181 -4.905662 -4e-06 0.0 -2e-06 14.135317 9.616313 14.249619 62.790176 9.36423 7.234927 0.641904 24.441864 0.085921 3.495066 2.781529 -2.8557 2.24354 -5.255033 -3.180156 14.282877 -0.826594 6.952496 -0.0 -12.690593 -1e-06 16.383982 -17.900749 2.619827 1.665665 -1.95592 -2.878297 4.727794 -4.170584 4.993919 11.020511 1e-06 -0.0 12.109032 -3.735715 -2.866778 0.0 -0.0 0.0 1.291985 -1.928548 -1.498088 14.800115 0.567467 3.865604 14.242553 -1.341738 -6.660648 19.631935 0.143921 -0.648243 49.667698 -0.598263 -6.48505 0.353029 -1.51115 -0.03194 20.222769 3.684305 2.316629 18.787249 1e-06 -1e-06 10.751608 -0.47987 1.397903 0.0 -0.0 0.0 3.273804 0.305947 -0.58011 21.48679 11.830364 2.266131 8.162915 0.0 -0.0 18.399052 -3.798986 -4.940567 3e-06 0.0 -1e-06 5.985713 3.63198 -16.084316 0.00736 0.28978 68.093353 1.336905 3.4076 6.645154 1.85627 -1.944162 -3.106279 0.0 -0.0 2e-06 6.45575 -0.191778 -5.05068 0.008666 -0.154442 13.242559 -1.215333 -0.01699 -4.283167 -1.42878 0.946699 0.90378 0.0 -0.0 -1e-06 
0.0 0.0 0.0 0.0 -0.0 0.0 -22.0553 99.5009 562.203613 -3.3088 -1.892625 -4.26805 1.072691 0.785099 1.726098 -0.257489 0.120669 -4.206412 0.870198 -1.601602 11.768931 4.267407 0.691519 8.855846 -0.762497 -0.250436 -3.665241 0.902618 -1.430956 -11.735409 7.7e-05 -2.2e-05 6e-06 -0.006105 -0.165655 0.010763 0.625262 -3.893582 -10.70295 -0.639364 3.561486 -10.689901 -17.536116 -5.448234 14.632315 -59.377438 -10.154552 10.611582 0.635335 -22.553953 -0.04036 -4.854351 6.637609 -2.575945 -5.882102 9.861279 0.70259 -10.936861 -0.360574 7.156197 0.0 8.774815 -0.0 -17.083275 18.269796 5.555976 -1.844031 2.498503 -2.507276 -10.16359 4.678941 4.621104 -20.975996 -1e-06 1e-06 -21.226254 2.451698 -3.593995 0.0 -6e-06 -0.0 -1.362681 2.240797 -0.746323 -21.334892 0.58491 3.008319 -13.821196 -1e-06 1e-06 -23.887129 -0.249075 -0.839485 -61.042316 2.716646 -1.325404 -0.294025 1.679686 0.833255 -14.218195 0.093215 1.300579 -34.212002 -0.287561 0.967166 -20.033176 0.964536 1.212838 0.0 -0.0 0.0 -3.440387 0.788233 0.501655 -15.928172 -3.167306 2.999703 -6.338817 -0.0 1e-06 -18.123419 3.648181 -4.905662 -4e-06 0.0 -2e-06 13.089321 10.365693 14.105285 62.087513 10.658755 8.782597 0.653407 25.992428 0.075125 3.141041 3.313654 -2.304215 2.24354 -5.255033 -3.180156 14.282877 -0.826594 6.952496 -0.0 -12.690593 -1e-06 16.325689 -17.823463 2.667021 1.665665 -1.95592 -2.878297 4.727794 -4.170584 4.993919 11.020511 1e-06 -0.0 12.109032 -3.735715 -2.866778 0.0 -0.0 0.0 1.291985 -1.928548 -1.498088 14.800115 0.567467 3.865604 14.242553 -1.341738 -6.660648 19.631935 0.143921 -0.648243 49.709007 -0.578009 -6.38861 0.353029 -1.51115 -0.03194 20.222769 3.684305 2.316629 18.787249 1e-06 -1e-06 10.751608 -0.47987 1.397903 0.0 -0.0 0.0 3.273804 0.305947 -0.58011 21.48679 11.830364 2.266131 8.162915 0.0 -0.0 18.399052 -3.798986 -4.940567 3e-06 0.0 -1e-06 4.029306 3.581585 -20.248524 0.074122 0.356382 63.777157 0.751929 3.288258 4.477531 1.857108 -1.944279 -2.775917 0.0 -0.0 2e-06 5.679795 0.898356 0.905501 -0.02439 -0.204514 8.334338 -1.215299 -1.096076 -4.894464 -1.432271 0.93553 0.999637 0.0 -0.0 -1e-06 
0.0 0.0 0.0 0.0 -0.0 0.0 -22.224358 99.506332 566.377136 -2.523478 -2.410221 -4.458352 1.15179 0.91682 1.816926 -0.158843 0.756143 -4.162436 0.26427 -1.06195 11.901433 3.570528 0.781329 9.511126 -0.600634 -0.045196 -3.734362 1.038021 -1.740095 -11.265583 7.7e-05 -2.2e-05 6e-06 -0.007277 -0.141468 0.01036 0.599974 -3.878491 -10.72894 -0.617621 3.591674 -10.716994 -18.173079 -4.655418 14.677735 -58.939819 -9.189181 10.116201 0.697359 -23.702303 -0.096625 -4.645219 6.148362 -3.142847 -5.882102 9.861279 0.70259 -10.936861 -0.360574 7.156197 0.0 8.774815 -0.0 -17.118923 18.432732 5.526825 -1.844031 2.498503 -2.507276 -10.16359 4.678941 4.621104 -20.975996 -1e-06 1e-06 -21.226254 2.451698 -3.593995 0.0 -6e-06 -0.0 -1.362681 2.240797 -0.746323 -21.334892 0.58491 3.008319 -13.821196 -1e-06 1e-06 -23.887129 -0.249075 -0.839485 -61.202267 2.87268 -1.426063 -0.294025 1.679686 0.833255 -14.218195 0.093215 1.300579 -34.212002 -0.287561 0.967166 -20.033176 0.964536 1.212838 0.0 -0.0 0.0 -3.440387 0.788233 0.501655 -15.928172 -3.167306 2.999703 -6.338817 -0.0 1e-06 -18.123419 3.648181 -4.905662 -4e-06 0.0 -2e-06 12.013165 11.077718 14.078091 61.326828 12.1319 9.709581 0.574674 27.626192 0.058857 2.762238 3.624856 -2.041672 2.24354 -5.255033 -3.180156 14.282877 -0.826594 6.952496 -0.0 -12.690593 -1e-06 16.1639 -17.859287 2.753498 1.665665 -1.95592 -2.878297 4.727794 -4.170584 4.993919 11.020511 1e-06 -0.0 12.109032 -3.735715 -2.866778 0.0 -0.0 0.0 1.291985 -1.928548 -1.498088 14.800115 0.567467 3.865604 14.242553 -1.341738 -6.660648 19.631935 0.143921 -0.648243 49.855961 -0.551633 -6.318588 0.353029 -1.51115 -0.03194 20.222769 3.684305 2.316629 18.787249 1e-06 -1e-06 10.751608 -0.47987 1.397903 0.0 -0.0 0.0 3.273804 0.305947 -0.58011 21.48679 11.830364 2.266131 8.162915 0.0 -0.0 18.399052 -3.798986 -4.940567 3e-06 0.0 -1e-06 2.579926 3.875721 -22.913626 0.106215 0.3223 55.418411 0.181666 2.88176 3.283687 1.851397 -1.916484 -2.57577 0.0 -0.0 2e-06 5.137421 1.930189 5.315523 -0.077687 -0.145277 5.015202 -1.401207 -2.260713 -5.890481 -1.43998 0.977054 1.155294 0.0 -0.0 -1e-06 
