HIERARCHY
ROOT Root
{
  OFFSET 0.0 0.0 0.0
  CHANNELS 6 Xposition Yposition Zposition Zrotation Yrotation Xrotation
  JOINT Hips
  {
    OFFSET 0.0 100.0 0.0
    CHANNELS 6 Xposition Yposition Zposition Zrotation Yrotation Xrotation
    JOINT Spine1
    {
      OFFSET -0.013727 5.003763 -0.053727
      CHANNELS 3 Zrotation Yrotation Xrotation
      JOINT Spine2
      {
        OFFSET -0.0 7.125301 -0.029825
        CHANNELS 3 Zrotation Yrotation Xrotation
        JOINT Chest
        {
          OFFSET -1e-06 7.550063 -0.815971
          CHANNELS 3 Zrotation Yrotation Xrotation
          JOINT Neck1
          {
            OFFSET -0.181677 26.311295 -0.553348
            CHANNELS 3 Zrotation Yrotation Xrotation
            JOINT Neck2
            {
              OFFSET -3e-06 7.709397 2.302585
              CHANNELS 3 Zrotation Yrotation Xrotation
              JOINT Head
              {
                OFFSET -5e-06 6.128916 1.953709
                CHANNELS 3 Zrotation Yrotation Xrotation
                JOINT HeadEnd
                {
                  OFFSET 0.003598 16.065403 -1.835379
                  CHANNELS 3 Zrotation Yrotation Xrotation
                }
                JOINT Jaw
                {
                  OFFSET 0.002637 0.475592 3.094941
                  CHANNELS 3 Zrotation Yrotation Xrotation
                }
                JOINT LeftEye
                {
                  OFFSET 3.206381 5.380205 7.586883
                  CHANNELS 3 Zrotation Yrotation Xrotation
                }
                JOINT RightEye
                {
                  OFFSET -3.22244 5.361869 7.558234
                  CHANNELS 3 Zrotation Yrotation Xrotation
                }
              }
            }
          }
          JOINT LeftShoulder
          {
            OFFSET 1.621652 23.237164 5.113413
            CHANNELS 3 Zrotation Yrotation Xrotation
            JOINT LeftArm
            {
              OFFSET 14.919846 2e-06 -5.502326
              CHANNELS 3 Zrotation Yrotation Xrotation
              JOINT LeftForeArm
              {
                OFFSET 28.739307 0.0 -0.002588
                CHANNELS 3 Zrotation Yrotation Xrotation
                JOINT LeftHand
                {
                  OFFSET 27.093981 -1e-06 0.002609
                  CHANNELS 3 Zrotation Yrotation Xrotation
                  JOINT LeftHandThumb1
                  {
                    OFFSET 2.276482 -1.392045 3.191413
                    CHANNELS 3 Zrotation Yrotation Xrotation
                    JOINT LeftHandThumb2
                    {
                      OFFSET 4.012836 -1.828127 1.641654
                      CHANNELS 3 Zrotation Yrotation Xrotation
                      JOINT LeftHandThumb3
                      {
                        OFFSET 2.798515 0.0 -3e-06
                        CHANNELS 3 Zrotation Yrotation Xrotation
                        JOINT LeftHandThumbEnd
                        {
                          OFFSET 3.180793 -4e-06 4e-06
                          CHANNELS 3 Zrotation Yrotation Xrotation
                        }
                      }
                    }
                  }
                  JOINT LeftHandIndex1
                  {
                    OFFSET 3.247555 -0.531998 2.296169
                    CHANNELS 3 Zrotation Yrotation Xrotation
                    JOINT LeftHandIndex2
                    {
                      OFFSET 6.364578 0.01206 0.1786
                      CHANNELS 3 Zrotation Yrotation Xrotation
                      JOINT LeftHandIndex3
                      {
                        OFFSET 3.662364 0.0 0.0
                        CHANNELS 3 Zrotation Yrotation Xrotation
                        JOINT LeftHandIndex4
                        {
                          OFFSET 2.329242 4e-06 4e-06
                          CHANNELS 3 Zrotation Yrotation Xrotation
                          JOINT LeftHandIndexEnd
                          {
                            OFFSET 2.759615 -0.180537 -0.113024
                            CHANNELS 3 Zrotation Yrotation Xrotation
                          }
                        }
                      }
                    }
                  }
                  JOINT LeftHandMiddle1
                  {
                    OFFSET 3.163495 0.240981 1.000332
                    CHANNELS 3 Zrotation Yrotation Xrotation
                    JOINT LeftHandMiddle2
                    {
                      OFFSET 6.19078 -0.259278 -1.002548
                      CHANNELS 3 Zrotation Yrotation Xrotation
                      JOINT LeftHandMiddle3
                      {
                        OFFSET 4.35652 -4e-06 -1e-06
                        CHANNELS 3 Zrotation Yrotation Xrotation
                        JOINT LeftHandMiddle4
                        {
                          OFFSET 2.996877 -8e-06 0.0
                          CHANNELS 3 Zrotation Yrotation Xrotation
                          JOINT LeftHandMiddleEnd
                          {
                            OFFSET 2.304287 -0.294569 -0.031741
                            CHANNELS 3 Zrotation Yrotation Xrotation
                          }
                        }
                      }
                    }
                  }
                  JOINT LeftHandRing1
                  {
                    OFFSET 2.882643 -0.053652 -0.322543
                    CHANNELS 3 Zrotation Yrotation Xrotation
                    JOINT LeftHandRing2
                    {
                      OFFSET 5.854541 -0.486202 -1.373841
                      CHANNELS 3 Zrotation Yrotation Xrotation
                      JOINT LeftHandRing3
                      {
                        OFFSET 4.350578 0.0 3e-06
                        CHANNELS 3 Zrotation Yrotation Xrotation
                        JOINT LeftHandRing4
                        {
                          OFFSET 2.651321 7e-06 2e-06
                          CHANNELS 3 Zrotation Yrotation Xrotation
                          JOINT LeftHandRingEnd
                          {
                            OFFSET 1.936105 0.077687 -7.1e-05
                            CHANNELS 3 Zrotation Yrotation Xrotation
                          }
                        }
                      }
                    }
                  }
                  JOINT LeftHandPinky1
                  {
                    OFFSET 2.8655 -0.310005 -1.600378
                    CHANNELS 3 Zrotation Yrotation Xrotation
                    JOINT LeftHandPinky2
                    {
                      OFFSET 5.087849 -1.331141 -1.77123
                      CHANNELS 3 Zrotation Yrotation Xrotation
                      JOINT LeftHandPinky3
                      {
                        OFFSET 3.070974 4e-06 0.0
                        CHANNELS 3 Zrotation Yrotation Xrotation
                        JOINT LeftHandPinky4
                        {
                          OFFSET 1.549672 0.0 1e-06
                          CHANNELS 3 Zrotation Yrotation Xrotation
                          JOINT LeftHandPinkyEnd
                          {
                            OFFSET 1.944893 -0.157802 0.057219
                            CHANNELS 3 Zrotation Yrotation Xrotation
                          }
                        }
                      }
                    }
                  }
                }
              }
            }
          }
          JOINT RightShoulder
          {
            OFFSET -1.380118 23.180309 5.214158
            CHANNELS 3 Zrotation Yrotation Xrotation
            JOINT RightArm
            {
              OFFSET -15.037196 1.2e-05 -5.545604
              CHANNELS 3 Zrotation Yrotation Xrotation
              JOINT RightForeArm
              {
                OFFSET -28.736639 2e-06 -0.002597
                CHANNELS 3 Zrotation Yrotation Xrotation
                JOINT RightHand
                {
                  OFFSET -27.133619 -0.0 0.002613
                  CHANNELS 3 Zrotation Yrotation Xrotation
                  JOINT RightHandThumb1
                  {
                    OFFSET -2.274032 -1.383988 3.163127
                    CHANNELS 3 Zrotation Yrotation Xrotation
                    JOINT RightHandThumb2
                    {
                      OFFSET -4.011429 -1.827466 1.640914
                      CHANNELS 3 Zrotation Yrotation Xrotation
                      JOINT RightHandThumb3
                      {
                        OFFSET -2.794935 -4e-06 -3e-06
                        CHANNELS 3 Zrotation Yrotation Xrotation
                        JOINT RightHandThumbEnd
                        {
                          OFFSET -3.183852 4e-06 1e-06
                          CHANNELS 3 Zrotation Yrotation Xrotation
                        }
                      }
                    }
                  }
                  JOINT RightHandIndex1
                  {
                    OFFSET -3.253266 -0.520057 2.282866
                    CHANNELS 3 Zrotation Yrotation Xrotation
                    JOINT RightHandIndex2
                    {
                      OFFSET -6.341917 0.012471 0.178266
                      CHANNELS 3 Zrotation Yrotation Xrotation
                      JOINT RightHandIndex3
                      {
                        OFFSET -3.654871 -8e-06 -0.0
                        CHANNELS 3 Zrotation Yrotation Xrotation
                        JOINT RightHandIndex4
                        {
                          OFFSET -2.327586 0.0 1e-06
                          CHANNELS 3 Zrotation Yrotation Xrotation
                          JOINT RightHandIndexEnd
                          {
                            OFFSET -2.76179 -0.180656 -0.113078
                            CHANNELS 3 Zrotation Yrotation Xrotation
                          }
                        }
                      }
                    }
                  }
                  JOINT RightHandMiddle1
                  {
                    OFFSET -3.168106 0.246593 1.00103
                    CHANNELS 3 Zrotation Yrotation Xrotation
                    JOINT RightHandMiddle2
                    {
                      OFFSET -6.180828 -0.258836 -1.000895
                      CHANNELS 3 Zrotation Yrotation Xrotation
                      JOINT RightHandMiddle3
                      {
                        OFFSET -4.348901 0.0 -0.0
                        CHANNELS 3 Zrotation Yrotation Xrotation
                        JOINT RightHandMiddle4
                        {
                          OFFSET -3.00024 -4e-06 -2e-06
                          CHANNELS 3 Zrotation Yrotation Xrotation
                          JOINT RightHandMiddleEnd
                          {
                            OFFSET -2.30252 -0.29437 -0.031706
                            CHANNELS 3 Zrotation Yrotation Xrotation
                          }
                        }
                      }
                    }
                  }
                  JOINT RightHandRing1
                  {
                    OFFSET -2.88569 -0.067952 -0.308858
                    CHANNELS 3 Zrotation Yrotation Xrotation
                    JOINT RightHandRing2
                    {
                      OFFSET -5.854198 -0.48613 -1.373731
                      CHANNELS 3 Zrotation Yrotation Xrotation
                      JOINT RightHandRing3
                      {
                        OFFSET -4.33881 -4e-06 -0.0
                        CHANNELS 3 Zrotation Yrotation Xrotation
                        JOINT RightHandRing4
                        {
                          OFFSET -2.654903 -4e-06 4e-06
                          CHANNELS 3 Zrotation Yrotation Xrotation
                          JOINT RightHandRingEnd
                          {
                            OFFSET -1.933568 0.077527 -5.2e-05
                            CHANNELS 3 Zrotation Yrotation Xrotation
                          }
                        }
                      }
                    }
                  }
                  JOINT RightHandPinky1
                  {
                    OFFSET -2.866425 -0.342796 -1.584145
                    CHANNELS 3 Zrotation Yrotation Xrotation
                    JOINT RightHandPinky2
                    {
                      OFFSET -5.091371 -1.332055 -1.772385
                      CHANNELS 3 Zrotation Yrotation Xrotation
                      JOINT RightHandPinky3
                      {
                        OFFSET -3.062664 -4e-06 1e-06
                        CHANNELS 3 Zrotation Yrotation Xrotation
                        JOINT RightHandPinky4
                        {
                          OFFSET -1.546529 4e-06 -2e-06
                          CHANNELS 3 Zrotation Yrotation Xrotation
                          JOINT RightHandPinkyEnd
                          {
                            OFFSET -1.945119 -0.157718 0.057211
                            CHANNELS 3 Zrotation Yrotation Xrotation
                          }
                        }
                      }
                    }
                  }
                }
              }
            }
          }
        }
      }
    }
    JOINT LeftLeg
    {
      OFFSET 10.043214 -8.434526 2.595655
      CHANNELS 3 Zrotation Yrotation Xrotation
      JOINT LeftShin
      {
        OFFSET -1e-06 -43.221752 -0.802913
        CHANNELS 3 Zrotation Yrotation Xrotation
        JOINT LeftFoot
        {
          OFFSET 1e-06 -42.155094 -3.481523
          CHANNELS 3 Zrotation Yrotation Xrotation
          JOINT LeftToeBase
          {
            OFFSET 0.0 -5.059472 13.231529
            CHANNELS 3 Zrotation Yrotation Xrotation
            JOINT LeftToeEnd
            {
              OFFSET -0.009607 -1.647619 6.513017
              CHANNELS 3 Zrotation Yrotation Xrotation
            }
          }
        }
      }
    }
    JOINT RightLeg
    {
      OFFSET -10.047278 -8.29526 2.620317
      CHANNELS 3 Zrotation Yrotation Xrotation
      JOINT RightShin
      {
        OFFSET 1e-06 -43.362206 -0.805556
        CHANNELS 3 Zrotation Yrotation Xrotation
        JOINT RightFoot
        {
          OFFSET 2e-06 -42.117393 -3.478398
          CHANNELS 3 Zrotation Yrotation Xrotation
          JOINT RightToeBase
          {
            OFFSET -0.0 -5.079609 13.284196
            CHANNELS 3 Zrotation Yrotation Xrotation
            JOINT RightToeEnd
            {
              OFFSET 0.009532 -1.634378 6.460591
              CHANNELS 3 Zrotation Yrotation Xrotation
            }
          }
        }
      }
    }
  }
}
MOTION
Frames: 120
Frame Time: 0.03333333333333333
0.0 0.0 0.0 0.0 -0.0 0.0 -0.084934 95.979607 -6.446265 4.901068 0.235467 0.667521 -0.658642 0.192662 -0.749719 -0.79541 2.876196 -5.157684 -3.123391 0.158079 9.050987 0.028926 2.731661 -1.061725 -1.154264 -0.34092 -3.639843 -0.141826 -0.632628 -10.423903 7.7e-05 -2.2e-05 6e-06 0.040342 -0.013931 0.02739 0.729252 -3.762944 -10.541684 -0.659467 3.737765 -10.559187 -17.690054 -0.623689 16.576822 -62.004581 -0.455711 25.195457 -0.013128 -8.246425 0.115885 1.050837 1.26799 -0.90691 -5.882102 9.861279 0.70259 -10.936861 -0.360574 7.156197 0.0 8.774815 -0.0 -16.97049 17.964476 5.706433 -1.844031 2.498503 -2.507276 -10.16359 4.678941 4.621104 -20.975996 -1e-06 1e-06 -21.226254 2.451698 -3.593995 0.0 -6e-06 -0.0 -1.362681 2.240797 -0.746323 -21.334892 0.58491 3.008319 -13.821196 -1e-06 1e-06 -23.887129 -0.249075 -0.839485 -60.099388 2.44061 -1.19081 -0.294025 1.679686 0.833255 -14.218195 0.093215 1.300579 -34.212002 -0.287561 0.967166 -20.033176 0.964536 1.212838 0.0 -0.0 0.0 -3.440387 0.788233 0.501655 -15.928172 -3.167306 2.999703 -6.338817 -0.0 1e-06 -18.123419 3.648181 -4.905662 -4e-06 0.0 -2e-06 13.842842 11.024563 15.445026 58.433517 15.140559 15.300271 -0.646619 38.299786 -0.175561 -6.64445 2.731775 -2.622835 2.24354 -5.255033 -3.180156 14.282877 -0.826594 6.952496 -0.0 -12.690593 -1e-06 15.844518 -17.719437 2.766751 1.665665 -1.95592 -2.878297 4.727794 -4.170584 4.993919 11.020511 1e-06 -0.0 12.109032 -3.735715 -2.866778 0.0 -0.0 0.0 1.291985 -1.928548 -1.498088 14.800115 0.567467 3.865604 14.242553 -1.341738 -6.660648 19.631935 0.143921 -0.648243 49.916065 -0.748933 -6.419754 0.353029 -1.51115 -0.03194 20.222769 3.684305 2.316629 18.787249 1e-06 -1e-06 10.751608 -0.47987 1.397903 0.0 -0.0 0.0 3.273804 0.305947 -0.58011 21.48679 11.830364 2.266131 8.162915 0.0 -0.0 18.399052 -3.798986 -4.940567 3e-06 0.0 -1e-06 -8.762729 1.152975 -26.209421 0.149573 0.100501 16.172884 3.588941 6.969416 9.124161 1.616045 -2.071288 -2.111515 0.0 -0.0 2e-06 -8.710532 -6.328851 14.095281 -0.093829 0.643849 34.202011 2.674216 2.634929 11.946193 -1.479595 0.679783 -24.724417 0.0 -0.0 -1e-06 
0.0 0.0 0.0 0.0 -0.0 0.0 0.541974 96.575684 -1.890152 5.924321 0.618818 -0.176282 -1.419837 0.021404 -0.376895 -0.90615 2.787884 -4.902985 -3.644125 -0.017902 8.929126 0.603293 2.417794 -0.826168 -1.176016 -0.398032 -3.590069 -0.013604 -0.58174 -10.291492 7.7e-05 -2.2e-05 6e-06 0.046977 0.049381 0.036905 0.729062 -3.701112 -10.51063 -0.647058 3.801481 -10.510644 -16.994448 -1.062718 16.509291 -61.94252 -1.751546 25.091646 -0.342161 -9.71643 0.146008 0.43174 0.908196 -1.056572 -5.882102 9.861279 0.70259 -10.936861 -0.360574 7.156197 0.0 8.774815 -0.0 -17.015461 17.970535 5.581703 -1.844031 2.498503 -2.507276 -10.16359 4.678941 4.621104 -20.975996 -1e-06 1e-06 -21.226254 2.451698 -3.593995 0.0 -6e-06 -0.0 -1.362681 2.240797 -0.746323 -21.334892 0.58491 3.008319 -13.821196 -1e-06 1e-06 -23.887129 -0.249075 -0.839485 -60.278053 2.439272 -1.464949 -0.294025 1.679686 0.833255 -14.218195 0.093215 1.300579 -34.212002 -0.287561 0.967166 -20.033176 0.964536 1.212838 0.0 -0.0 0.0 -3.440387 0.788233 0.501655 -15.928172 -3.167306 2.999703 -6.338817 -0.0 1e-06 -18.123419 3.648181 -4.905662 -4e-06 0.0 -2e-06 14.043882 10.784478 15.820173 59.668568 14.614117 16.365469 -0.376799 33.799538 0.007678 -6.45409 2.336458 -2.475648 2.24354 -5.255033 -3.180156 14.282877 -0.826594 6.952496 -0.0 -12.690593 -1e-06 16.15295 -17.67992 2.62806 1.665665 -1.95592 -2.878297 4.727794 -4.170584 4.993919 11.020511 1e-06 -0.0 12.109032 -3.735715 -2.866778 0.0 -0.0 0.0 1.291985 -1.928548 -1.498088 14.800115 0.567467 3.865604 14.242553 -1.341738 -6.660648 19.631935 0.143921 -0.648243 50.045963 -0.57828 -6.315354 0.353029 -1.51115 -0.03194 20.222769 3.684305 2.316629 18.787249 1e-06 -1e-06 10.751608 -0.47987 1.397903 0.0 -0.0 0.0 3.273804 0.305947 -0.58011 21.48679 11.830364 2.266131 8.162915 0.0 -0.0 18.399052 -3.798986 -4.940567 3e-06 0.0 -1e-06 -10.069095 0.359595 -22.822615 0.122118 0.048998 17.62479 4.043348 7.668438 5.270757 1.610831 -2.185367 -1.575691 0.0 -0.0 2e-06 -10.775795 -7.112538 9.221025 -0.009792 0.67295 45.923092 3.203947 1.253225 20.491621 -1.219155 0.72259 -12.880855 0.0 -0.0 -1e-06 
0.0 0.0 0.0 0.0 -0.0 0.0 1.113105 97.12793 2.588303 6.596229 0.682077 -0.787248 -2.039046 -0.035994 0.009272 -1.023256 2.491259 -4.748874 -3.834623 -0.275003 8.959843 0.871401 2.362967 -0.817197 -1.030476 -0.313541 -3.543433 0.021762 -0.508819 -10.273871 7.7e-05 -2.2e-05 6e-06 0.051979 0.087155 0.066363 0.719355 -3.66463 -10.497331 -0.627911 3.841116 -10.475268 -16.872219 -1.532325 16.271048 -61.05632 -3.702331 25.809763 -0.385774 -11.430385 0.151316 0.395456 0.499866 -1.986757 -5.882102 9.861279 0.70259 -10.936861 -0.360574 7.156197 0.0 8.774815 -0.0 -17.06978 18.173012 5.514441 -1.844031 2.498503 -2.507276 -10.16359 4.678941 4.621104 -20.975996 -1e-06 1e-06 -21.226254 2.451698 -3.593995 0.0 -6e-06 -0.0 -1.362681 2.240797 -0.746323 -21.334892 0.58491 3.008319 -13.821196 -1e-06 1e-06 -23.887129 -0.249075 -0.839485 -60.455685 2.432418 -1.579312 -0.294025 1.679686 0.833255 -14.218195 0.093215 1.300579 -34.212002 -0.287561 0.967166 -20.033176 0.964536 1.212838 0.0 -0.0 0.0 -3.440387 0.788233 0.501655 -15.928172 -3.167306 2.999703 -6.338817 -0.0 1e-06 -18.123419 3.648181 -4.905662 -4e-06 0.0 -2e-06 14.550719 10.731678 16.142767 60.34016 14.362384 18.039387 -0.307763 28.629848 0.027652 -5.932368 1.691335 -1.52884 2.24354 -5.255033 -3.180156 14.282877 -0.826594 6.952496 -0.0 -12.690593 -1e-06 16.430771 -17.687906 2.4643 1.665665 -1.95592 -2.878297 4.727794 -4.170584 4.993919 11.020511 1e-06 -0.0 12.109032 -3.735715 -2.866778 0.0 -0.0 0.0 1.291985 -1.928548 -1.498088 14.800115 0.567467 3.865604 14.242553 -1.341738 -6.660648 19.631935 0.143921 -0.648243 50.106689 -0.556629 -6.364812 0.353029 -1.51115 -0.03194 20.222769 3.684305 2.316629 18.787249 1e-06 -1e-06 10.751608 -0.47987 1.397903 0.0 -0.0 0.0 3.273804 0.305947 -0.58011 21.48679 11.830364 2.266131 8.162915 0.0 -0.0 18.399052 -3.798986 -4.940567 3e-06 0.0 -1e-06 -11.030383 -0.126659 -19.204567 0.131205 0.069989 17.937813 4.433554 8.435925 2.045653 1.607663 -2.221109 -1.183283 0.0 -0.0 2e-06 -11.778108 -7.073918 3.41902 0.041897 0.544806 56.429909 2.299519 0.018064 22.942589 -1.177657 0.847086 -5.171011 0.0 -0.0 -1e-06 
0.0 0.0 0.0 0.0 -0.0 0.0 1.54593 97.833435 6.813779 6.520678 0.610028 -1.399956 -2.271811 -0.068283 0.374414 -1.078944 2.035679 -4.63424 -3.648899 -0.595983 9.196177 1.004331 2.40757 -0.74881 -0.943208 -0.034232 -3.518863 0.055213 -0.29357 -10.252866 7.7e-05 -2.2e-05 6e-06 0.05011 0.077744 0.075862 0.722681 -3.672044 -10.510407 -0.63416 3.8304 -10.480868 -17.176134 -1.949762 16.027014 -59.570274 -6.532002 26.695004 -0.33359 -12.578569 0.121505 1.799103 -0.065061 -2.364324 -5.882102 9.861279 0.70259 -10.936861 -0.360574 7.156197 0.0 8.774815 -0.0 -17.06896 18.293173 5.452121 -1.844031 2.498503 -2.507276 -10.16359 4.678941 4.621104 -20.975996 -1e-06 1e-06 -21.226254 2.451698 -3.593995 0.0 -6e-06 -0.0 -1.362681 2.240797 -0.746323 -21.334892 0.58491 3.008319 -13.821196 -1e-06 1e-06 -23.887129 -0.249075 -0.839485 -60.490356 2.504075 -1.653719 -0.294025 1.679686 0.833255 -14.218195 0.093215 1.300579 -34.212002 -0.287561 0.967166 -20.033176 0.964536 1.212838 0.0 -0.0 0.0 -3.440387 0.788233 0.501655 -15.928172 -3.167306 2.999703 -6.338817 -0.0 1e-06 -18.123419 3.648181 -4.905662 -4e-06 0.0 -2e-06 15.242425 10.729281 16.376049 60.497765 14.017033 20.045418 -0.114548 23.649635 0.033966 -5.160459 0.694433 0.206178 2.24354 -5.255033 -3.180156 14.282877 -0.826594 6.952496 -0.0 -12.690593 -1e-06 16.595373 -17.654736 2.249189 1.665665 -1.95592 -2.878297 4.727794 -4.170584 4.993919 11.020511 1e-06 -0.0 12.109032 -3.735715 -2.866778 0.0 -0.0 0.0 1.291985 -1.928548 -1.498088 14.800115 0.567467 3.865604 14.242553 -1.341738 -6.660648 19.631935 0.143921 -0.648243 50.178604 -0.480201 -6.442707 0.353029 -1.51115 -0.03194 20.222769 3.684305 2.316629 18.787249 1e-06 -1e-06 10.751608 -0.47987 1.397903 0.0 -0.0 0.0 3.273804 0.305947 -0.58011 21.48679 11.830364 2.266131 8.162915 0.0 -0.0 18.399052 -3.798986 -4.940567 3e-06 0.0 -1e-06 -11.158544 -0.43642 -14.791744 0.147473 0.051713 16.246531 4.629143 9.136269 -0.012065 1.593322 -2.231633 -0.932051 0.0 -0.0 2e-06 -11.277629 -6.572729 -2.645824 0.06611 0.303898 64.195351 0.458337 -1.112831 17.870165 -1.288091 0.878695 -4.45282 0.0 -0.0 -1e-06 
0.0 0.0 0.0 0.0 -0.0 0.0 1.891918 98.569382 10.94062 5.75741 0.783142 -2.135116 -2.198355 -0.17772 0.812679 -1.03477 1.474754 -4.50411 -3.149031 -1.031371 9.432735 1.153525 2.464852 -0.367542 -0.878864 0.264478 -3.50944 0.124988 0.019289 -10.130011 7.7e-05 -2.2e-05 6e-06 0.042919 0.062764 0.068035 0.729446 -3.681794 -10.533949 -0.653352 3.810765 -10.503887 -17.030399 -2.558729 15.975027 -58.400879 -10.130963 27.396677 -0.360543 -13.292181 0.083732 4.144125 -0.291036 -1.563528 -5.882102 9.861279 0.70259 -10.936861 -0.360574 7.156197 0.0 8.774815 -0.0 -16.9678 18.370144 5.4733 -1.844031 2.498503 -2.507276 -10.16359 4.678941 4.621104 -20.975996 -1e-06 1e-06 -21.226254 2.451698 -3.593995 0.0 -6e-06 -0.0 -1.362681 2.240797 -0.746323 -21.334892 0.58491 3.008319 -13.821196 -1e-06 1e-06 -23.887129 -0.249075 -0.839485 -60.469009 2.540521 -1.616666 -0.294025 1.679686 0.833255 -14.218195 0.093215 1.300579 -34.212002 -0.287561 0.967166 -20.033176 0.964536 1.212838 0.0 -0.0 0.0 -3.440387 0.788233 0.501655 -15.928172 -3.167306 2.999703 -6.338817 -0.0 1e-06 -18.123419 3.648181 -4.905662 -4e-06 0.0 -2e-06 15.614162 10.568257 16.629492 60.744007 13.245373 21.649101 0.168155 19.726168 0.066511 -4.351678 -0.555427 2.301905 2.24354 -5.255033 -3.180156 14.282877 -0.826594 6.952496 -0.0 -12.690593 -1e-06 16.629066 -17.50717 2.055723 1.665665 -1.95592 -2.878297 4.727794 -4.170584 4.993919 11.020511 1e-06 -0.0 12.109032 -3.735715 -2.866778 0.0 -0.0 0.0 1.291985 -1.928548 -1.498088 14.800115 0.567467 3.865604 14.242553 -1.341738 -6.660648 19.631935 0.143921 -0.648243 50.093502 -0.362116 -6.466512 0.353029 -1.51115 -0.03194 20.222769 3.684305 2.316629 18.787249 1e-06 -1e-06 10.751608 -0.47987 1.397903 0.0 -0.0 0.0 3.273804 0.305947 -0.58011 21.48679 11.830364 2.266131 8.162915 0.0 -0.0 18.399052 -3.798986 -4.940567 3e-06 0.0 -1e-06 -10.552551 -0.853737 -9.687307 0.127939 -0.015099 13.260211 4.715232 9.597534 -1.325819 1.581858 -2.206204 -0.736654 0.0 -0.0 2e-06 -9.556815 -6.024942 -8.413682 0.082289 0.084336 68.209251 -1.200661 -2.003686 12.463841 -1.378462 0.896075 -4.508578 0.0 -0.0 -1e-06 
0.0 0.0 0.0 0.0 -0.0 0.0 2.14378 99.198692 15.055066 4.619453 1.404821 -2.920863 -2.00972 -0.343539 1.305922 -0.916811 0.830704 -4.34193 -2.522326 -1.647804 9.558448 1.379763 2.398276 0.264611 -0.740782 0.556543 -3.501158 0.260249 0.312973 -10.001524 7.7e-05 -2.2e-05 6e-06 0.034858 0.053858 0.058636 0.734068 -3.688896 -10.568074 -0.671749 3.799955 -10.537236 -16.100784 -3.458622 16.031656 -57.753254 -13.875413 27.83017 -0.408268 -14.458228 0.032193 6.034883 -0.344846 -0.566173 -5.882102 9.861279 0.70259 -10.936861 -0.360574 7.156197 0.0 8.774815 -0.0 -16.615677 18.439627 5.637678 -1.844031 2.498503 -2.507276 -10.16359 4.678941 4.621104 -20.975996 -1e-06 1e-06 -21.226254 2.451698 -3.593995 0.0 -6e-06 -0.0 -1.362681 2.240797 -0.746323 -21.334892 0.58491 3.008319 -13.821196 -1e-06 1e-06 -23.887129 -0.249075 -0.839485 -60.419144 2.567521 -1.525349 -0.294025 1.679686 0.833255 -14.218195 0.093215 1.300579 -34.212002 -0.287561 0.967166 -20.033176 0.964536 1.212838 0.0 -0.0 0.0 -3.440387 0.788233 0.501655 -15.928172 -3.167306 2.999703 -6.338817 -0.0 1e-06 -18.123419 3.648181 -4.905662 -4e-06 0.0 -2e-06 15.656759 10.072189 16.845015 61.148026 11.739226 21.987219 0.411189 17.678158 0.113337 -3.82667 -1.357206 3.612897 2.24354 -5.255033 -3.180156 14.282877 -0.826594 6.952496 -0.0 -12.690593 -1e-06 16.604773 -17.371769 1.952363 1.665665 -1.95592 -2.878297 4.727794 -4.170584 4.993919 11.020511 1e-06 -0.0 12.109032 -3.735715 -2.866778 0.0 -0.0 0.0 1.291985 -1.928548 -1.498088 14.800115 0.567467 3.865604 14.242553 -1.341738 -6.660648 19.631935 0.143921 -0.648243 49.892212 -0.259744 -6.462015 0.353029 -1.51115 -0.03194 20.222769 3.684305 2.316629 18.787249 1e-06 -1e-06 10.751608 -0.47987 1.397903 0.0 -0.0 0.0 3.273804 0.305947 -0.58011 21.48679 11.830364 2.266131 8.162915 0.0 -0.0 18.399052 -3.798986 -4.940567 3e-06 0.0 -1e-06 -9.546609 -1.432171 -4.04943 0.104851 -0.088484 9.25166 4.716162 9.65277 -2.046095 1.579951 -2.153314 -0.583176 0.0 -0.0 2e-06 -7.332231 -5.78602 -13.43515 0.079976 -0.124625 68.370529 -2.347656 -2.631763 8.670856 -1.397088 0.879128 -4.604374 0.0 -0.0 -1e-06 
0.0 0.0 0.0 0.0 -0.0 0.0 2.29403 99.600632 19.073851 3.417301 2.394543 -3.55695 -1.814886 -0.485025 1.746919 -0.800334 0.158342 -4.186198 -1.942543 -2.357641 9.612412 1.759908 2.187592 0.914185 -0.577109 0.866419 -3.516007 0.451594 0.478207 -9.903143 7.7e-05 -2.2e-05 6e-06 0.031556 0.058687 0.047066 0.735612 -3.684113 -10.604176 -0.677803 3.803966 -10.571635 -14.766273 -4.564558 15.988688 -57.124027 -17.30854 27.827869 -0.396093 -16.542412 -0.023775 7.034047 -0.621724 0.070106 -5.882102 9.861279 0.70259 -10.936861 -0.360574 7.156197 0.0 8.774815 -0.0 -16.120028 18.456245 5.905694 -1.844031 2.498503 -2.507276 -10.16359 4.678941 4.621104 -20.975996 -1e-06 1e-06 -21.226254 2.451698 -3.593995 0.0 -6e-06 -0.0 -1.362681 2.240797 -0.746323 -21.334892 0.58491 3.008319 -13.821196 -1e-06 1e-06 -23.887129 -0.249075 -0.839485 -60.351643 2.599846 -1.371374 -0.294025 1.679686 0.833255 -14.218195 0.093215 1.300579 -34.212002 -0.287561 0.967166 -20.033176 0.964536 1.212838 0.0 -0.0 0.0 -3.440387 0.788233 0.501655 -15.928172 -3.167306 2.999703 -6.338817 -0.0 1e-06 -18.123419 3.648181 -4.905662 -4e-06 0.0 -2e-06 15.777216 9.221555 17.021919 61.370964 9.58182 21.169949 0.526065 17.535975 0.145261 -3.544644 -1.337414 3.870112 2.24354 -5.255033 -3.180156 14.282877 -0.826594 6.952496 -0.0 -12.690593 -1e-06 16.575865 -17.339796 1.952178 1.665665 -1.95592 -2.878297 4.727794 -4.170584 4.993919 11.020511 1e-06 -0.0 12.109032 -3.735715 -2.866778 0.0 -0.0 0.0 1.291985 -1.928548 -1.498088 14.800115 0.567467 3.865604 14.242553 -1.341738 -6.660648 19.631935 0.143921 -0.648243 49.750076 -0.226879 -6.437846 0.353029 -1.51115 -0.03194 20.222769 3.684305 2.316629 18.787249 1e-06 -1e-06 10.751608 -0.47987 1.397903 0.0 -0.0 0.0 3.273804 0.305947 -0.58011 21.48679 11.830364 2.266131 8.162915 0.0 -0.0 18.399052 -3.798986 -4.940567 3e-06 0.0 -1e-06 -8.419623 -2.0387 0.910673 0.096289 -0.104306 6.054536 4.500144 9.228281 -2.74431 1.593048 -2.08994 -0.546648 0.0 -0.0 2e-06 -5.152 -5.69989 -17.682535 0.013114 -0.299989 64.90831 -2.62704 -2.889546 6.179829 -1.400107 0.850477 -4.770542 0.0 -0.0 -1e-06 
0.0 0.0 0.0 0.0 -0.0 0.0 2.377446 99.718498 23.005121 2.4339 3.626704 -3.873645 -1.726137 -0.548886 2.026233 -0.753735 -0.49546 -4.065295 -1.479702 -3.055983 9.683553 2.330024 1.923608 1.373902 -0.486602 1.086747 -3.57399 0.700756 0.438462 -9.903747 7.7e-05 -2.2e-05 6e-06 0.031015 0.057926 0.032192 0.727106 -3.679623 -10.617411 -0.668893 3.797954 -10.581315 -13.289535 -5.795198 15.760855 -56.294285 -20.411371 27.428667 -0.314675 -19.333721 -0.058538 7.559258 -1.068792 0.018764 -5.882102 9.861279 0.70259 -10.936861 -0.360574 7.156197 0.0 8.774815 -0.0 -15.638533 18.453024 6.196291 -1.844031 2.498503 -2.507276 -10.16359 4.678941 4.621104 -20.975996 -1e-06 1e-06 -21.226254 2.451698 -3.593995 0.0 -6e-06 -0.0 -1.362681 2.240797 -0.746323 -21.334892 0.58491 3.008319 -13.821196 -1e-06 1e-06 -23.887129 -0.249075 -0.839485 -60.257854 2.650843 -1.226017 -0.294025 1.679686 0.833255 -14.218195 0.093215 1.300579 -34.212002 -0.287561 0.967166 -20.033176 0.964536 1.212838 0.0 -0.0 0.0 -3.440387 0.788233 0.501655 -15.928172 -3.167306 2.999703 -6.338817 -0.0 1e-06 -18.123419 3.648181 -4.905662 -4e-06 0.0 -2e-06 16.142469 8.121472 17.18189 61.341419 7.076739 19.827284 0.463885 18.725599 0.141111 -3.347893 -0.606334 2.962261 2.24354 -5.255033 -3.180156 14.282877 -0.826594 6.952496 -0.0 -12.690593 -1e-06 16.563 -17.409012 2.022719 1.665665 -1.95592 -2.878297 4.727794 -4.170584 4.993919 11.020511 1e-06 -0.0 12.109032 -3.735715 -2.866778 0.0 -0.0 0.0 1.291985 -1.928548 -1.498088 14.800115 0.567467 3.865604 14.242553 -1.341738 -6.660648 19.631935 0.143921 -0.648243 49.729584 -0.243082 -6.443586 0.353029 -1.51115 -0.03194 20.222769 3.684305 2.316629 18.787249 1e-06 -1e-06 10.751608 -0.47987 1.397903 0.0 -0.0 0.0 3.273804 0.305947 -0.58011 21.48679 11.830364 2.266131 8.162915 0.0 -0.0 18.399052 -3.798986 -4.940567 3e-06 0.0 -1e-06 -7.468508 -2.728868 5.031995 0.091794 -0.041099 3.762857 4.179863 8.537689 -3.744386 1.614492 -2.037547 -0.602675 0.0 -0.0 2e-06 -3.390692 -5.637663 -21.157949 -0.07083 -0.346026 57.927998 -2.136059 -3.248549 4.616622 -1.414014 0.852527 -4.966589 0.0 -0.0 -1e-06 
0.0 0.0 0.0 0.0 -0.0 0.0 2.445291 99.503189 27.066029 1.978734 4.958671 -3.931318 -1.90746 -0.569716 2.164866 -0.79249 -1.130727 -3.970772 -1.245097 -3.627095 9.826013 3.071861 1.637642 1.654034 -0.519048 1.117758 -3.639681 1.002447 0.208784 -10.207217 7.7e-05 -2.2e-05 6e-06 0.027776 0.046504 0.030407 0.707289 -3.685269 -10.604165 -0.654918 3.781718 -10.566499 -11.65717 -7.060236 15.489282 -55.366096 -23.333826 26.759674 -0.198959 -22.436413 -0.054378 8.034596 -1.527714 -0.72298 -5.882102 9.861279 0.70259 -10.936861 -0.360574 7.156197 0.0 8.774815 -0.0 -15.313272 18.453426 6.404322 -1.844031 2.498503 -2.507276 -10.16359 4.678941 4.621104 -20.975996 -1e-06 1e-06 -21.226254 2.451698 -3.593995 0.0 -6e-06 -0.0 -1.362681 2.240797 -0.746323 -21.334892 0.58491 3.008319 -13.821196 -1e-06 1e-06 -23.887129 -0.249075 -0.839485 -60.083221 2.734098 -1.107881 -0.294025 1.679686 0.833255 -14.218195 0.093215 1.300579 -34.212002 -0.287561 0.967166 -20.033176 0.964536 1.212838 0.0 -0.0 0.0 -3.440387 0.788233 0.501655 -15.928172 -3.167306 2.999703 -6.338817 -0.0 1e-06 -18.123419 3.648181 -4.905662 -4e-06 0.0 -2e-06 16.538687 6.919816 17.365997 61.449001 4.703319 18.445583 0.202696 20.373182 0.078514 -3.257317 0.446639 1.125847 2.24354 -5.255033 -3.180156 14.282877 -0.826594 6.952496 -0.0 -12.690593 -1e-06 16.589066 -17.525599 2.090494 1.665665 -1.95592 -2.878297 4.727794 -4.170584 4.993919 11.020511 1e-06 -0.0 12.109032 -3.735715 -2.866778 0.0 -0.0 0.0 1.291985 -1.928548 -1.498088 14.800115 0.567467 3.865604 14.242553 -1.341738 -6.660648 19.631935 0.143921 -0.648243 49.789387 -0.275372 -6.510135 0.353029 -1.51115 -0.03194 20.222769 3.684305 2.316629 18.787249 1e-06 -1e-06 10.751608 -0.47987 1.397903 0.0 -0.0 0.0 3.273804 0.305947 -0.58011 21.48679 11.830364 2.266131 8.162915 0.0 -0.0 18.399052 -3.798986 -4.940567 3e-06 0.0 -1e-06 -7.038538 -3.444265 8.413932 0.069899 0.055879 2.522615 3.877446 7.864666 -5.279299 1.636595 -2.030155 -0.674493 0.0 -0.0 2e-06 -2.478526 -5.566081 -23.464132 -0.06812 -0.201665 47.631371 -1.36721 -4.005826 3.985986 -1.428193 0.883754 -5.082417 0.0 -0.0 -1e-06 
0.0 0.0 0.0 0.0 -0.0 0.0 2.534797 98.977455 31.350357 2.091681 6.207181 -3.895168 -2.325878 -0.615243 2.261748 -0.872173 -1.661055 -3.941761 -1.296143 -3.978347 10.037596 3.774372 1.322833 1.849321 -0.58725 0.948412 -3.648556 1.290332 -0.076487 -10.779113 7.7e-05 -2.2e-05 6e-06 0.017747 0.032367 0.047082 0.686643 -3.700644 -10.597235 -0.654258 3.769377 -10.56714 -9.927653 -8.222387 15.366815 -54.529182 -26.115786 25.825035 -0.072998 -25.438307 -0.027923 8.542191 -1.926445 -1.279821 -5.882102 9.861279 0.70259 -10.936861 -0.360574 7.156197 0.0 8.774815 -0.0 -15.214236 18.475382 6.466316 -1.844031 2.498503 -2.507276 -10.16359 4.678941 4.621104 -20.975996 -1e-06 1e-06 -21.226254 2.451698 -3.593995 0.0 -6e-06 -0.0 -1.362681 2.240797 -0.746323 -21.334892 0.58491 3.008319 -13.821196 -1e-06 1e-06 -23.887129 -0.249075 -0.839485 -59.981514 2.805196 -1.046534 -0.294025 1.679686 0.833255 -14.218195 0.093215 1.300579 -34.212002 -0.287561 0.967166 -20.033176 0.964536 1.212838 0.0 -0.0 0.0 -3.440387 0.788233 0.501655 -15.928172 -3.167306 2.999703 -6.338817 -0.0 1e-06 -18.123419 3.648181 -4.905662 -4e-06 0.0 -2e-06 16.648159 5.766006 17.545221 62.107586 2.83931 17.343376 -0.215765 21.507427 -0.021035 -3.345297 1.337043 -0.974491 2.24354 -5.255033 -3.180156 14.282877 -0.826594 6.952496 -0.0 -12.690593 -1e-06 16.61821 -17.63509 2.145861 1.665665 -1.95592 -2.878297 4.727794 -4.170584 4.993919 11.020511 1e-06 -0.0 12.109032 -3.735715 -2.866778 0.0 -0.0 0.0 1.291985 -1.928548 -1.498088 14.800115 0.567467 3.865604 14.242553 -1.341738 -6.660648 19.631935 0.143921 -0.648243 49.906101 -0.312343 -6.572612 0.353029 -1.51115 -0.03194 20.222769 3.684305 2.316629 18.787249 1e-06 -1e-06 10.751608 -0.47987 1.397903 0.0 -0.0 0.0 3.273804 0.305947 -0.58011 21.48679 11.830364 2.266131 8.162915 0.0 -0.0 18.399052 -3.798986 -4.940567 3e-06 0.0 -1e-06 -7.155069 -4.069859 11.432608 0.027098 0.165253 1.973933 3.612619 7.417316 -7.143192 1.653811 -2.072025 -0.756036 0.0 -0.0 2e-06 -2.620891 -5.360359 -24.163595 0.019795 -0.014022 34.571041 -0.567104 -4.389582 4.865903 -1.45562 0.959624 -4.984453 0.0 -0.0 -1e-06 
0.0 0.0 0.0 0.0 -0.0 0.0 2.619493 98.172935 35.731953 2.623102 7.307334 -3.886514 -2.862722 -0.629988 2.381674 -0.977773 -1.989716 -3.995153 -1.545009 -4.189322 10.279464 4.288465 1.049444 2.000094 -0.649456 0.700842 -3.589142 1.533417 -0.496035 -11.475746 7.7e-05 -2.2e-05 6e-06 0.003694 0.034282 0.073603 0.676036 -3.706679 -10.618207 -0.672012 3.779384 -10.602833 -8.199575 -9.220519 15.469306 -53.962227 -28.727058 24.648205 0.070781 -28.242586 -0.018993 8.975459 -2.384174 -1.130434 -5.882102 9.861279 0.70259 -10.936861 -0.360574 7.156197 0.0 8.774815 -0.0 -15.262009 18.592146 6.484269 -1.844031 2.498503 -2.507276 -10.16359 4.678941 4.621104 -20.975996 -1e-06 1e-06 -21.226254 2.451698 -3.593995 0.0 -6e-06 -0.0 -1.362681 2.240797 -0.746323 -21.334892 0.58491 3.008319 -13.821196 -1e-06 1e-06 -23.887129 -0.249075 -0.839485 -60.138657 2.842893 -1.107023 -0.294025 1.679686 0.833255 -14.218195 0.093215 1.300579 -34.212002 -0.287561 0.967166 -20.033176 0.964536 1.212838 0.0 -0.0 0.0 -3.440387 0.788233 0.501655 -15.928172 -3.167306 2.999703 -6.338817 -0.0 1e-06 -18.123419 3.648181 -4.905662 -4e-06 0.0 -2e-06 16.373047 4.794378 17.831793 63.371117 1.609451 16.205446 -0.571501 21.576305 -0.063242 -3.558381 1.894224 -2.646018 2.24354 -5.255033 -3.180156 14.282877 -0.826594 6.952496 -0.0 -12.690593 -1e-06 16.618036 -17.749506 2.270742 1.665665 -1.95592 -2.878297 4.727794 -4.170584 4.993919 11.020511 1e-06 -0.0 12.109032 -3.735715 -2.866778 0.0 -0.0 0.0 1.291985 -1.928548 -1.498088 14.800115 0.567467 3.865604 14.242553 -1.341738 -6.660648 19.631935 0.143921 -0.648243 50.209873 -0.35628 -6.539438 0.353029 -1.51115 -0.03194 20.222769 3.684305 2.316629 18.787249 1e-06 -1e-06 10.751608 -0.47987 1.397903 0.0 -0.0 0.0 3.273804 0.305947 -0.58011 21.48679 11.830364 2.266131 8.162915 0.0 -0.0 18.399052 -3.798986 -4.940567 3e-06 0.0 -1e-06 -7.655303 -4.430661 14.308619 0.0103 0.268993 2.063609 3.288832 7.080064 -9.247493 1.666048 -2.144359 -0.962207 0.0 -0.0 2e-06 -3.627878 -4.913513 -23.282341 0.142712 0.017611 19.5779 1.018467 -3.642051 6.318854 -1.462912 1.051565 -4.809794 0.0 -0.0 -1e-06 
0.0 0.0 0.0 0.0 -0.0 0.0 2.656771 97.244255 40.210598 3.299068 8.08043 -3.644977 -3.316621 -0.57275 2.284278 -1.109897 -2.140632 -4.122158 -1.886765 -4.290519 10.457303 4.654925 0.905103 2.049197 -0.727814 0.358846 -3.5681 1.71873 -1.005542 -11.87227 7.7e-05 -2.2e-05 6e-06 0.008674 0.099957 0.080919 0.689817 -3.642569 -10.655205 -0.676245 3.848646 -10.653194 -6.963914 -9.863161 15.43263 -53.287872 -30.653852 23.820889 0.263476 -31.116846 -0.092 9.03856 -2.801053 -0.407726 -5.882102 9.861279 0.70259 -10.936861 -0.360574 7.156197 0.0 8.774815 -0.0 -15.383036 18.749977 6.558861 -1.844031 2.498503 -2.507276 -10.16359 4.678941 4.621104 -20.975996 -1e-06 1e-06 -21.226254 2.451698 -3.593995 0.0 -6e-06 -0.0 -1.362681 2.240797 -0.746323 -21.334892 0.58491 3.008319 -13.821196 -1e-06 1e-06 -23.887129 -0.249075 -0.839485 -60.323788 2.86269 -1.298416 -0.294025 1.679686 0.833255 -14.218195 0.093215 1.300579 -34.212002 -0.287561 0.967166 -20.033176 0.964536 1.212838 0.0 -0.0 0.0 -3.440387 0.788233 0.501655 -15.928172 -3.167306 2.999703 -6.338817 -0.0 1e-06 -18.123419 3.648181 -4.905662 -4e-06 0.0 -2e-06 16.413313 4.168883 17.983658 64.381546 0.575694 14.927174 -0.610149 20.620764 -0.009385 -3.605529 1.969707 -2.98482 2.24354 -5.255033 -3.180156 14.282877 -0.826594 6.952496 -0.0 -12.690593 -1e-06 16.528326 -17.753693 2.401899 1.665665 -1.95592 -2.878297 4.727794 -4.170584 4.993919 11.020511 1e-06 -0.0 12.109032 -3.735715 -2.866778 0.0 -0.0 0.0 1.291985 -1.928548 -1.498088 14.800115 0.567467 3.865604 14.242553 -1.341738 -6.660648 19.631935 0.143921 -0.648243 50.435066 -0.40156 -6.478867 0.353029 -1.51115 -0.03194 20.222769 3.684305 2.316629 18.787249 1e-06 -1e-06 10.751608 -0.47987 1.397903 0.0 -0.0 0.0 3.273804 0.305947 -0.58011 21.48679 11.830364 2.266131 8.162915 0.0 -0.0 18.399052 -3.798986 -4.940567 3e-06 0.0 -1e-06 -8.076091 -4.304468 16.993319 0.011853 0.294348 2.289311 3.001798 6.310938 -10.937872 1.692169 -2.16294 -1.559149 0.0 -0.0 2e-06 -4.847945 -4.066466 -22.143764 0.257403 -0.031631 5.77373 3.697208 -3.230009 6.372752 -1.395038 1.131866 -4.805597 0.0 -0.0 -1e-06 
0.0 0.0 0.0 0.0 -0.0 0.0 2.625051 96.490547 44.835125 3.288592 8.294652 -3.077887 -3.198136 -0.458889 1.845953 -1.123885 -2.154859 -4.292665 -2.017627 -4.244992 10.64358 4.779566 0.813468 1.702839 -0.809047 0.100221 -3.564271 1.714249 -1.373606 -11.832315 7.7e-05 -2.2e-05 6e-06 0.011767 0.066861 0.061172 0.680158 -3.670432 -10.663544 -0.660191 3.812501 -10.666837 -7.085625 -9.918768 15.059104 -51.812431 -31.608831 22.886353 0.151423 -34.073265 -0.034025 8.916743 -3.404308 0.428966 -5.882102 9.861279 0.70259 -10.936861 -0.360574 7.156197 0.0 8.774815 -0.0 -15.486411 18.807306 6.564163 -1.844031 2.498503 -2.507276 -10.16359 4.678941 4.621104 -20.975996 -1e-06 1e-06 -21.226254 2.451698 -3.593995 0.0 -6e-06 -0.0 -1.362681 2.240797 -0.746323 -21.334892 0.58491 3.008319 -13.821196 -1e-06 1e-06 -23.887129 -0.249075 -0.839485 -60.533802 2.726556 -1.310624 -0.294025 1.679686 0.833255 -14.218195 0.093215 1.300579 -34.212002 -0.287561 0.967166 -20.033176 0.964536 1.212838 0.0 -0.0 0.0 -3.440387 0.788233 0.501655 -15.928172 -3.167306 2.999703 -6.338817 -0.0 1e-06 -18.123419 3.648181 -4.905662 -4e-06 0.0 -2e-06 17.609062 3.981433 18.042143 64.005928 -0.276759 13.677116 -0.501035 19.090685 0.072006 -3.065558 1.018943 -2.149409 2.24354 -5.255033 -3.180156 14.282877 -0.826594 6.952496 -0.0 -12.690593 -1e-06 16.315033 -17.645481 2.465279 1.665665 -1.95592 -2.878297 4.727794 -4.170584 4.993919 11.020511 1e-06 -0.0 12.109032 -3.735715 -2.866778 0.0 -0.0 0.0 1.291985 -1.928548 -1.498088 14.800115 0.567467 3.865604 14.242553 -1.341738 -6.660648 19.631935 0.143921 -0.648243 50.107323 -0.472509 -6.556933 0.353029 -1.51115 -0.03194 20.222769 3.684305 2.316629 18.787249 1e-06 -1e-06 10.751608 -0.47987 1.397903 0.0 -0.0 0.0 3.273804 0.305947 -0.58011 21.48679 11.830364 2.266131 8.162915 0.0 -0.0 18.399052 -3.798986 -4.940567 3e-06 0.0 -1e-06 -7.474572 -3.861879 18.989613 -0.020093 0.341197 2.94076 2.429339 5.296903 -11.767588 1.770215 -2.086407 -2.319485 0.0 -0.0 2e-06 -4.683091 -3.540321 -22.600765 0.139009 0.04552 -2.23902 6.068566 -3.915593 5.281084 -1.327823 1.132278 -4.72087 0.0 -0.0 -1e-06 
0.0 0.0 0.0 0.0 -0.0 0.0 2.531872 95.91674 49.446083 2.673105 8.063086 -2.540788 -2.660861 -0.34728 1.369635 -1.054081 -2.218299 -4.476996 -1.832025 -4.050002 10.812763 4.605806 0.93025 1.175132 -0.823281 -0.003609 -3.527434 1.606391 -1.542508 -11.867577 7.7e-05 -2.2e-05 6e-06 0.00741 0.016721 0.05332 0.667147 -3.709622 -10.631815 -0.655 3.752655 -10.61854 -7.979597 -9.638515 14.829306 -50.159996 -31.75532 21.375793 -0.375989 -36.938141 0.19622 8.947267 -4.210727 1.300013 -5.882102 9.861279 0.70259 -10.936861 -0.360574 7.156197 0.0 8.774815 -0.0 -15.519949 18.698919 6.545846 -1.844031 2.498503 -2.507276 -10.16359 4.678941 4.621104 -20.975996 -1e-06 1e-06 -21.226254 2.451698 -3.593995 0.0 -6e-06 -0.0 -1.362681 2.240797 -0.746323 -21.334892 0.58491 3.008319 -13.821196 -1e-06 1e-06 -23.887129 -0.249075 -0.839485 -60.705341 2.563878 -0.986141 -0.294025 1.679686 0.833255 -14.218195 0.093215 1.300579 -34.212002 -0.287561 0.967166 -20.033176 0.964536 1.212838 0.0 -0.0 0.0 -3.440387 0.788233 0.501655 -15.928172 -3.167306 2.999703 -6.338817 -0.0 1e-06 -18.123419 3.648181 -4.905662 -4e-06 0.0 -2e-06 19.089909 4.136706 18.21056 63.092876 -0.518147 12.551631 -0.312346 17.124802 0.074949 -2.276268 -0.125836 -0.994162 2.24354 -5.255033 -3.180156 14.282877 -0.826594 6.952496 -0.0 -12.690593 -1e-06 16.202454 -17.466888 2.357643 1.665665 -1.95592 -2.878297 4.727794 -4.170584 4.993919 11.020511 1e-06 -0.0 12.109032 -3.735715 -2.866778 0.0 -0.0 0.0 1.291985 -1.928548 -1.498088 14.800115 0.567467 3.865604 14.242553 -1.341738 -6.660648 19.631935 0.143921 -0.648243 49.797966 -0.294376 -6.677844 0.353029 -1.51115 -0.03194 20.222769 3.684305 2.316629 18.787249 1e-06 -1e-06 10.751608 -0.47987 1.397903 0.0 -0.0 0.0 3.273804 0.305947 -0.58011 21.48679 11.830364 2.266131 8.162915 0.0 -0.0 18.399052 -3.798986 -4.940567 3e-06 0.0 -1e-06 -6.051227 -3.047724 20.201582 -0.035488 0.251821 5.154002 1.440977 4.189428 -11.553518 1.836189 -2.076233 -4.279114 0.0 -0.0 2e-06 -3.05968 -3.897808 -23.876997 0.050924 0.122867 -3.583959 7.769599 -4.181342 4.734031 -1.333792 1.069121 -5.053524 0.0 -0.0 -1e-06 
0.0 0.0 0.0 0.0 -0.0 0.0 2.369727 95.522919 54.257744 1.226654 7.770607 -1.948077 -1.612289 -0.217898 0.687727 -0.87083 -2.299433 -4.742337 -1.267122 -3.961556 10.901968 4.133279 1.146156 0.706425 -0.831482 -0.103272 -3.487922 1.486161 -1.727804 -11.700196 7.7e-05 -2.2e-05 6e-06 0.001395 0.0135 0.056927 0.673859 -3.708823 -10.584122 -0.672622 3.744301 -10.562569 -8.959737 -9.296769 14.742316 -49.42149 -31.091438 20.822258 -0.552315 -39.013561 0.297866 9.287254 -4.806737 1.621099 -5.882102 9.861279 0.70259 -10.936861 -0.360574 7.156197 0.0 8.774815 -0.0 -15.650543 18.593252 6.438098 -1.844031 2.498503 -2.507276 -10.16359 4.678941 4.621104 -20.975996 -1e-06 1e-06 -21.226254 2.451698 -3.593995 0.0 -6e-06 -0.0 -1.362681 2.240797 -0.746323 -21.334892 0.58491 3.008319 -13.821196 -1e-06 1e-06 -23.887129 -0.249075 -0.839485 -60.609554 2.42674 -0.900104 -0.294025 1.679686 0.833255 -14.218195 0.093215 1.300579 -34.212002 -0.287561 0.967166 -20.033176 0.964536 1.212838 0.0 -0.0 0.0 -3.440387 0.788233 0.501655 -15.928172 -3.167306 2.999703 -6.338817 -0.0 1e-06 -18.123419 3.648181 -4.905662 -4e-06 0.0 -2e-06 20.228441 4.403928 18.223991 62.228237 -0.637826 12.001429 -0.17282 15.375304 0.079073 -1.505493 -0.792969 -0.668492 2.24354 -5.255033 -3.180156 14.282877 -0.826594 6.952496 -0.0 -12.690593 -1e-06 16.13826 -17.443464 2.270129 1.665665 -1.95592 -2.878297 4.727794 -4.170584 4.993919 11.020511 1e-06 -0.0 12.109032 -3.735715 -2.866778 0.0 -0.0 0.0 1.291985 -1.928548 -1.498088 14.800115 0.567467 3.865604 14.242553 -1.341738 -6.660648 19.631935 0.143921 -0.648243 49.716373 -0.212835 -6.699453 0.353029 -1.51115 -0.03194 20.222769 3.684305 2.316629 18.787249 1e-06 -1e-06 10.751608 -0.47987 1.397903 0.0 -0.0 0.0 3.273804 0.305947 -0.58011 21.48679 11.830364 2.266131 8.162915 0.0 -0.0 18.399052 -3.798986 -4.940567 3e-06 0.0 -1e-06 -3.287824 -1.626811 20.148319 0.030137 0.001107 9.594268 0.196419 2.293634 -10.059123 1.913292 -2.051591 -8.113126 0.0 -0.0 2e-06 -0.565363 -4.287263 -23.689745 0.098629 0.087617 -2.528105 7.285472 -3.785546 7.883173 -1.34244 1.128062 -5.679326 0.0 -0.0 -1e-06 
0.0 0.0 0.0 0.0 -0.0 0.0 2.118806 95.464287 59.352448 -1.439994 7.30668 -1.21542 0.191876 -0.183576 -0.267193 -0.609782 -2.13023 -5.165439 -0.196452 -4.047147 10.853952 3.46075 1.448309 0.412638 -0.882735 -0.204452 -3.539308 1.246336 -1.840777 -10.645432 7.7e-05 -2.2e-05 6e-06 -0.01238 0.003547 0.01953 0.666837 -3.719155 -10.590138 -0.689276 3.734435 -10.584566 -10.793509 -8.588741 14.456208 -48.861839 -29.485001 21.500437 -0.376307 -40.093822 0.154981 9.674156 -5.232694 1.663591 -5.882102 9.861279 0.70259 -10.936861 -0.360574 7.156197 0.0 8.774815 -0.0 -15.590887 18.487665 6.412047 -1.844031 2.498503 -2.507276 -10.16359 4.678941 4.621104 -20.975996 -1e-06 1e-06 -21.226254 2.451698 -3.593995 0.0 -6e-06 -0.0 -1.362681 2.240797 -0.746323 -21.334892 0.58491 3.008319 -13.821196 -1e-06 1e-06 -23.887129 -0.249075 -0.839485 -60.180714 2.331789 -0.9671 -0.294025 1.679686 0.833255 -14.218195 0.093215 1.300579 -34.212002 -0.287561 0.967166 -20.033176 0.964536 1.212838 0.0 -0.0 0.0 -3.440387 0.788233 0.501655 -15.928172 -3.167306 2.999703 -6.338817 -0.0 1e-06 -18.123419 3.648181 -4.905662 -4e-06 0.0 -2e-06 21.616911 4.70719 17.915337 60.844124 -0.9305 11.112679 0.004838 14.006333 0.105246 -0.962571 -1.151896 -0.389439 2.24354 -5.255033 -3.180156 14.282877 -0.826594 6.952496 -0.0 -12.690593 -1e-06 16.027966 -17.483709 2.312195 1.665665 -1.95592 -2.878297 4.727794 -4.170584 4.993919 11.020511 1e-06 -0.0 12.109032 -3.735715 -2.866778 0.0 -0.0 0.0 1.291985 -1.928548 -1.498088 14.800115 0.567467 3.865604 14.242553 -1.341738 -6.660648 19.631935 0.143921 -0.648243 49.857296 -0.206764 -6.656887 0.353029 -1.51115 -0.03194 20.222769 3.684305 2.316629 18.787249 1e-06 -1e-06 10.751608 -0.47987 1.397903 0.0 -0.0 0.0 3.273804 0.305947 -0.58011 21.48679 11.830364 2.266131 8.162915 0.0 -0.0 18.399052 -3.798986 -4.940567 3e-06 0.0 -1e-06 1.455084 0.669094 18.839073 0.082282 -0.311536 15.69603 -1.358255 -0.795897 -6.987853 2.044056 -1.918862 -14.6965 0.0 -0.0 2e-06 2.85906 -3.314835 -23.885946 0.07827 -0.052971 0.274327 5.079441 -3.429283 14.45699 -1.363359 1.140329 -5.413386 0.0 -0.0 -1e-06 
0.0 0.0 0.0 0.0 -0.0 0.0 1.831068 95.6418 64.687614 -3.920872 6.551085 -1.028825 1.516356 -0.120051 -0.841268 -0.266187 -2.254534 -5.414356 1.202208 -3.923784 10.616228 2.836962 1.639686 0.514492 -0.938369 0.211624 -3.596614 1.025753 -1.480765 -10.043983 7.7e-05 -2.2e-05 6e-06 -0.014893 -0.018154 -0.002799 0.695664 -3.753542 -10.662621 -0.721443 3.725179 -10.655687 -11.799715 -7.835374 14.259448 -50.278008 -27.380323 22.565254 -0.02558 -39.408028 -0.097639 10.115376 -5.467915 1.839568 -5.882102 9.861279 0.70259 -10.936861 -0.360574 7.156197 0.0 8.774815 -0.0 -15.527447 18.212669 6.279591 -1.844031 2.498503 -2.507276 -10.16359 4.678941 4.621104 -20.975996 -1e-06 1e-06 -21.226254 2.451698 -3.593995 0.0 -6e-06 -0.0 -1.362681 2.240797 -0.746323 -21.334892 0.58491 3.008319 -13.821196 -1e-06 1e-06 -23.887129 -0.249075 -0.839485 -59.738182 2.241235 -0.954985 -0.294025 1.679686 0.833255 -14.218195 0.093215 1.300579 -34.212002 -0.287561 0.967166 -20.033176 0.964536 1.212838 0.0 -0.0 0.0 -3.440387 0.788233 0.501655 -15.928172 -3.167306 2.999703 -6.338817 -0.0 1e-06 -18.123419 3.648181 -4.905662 -4e-06 0.0 -2e-06 21.919945 5.350382 17.730789 60.212654 -0.606648 10.602123 -0.027323 12.921734 0.051483 -0.767128 -1.648952 -0.567069 2.24354 -5.255033 -3.180156 14.282877 -0.826594 6.952496 -0.0 -12.690593 -1e-06 16.062489 -17.54785 2.289665 1.665665 -1.95592 -2.878297 4.727794 -4.170584 4.993919 11.020511 1e-06 -0.0 12.109032 -3.735715 -2.866778 0.0 -0.0 0.0 1.291985 -1.928548 -1.498088 14.800115 0.567467 3.865604 14.242553 -1.341738 -6.660648 19.631935 0.143921 -0.648243 49.903137 -0.215279 -6.667154 0.353029 -1.51115 -0.03194 20.222769 3.684305 2.316629 18.787249 1e-06 -1e-06 10.751608 -0.47987 1.397903 0.0 -0.0 0.0 3.273804 0.305947 -0.58011 21.48679 11.830364 2.266131 8.162915 0.0 -0.0 18.399052 -3.798986 -4.940567 3e-06 0.0 -1e-06 5.865492 2.411378 16.87286 0.00425 -0.507455 23.622993 -3.237038 -3.036044 -0.192724 2.196783 -1.731632 -23.465317 0.0 -0.0 2e-06 5.966168 -1.950077 -23.985273 0.039085 -0.17351 4.891155 3.275029 -2.916534 16.978674 -1.368675 1.106858 -3.862597 0.0 -0.0 -1e-06 
0.0 0.0 0.0 0.0 -0.0 0.0 1.595837 96.130753 70.013298 -5.735949 5.738497 -1.508408 2.390375 -0.067558 -0.790331 0.035486 -2.338213 -5.443658 2.362761 -3.659139 10.313178 2.401141 1.835447 0.899055 -0.791505 0.394566 -3.557781 0.887376 -1.237143 -9.893699 7.7e-05 -2.2e-05 6e-06 0.002921 0.045082 -0.002829 0.72332 -3.667425 -10.634101 -0.71406 3.764276 -10.62364 -11.514657 -7.448708 14.633931 -53.55793 -25.633059 23.618326 0.399038 -36.728821 -0.318315 10.430862 -5.221934 1.549805 -5.882102 9.861279 0.70259 -10.936861 -0.360574 7.156197 0.0 8.774815 -0.0 -15.305472 18.164831 6.28813 -1.844031 2.498503 -2.507276 -10.16359 4.678941 4.621104 -20.975996 -1e-06 1e-06 -21.226254 2.451698 -3.593995 0.0 -6e-06 -0.0 -1.362681 2.240797 -0.746323 -21.334892 0.58491 3.008319 -13.821196 -1e-06 1e-06 -23.887129 -0.249075 -0.839485 -59.44751 2.302563 -1.111477 -0.294025 1.679686 0.833255 -14.218195 0.093215 1.300579 -34.212002 -0.287561 0.967166 -20.033176 0.964536 1.212838 0.0 -0.0 0.0 -3.440387 0.788233 0.501655 -15.928172 -3.167306 2.999703 -6.338817 -0.0 1e-06 -18.123419 3.648181 -4.905662 -4e-06 0.0 -2e-06 21.042439 6.09529 17.869665 60.590088 0.645916 9.771146 -0.082626 12.577051 0.062552 -1.035187 -2.167871 -1.089895 2.24354 -5.255033 -3.180156 14.282877 -0.826594 6.952496 -0.0 -12.690593 -1e-06 16.164682 -17.621088 2.307687 1.665665 -1.95592 -2.878297 4.727794 -4.170584 4.993919 11.020511 1e-06 -0.0 12.109032 -3.735715 -2.866778 0.0 -0.0 0.0 1.291985 -1.928548 -1.498088 14.800115 0.567467 3.865604 14.242553 -1.341738 -6.660648 19.631935 0.143921 -0.648243 49.793468 -0.267478 -6.696526 0.353029 -1.51115 -0.03194 20.222769 3.684305 2.316629 18.787249 1e-06 -1e-06 10.751608 -0.47987 1.397903 0.0 -0.0 0.0 3.273804 0.305947 -0.58011 21.48679 11.830364 2.266131 8.162915 0.0 -0.0 18.399052 -3.798986 -4.940567 3e-06 0.0 -1e-06 9.261283 3.212341 13.563944 -0.12896 -0.661083 33.946873 -5.955213 -4.174101 10.693469 2.271995 -1.500089 -28.240734 0.0 -0.0 2e-06 8.347789 -1.230657 -22.70145 0.086919 -0.30583 9.321437 1.518212 -1.520561 14.976281 -1.363632 1.086907 -2.480947 0.0 -0.0 -1e-06 
0.0 0.0 0.0 0.0 -0.0 0.0 1.338975 96.650681 74.95182 -7.080355 5.843789 -2.352314 2.984153 -0.096725 -0.286568 0.210969 -2.262048 -5.185844 3.117559 -3.663268 9.997406 2.566158 1.69203 1.008016 -0.673649 0.415943 -3.548699 0.740798 -0.92283 -9.892269 7.7e-05 -2.2e-05 6e-06 0.013662 0.09078 -0.00751 0.732697 -3.62997 -10.631742 -0.702316 3.814139 -10.604753 -10.928234 -7.554819 14.982181 -56.695839 -24.423101 25.469889 0.524506 -32.654091 -0.337434 9.994421 -4.641104 1.644099 -5.882102 9.861279 0.70259 -10.936861 -0.360574 7.156197 0.0 8.774815 -0.0 -15.103065 17.904766 6.302753 -1.844031 2.498503 -2.507276 -10.16359 4.678941 4.621104 -20.975996 -1e-06 1e-06 -21.226254 2.451698 -3.593995 0.0 -6e-06 -0.0 -1.362681 2.240797 -0.746323 -21.334892 0.58491 3.008319 -13.821196 -1e-06 1e-06 -23.887129 -0.249075 -0.839485 -59.319099 2.268437 -1.10839 -0.294025 1.679686 0.833255 -14.218195 0.093215 1.300579 -34.212002 -0.287561 0.967166 -20.033176 0.964536 1.212838 0.0 -0.0 0.0 -3.440387 0.788233 0.501655 -15.928172 -3.167306 2.999703 -6.338817 -0.0 1e-06 -18.123419 3.648181 -4.905662 -4e-06 0.0 -2e-06 20.119366 6.677167 17.684778 60.865585 2.080455 9.283458 -0.073286 13.438034 0.050637 -1.4244 -1.709772 -1.900213 2.24354 -5.255033 -3.180156 14.282877 -0.826594 6.952496 -0.0 -12.690593 -1e-06 16.242462 -17.507048 2.34025 1.665665 -1.95592 -2.878297 4.727794 -4.170584 4.993919 11.020511 1e-06 -0.0 12.109032 -3.735715 -2.866778 0.0 -0.0 0.0 1.291985 -1.928548 -1.498088 14.800115 0.567467 3.865604 14.242553 -1.341738 -6.660648 19.631935 0.143921 -0.648243 49.788643 -0.294499 -6.548222 0.353029 -1.51115 -0.03194 20.222769 3.684305 2.316629 18.787249 1e-06 -1e-06 10.751608 -0.47987 1.397903 0.0 -0.0 0.0 3.273804 0.305947 -0.58011 21.48679 11.830364 2.266131 8.162915 0.0 -0.0 18.399052 -3.798986 -4.940567 3e-06 0.0 -1e-06 11.840288 2.294613 8.386333 -0.150889 -0.598384 45.758087 -9.631902 -3.625718 21.185621 2.001299 -1.558218 -18.039274 0.0 -0.0 2e-06 10.147898 -1.254769 -20.351643 0.12985 -0.228061 12.84963 -0.302733 -1.213005 9.396462 -1.395539 1.066721 -1.870703 0.0 -0.0 -1e-06 
0.0 0.0 0.0 0.0 -0.0 0.0 1.13419 97.163071 79.554283 -8.029137 6.710762 -3.210945 3.47614 -0.118825 0.29179 0.31471 -2.105446 -4.917643 3.406811 -3.792939 9.908072 2.958982 1.361436 0.832704 -0.607257 0.370268 -3.602881 0.717196 -1.012505 -9.976781 7.7e-05 -2.2e-05 6e-06 0.00471 0.079016 -0.021293 0.719089 -3.645409 -10.625733 -0.707228 3.805097 -10.587169 -11.111958 -7.697599 15.455627 -58.383236 -24.176208 28.833374 0.517174 -27.545853 -0.328272 8.431908 -3.869562 2.641289 -5.882102 9.861279 0.70259 -10.936861 -0.360574 7.156197 0.0 8.774815 -0.0 -15.077824 17.800884 6.416315 -1.844031 2.498503 -2.507276 -10.16359 4.678941 4.621104 -20.975996 -1e-06 1e-06 -21.226254 2.451698 -3.593995 0.0 -6e-06 -0.0 -1.362681 2.240797 -0.746323 -21.334892 0.58491 3.008319 -13.821196 -1e-06 1e-06 -23.887129 -0.249075 -0.839485 -59.662518 2.313163 -0.942691 -0.294025 1.679686 0.833255 -14.218195 0.093215 1.300579 -34.212002 -0.287561 0.967166 -20.033176 0.964536 1.212838 0.0 -0.0 0.0 -3.440387 0.788233 0.501655 -15.928172 -3.167306 2.999703 -6.338817 -0.0 1e-06 -18.123419 3.648181 -4.905662 -4e-06 0.0 -2e-06 19.800739 7.010542 17.314415 60.187279 3.567397 9.008256 0.176668 15.606984 0.019227 -1.976145 -0.858113 -2.517532 2.24354 -5.255033 -3.180156 14.282877 -0.826594 6.952496 -0.0 -12.690593 -1e-06 16.267351 -17.351309 2.342534 1.665665 -1.95592 -2.878297 4.727794 -4.170584 4.993919 11.020511 1e-06 -0.0 12.109032 -3.735715 -2.866778 0.0 -0.0 0.0 1.291985 -1.928548 -1.498088 14.800115 0.567467 3.865604 14.242553 -1.341738 -6.660648 19.631935 0.143921 -0.648243 49.889011 -0.292126 -6.321867 0.353029 -1.51115 -0.03194 20.222769 3.684305 2.316629 18.787249 1e-06 -1e-06 10.751608 -0.47987 1.397903 0.0 -0.0 0.0 3.273804 0.305947 -0.58011 21.48679 11.830364 2.266131 8.162915 0.0 -0.0 18.399052 -3.798986 -4.940567 3e-06 0.0 -1e-06 13.239125 0.407377 2.269024 -0.053646 -0.596755 56.390083 -10.314959 -0.865985 25.882795 1.92056 -1.827817 -6.24078 0.0 -0.0 2e-06 11.405833 -1.520216 -16.875914 0.029383 -0.153801 13.663485 -1.750055 -1.771216 5.307982 -1.411773 1.000611 -1.418413 0.0 -0.0 -1e-06 
0.0 0.0 0.0 0.0 -0.0 0.0 1.05985 97.874481 83.979561 -8.072724 7.549868 -4.076983 3.620987 -0.032028 0.781466 0.301084 -1.93745 -4.688252 3.148079 -3.768687 10.092435 3.427156 1.086008 0.751384 -0.609333 0.210937 -3.562735 0.654003 -1.151678 -10.144976 7.7e-05 -2.2e-05 6e-06 -0.006845 0.029719 -0.017768 0.697109 -3.699366 -10.620217 -0.708952 3.761781 -10.586966 -11.780775 -7.666172 15.961222 -59.368614 -23.932047 32.650204 0.339961 -22.264151 -0.236363 6.270678 -3.123882 3.607692 -5.882102 9.861279 0.70259 -10.936861 -0.360574 7.156197 0.0 8.774815 -0.0 -15.242317 17.883379 6.399334 -1.844031 2.498503 -2.507276 -10.16359 4.678941 4.621104 -20.975996 -1e-06 1e-06 -21.226254 2.451698 -3.593995 0.0 -6e-06 -0.0 -1.362681 2.240797 -0.746323 -21.334892 0.58491 3.008319 -13.821196 -1e-06 1e-06 -23.887129 -0.249075 -0.839485 -60.008629 2.43055 -0.949896 -0.294025 1.679686 0.833255 -14.218195 0.093215 1.300579 -34.212002 -0.287561 0.967166 -20.033176 0.964536 1.212838 0.0 -0.0 0.0 -3.440387 0.788233 0.501655 -15.928172 -3.167306 2.999703 -6.338817 -0.0 1e-06 -18.123419 3.648181 -4.905662 -4e-06 0.0 -2e-06 19.908978 7.233748 17.054476 58.788738 5.544182 9.21298 0.384564 18.061592 0.028798 -2.602175 0.187321 -2.543618 2.24354 -5.255033 -3.180156 14.282877 -0.826594 6.952496 -0.0 -12.690593 -1e-06 16.351364 -17.342485 2.295295 1.665665 -1.95592 -2.878297 4.727794 -4.170584 4.993919 11.020511 1e-06 -0.0 12.109032 -3.735715 -2.866778 0.0 -0.0 0.0 1.291985 -1.928548 -1.498088 14.800115 0.567467 3.865604 14.242553 -1.341738 -6.660648 19.631935 0.143921 -0.648243 49.82737 -0.374452 -6.326894 0.353029 -1.51115 -0.03194 20.222769 3.684305 2.316629 18.787249 1e-06 -1e-06 10.751608 -0.47987 1.397903 0.0 -0.0 0.0 3.273804 0.305947 -0.58011 21.48679 11.830364 2.266131 8.162915 0.0 -0.0 18.399052 -3.798986 -4.940567 3e-06 0.0 -1e-06 13.119051 -1.089068 -3.671106 -0.092909 -0.428966 64.041084 -7.340929 1.875144 21.718967 1.92802 -1.891392 -4.799682 0.0 -0.0 2e-06 11.645691 -1.475838 -12.369356 -0.075091 -0.126723 12.360154 -2.633037 -2.826033 2.836415 -1.415029 1.009412 -1.099376 0.0 -0.0 -1e-06 
0.0 0.0 0.0 0.0 -0.0 0.0 1.094783 98.594864 88.323151 -7.375295 8.002975 -4.927098 3.523309 0.103342 1.272076 0.165547 -1.655179 -4.464921 2.544753 -3.539681 10.232349 3.777766 0.942094 1.063363 -0.629256 0.119942 -3.503304 0.578605 -1.378782 -10.119101 7.7e-05 -2.2e-05 6e-06 -0.009967 0.005478 -0.002879 0.676488 -3.727216 -10.611955 -0.695168 3.74228 -10.588428 -11.985921 -7.555368 16.317871 -60.778194 -22.73411 35.210831 0.041834 -18.039768 -0.133741 4.393077 -2.440789 4.098558 -5.882102 9.861279 0.70259 -10.936861 -0.360574 7.156197 0.0 8.774815 -0.0 -15.501968 17.964449 6.283107 -1.844031 2.498503 -2.507276 -10.16359 4.678941 4.621104 -20.975996 -1e-06 1e-06 -21.226254 2.451698 -3.593995 0.0 -6e-06 -0.0 -1.362681 2.240797 -0.746323 -21.334892 0.58491 3.008319 -13.821196 -1e-06 1e-06 -23.887129 -0.249075 -0.839485 -60.182472 2.514754 -1.057121 -0.294025 1.679686 0.833255 -14.218195 0.093215 1.300579 -34.212002 -0.287561 0.967166 -20.033176 0.964536 1.212838 0.0 -0.0 0.0 -3.440387 0.788233 0.501655 -15.928172 -3.167306 2.999703 -6.338817 -0.0 1e-06 -18.123419 3.648181 -4.905662 -4e-06 0.0 -2e-06 19.389679 7.647188 16.858707 57.917465 7.940524 9.55757 0.499826 20.230598 0.080597 -3.110727 1.002709 -1.843688 2.24354 -5.255033 -3.180156 14.282877 -0.826594 6.952496 -0.0 -12.690593 -1e-06 16.296469 -17.374777 2.295022 1.665665 -1.95592 -2.878297 4.727794 -4.170584 4.993919 11.020511 1e-06 -0.0 12.109032 -3.735715 -2.866778 0.0 -0.0 0.0 1.291985 -1.928548 -1.498088 14.800115 0.567467 3.865604 14.242553 -1.341738 -6.660648 19.631935 0.143921 -0.648243 49.640301 -0.47535 -6.41027 0.353029 -1.51115 -0.03194 20.222769 3.684305 2.316629 18.787249 1e-06 -1e-06 10.751608 -0.47987 1.397903 0.0 -0.0 0.0 3.273804 0.305947 -0.58011 21.48679 11.830364 2.266131 8.162915 0.0 -0.0 18.399052 -3.798986 -4.940567 3e-06 0.0 -1e-06 11.823646 -1.824032 -9.015999 -0.117535 -0.186986 67.885696 -3.639669 5.117325 16.864843 1.932652 -1.911582 -4.780079 0.0 -0.0 2e-06 11.130183 -0.991557 -7.208023 -0.085018 -0.107049 9.847869 -3.216659 -4.035193 1.273297 -1.415933 1.042895 -0.836741 0.0 -0.0 -1e-06 
0.0 0.0 0.0 0.0 -0.0 0.0 1.191604 99.121277 92.610703 -6.395416 7.93535 -5.623527 3.393144 0.264085 1.788021 0.045271 -1.178819 -4.23485 1.842299 -3.158054 10.168056 3.73427 0.975439 1.539626 -0.655016 -0.031962 -3.470408 0.60903 -1.600507 -9.957438 7.7e-05 -2.2e-05 6e-06 -0.008639 -0.001867 0.007654 0.661376 -3.739847 -10.618609 -0.678316 3.739891 -10.602156 -11.853524 -7.214001 16.543005 -62.304207 -20.579851 36.311687 -0.111346 -15.354762 -0.079241 3.102093 -1.971338 3.859449 -5.882102 9.861279 0.70259 -10.936861 -0.360574 7.156197 0.0 8.774815 -0.0 -15.788338 18.042686 6.201551 -1.844031 2.498503 -2.507276 -10.16359 4.678941 4.621104 -20.975996 -1e-06 1e-06 -21.226254 2.451698 -3.593995 0.0 -6e-06 -0.0 -1.362681 2.240797 -0.746323 -21.334892 0.58491 3.008319 -13.821196 -1e-06 1e-06 -23.887129 -0.249075 -0.839485 -60.424343 2.551134 -1.160664 -0.294025 1.679686 0.833255 -14.218195 0.093215 1.300579 -34.212002 -0.287561 0.967166 -20.033176 0.964536 1.212838 0.0 -0.0 0.0 -3.440387 0.788233 0.501655 -15.928172 -3.167306 2.999703 -6.338817 -0.0 1e-06 -18.123419 3.648181 -4.905662 -4e-06 0.0 -2e-06 18.069225 8.336766 16.650528 57.70137 10.438513 9.931201 0.505395 22.228081 0.132071 -3.418725 1.458023 -0.762755 2.24354 -5.255033 -3.180156 14.282877 -0.826594 6.952496 -0.0 -12.690593 -1e-06 16.140852 -17.416296 2.366185 1.665665 -1.95592 -2.878297 4.727794 -4.170584 4.993919 11.020511 1e-06 -0.0 12.109032 -3.735715 -2.866778 0.0 -0.0 0.0 1.291985 -1.928548 -1.498088 14.800115 0.567467 3.865604 14.242553 -1.341738 -6.660648 19.631935 0.143921 -0.648243 49.432827 -0.593773 -6.465217 0.353029 -1.51115 -0.03194 20.222769 3.684305 2.316629 18.787249 1e-06 -1e-06 10.751608 -0.47987 1.397903 0.0 -0.0 0.0 3.273804 0.305947 -0.58011 21.48679 11.830364 2.266131 8.162915 0.0 -0.0 18.399052 -3.798986 -4.940567 3e-06 0.0 -1e-06 10.038372 -1.794606 -13.669479 -0.07351 0.025027 68.174606 -0.524847 8.265003 13.394293 1.927229 -1.917278 -4.919056 0.0 -0.0 2e-06 10.426437 -0.235785 -2.043225 -0.059039 -0.099594 7.218516 -3.625863 -5.024839 -0.070217 -1.413795 1.030443 -0.641639 0.0 -0.0 -1e-06 
0.0 0.0 0.0 0.0 -0.0 0.0 1.321029 99.366035 96.785194 -5.436448 7.367983 -5.945683 3.332642 0.417719 2.178726 -0.001859 -0.513454 -4.016836 1.2018 -2.683151 9.978729 3.295555 1.221691 1.862708 -0.720587 -0.277755 -3.480388 0.660451 -1.773545 -9.748407 7.7e-05 -2.2e-05 6e-06 -0.01149 -0.02838 0.015945 0.645231 -3.768409 -10.606522 -0.669144 3.714608 -10.595155 -11.961107 -6.513978 16.684944 -63.194721 -17.789732 36.01783 -0.153804 -14.144016 -0.046846 2.562854 -1.874695 2.854238 -5.882102 9.861279 0.70259 -10.936861 -0.360574 7.156197 0.0 8.774815 -0.0 -16.075287 18.122974 6.148564 -1.844031 2.498503 -2.507276 -10.16359 4.678941 4.621104 -20.975996 -1e-06 1e-06 -21.226254 2.451698 -3.593995 0.0 -6e-06 -0.0 -1.362681 2.240797 -0.746323 -21.334892 0.58491 3.008319 -13.821196 -1e-06 1e-06 -23.887129 -0.249075 -0.839485 -60.737648 2.580763 -1.170019 -0.294025 1.679686 0.833255 -14.218195 0.093215 1.300579 -34.212002 -0.287561 0.967166 -20.033176 0.964536 1.212838 0.0 -0.0 0.0 -3.440387 0.788233 0.501655 -15.928172 -3.167306 2.999703 -6.338817 -0.0 1e-06 -18.123419 3.648181 -4.905662 -4e-06 0.0 -2e-06 16.512842 9.246751 16.419006 57.437698 12.769512 10.340965 0.456451 24.492603 0.171314 -3.682076 1.624583 0.228435 2.24354 -5.255033 -3.180156 14.282877 -0.826594 6.952496 -0.0 -12.690593 -1e-06 16.003899 -17.501944 2.47103 1.665665 -1.95592 -2.878297 4.727794 -4.170584 4.993919 11.020511 1e-06 -0.0 12.109032 -3.735715 -2.866778 0.0 -0.0 0.0 1.291985 -1.928548 -1.498088 14.800115 0.567467 3.865604 14.242553 -1.341738 -6.660648 19.631935 0.143921 -0.648243 49.320278 -0.684401 -6.477736 0.353029 -1.51115 -0.03194 20.222769 3.684305 2.316629 18.787249 1e-06 -1e-06 10.751608 -0.47987 1.397903 0.0 -0.0 0.0 3.273804 0.305947 -0.58011 21.48679 11.830364 2.266131 8.162915 0.0 -0.0 18.399052 -3.798986 -4.940567 3e-06 0.0 -1e-06 8.27972 -1.34458 -17.772554 0.038449 0.224137 65.297852 1.523341 10.631803 10.854875 1.90941 -1.927949 -5.071121 0.0 -0.0 2e-06 9.83656 0.45503 2.309107 -0.037784 -0.097897 5.031178 -3.939847 -5.47302 -1.386175 -1.418038 0.978573 -0.524122 0.0 -0.0 -1e-06 
0.0 0.0 0.0 0.0 -0.0 0.0 1.468224 99.34343 100.81617 -4.718192 6.476333 -5.899246 3.388623 0.52293 2.403912 0.01879 0.209968 -3.845858 0.710397 -2.153933 9.772267 2.630416 1.573159 1.940055 -0.781397 -0.48615 -3.527489 0.61958 -1.881635 -9.651833 7.7e-05 -2.2e-05 6e-06 -0.014917 -0.05473 0.026397 0.631456 -3.794029 -10.572855 -0.663798 3.686709 -10.568273 -12.380064 -5.587638 16.791658 -63.460217 -14.751614 34.796116 -0.141382 -13.809823 -0.00863 2.638486 -2.089514 1.160557 -5.882102 9.861279 0.70259 -10.936861 -0.360574 7.156197 0.0 8.774815 -0.0 -16.326214 18.143229 6.056672 -1.844031 2.498503 -2.507276 -10.16359 4.678941 4.621104 -20.975996 -1e-06 1e-06 -21.226254 2.451698 -3.593995 0.0 -6e-06 -0.0 -1.362681 2.240797 -0.746323 -21.334892 0.58491 3.008319 -13.821196 -1e-06 1e-06 -23.887129 -0.249075 -0.839485 -60.89764 2.579582 -1.082767 -0.294025 1.679686 0.833255 -14.218195 0.093215 1.300579 -34.212002 -0.287561 0.967166 -20.033176 0.964536 1.212838 0.0 -0.0 0.0 -3.440387 0.788233 0.501655 -15.928172 -3.167306 2.999703 -6.338817 -0.0 1e-06 -18.123419 3.648181 -4.905662 -4e-06 0.0 -2e-06 15.154737 10.215507 16.205126 56.721634 14.847228 10.615689 0.401611 27.237734 0.186338 -3.922369 1.739742 0.932799 2.24354 -5.255033 -3.180156 14.282877 -0.826594 6.952496 -0.0 -12.690593 -1e-06 15.915531 -17.612808 2.55613 1.665665 -1.95592 -2.878297 4.727794 -4.170584 4.993919 11.020511 1e-06 -0.0 12.109032 -3.735715 -2.866778 0.0 -0.0 0.0 1.291985 -1.928548 -1.498088 14.800115 0.567467 3.865604 14.242553 -1.341738 -6.660648 19.631935 0.143921 -0.648243 49.292141 -0.731097 -6.443802 0.353029 -1.51115 -0.03194 20.222769 3.684305 2.316629 18.787249 1e-06 -1e-06 10.751608 -0.47987 1.397903 0.0 -0.0 0.0 3.273804 0.305947 -0.58011 21.48679 11.830364 2.266131 8.162915 0.0 -0.0 18.399052 -3.798986 -4.940567 3e-06 0.0 -1e-06 6.917655 -0.916644 -21.218012 0.186265 0.372386 59.517086 2.539111 12.052986 8.980004 1.893583 -1.966178 -5.183831 0.0 -0.0 2e-06 9.431799 0.868003 5.773918 -0.040302 -0.065384 3.588924 -4.095822 -5.386247 -2.998732 -1.428371 0.928228 -0.395333 0.0 -0.0 -1e-06 
0.0 0.0 0.0 0.0 -0.0 0.0 1.639919 99.094093 104.762039 -4.321798 5.399834 -5.624012 3.551474 0.544015 2.511422 0.081028 0.864842 -3.755636 0.405522 -1.610002 9.62706 1.84732 1.914928 1.873501 -0.766832 -0.580621 -3.564962 0.474984 -1.92948 -9.772773 7.7e-05 -2.2e-05 6e-06 -0.01156 -0.046499 0.033099 0.623035 -3.785034 -10.534493 -0.650307 3.693456 -10.542306 -12.871284 -4.578552 16.880255 -63.534962 -11.763972 33.326138 -0.080022 -13.785148 0.023472 3.001519 -2.417948 -0.913373 -5.882102 9.861279 0.70259 -10.936861 -0.360574 7.156197 0.0 8.774815 -0.0 -16.517435 18.108263 5.914711 -1.844031 2.498503 -2.507276 -10.16359 4.678941 4.621104 -20.975996 -1e-06 1e-06 -21.226254 2.451698 -3.593995 0.0 -6e-06 -0.0 -1.362681 2.240797 -0.746323 -21.334892 0.58491 3.008319 -13.821196 -1e-06 1e-06 -23.887129 -0.249075 -0.839485 -60.875477 2.552569 -1.025125 -0.294025 1.679686 0.833255 -14.218195 0.093215 1.300579 -34.212002 -0.287561 0.967166 -20.033176 0.964536 1.212838 0.0 -0.0 0.0 -3.440387 0.788233 0.501655 -15.928172 -3.167306 2.999703 -6.338817 -0.0 1e-06 -18.123419 3.648181 -4.905662 -4e-06 0.0 -2e-06 14.009975 11.133701 16.055042 55.694977 16.772648 10.633193 0.374226 30.360645 0.200849 -4.083984 1.856437 1.432605 2.24354 -5.255033 -3.180156 14.282877 -0.826594 6.952496 -0.0 -12.690593 -1e-06 15.882398 -17.708609 2.571192 1.665665 -1.95592 -2.878297 4.727794 -4.170584 4.993919 11.020511 1e-06 -0.0 12.109032 -3.735715 -2.866778 0.0 -0.0 0.0 1.291985 -1.928548 -1.498088 14.800115 0.567467 3.865604 14.242553 -1.341738 -6.660648 19.631935 0.143921 -0.648243 49.259975 -0.748991 -6.418338 0.353029 -1.51115 -0.03194 20.222769 3.684305 2.316629 18.787249 1e-06 -1e-06 10.751608 -0.47987 1.397903 0.0 -0.0 0.0 3.273804 0.305947 -0.58011 21.48679 11.830364 2.266131 8.162915 0.0 -0.0 18.399052 -3.798986 -4.940567 3e-06 0.0 -1e-06 6.101205 -0.63678 -23.721127 0.302012 0.413962 51.031712 3.01438 12.661168 8.429516 1.871779 -2.039844 -5.352609 0.0 -0.0 2e-06 9.237002 1.030296 8.584892 -0.056537 0.006076 2.836106 -4.126604 -4.943172 -4.854705 -1.438541 0.908282 -0.222067 0.0 -0.0 -1e-06 
0.0 0.0 0.0 0.0 -0.0 0.0 1.862462 98.651215 108.68293 -4.251315 4.274666 -5.195618 3.816568 0.491498 2.506763 0.156063 1.362761 -3.74623 0.290703 -1.075528 9.528594 1.050286 2.194536 1.805043 -0.695916 -0.561791 -3.565566 0.2696 -1.975873 -10.065143 7.7e-05 -2.2e-05 6e-06 0.001193 -0.00302 0.039529 0.62783 -3.74117 -10.504287 -0.631042 3.736774 -10.527085 -13.251012 -3.608207 16.947281 -63.722969 -8.955442 32.095825 -0.013088 -13.740941 0.034272 3.387491 -2.713907 -2.719567 -5.882102 9.861279 0.70259 -10.936861 -0.360574 7.156197 0.0 8.774815 -0.0 -16.585062 18.040098 5.802969 -1.844031 2.498503 -2.507276 -10.16359 4.678941 4.621104 -20.975996 -1e-06 1e-06 -21.226254 2.451698 -3.593995 0.0 -6e-06 -0.0 -1.362681 2.240797 -0.746323 -21.334892 0.58491 3.008319 -13.821196 -1e-06 1e-06 -23.887129 -0.249075 -0.839485 -60.762901 2.560579 -1.069403 -0.294025 1.679686 0.833255 -14.218195 0.093215 1.300579 -34.212002 -0.287561 0.967166 -20.033176 0.964536 1.212838 0.0 -0.0 0.0 -3.440387 0.788233 0.501655 -15.928172 -3.167306 2.999703 -6.338817 -0.0 1e-06 -18.123419 3.648181 -4.905662 -4e-06 0.0 -2e-06 12.994017 11.915147 15.917529 54.665314 18.573549 10.460221 0.371008 33.580513 0.229502 -4.235959 1.926878 1.767449 2.24354 -5.255033 -3.180156 14.282877 -0.826594 6.952496 -0.0 -12.690593 -1e-06 15.901538 -17.764227 2.520763 1.665665 -1.95592 -2.878297 4.727794 -4.170584 4.993919 11.020511 1e-06 -0.0 12.109032 -3.735715 -2.866778 0.0 -0.0 0.0 1.291985 -1.928548 -1.498088 14.800115 0.567467 3.865604 14.242553 -1.341738 -6.660648 19.631935 0.143921 -0.648243 49.202656 -0.764225 -6.458898 0.353029 -1.51115 -0.03194 20.222769 3.684305 2.316629 18.787249 1e-06 -1e-06 10.751608 -0.47987 1.397903 0.0 -0.0 0.0 3.273804 0.305947 -0.58011 21.48679 11.830364 2.266131 8.162915 0.0 -0.0 18.399052 -3.798986 -4.940567 3e-06 0.0 -1e-06 5.818615 -0.333682 -25.06325 0.337942 0.405324 39.809895 3.410422 12.560963 9.572774 1.828151 -2.103939 -5.537173 0.0 -0.0 2e-06 9.21433 0.985575 11.000813 -0.06563 0.080507 2.54932 -4.091977 -4.252837 -6.793525 -1.443094 0.924507 -0.162332 0.0 -0.0 -1e-06 
0.0 0.0 0.0 0.0 -0.0 0.0 2.154734 98.018799 112.745079 -4.613846 3.143219 -4.701537 4.273944 0.428713 2.422812 0.225206 1.661071 -3.788334 0.399743 -0.591911 9.389371 0.319509 2.437946 1.844236 -0.63723 -0.554145 -3.547869 0.121285 -1.907224 -10.419596 7.7e-05 -2.2e-05 6e-06 0.016384 0.031904 0.045321 0.652226 -3.710865 -10.521166 -0.626242 3.777165 -10.543944 -13.353906 -2.717253 17.063429 -64.239418 -6.453803 31.255674 0.000274 -13.515787 0.016682 3.567196 -2.824507 -3.696541 -5.882102 9.861279 0.70259 -10.936861 -0.360574 7.156197 0.0 8.774815 -0.0 -16.50808 17.970882 5.824091 -1.844031 2.498503 -2.507276 -10.16359 4.678941 4.621104 -20.975996 -1e-06 1e-06 -21.226254 2.451698 -3.593995 0.0 -6e-06 -0.0 -1.362681 2.240797 -0.746323 -21.334892 0.58491 3.008319 -13.821196 -1e-06 1e-06 -23.887129 -0.249075 -0.839485 -60.641323 2.586523 -1.058557 -0.294025 1.679686 0.833255 -14.218195 0.093215 1.300579 -34.212002 -0.287561 0.967166 -20.033176 0.964536 1.212838 0.0 -0.0 0.0 -3.440387 0.788233 0.501655 -15.928172 -3.167306 2.999703 -6.338817 -0.0 1e-06 -18.123419 3.648181 -4.905662 -4e-06 0.0 -2e-06 11.991691 12.53119 15.746221 54.014259 20.266047 10.299611 0.287051 36.45591 0.188817 -4.353146 1.872239 2.079693 2.24354 -5.255033 -3.180156 14.282877 -0.826594 6.952496 -0.0 -12.690593 -1e-06 15.93538 -17.721863 2.469219 1.665665 -1.95592 -2.878297 4.727794 -4.170584 4.993919 11.020511 1e-06 -0.0 12.109032 -3.735715 -2.866778 0.0 -0.0 0.0 1.291985 -1.928548 -1.498088 14.800115 0.567467 3.865604 14.242553 -1.341738 -6.660648 19.631935 0.143921 -0.648243 49.201462 -0.80023 -6.486958 0.353029 -1.51115 -0.03194 20.222769 3.684305 2.316629 18.787249 1e-06 -1e-06 10.751608 -0.47987 1.397903 0.0 -0.0 0.0 3.273804 0.305947 -0.58011 21.48679 11.830364 2.266131 8.162915 0.0 -0.0 18.399052 -3.798986 -4.940567 3e-06 0.0 -1e-06 6.137679 0.307537 -25.059727 0.268891 0.436352 26.222883 3.392423 11.637767 11.338971 1.776886 -2.076929 -5.326869 0.0 -0.0 2e-06 9.479295 0.77038 13.295094 -0.081998 0.093619 2.445802 -3.97523 -3.354848 -8.560878 -1.444252 0.972224 -0.486686 0.0 -0.0 -1e-06 
0.0 0.0 0.0 0.0 -0.0 0.0 2.509785 97.273483 117.048325 -5.345517 2.107963 -4.197108 4.842309 0.314294 2.265267 0.288649 1.840294 -3.877924 0.72395 -0.332464 9.209356 -0.228181 2.649535 1.915905 -0.653302 -0.42776 -3.460257 -0.001863 -1.592587 -10.807274 7.7e-05 -2.2e-05 6e-06 0.036186 0.117822 0.063064 0.700446 -3.644501 -10.592735 -0.636046 3.881895 -10.610159 -13.307915 -1.834363 17.293179 -65.019951 -4.255013 30.509987 0.086235 -13.096634 -0.022601 3.45513 -2.769207 -3.9469 -5.882102 9.861279 0.70259 -10.936861 -0.360574 7.156197 0.0 8.774815 -0.0 -16.448008 18.000999 5.924946 -1.844031 2.498503 -2.507276 -10.16359 4.678941 4.621104 -20.975996 -1e-06 1e-06 -21.226254 2.451698 -3.593995 0.0 -6e-06 -0.0 -1.362681 2.240797 -0.746323 -21.334892 0.58491 3.008319 -13.821196 -1e-06 1e-06 -23.887129 -0.249075 -0.839485 -60.657421 2.519987 -0.933931 -0.294025 1.679686 0.833255 -14.218195 0.093215 1.300579 -34.212002 -0.287561 0.967166 -20.033176 0.964536 1.212838 0.0 -0.0 0.0 -3.440387 0.788233 0.501655 -15.928172 -3.167306 2.999703 -6.338817 -0.0 1e-06 -18.123419 3.648181 -4.905662 -4e-06 0.0 -2e-06 11.001427 13.058775 15.521897 53.914524 21.760841 9.987935 0.376479 38.706902 0.296472 -4.588871 1.693373 2.429776 2.24354 -5.255033 -3.180156 14.282877 -0.826594 6.952496 -0.0 -12.690593 -1e-06 15.960628 -17.683994 2.478901 1.665665 -1.95592 -2.878297 4.727794 -4.170584 4.993919 11.020511 1e-06 -0.0 12.109032 -3.735715 -2.866778 0.0 -0.0 0.0 1.291985 -1.928548 -1.498088 14.800115 0.567467 3.865604 14.242553 -1.341738 -6.660648 19.631935 0.143921 -0.648243 49.431767 -0.978 -6.478096 0.353029 -1.51115 -0.03194 20.222769 3.684305 2.316629 18.787249 1e-06 -1e-06 10.751608 -0.47987 1.397903 0.0 -0.0 0.0 3.273804 0.305947 -0.58011 21.48679 11.830364 2.266131 8.162915 0.0 -0.0 18.399052 -3.798986 -4.940567 3e-06 0.0 -1e-06 6.956309 0.936954 -24.262684 0.08201 0.35471 12.157901 1.804753 10.09289 11.62797 1.705211 -2.071119 -4.792653 0.0 -0.0 2e-06 9.882151 0.288752 15.757479 -0.083626 -0.038392 2.270393 -3.744745 -2.255664 -9.648238 -1.459787 0.937057 -1.358063 0.0 -0.0 -1e-06 
0.0 0.0 0.0 0.0 -0.0 0.0 3.030135 96.547806 121.558174 -5.776201 1.174933 -3.486524 5.049342 0.226145 1.84209 0.349946 2.001453 -4.080081 1.053284 -0.342218 9.196592 -0.779562 2.8697 1.821921 -0.628135 -0.249416 -3.475842 0.016794 -1.253871 -10.797239 7.7e-05 -2.2e-05 6e-06 0.030407 0.103486 0.072173 0.694252 -3.670475 -10.637837 -0.642141 3.878824 -10.643177 -13.7088 -1.084934 17.240641 -65.47934 -2.097706 29.586437 0.151434 -12.35191 -0.057057 3.12488 -2.74309 -4.169537 -5.882102 9.861279 0.70259 -10.936861 -0.360574 7.156197 0.0 8.774815 -0.0 -16.450478 18.148869 6.006793 -1.844031 2.498503 -2.507276 -10.16359 4.678941 4.621104 -20.975996 -1e-06 1e-06 -21.226254 2.451698 -3.593995 0.0 -6e-06 -0.0 -1.362681 2.240797 -0.746323 -21.334892 0.58491 3.008319 -13.821196 -1e-06 1e-06 -23.887129 -0.249075 -0.839485 -60.811306 2.509755 -0.906305 -0.294025 1.679686 0.833255 -14.218195 0.093215 1.300579 -34.212002 -0.287561 0.967166 -20.033176 0.964536 1.212838 0.0 -0.0 0.0 -3.440387 0.788233 0.501655 -15.928172 -3.167306 2.999703 -6.338817 -0.0 1e-06 -18.123419 3.648181 -4.905662 -4e-06 0.0 -2e-06 10.776378 13.414107 15.482482 53.587318 22.977898 9.744347 0.376971 40.402149 0.392388 -4.876495 1.530725 2.434789 2.24354 -5.255033 -3.180156 14.282877 -0.826594 6.952496 -0.0 -12.690593 -1e-06 15.78051 -17.701344 2.595636 1.665665 -1.95592 -2.878297 4.727794 -4.170584 4.993919 11.020511 1e-06 -0.0 12.109032 -3.735715 -2.866778 0.0 -0.0 0.0 1.291985 -1.928548 -1.498088 14.800115 0.567467 3.865604 14.242553 -1.341738 -6.660648 19.631935 0.143921 -0.648243 49.503227 -1.027018 -6.448534 0.353029 -1.51115 -0.03194 20.222769 3.684305 2.316629 18.787249 1e-06 -1e-06 10.751608 -0.47987 1.397903 0.0 -0.0 0.0 3.273804 0.305947 -0.58011 21.48679 11.830364 2.266131 8.162915 0.0 -0.0 18.399052 -3.798986 -4.940567 3e-06 0.0 -1e-06 7.416678 1.173881 -23.674431 -0.048796 0.199249 0.899396 -0.846268 9.062134 10.171946 1.617403 -2.098414 -4.781216 0.0 -0.0 2e-06 9.719384 -0.155192 17.864365 -0.047628 -0.158144 2.586498 -3.225571 -0.916249 -10.183718 -1.454842 0.864731 -2.496267 0.0 -0.0 -1e-06 
0.0 0.0 0.0 0.0 -0.0 0.0 3.69427 95.925911 126.127151 -5.440441 0.522725 -2.681955 4.759629 0.205175 1.346385 0.328504 2.095548 -4.296098 1.045141 -0.343859 9.281153 -1.073798 2.903334 1.441087 -0.529239 -0.154242 -3.472368 0.116374 -1.019797 -10.717484 7.7e-05 -2.2e-05 6e-06 0.019351 0.058062 0.075245 0.673759 -3.707825 -10.607354 -0.64409 3.825247 -10.603623 -14.619879 -0.661279 17.104149 -65.242531 -0.538266 29.111629 0.157351 -11.186171 -0.059716 2.729923 -2.571544 -4.48757 -5.882102 9.861279 0.70259 -10.936861 -0.360574 7.156197 0.0 8.774815 -0.0 -16.477404 18.122478 6.013177 -1.844031 2.498503 -2.507276 -10.16359 4.678941 4.621104 -20.975996 -1e-06 1e-06 -21.226254 2.451698 -3.593995 0.0 -6e-06 -0.0 -1.362681 2.240797 -0.746323 -21.334892 0.58491 3.008319 -13.821196 -1e-06 1e-06 -23.887129 -0.249075 -0.839485 -60.966816 2.439389 -0.879475 -0.294025 1.679686 0.833255 -14.218195 0.093215 1.300579 -34.212002 -0.287561 0.967166 -20.033176 0.964536 1.212838 0.0 -0.0 0.0 -3.440387 0.788233 0.501655 -15.928172 -3.167306 2.999703 -6.338817 -0.0 1e-06 -18.123419 3.648181 -4.905662 -4e-06 0.0 -2e-06 11.200618 13.369626 15.449861 53.365368 23.679239 9.566079 0.307178 41.561279 0.476887 -5.363936 1.732543 2.204151 2.24354 -5.255033 -3.180156 14.282877 -0.826594 6.952496 -0.0 -12.690593 -1e-06 15.675794 -17.802614 2.687332 1.665665 -1.95592 -2.878297 4.727794 -4.170584 4.993919 11.020511 1e-06 -0.0 12.109032 -3.735715 -2.866778 0.0 -0.0 0.0 1.291985 -1.928548 -1.498088 14.800115 0.567467 3.865604 14.242553 -1.341738 -6.660648 19.631935 0.143921 -0.648243 49.543053 -0.970248 -6.433795 0.353029 -1.51115 -0.03194 20.222769 3.684305 2.316629 18.787249 1e-06 -1e-06 10.751608 -0.47987 1.397903 0.0 -0.0 0.0 3.273804 0.305947 -0.58011 21.48679 11.830364 2.266131 8.162915 0.0 -0.0 18.399052 -3.798986 -4.940567 3e-06 0.0 -1e-06 6.568599 1.636972 -24.573235 -0.06439 0.009036 -2.966579 -3.437741 9.018818 7.446434 1.554868 -2.136889 -5.01764 0.0 -0.0 2e-06 8.440622 -0.813119 19.344625 -0.051998 -0.211227 4.01311 -2.49231 0.740529 -10.267072 -1.43706 0.798691 -4.069056 0.0 -0.0 -1e-06 
0.0 0.0 0.0 0.0 -0.0 0.0 4.458455 95.530464 130.872421 -3.924389 0.316094 -1.816059 3.691852 0.283937 0.733008 0.186606 2.146084 -4.615518 0.45521 -0.379361 9.444598 -0.81697 2.794931 0.921203 -0.563827 -0.198087 -3.426532 0.302486 -1.120108 -10.436846 7.7e-05 -2.2e-05 6e-06 0.013497 0.042237 0.065456 0.676655 -3.718788 -10.608499 -0.657638 3.804161 -10.59972 -15.745978 -0.606344 17.049299 -64.304543 0.418961 28.856853 -0.036409 -9.896772 -0.023399 2.258151 -2.002139 -4.1994 -5.882102 9.861279 0.70259 -10.936861 -0.360574 7.156197 0.0 8.774815 -0.0 -16.602875 18.074734 5.982294 -1.844031 2.498503 -2.507276 -10.16359 4.678941 4.621104 -20.975996 -1e-06 1e-06 -21.226254 2.451698 -3.593995 0.0 -6e-06 -0.0 -1.362681 2.240797 -0.746323 -21.334892 0.58491 3.008319 -13.821196 -1e-06 1e-06 -23.887129 -0.249075 -0.839485 -60.997475 2.447183 -0.951414 -0.294025 1.679686 0.833255 -14.218195 0.093215 1.300579 -34.212002 -0.287561 0.967166 -20.033176 0.964536 1.212838 0.0 -0.0 0.0 -3.440387 0.788233 0.501655 -15.928172 -3.167306 2.999703 -6.338817 -0.0 1e-06 -18.123419 3.648181 -4.905662 -4e-06 0.0 -2e-06 12.166348 12.922997 15.44338 53.523239 23.561098 9.526532 0.132198 42.311031 0.46212 -5.92831 2.100856 1.393795 2.24354 -5.255033 -3.180156 14.282877 -0.826594 6.952496 -0.0 -12.690593 -1e-06 15.760744 -17.812824 2.699805 1.665665 -1.95592 -2.878297 4.727794 -4.170584 4.993919 11.020511 1e-06 -0.0 12.109032 -3.735715 -2.866778 0.0 -0.0 0.0 1.291985 -1.928548 -1.498088 14.800115 0.567467 3.865604 14.242553 -1.341738 -6.660648 19.631935 0.143921 -0.648243 49.590553 -0.989323 -6.451426 0.353029 -1.51115 -0.03194 20.222769 3.684305 2.316629 18.787249 1e-06 -1e-06 10.751608 -0.47987 1.397903 0.0 -0.0 0.0 3.273804 0.305947 -0.58011 21.48679 11.830364 2.266131 8.162915 0.0 -0.0 18.399052 -3.798986 -4.940567 3e-06 0.0 -1e-06 4.127366 1.858131 -24.545126 -0.063972 -0.098678 -3.041119 -4.121819 9.060245 7.154258 1.589274 -2.17727 -5.475322 0.0 -0.0 2e-06 5.768042 -1.625297 19.60601 -0.089126 -0.097942 7.585842 -1.476774 2.144237 -9.651409 -1.436021 0.814674 -6.614948 0.0 -0.0 -1e-06 
0.0 0.0 0.0 0.0 -0.0 0.0 5.298282 95.420525 135.834122 -1.019727 0.516631 -0.60647 1.719119 0.31194 -0.273749 -0.100621 2.318811 -5.045376 -0.808713 -0.335659 9.590676 0.083631 2.568703 0.317215 -0.658922 -0.080158 -3.485306 0.340282 -1.579782 -9.589071 7.7e-05 -2.2e-05 6e-06 0.011984 0.030371 0.047601 0.676057 -3.721344 -10.592665 -0.658319 3.781112 -10.57264 -16.957724 -0.789303 16.858934 -62.756542 1.12048 28.642225 -0.190398 -8.648166 0.021286 1.371662 -1.138569 -3.538818 -5.882102 9.861279 0.70259 -10.936861 -0.360574 7.156197 0.0 8.774815 -0.0 -16.546122 17.891344 6.024188 -1.844031 2.498503 -2.507276 -10.16359 4.678941 4.621104 -20.975996 -1e-06 1e-06 -21.226254 2.451698 -3.593995 0.0 -6e-06 -0.0 -1.362681 2.240797 -0.746323 -21.334892 0.58491 3.008319 -13.821196 -1e-06 1e-06 -23.887129 -0.249075 -0.839485 -61.173531 2.412351 -0.982567 -0.294025 1.679686 0.833255 -14.218195 0.093215 1.300579 -34.212002 -0.287561 0.967166 -20.033176 0.964536 1.212838 0.0 -0.0 0.0 -3.440387 0.788233 0.501655 -15.928172 -3.167306 2.999703 -6.338817 -0.0 1e-06 -18.123419 3.648181 -4.905662 -4e-06 0.0 -2e-06 13.993707 12.174784 15.50517 53.558083 22.329193 9.801005 0.026383 42.39983 0.32987 -6.602477 2.564225 0.394426 2.24354 -5.255033 -3.180156 14.282877 -0.826594 6.952496 -0.0 -12.690593 -1e-06 15.841481 -17.70155 2.668917 1.665665 -1.95592 -2.878297 4.727794 -4.170584 4.993919 11.020511 1e-06 -0.0 12.109032 -3.735715 -2.866778 0.0 -0.0 0.0 1.291985 -1.928548 -1.498088 14.800115 0.567467 3.865604 14.242553 -1.341738 -6.660648 19.631935 0.143921 -0.648243 49.683201 -0.915577 -6.391524 0.353029 -1.51115 -0.03194 20.222769 3.684305 2.316629 18.787249 1e-06 -1e-06 10.751608 -0.47987 1.397903 0.0 -0.0 0.0 3.273804 0.305947 -0.58011 21.48679 11.830364 2.266131 8.162915 0.0 -0.0 18.399052 -3.798986 -4.940567 3e-06 0.0 -1e-06 0.333757 1.013834 -24.269142 -0.06148 -0.053347 -1.382989 -2.34338 8.818607 12.052731 1.718976 -2.106037 -5.987716 0.0 -0.0 2e-06 1.356853 -2.722265 18.713432 -0.041863 0.040747 12.747376 -0.011701 3.771306 -8.107275 -1.465258 0.831896 -11.850146 0.0 -0.0 -1e-06 
0.0 0.0 0.0 0.0 -0.0 0.0 6.160911 95.621178 140.927704 1.908767 1.100422 0.15197 -0.050191 0.259021 -0.957597 -0.46657 2.511327 -5.391901 -2.293966 -0.293456 9.694927 1.017888 2.241807 -0.185514 -0.836733 -0.515558 -3.564738 0.621438 -2.123091 -9.237972 7.7e-05 -2.2e-05 6e-06 0.016635 -0.002853 0.015958 0.676798 -3.752604 -10.577433 -0.649344 3.745327 -10.570118 -17.543743 -1.243058 16.678049 -61.469765 1.193705 28.681505 -0.381574 -7.627964 0.058593 0.254937 -0.602373 -3.161629 -5.882102 9.861279 0.70259 -10.936861 -0.360574 7.156197 0.0 8.774815 -0.0 -16.409836 17.863739 6.023633 -1.844031 2.498503 -2.507276 -10.16359 4.678941 4.621104 -20.975996 -1e-06 1e-06 -21.226254 2.451698 -3.593995 0.0 -6e-06 -0.0 -1.362681 2.240797 -0.746323 -21.334892 0.58491 3.008319 -13.821196 -1e-06 1e-06 -23.887129 -0.249075 -0.839485 -61.059578 2.428462 -1.025267 -0.294025 1.679686 0.833255 -14.218195 0.093215 1.300579 -34.212002 -0.287561 0.967166 -20.033176 0.964536 1.212838 0.0 -0.0 0.0 -3.440387 0.788233 0.501655 -15.928172 -3.167306 2.999703 -6.338817 -0.0 1e-06 -18.123419 3.648181 -4.905662 -4e-06 0.0 -2e-06 15.384843 11.23503 15.414354 54.497883 20.449989 10.236024 0.154426 41.351627 0.369933 -7.215644 3.151458 0.089963 2.24354 -5.255033 -3.180156 14.282877 -0.826594 6.952496 -0.0 -12.690593 -1e-06 15.726589 -17.728905 2.787529 1.665665 -1.95592 -2.878297 4.727794 -4.170584 4.993919 11.020511 1e-06 -0.0 12.109032 -3.735715 -2.866778 0.0 -0.0 0.0 1.291985 -1.928548 -1.498088 14.800115 0.567467 3.865604 14.242553 -1.341738 -6.660648 19.631935 0.143921 -0.648243 49.850971 -0.870433 -6.357868 0.353029 -1.51115 -0.03194 20.222769 3.684305 2.316629 18.787249 1e-06 -1e-06 10.751608 -0.47987 1.397903 0.0 -0.0 0.0 3.273804 0.305947 -0.58011 21.48679 11.830364 2.266131 8.162915 0.0 -0.0 18.399052 -3.798986 -4.940567 3e-06 0.0 -1e-06 -3.199037 -0.603987 -24.381552 -0.005826 -0.005932 2.081535 -0.416711 8.429732 17.785772 1.753011 -2.057187 -4.757737 0.0 -0.0 2e-06 -3.08022 -4.199253 17.362246 -0.118804 0.266585 19.509134 1.442972 5.135673 -4.073057 -1.511282 0.831389 -19.411989 0.0 -0.0 -1e-06 
0.0 0.0 0.0 0.0 -0.0 0.0 6.98946 95.989594 146.027679 3.950773 2.101737 -0.112937 -0.961604 0.185699 -0.85315 -0.801777 2.594714 -5.382585 -3.71698 -0.130424 9.61091 1.925658 1.903892 -0.060689 -1.153823 -1.213308 -3.544736 0.95798 -2.691 -9.898957 7.7e-05 -2.2e-05 6e-06 0.024237 0.011501 0.024046 0.703267 -3.724624 -10.531125 -0.662062 3.743544 -10.51754 -16.52268 -1.902219 16.901272 -61.674831 -0.109346 28.782827 -0.336214 -7.012237 0.04092 -0.515033 0.14181 -2.616008 -5.882102 9.861279 0.70259 -10.936861 -0.360574 7.156197 0.0 8.774815 -0.0 -16.484821 17.886789 5.866747 -1.844031 2.498503 -2.507276 -10.16359 4.678941 4.621104 -20.975996 -1e-06 1e-06 -21.226254 2.451698 -3.593995 0.0 -6e-06 -0.0 -1.362681 2.240797 -0.746323 -21.334892 0.58491 3.008319 -13.821196 -1e-06 1e-06 -23.887129 -0.249075 -0.839485 -60.997032 2.431359 -1.238214 -0.294025 1.679686 0.833255 -14.218195 0.093215 1.300579 -34.212002 -0.287561 0.967166 -20.033176 0.964536 1.212838 0.0 -0.0 0.0 -3.440387 0.788233 0.501655 -15.928172 -3.167306 2.999703 -6.338817 -0.0 1e-06 -18.123419 3.648181 -4.905662 -4e-06 0.0 -2e-06 15.095606 10.482952 15.787325 57.446148 18.676558 10.569935 0.028915 38.742176 0.288403 -7.61027 3.311101 -0.262147 2.24354 -5.255033 -3.180156 14.282877 -0.826594 6.952496 -0.0 -12.690593 -1e-06 15.805884 -17.703251 2.800999 1.665665 -1.95592 -2.878297 4.727794 -4.170584 4.993919 11.020511 1e-06 -0.0 12.109032 -3.735715 -2.866778 0.0 -0.0 0.0 1.291985 -1.928548 -1.498088 14.800115 0.567467 3.865604 14.242553 -1.341738 -6.660648 19.631935 0.143921 -0.648243 49.955002 -0.79506 -6.315506 0.353029 -1.51115 -0.03194 20.222769 3.684305 2.316629 18.787249 1e-06 -1e-06 10.751608 -0.47987 1.397903 0.0 -0.0 0.0 3.273804 0.305947 -0.58011 21.48679 11.830364 2.266131 8.162915 0.0 -0.0 18.399052 -3.798986 -4.940567 3e-06 0.0 -1e-06 -5.762269 -2.215923 -23.94883 -0.053492 -0.079151 7.870292 1.036112 8.37377 16.552439 1.684801 -2.049277 -2.39218 0.0 -0.0 2e-06 -6.398859 -5.436485 15.235355 -0.08344 0.411082 28.631107 2.482918 5.739688 3.894622 -1.567003 0.748865 -27.562862 0.0 -0.0 -1e-06 
0.0 0.0 0.0 0.0 -0.0 0.0 7.760084 96.603981 151.027969 5.059767 2.69766 -1.102538 -1.38812 0.128123 -0.289513 -1.007241 2.587097 -5.053811 -4.311344 0.030932 9.518136 2.062896 1.636651 0.228989 -1.403228 -1.713822 -3.467836 1.229578 -3.154418 -10.472401 7.7e-05 -2.2e-05 6e-06 0.018848 0.003994 0.040642 0.6973 -3.731589 -10.49249 -0.668389 3.734379 -10.478727 -15.688502 -2.327239 17.062601 -62.040985 -2.144488 28.408312 -0.010956 -7.38799 0.025402 -0.516669 0.350392 -1.807328 -5.882102 9.861279 0.70259 -10.936861 -0.360574 7.156197 0.0 8.774815 -0.0 -16.658457 17.85865 5.688425 -1.844031 2.498503 -2.507276 -10.16359 4.678941 4.621104 -20.975996 -1e-06 1e-06 -21.226254 2.451698 -3.593995 0.0 -6e-06 -0.0 -1.362681 2.240797 -0.746323 -21.334892 0.58491 3.008319 -13.821196 -1e-06 1e-06 -23.887129 -0.249075 -0.839485 -60.755257 2.519991 -1.563006 -0.294025 1.679686 0.833255 -14.218195 0.093215 1.300579 -34.212002 -0.287561 0.967166 -20.033176 0.964536 1.212838 0.0 -0.0 0.0 -3.440387 0.788233 0.501655 -15.928172 -3.167306 2.999703 -6.338817 -0.0 1e-06 -18.123419 3.648181 -4.905662 -4e-06 0.0 -2e-06 14.253151 10.229393 16.331179 60.18605 17.08868 11.621635 -0.001944 35.199921 0.2561 -7.300545 2.958942 -0.332484 2.24354 -5.255033 -3.180156 14.282877 -0.826594 6.952496 -0.0 -12.690593 -1e-06 16.016521 -17.732962 2.708508 1.665665 -1.95592 -2.878297 4.727794 -4.170584 4.993919 11.020511 1e-06 -0.0 12.109032 -3.735715 -2.866778 0.0 -0.0 0.0 1.291985 -1.928548 -1.498088 14.800115 0.567467 3.865604 14.242553 -1.341738 -6.660648 19.631935 0.143921 -0.648243 50.041435 -0.662195 -6.477287 0.353029 -1.51115 -0.03194 20.222769 3.684305 2.316629 18.787249 1e-06 -1e-06 10.751608 -0.47987 1.397903 0.0 -0.0 0.0 3.273804 0.305947 -0.58011 21.48679 11.830364 2.266131 8.162915 0.0 -0.0 18.399052 -3.798986 -4.940567 3e-06 0.0 -1e-06 -7.565124 -2.800315 -21.981739 -0.094949 -0.107783 12.93792 1.784464 8.140811 10.711119 1.649205 -2.085794 -1.602311 0.0 -0.0 2e-06 -8.660029 -6.099154 11.644864 -0.033715 0.572022 39.943516 3.897046 4.807376 13.649507 -1.476448 0.651536 -26.823193 0.0 -0.0 -1e-06 
0.0 0.0 0.0 0.0 -0.0 0.0 8.480707 97.171295 155.716202 5.690195 2.56578 -2.064815 -1.69903 0.093341 0.296065 -1.086729 2.588713 -4.802956 -4.473554 0.004735 9.584589 1.803398 1.780408 0.378195 -1.410018 -1.90798 -3.453311 1.362173 -3.453972 -10.601097 7.7e-05 -2.2e-05 6e-06 0.027763 0.054616 0.071822 0.686279 -3.685658 -10.470659 -0.641098 3.789869 -10.450741 -15.938975 -2.354042 17.032148 -61.317013 -4.351635 27.955683 0.245447 -8.84694 0.009187 0.296212 -0.094515 -1.864659 -5.882102 9.861279 0.70259 -10.936861 -0.360574 7.156197 0.0 8.774815 -0.0 -16.884789 17.87044 5.561556 -1.844031 2.498503 -2.507276 -10.16359 4.678941 4.621104 -20.975996 -1e-06 1e-06 -21.226254 2.451698 -3.593995 0.0 -6e-06 -0.0 -1.362681 2.240797 -0.746323 -21.334892 0.58491 3.008319 -13.821196 -1e-06 1e-06 -23.887129 -0.249075 -0.839485 -60.701557 2.486361 -1.658082 -0.294025 1.679686 0.833255 -14.218195 0.093215 1.300579 -34.212002 -0.287561 0.967166 -20.033176 0.964536 1.212838 0.0 -0.0 0.0 -3.440387 0.788233 0.501655 -15.928172 -3.167306 2.999703 -6.338817 -0.0 1e-06 -18.123419 3.648181 -4.905662 -4e-06 0.0 -2e-06 14.379935 10.255982 16.939775 61.095421 15.770271 13.94151 -0.037062 31.619326 0.157037 -5.811181 2.617544 0.224917 2.24354 -5.255033 -3.180156 14.282877 -0.826594 6.952496 -0.0 -12.690593 -1e-06 16.19824 -17.643833 2.568752 1.665665 -1.95592 -2.878297 4.727794 -4.170584 4.993919 11.020511 1e-06 -0.0 12.109032 -3.735715 -2.866778 0.0 -0.0 0.0 1.291985 -1.928548 -1.498088 14.800115 0.567467 3.865604 14.242553 -1.341738 -6.660648 19.631935 0.143921 -0.648243 49.947441 -0.569778 -6.469577 0.353029 -1.51115 -0.03194 20.222769 3.684305 2.316629 18.787249 1e-06 -1e-06 10.751608 -0.47987 1.397903 0.0 -0.0 0.0 3.273804 0.305947 -0.58011 21.48679 11.830364 2.266131 8.162915 0.0 -0.0 18.399052 -3.798986 -4.940567 3e-06 0.0 -1e-06 -8.785616 -2.440543 -18.482294 -0.065923 -0.014505 14.605709 2.09454 7.843786 6.062744 1.654857 -2.107994 -1.688026 0.0 -0.0 2e-06 -10.098884 -6.068031 6.716755 0.044566 0.606078 51.096069 5.057033 2.099238 21.780584 -1.144047 0.745475 -11.595494 0.0 -0.0 -1e-06 
0.0 0.0 0.0 0.0 -0.0 0.0 9.073792 97.741043 160.059158 6.228173 2.187067 -2.685638 -2.12478 0.09898 0.714232 -1.181548 2.416503 -4.642045 -4.421213 -0.112461 9.770169 1.562834 1.959571 0.373019 -1.334178 -1.850131 -3.44337 1.437131 -3.401747 -10.911046 7.7e-05 -2.2e-05 6e-06 0.032436 0.072022 0.098545 0.689264 -3.668976 -10.452801 -0.635386 3.809881 -10.421455 -16.806763 -2.337414 16.576395 -59.681217 -6.695345 28.487677 0.358276 -10.689507 -0.006765 1.631269 -1.010664 -2.590224 -5.882102 9.861279 0.70259 -10.936861 -0.360574 7.156197 0.0 8.774815 -0.0 -16.96381 18.092762 5.497465 -1.844031 2.498503 -2.507276 -10.16359 4.678941 4.621104 -20.975996 -1e-06 1e-06 -21.226254 2.451698 -3.593995 0.0 -6e-06 -0.0 -1.362681 2.240797 -0.746323 -21.334892 0.58491 3.008319 -13.821196 -1e-06 1e-06 -23.887129 -0.249075 -0.839485 -60.664032 2.481695 -1.72045 -0.294025 1.679686 0.833255 -14.218195 0.093215 1.300579 -34.212002 -0.287561 0.967166 -20.033176 0.964536 1.212838 0.0 -0.0 0.0 -3.440387 0.788233 0.501655 -15.928172 -3.167306 2.999703 -6.338817 -0.0 1e-06 -18.123419 3.648181 -4.905662 -4e-06 0.0 -2e-06 15.386971 10.170069 17.346882 60.676949 14.590917 16.950531 0.144398 28.143085 0.1224 -4.261568 2.602682 1.421777 2.24354 -5.255033 -3.180156 14.282877 -0.826594 6.952496 -0.0 -12.690593 -1e-06 16.333128 -17.629271 2.378136 1.665665 -1.95592 -2.878297 4.727794 -4.170584 4.993919 11.020511 1e-06 -0.0 12.109032 -3.735715 -2.866778 0.0 -0.0 0.0 1.291985 -1.928548 -1.498088 14.800115 0.567467 3.865604 14.242553 -1.341738 -6.660648 19.631935 0.143921 -0.648243 49.992424 -0.624232 -6.500748 0.353029 -1.51115 -0.03194 20.222769 3.684305 2.316629 18.787249 1e-06 -1e-06 10.751608 -0.47987 1.397903 0.0 -0.0 0.0 3.273804 0.305947 -0.58011 21.48679 11.830364 2.266131 8.162915 0.0 -0.0 18.399052 -3.798986 -4.940567 3e-06 0.0 -1e-06 -9.780438 -2.099071 -14.784326 0.055053 0.095365 14.570636 2.309982 7.990788 2.994667 1.630943 -2.107887 -1.461074 0.0 -0.0 2e-06 -10.997476 -6.153251 1.147166 0.05114 0.36612 60.416584 2.711457 -0.648013 21.339539 -1.174017 0.845869 -5.713011 0.0 -0.0 -1e-06 
0.0 0.0 0.0 0.0 -0.0 0.0 9.519342 98.379356 164.210236 6.218386 1.965259 -3.247047 -2.330539 0.00672 1.107146 -1.210028 2.125134 -4.488104 -4.154595 -0.34645 10.059166 1.481304 2.099709 0.339513 -1.376292 -1.78312 -3.440048 1.470929 -3.21658 -11.49967 7.7e-05 -2.2e-05 6e-06 0.028598 0.047217 0.097712 0.697938 -3.698078 -10.469214 -0.651024 3.791787 -10.434566 -17.340452 -2.504257 16.134495 -58.103729 -9.745056 29.226582 0.230704 -12.320513 -0.00271 3.361233 -1.859808 -2.534142 -5.882102 9.861279 0.70259 -10.936861 -0.360574 7.156197 0.0 8.774815 -0.0 -16.847595 18.335922 5.538843 -1.844031 2.498503 -2.507276 -10.16359 4.678941 4.621104 -20.975996 -1e-06 1e-06 -21.226254 2.451698 -3.593995 0.0 -6e-06 -0.0 -1.362681 2.240797 -0.746323 -21.334892 0.58491 3.008319 -13.821196 -1e-06 1e-06 -23.887129 -0.249075 -0.839485 -60.652096 2.482703 -1.658634 -0.294025 1.679686 0.833255 -14.218195 0.093215 1.300579 -34.212002 -0.287561 0.967166 -20.033176 0.964536 1.212838 0.0 -0.0 0.0 -3.440387 0.788233 0.501655 -15.928172 -3.167306 2.999703 -6.338817 -0.0 1e-06 -18.123419 3.648181 -4.905662 -4e-06 0.0 -2e-06 16.225916 9.988976 17.629032 60.41753 13.544407 19.519499 0.262121 24.680948 0.055075 -3.75559 2.232115 2.69473 2.24354 -5.255033 -3.180156 14.282877 -0.826594 6.952496 -0.0 -12.690593 -1e-06 16.371956 -17.587143 2.238497 1.665665 -1.95592 -2.878297 4.727794 -4.170584 4.993919 11.020511 1e-06 -0.0 12.109032 -3.735715 -2.866778 0.0 -0.0 0.0 1.291985 -1.928548 -1.498088 14.800115 0.567467 3.865604 14.242553 -1.341738 -6.660648 19.631935 0.143921 -0.648243 50.169907 -0.609277 -6.462132 0.353029 -1.51115 -0.03194 20.222769 3.684305 2.316629 18.787249 1e-06 -1e-06 10.751608 -0.47987 1.397903 0.0 -0.0 0.0 3.273804 0.305947 -0.58011 21.48679 11.830364 2.266131 8.162915 0.0 -0.0 18.399052 -3.798986 -4.940567 3e-06 0.0 -1e-06 -10.090882 -1.997498 -10.353053 0.113968 0.077947 12.59025 2.491172 8.372475 1.087623 1.614077 -2.128557 -1.245918 0.0 -0.0 2e-06 -10.757061 -6.496477 -4.516559 0.027441 0.046897 66.470901 -0.649593 -3.389843 16.602795 -1.307547 0.873937 -4.926554 0.0 -0.0 -1e-06 
0.0 0.0 0.0 0.0 -0.0 0.0 9.853927 99.015877 168.407135 5.503198 2.136982 -3.914508 -2.248814 -0.130963 1.617995 -1.129513 1.673959 -4.286292 -3.609479 -0.851355 10.201568 1.507482 2.227896 0.590511 -1.371856 -1.64771 -3.431228 1.402225 -2.904061 -11.950588 7.7e-05 -2.2e-05 6e-06 0.021293 0.02786 0.095098 0.702821 -3.719633 -10.493448 -0.669096 3.776916 -10.458247 -16.755562 -3.102998 15.938846 -57.556442 -13.267729 29.52951 -0.068172 -13.699398 0.022845 5.007361 -2.216983 -1.774077 -5.882102 9.861279 0.70259 -10.936861 -0.360574 7.156197 0.0 8.774815 -0.0 -16.543764 18.483309 5.742624 -1.844031 2.498503 -2.507276 -10.16359 4.678941 4.621104 -20.975996 -1e-06 1e-06 -21.226254 2.451698 -3.593995 0.0 -6e-06 -0.0 -1.362681 2.240797 -0.746323 -21.334892 0.58491 3.008319 -13.821196 -1e-06 1e-06 -23.887129 -0.249075 -0.839485 -60.589119 2.493041 -1.53191 -0.294025 1.679686 0.833255 -14.218195 0.093215 1.300579 -34.212002 -0.287561 0.967166 -20.033176 0.964536 1.212838 0.0 -0.0 0.0 -3.440387 0.788233 0.501655 -15.928172 -3.167306 2.999703 -6.338817 -0.0 1e-06 -18.123419 3.648181 -4.905662 -4e-06 0.0 -2e-06 16.179174 9.679478 17.90239 61.144722 12.509137 20.820391 0.286363 21.540674 0.001739 -3.919883 1.153823 3.86055 2.24354 -5.255033 -3.180156 14.282877 -0.826594 6.952496 -0.0 -12.690593 -1e-06 16.443794 -17.493328 2.136733 1.665665 -1.95592 -2.878297 4.727794 -4.170584 4.993919 11.020511 1e-06 -0.0 12.109032 -3.735715 -2.866778 0.0 -0.0 0.0 1.291985 -1.928548 -1.498088 14.800115 0.567467 3.865604 14.242553 -1.341738 -6.660648 19.631935 0.143921 -0.648243 50.186928 -0.512068 -6.438349 0.353029 -1.51115 -0.03194 20.222769 3.684305 2.316629 18.787249 1e-06 -1e-06 10.751608 -0.47987 1.397903 0.0 -0.0 0.0 3.273804 0.305947 -0.58011 21.48679 11.830364 2.266131 8.162915 0.0 -0.0 18.399052 -3.798986 -4.940567 3e-06 0.0 -1e-06 -9.592992 -2.016282 -5.194105 0.098661 -0.011865 9.392667 2.511447 8.454795 -0.210816 1.607998 -2.127591 -1.145019 0.0 -0.0 2e-06 -9.290604 -6.800022 -9.625466 0.023957 -0.178525 68.654984 -2.40399 -4.946492 12.495309 -1.376968 0.865757 -4.758697 0.0 -0.0 -1e-06 
0.0 0.0 0.0 0.0 -0.0 0.0 10.084504 99.507454 172.649353 4.347317 2.742656 -4.598317 -2.0566 -0.269541 2.166288 -0.986824 1.019643 -4.065491 -2.89276 -1.554645 10.176967 1.685187 2.181845 0.996043 -1.235718 -1.385554 -3.409487 1.267271 -2.485862 -12.079051 7.7e-05 -2.2e-05 6e-06 0.018571 0.032467 0.091389 0.706428 -3.716032 -10.525274 -0.676359 3.783319 -10.489299 -15.440787 -4.164625 15.908503 -57.401443 -16.558908 29.522509 -0.30426 -15.423001 0.033124 5.805264 -2.175728 -0.943395 -5.882102 9.861279 0.70259 -10.936861 -0.360574 7.156197 0.0 8.774815 -0.0 -16.107952 18.532894 6.031242 -1.844031 2.498503 -2.507276 -10.16359 4.678941 4.621104 -20.975996 -1e-06 1e-06 -21.226254 2.451698 -3.593995 0.0 -6e-06 -0.0 -1.362681 2.240797 -0.746323 -21.334892 0.58491 3.008319 -13.821196 -1e-06 1e-06 -23.887129 -0.249075 -0.839485 -60.525967 2.549657 -1.424585 -0.294025 1.679686 0.833255 -14.218195 0.093215 1.300579 -34.212002 -0.287561 0.967166 -20.033176 0.964536 1.212838 0.0 -0.0 0.0 -3.440387 0.788233 0.501655 -15.928172 -3.167306 2.999703 -6.338817 -0.0 1e-06 -18.123419 3.648181 -4.905662 -4e-06 0.0 -2e-06 15.902614 9.073094 18.088503 61.970299 10.965555 20.537653 0.359594 19.759441 0.02215 -3.975221 0.295495 4.352436 2.24354 -5.255033 -3.180156 14.282877 -0.826594 6.952496 -0.0 -12.690593 -1e-06 16.469406 -17.41223 2.094154 1.665665 -1.95592 -2.878297 4.727794 -4.170584 4.993919 11.020511 1e-06 -0.0 12.109032 -3.735715 -2.866778 0.0 -0.0 0.0 1.291985 -1.928548 -1.498088 14.800115 0.567467 3.865604 14.242553 -1.341738 -6.660648 19.631935 0.143921 -0.648243 49.987614 -0.418738 -6.44683 0.353029 -1.51115 -0.03194 20.222769 3.684305 2.316629 18.787249 1e-06 -1e-06 10.751608 -0.47987 1.397903 0.0 -0.0 0.0 3.273804 0.305947 -0.58011 21.48679 11.830364 2.266131 8.162915 0.0 -0.0 18.399052 -3.798986 -4.940567 3e-06 0.0 -1e-06 -8.553379 -2.192515 0.209569 0.069935 -0.093684 5.838345 2.380359 8.15472 -1.237253 1.609069 -2.094375 -1.108456 0.0 -0.0 2e-06 -7.166784 -7.048702 -13.927801 0.005253 -0.339882 67.282677 -2.735453 -5.412611 9.102088 -1.384422 0.828393 -4.787209 0.0 -0.0 -1e-06 
0.0 0.0 0.0 0.0 -0.0 0.0 10.206416 99.732849 176.76442 3.136088 3.630634 -5.015404 -1.913759 -0.365955 2.568322 -0.881709 0.27981 -3.898896 -2.16803 -2.367964 10.164754 2.146816 1.956972 1.219249 -1.053496 -1.022473 -3.417239 1.147183 -2.119687 -11.946382 7.7e-05 -2.2e-05 6e-06 0.022571 0.049363 0.076197 0.708781 -3.698196 -10.560122 -0.668887 3.798791 -10.52144 -14.032852 -5.462463 15.801121 -56.699852 -19.310354 29.270584 -0.46414 -17.999207 0.046164 5.770722 -2.094738 -0.591765 -5.882102 9.861279 0.70259 -10.936861 -0.360574 7.156197 0.0 8.774815 -0.0 -15.685718 18.561972 6.321 -1.844031 2.498503 -2.507276 -10.16359 4.678941 4.621104 -20.975996 -1e-06 1e-06 -21.226254 2.451698 -3.593995 0.0 -6e-06 -0.0 -1.362681 2.240797 -0.746323 -21.334892 0.58491 3.008319 -13.821196 -1e-06 1e-06 -23.887129 -0.249075 -0.839485 -60.515633 2.615114 -1.313251 -0.294025 1.679686 0.833255 -14.218195 0.093215 1.300579 -34.212002 -0.287561 0.967166 -20.033176 0.964536 1.212838 0.0 -0.0 0.0 -3.440387 0.788233 0.501655 -15.928172 -3.167306 2.999703 -6.338817 -0.0 1e-06 -18.123419 3.648181 -4.905662 -4e-06 0.0 -2e-06 16.178202 8.14185 18.13728 61.977009 8.874439 19.422386 0.384605 19.560947 0.057292 -3.672356 0.299409 3.717564 2.24354 -5.255033 -3.180156 14.282877 -0.826594 6.952496 -0.0 -12.690593 -1e-06 16.425966 -17.394363 2.141303 1.665665 -1.95592 -2.878297 4.727794 -4.170584 4.993919 11.020511 1e-06 -0.0 12.109032 -3.735715 -2.866778 0.0 -0.0 0.0 1.291985 -1.928548 -1.498088 14.800115 0.567467 3.865604 14.242553 -1.341738 -6.660648 19.631935 0.143921 -0.648243 49.804001 -0.385944 -6.4473 0.353029 -1.51115 -0.03194 20.222769 3.684305 2.316629 18.787249 1e-06 -1e-06 10.751608 -0.47987 1.397903 0.0 -0.0 0.0 3.273804 0.305947 -0.58011 21.48679 11.830364 2.266131 8.162915 0.0 -0.0 18.399052 -3.798986 -4.940567 3e-06 0.0 -1e-06 -7.365769 -2.579959 4.606998 0.058089 -0.102531 3.196715 2.166499 7.541618 -2.359092 1.624045 -2.033497 -1.0748 0.0 -0.0 2e-06 -5.002429 -7.141823 -17.718592 -0.069084 -0.453719 62.664604 -2.322835 -5.478374 6.484031 -1.390441 0.806151 -4.968452 0.0 -0.0 -1e-06 
0.0 0.0 0.0 0.0 -0.0 0.0 10.249238 99.642708 180.717926 2.341462 4.625278 -5.08983 -1.994553 -0.406401 2.789918 -0.886888 -0.46933 -3.787429 -1.644932 -3.102917 10.243014 2.927981 1.602875 1.192611 -0.940558 -0.645725 -3.464706 1.112561 -1.896409 -11.864423 7.7e-05 -2.2e-05 6e-06 0.02626 0.054675 0.060927 0.703161 -3.688929 -10.572668 -0.654735 3.800302 -10.527686 -12.670612 -6.837101 15.6222 -55.254101 -21.664227 28.764673 -0.591811 -21.321365 0.100069 5.621719 -2.002769 -1.035734 -5.882102 9.861279 0.70259 -10.936861 -0.360574 7.156197 0.0 8.774815 -0.0 -15.314139 18.561899 6.56626 -1.844031 2.498503 -2.507276 -10.16359 4.678941 4.621104 -20.975996 -1e-06 1e-06 -21.226254 2.451698 -3.593995 0.0 -6e-06 -0.0 -1.362681 2.240797 -0.746323 -21.334892 0.58491 3.008319 -13.821196 -1e-06 1e-06 -23.887129 -0.249075 -0.839485 -60.422298 2.692668 -1.187922 -0.294025 1.679686 0.833255 -14.218195 0.093215 1.300579 -34.212002 -0.287561 0.967166 -20.033176 0.964536 1.212838 0.0 -0.0 0.0 -3.440387 0.788233 0.501655 -15.928172 -3.167306 2.999703 -6.338817 -0.0 1e-06 -18.123419 3.648181 -4.905662 -4e-06 0.0 -2e-06 16.933008 6.998567 18.107038 61.417122 6.691267 18.317369 0.239285 20.170073 0.059152 -3.362788 0.808494 2.414118 2.24354 -5.255033 -3.180156 14.282877 -0.826594 6.952496 -0.0 -12.690593 -1e-06 16.415533 -17.439926 2.21031 1.665665 -1.95592 -2.878297 4.727794 -4.170584 4.993919 11.020511 1e-06 -0.0 12.109032 -3.735715 -2.866778 0.0 -0.0 0.0 1.291985 -1.928548 -1.498088 14.800115 0.567467 3.865604 14.242553 -1.341738 -6.660648 19.631935 0.143921 -0.648243 49.767296 -0.402947 -6.459936 0.353029 -1.51115 -0.03194 20.222769 3.684305 2.316629 18.787249 1e-06 -1e-06 10.751608 -0.47987 1.397903 0.0 -0.0 0.0 3.273804 0.305947 -0.58011 21.48679 11.830364 2.266131 8.162915 0.0 -0.0 18.399052 -3.798986 -4.940567 3e-06 0.0 -1e-06 -6.535822 -3.068746 7.920317 0.05217 -0.062302 1.967732 1.948918 6.826661 -4.126708 1.645633 -1.991972 -1.008115 0.0 -0.0 2e-06 -3.453579 -7.036166 -20.930004 -0.121668 -0.400422 54.921898 -1.45475 -5.591918 4.830466 -1.410146 0.82947 -5.235135 0.0 -0.0 -1e-06 
0.0 0.0 0.0 0.0 -0.0 0.0 10.275464 99.254272 184.649597 2.165387 5.538762 -4.95129 -2.340453 -0.434017 2.8811 -0.961093 -1.144793 -3.721845 -1.461987 -3.621705 10.427367 3.876207 1.190288 1.053582 -0.957546 -0.4168 -3.512644 1.142563 -1.773274 -11.972825 7.7e-05 -2.2e-05 6e-06 0.021862 0.045816 0.061269 0.683763 -3.696383 -10.565503 -0.643693 3.79087 -10.51808 -11.327408 -8.1009 15.475572 -53.409126 -23.816841 27.889269 -0.612933 -24.800293 0.177108 5.740249 -1.80672 -1.846223 -5.882102 9.861279 0.70259 -10.936861 -0.360574 7.156197 0.0 8.774815 -0.0 -15.08663 18.544876 6.704131 -1.844031 2.498503 -2.507276 -10.16359 4.678941 4.621104 -20.975996 -1e-06 1e-06 -21.226254 2.451698 -3.593995 0.0 -6e-06 -0.0 -1.362681 2.240797 -0.746323 -21.334892 0.58491 3.008319 -13.821196 -1e-06 1e-06 -23.887129 -0.249075 -0.839485 -60.24181 2.76292 -1.075705 -0.294025 1.679686 0.833255 -14.218195 0.093215 1.300579 -34.212002 -0.287561 0.967166 -20.033176 0.964536 1.212838 0.0 -0.0 0.0 -3.440387 0.788233 0.501655 -15.928172 -3.167306 2.999703 -6.338817 -0.0 1e-06 -18.123419 3.648181 -4.905662 -4e-06 0.0 -2e-06 17.703152 5.878691 18.029936 60.946716 4.792776 17.418018 -0.054049 20.763258 0.025713 -3.223632 1.272586 0.88958 2.24354 -5.255033 -3.180156 14.282877 -0.826594 6.952496 -0.0 -12.690593 -1e-06 16.452332 -17.500154 2.239529 1.665665 -1.95592 -2.878297 4.727794 -4.170584 4.993919 11.020511 1e-06 -0.0 12.109032 -3.735715 -2.866778 0.0 -0.0 0.0 1.291985 -1.928548 -1.498088 14.800115 0.567467 3.865604 14.242553 -1.341738 -6.660648 19.631935 0.143921 -0.648243 49.816093 -0.411487 -6.479362 0.353029 -1.51115 -0.03194 20.222769 3.684305 2.316629 18.787249 1e-06 -1e-06 10.751608 -0.47987 1.397903 0.0 -0.0 0.0 3.273804 0.305947 -0.58011 21.48679 11.830364 2.266131 8.162915 0.0 -0.0 18.399052 -3.798986 -4.940567 3e-06 0.0 -1e-06 -6.327545 -3.564015 10.554415 0.033329 -0.012944 1.717175 1.824547 6.272316 -6.289728 1.661514 -2.004748 -0.917927 0.0 -0.0 2e-06 -2.872808 -6.877497 -22.954908 -0.060979 -0.185252 44.233475 -0.713745 -5.931718 4.278022 -1.427113 0.875375 -5.352571 0.0 -0.0 -1e-06 
0.0 0.0 0.0 0.0 -0.0 0.0 10.325941 98.642235 188.718231 2.408477 6.301348 -4.724154 -2.770904 -0.485637 2.906003 -1.032276 -1.631681 -3.737533 -1.561514 -3.921006 10.662888 4.707484 0.800736 0.921627 -1.022058 -0.416127 -3.522664 1.179428 -1.694534 -12.162888 7.7e-05 -2.2e-05 6e-06 0.007679 0.026965 0.071725 0.660552 -3.718978 -10.577541 -0.648625 3.776407 -10.53813 -10.133024 -9.116396 15.469999 -51.579796 -25.858873 26.376064 -0.464915 -27.909546 0.19451 6.184445 -1.589798 -2.291622 -5.882102 9.861279 0.70259 -10.936861 -0.360574 7.156197 0.0 8.774815 -0.0 -15.009742 18.53694 6.726559 -1.844031 2.498503 -2.507276 -10.16359 4.678941 4.621104 -20.975996 -1e-06 1e-06 -21.226254 2.451698 -3.593995 0.0 -6e-06 -0.0 -1.362681 2.240797 -0.746323 -21.334892 0.58491 3.008319 -13.821196 -1e-06 1e-06 -23.887129 -0.249075 -0.839485 -60.17524 2.774894 -1.019522 -0.294025 1.679686 0.833255 -14.218195 0.093215 1.300579 -34.212002 -0.287561 0.967166 -20.033176 0.964536 1.212838 0.0 -0.0 0.0 -3.440387 0.788233 0.501655 -15.928172 -3.167306 2.999703 -6.338817 -0.0 1e-06 -18.123419 3.648181 -4.905662 -4e-06 0.0 -2e-06 18.138195 4.94321 17.935482 60.946453 3.250947 16.602491 -0.347016 20.927536 0.005893 -3.138885 1.506694 -0.554568 2.24354 -5.255033 -3.180156 14.282877 -0.826594 6.952496 -0.0 -12.690593 -1e-06 16.433014 -17.540085 2.288905 1.665665 -1.95592 -2.878297 4.727794 -4.170584 4.993919 11.020511 1e-06 -0.0 12.109032 -3.735715 -2.866778 0.0 -0.0 0.0 1.291985 -1.928548 -1.498088 14.800115 0.567467 3.865604 14.242553 -1.341738 -6.660648 19.631935 0.143921 -0.648243 49.908649 -0.424711 -6.452683 0.353029 -1.51115 -0.03194 20.222769 3.684305 2.316629 18.787249 1e-06 -1e-06 10.751608 -0.47987 1.397903 0.0 -0.0 0.0 3.273804 0.305947 -0.58011 21.48679 11.830364 2.266131 8.162915 0.0 -0.0 18.399052 -3.798986 -4.940567 3e-06 0.0 -1e-06 -6.536022 -3.97962 13.054541 0.005894 0.081465 1.752183 1.714335 5.923272 -8.437916 1.672395 -2.070419 -0.895884 0.0 -0.0 2e-06 -3.089752 -6.783942 -23.438841 0.068322 -0.001106 30.708883 -0.047385 -5.621421 5.134294 -1.449279 0.93884 -5.261703 0.0 -0.0 -1e-06 
0.0 0.0 0.0 0.0 -0.0 0.0 10.353549 97.847816 192.965393 3.011407 6.906591 -4.451199 -3.253732 -0.487238 2.854565 -1.126393 -1.87133 -3.839011 -1.841982 -4.105818 10.862713 5.295721 0.580163 0.892107 -1.043562 -0.559078 -3.493848 1.159883 -1.845185 -12.33629 7.7e-05 -2.2e-05 6e-06 -0.003393 0.030918 0.084331 0.656012 -3.715859 -10.609047 -0.666028 3.782304 -10.582035 -9.157136 -9.860611 15.523762 -50.117943 -27.612358 24.522676 -0.142263 -30.547222 0.068778 6.814994 -1.468783 -2.2067 -5.882102 9.861279 0.70259 -10.936861 -0.360574 7.156197 0.0 8.774815 -0.0 -15.033731 18.628996 6.761082 -1.844031 2.498503 -2.507276 -10.16359 4.678941 4.621104 -20.975996 -1e-06 1e-06 -21.226254 2.451698 -3.593995 0.0 -6e-06 -0.0 -1.362681 2.240797 -0.746323 -21.334892 0.58491 3.008319 -13.821196 -1e-06 1e-06 -23.887129 -0.249075 -0.839485 -60.270164 2.776606 -1.113167 -0.294025 1.679686 0.833255 -14.218195 0.093215 1.300579 -34.212002 -0.287561 0.967166 -20.033176 0.964536 1.212838 0.0 -0.0 0.0 -3.440387 0.788233 0.501655 -15.928172 -3.167306 2.999703 -6.338817 -0.0 1e-06 -18.123419 3.648181 -4.905662 -4e-06 0.0 -2e-06 18.261217 4.266252 17.941137 61.366394 1.9959 15.646888 -0.50322 20.627911 0.033105 -2.883838 1.626816 -1.368706 2.24354 -5.255033 -3.180156 14.282877 -0.826594 6.952496 -0.0 -12.690593 -1e-06 16.392878 -17.604767 2.401954 1.665665 -1.95592 -2.878297 4.727794 -4.170584 4.993919 11.020511 1e-06 -0.0 12.109032 -3.735715 -2.866778 0.0 -0.0 0.0 1.291985 -1.928548 -1.498088 14.800115 0.567467 3.865604 14.242553 -1.341738 -6.660648 19.631935 0.143921 -0.648243 50.137989 -0.46465 -6.389749 0.353029 -1.51115 -0.03194 20.222769 3.684305 2.316629 18.787249 1e-06 -1e-06 10.751608 -0.47987 1.397903 0.0 -0.0 0.0 3.273804 0.305947 -0.58011 21.48679 11.830364 2.266131 8.162915 0.0 -0.0 18.399052 -3.798986 -4.940567 3e-06 0.0 -1e-06 -7.002481 -4.120043 15.6646 -0.002947 0.202482 1.763123 1.490869 5.339982 -10.251739 1.685398 -2.146722 -1.144382 0.0 -0.0 2e-06 -3.932362 -6.540063 -22.486782 0.220355 0.017188 15.628139 1.216236 -4.569023 6.274791 -1.447497 1.004154 -5.203655 0.0 -0.0 -1e-06 
0.0 0.0 0.0 0.0 -0.0 0.0 10.305986 97.016541 197.405426 3.623491 7.269889 -3.944377 -3.539614 -0.448864 2.51581 -1.222694 -1.928905 -3.980489 -2.170245 -4.137429 10.960545 5.616592 0.491664 0.764912 -1.075134 -0.798568 -3.46301 1.042633 -2.180854 -12.147758 7.7e-05 -2.2e-05 6e-06 0.003044 0.040667 0.07368 0.669268 -3.708556 -10.650962 -0.666762 3.796539 -10.639344 -8.648099 -10.247853 15.2764 -48.939907 -28.737059 22.816046 0.214382 -32.89785 -0.011087 7.539899 -1.484704 -1.920794 -5.882102 9.861279 0.70259 -10.936861 -0.360574 7.156197 0.0 8.774815 -0.0 -15.128787 18.758732 6.775252 -1.844031 2.498503 -2.507276 -10.16359 4.678941 4.621104 -20.975996 -1e-06 1e-06 -21.226254 2.451698 -3.593995 0.0 -6e-06 -0.0 -1.362681 2.240797 -0.746323 -21.334892 0.58491 3.008319 -13.821196 -1e-06 1e-06 -23.887129 -0.249075 -0.839485 -60.358723 2.766035 -1.406767 -0.294025 1.679686 0.833255 -14.218195 0.093215 1.300579 -34.212002 -0.287561 0.967166 -20.033176 0.964536 1.212838 0.0 -0.0 0.0 -3.440387 0.788233 0.501655 -15.928172 -3.167306 2.999703 -6.338817 -0.0 1e-06 -18.123419 3.648181 -4.905662 -4e-06 0.0 -2e-06 18.512953 3.87666 17.843882 61.678474 0.604162 14.63652 -0.477357 20.108017 0.118378 -2.404234 1.474407 -1.578688 2.24354 -5.255033 -3.180156 14.282877 -0.826594 6.952496 -0.0 -12.690593 -1e-06 16.318569 -17.631008 2.481623 1.665665 -1.95592 -2.878297 4.727794 -4.170584 4.993919 11.020511 1e-06 -0.0 12.109032 -3.735715 -2.866778 0.0 -0.0 0.0 1.291985 -1.928548 -1.498088 14.800115 0.567467 3.865604 14.242553 -1.341738 -6.660648 19.631935 0.143921 -0.648243 50.128212 -0.566959 -6.414973 0.353029 -1.51115 -0.03194 20.222769 3.684305 2.316629 18.787249 1e-06 -1e-06 10.751608 -0.47987 1.397903 0.0 -0.0 0.0 3.273804 0.305947 -0.58011 21.48679 11.830364 2.266131 8.162915 0.0 -0.0 18.399052 -3.798986 -4.940567 3e-06 0.0 -1e-06 -7.248718 -3.904861 18.144466 -0.006242 0.324992 1.82523 1.199203 4.261422 -11.303111 1.741049 -2.116323 -1.678894 0.0 -0.0 2e-06 -4.869767 -5.645092 -21.536192 0.262496 0.034139 2.55191 2.918279 -4.255878 6.646848 -1.385954 1.086314 -5.058104 0.0 -0.0 -1e-06 
0.0 0.0 0.0 0.0 -0.0 0.0 10.141181 96.312569 201.88472 3.846517 7.278877 -3.425883 -3.458369 -0.343252 2.098523 -1.265643 -2.024245 -4.108257 -2.327267 -3.959734 10.958923 5.548986 0.584401 0.585316 -1.015605 -0.88157 -3.468123 0.851719 -2.225878 -11.815705 7.7e-05 -2.2e-05 6e-06 0.00833 0.025854 0.060875 0.660106 -3.720109 -10.661019 -0.646632 3.779824 -10.630518 -8.94383 -10.178261 14.925996 -47.811966 -29.136835 20.517792 0.098434 -35.163071 -0.000605 8.232228 -1.689547 -0.94114 -5.882102 9.861279 0.70259 -10.936861 -0.360574 7.156197 0.0 8.774815 -0.0 -15.22649 18.784567 6.806283 -1.844031 2.498503 -2.507276 -10.16359 4.678941 4.621104 -20.975996 -1e-06 1e-06 -21.226254 2.451698 -3.593995 0.0 -6e-06 -0.0 -1.362681 2.240797 -0.746323 -21.334892 0.58491 3.008319 -13.821196 -1e-06 1e-06 -23.887129 -0.249075 -0.839485 -60.562653 2.642683 -1.199026 -0.294025 1.679686 0.833255 -14.218195 0.093215 1.300579 -34.212002 -0.287561 0.967166 -20.033176 0.964536 1.212838 0.0 -0.0 0.0 -3.440387 0.788233 0.501655 -15.928172 -3.167306 2.999703 -6.338817 -0.0 1e-06 -18.123419 3.648181 -4.905662 -4e-06 0.0 -2e-06 19.114187 3.82991 17.733288 61.661644 -0.530945 13.371211 -0.368761 19.118044 0.137426 -1.772457 1.236624 -1.362985 2.24354 -5.255033 -3.180156 14.282877 -0.826594 6.952496 -0.0 -12.690593 -1e-06 16.214333 -17.543875 2.483875 1.665665 -1.95592 -2.878297 4.727794 -4.170584 4.993919 11.020511 1e-06 -0.0 12.109032 -3.735715 -2.866778 0.0 -0.0 0.0 1.291985 -1.928548 -1.498088 14.800115 0.567467 3.865604 14.242553 -1.341738 -6.660648 19.631935 0.143921 -0.648243 49.887634 -0.514036 -6.562368 0.353029 -1.51115 -0.03194 20.222769 3.684305 2.316629 18.787249 1e-06 -1e-06 10.751608 -0.47987 1.397903 0.0 -0.0 0.0 3.273804 0.305947 -0.58011 21.48679 11.830364 2.266131 8.162915 0.0 -0.0 18.399052 -3.798986 -4.940567 3e-06 0.0 -1e-06 -6.890607 -3.560213 20.324022 -0.083124 0.290081 2.411119 0.532094 3.266945 -11.250188 1.796773 -2.0638 -2.847872 0.0 -0.0 2e-06 -5.215841 -4.578165 -22.001751 0.117608 0.085244 -3.529567 4.734944 -4.532052 5.116635 -1.354594 1.088304 -4.976821 0.0 -0.0 -1e-06 
0.0 0.0 0.0 0.0 -0.0 0.0 9.851761 95.82785 206.51178 3.262226 7.110641 -2.937638 -2.847287 -0.228147 1.601493 -1.147582 -2.099928 -4.26664 -2.167544 -3.84218 10.955759 5.153851 0.791503 0.244658 -1.036487 -0.779287 -3.439315 0.696239 -2.256678 -11.624157 7.7e-05 -2.2e-05 6e-06 0.004647 0.001229 0.062779 0.66572 -3.741701 -10.632687 -0.659222 3.751465 -10.58484 -9.619658 -9.863627 14.780031 -47.227673 -28.922422 18.327267 -0.196566 -37.050377 0.138329 8.927626 -2.211757 0.074559 -5.882102 9.861279 0.70259 -10.936861 -0.360574 7.156197 0.0 8.774815 -0.0 -15.346544 18.661556 6.745782 -1.844031 2.498503 -2.507276 -10.16359 4.678941 4.621104 -20.975996 -1e-06 1e-06 -21.226254 2.451698 -3.593995 0.0 -6e-06 -0.0 -1.362681 2.240797 -0.746323 -21.334892 0.58491 3.008319 -13.821196 -1e-06 1e-06 -23.887129 -0.249075 -0.839485 -60.686554 2.533257 -0.917464 -0.294025 1.679686 0.833255 -14.218195 0.093215 1.300579 -34.212002 -0.287561 0.967166 -20.033176 0.964536 1.212838 0.0 -0.0 0.0 -3.440387 0.788233 0.501655 -15.928172 -3.167306 2.999703 -6.338817 -0.0 1e-06 -18.123419 3.648181 -4.905662 -4e-06 0.0 -2e-06 19.881918 4.090369 17.835623 61.316708 -0.996968 12.401886 -0.24938 17.524191 0.137011 -1.348008 0.819304 -1.411475 2.24354 -5.255033 -3.180156 14.282877 -0.826594 6.952496 -0.0 -12.690593 -1e-06 16.214851 -17.479296 2.403359 1.665665 -1.95592 -2.878297 4.727794 -4.170584 4.993919 11.020511 1e-06 -0.0 12.109032 -3.735715 -2.866778 0.0 -0.0 0.0 1.291985 -1.928548 -1.498088 14.800115 0.567467 3.865604 14.242553 -1.341738 -6.660648 19.631935 0.143921 -0.648243 49.759209 -0.365908 -6.621312 0.353029 -1.51115 -0.03194 20.222769 3.684305 2.316629 18.787249 1e-06 -1e-06 10.751608 -0.47987 1.397903 0.0 -0.0 0.0 3.273804 0.305947 -0.58011 21.48679 11.830364 2.266131 8.162915 0.0 -0.0 18.399052 -3.798986 -4.940567 3e-06 0.0 -1e-06 -5.439071 -2.969076 21.442003 -0.068029 0.111453 5.014019 -0.45411 2.117784 -10.235059 1.866908 -2.092682 -5.407546 0.0 -0.0 2e-06 -4.264903 -4.133631 -22.217281 0.069054 0.109025 -4.083747 4.856531 -4.274199 5.585103 -1.37538 1.080731 -5.299208 0.0 -0.0 -1e-06 
0.0 0.0 0.0 0.0 -0.0 0.0 9.405359 95.630211 211.437195 1.077388 6.98452 -2.169509 -1.187142 -0.079251 0.730997 -0.893479 -2.109207 -4.632162 -1.475496 -3.85905 10.949387 4.498249 1.171238 -0.253337 -1.084872 -0.810508 -3.445602 0.515512 -2.333538 -10.718616 7.7e-05 -2.2e-05 6e-06 -0.004087 -0.022698 0.061466 0.667921 -3.756967 -10.581529 -0.677735 3.718458 -10.530601 -11.157424 -9.356889 14.588584 -46.723755 -27.905443 17.259188 -0.347747 -38.236534 0.251241 9.407041 -2.719207 0.896852 -5.882102 9.861279 0.70259 -10.936861 -0.360574 7.156197 0.0 8.774815 -0.0 -15.46472 18.577536 6.59993 -1.844031 2.498503 -2.507276 -10.16359 4.678941 4.621104 -20.975996 -1e-06 1e-06 -21.226254 2.451698 -3.593995 0.0 -6e-06 -0.0 -1.362681 2.240797 -0.746323 -21.334892 0.58491 3.008319 -13.821196 -1e-06 1e-06 -23.887129 -0.249075 -0.839485 -60.382549 2.401549 -0.889408 -0.294025 1.679686 0.833255 -14.218195 0.093215 1.300579 -34.212002 -0.287561 0.967166 -20.033176 0.964536 1.212838 0.0 -0.0 0.0 -3.440387 0.788233 0.501655 -15.928172 -3.167306 2.999703 -6.338817 -0.0 1e-06 -18.123419 3.648181 -4.905662 -4e-06 0.0 -2e-06 21.236341 4.39299 17.705143 60.273796 -1.409508 11.665358 -0.165855 15.915685 0.142229 -1.128166 0.316835 -1.567669 2.24354 -5.255033 -3.180156 14.282877 -0.826594 6.952496 -0.0 -12.690593 -1e-06 16.151171 -17.467665 2.34678 1.665665 -1.95592 -2.878297 4.727794 -4.170584 4.993919 11.020511 1e-06 -0.0 12.109032 -3.735715 -2.866778 0.0 -0.0 0.0 1.291985 -1.928548 -1.498088 14.800115 0.567467 3.865604 14.242553 -1.341738 -6.660648 19.631935 0.143921 -0.648243 49.786903 -0.283281 -6.629203 0.353029 -1.51115 -0.03194 20.222769 3.684305 2.316629 18.787249 1e-06 -1e-06 10.751608 -0.47987 1.397903 0.0 -0.0 0.0 3.273804 0.305947 -0.58011 21.48679 11.830364 2.266131 8.162915 0.0 -0.0 18.399052 -3.798986 -4.940567 3e-06 0.0 -1e-06 -1.659677 -1.736143 20.343615 -0.010734 -0.163917 10.782852 -1.580259 -0.020565 -8.306972 1.952382 -2.050488 -9.887777 0.0 -0.0 2e-06 -1.606772 -3.030704 -21.878033 0.108653 0.031057 -2.472136 2.400102 -3.709183 10.571694 -1.40184 1.128975 -5.619043 0.0 -0.0 -1e-06 
0.0 0.0 0.0 0.0 -0.0 0.0 8.817341 95.644501 216.793106 -1.964673 6.789068 -1.496706 0.747816 -0.103183 -0.069755 -0.559857 -1.923576 -5.048775 -0.150796 -3.940031 10.659729 3.703376 1.493395 -0.552489 -1.211944 -0.609426 -3.558091 0.24111 -2.364786 -9.590722 7.7e-05 -2.2e-05 6e-06 -0.018944 -0.050818 0.018509 0.671282 -3.791253 -10.61814 -0.706659 3.697046 -10.585659 -12.786812 -8.621139 14.266166 -47.329578 -26.159376 17.114094 -0.122052 -38.466492 0.069141 9.85483 -3.099674 1.32723 -5.882102 9.861279 0.70259 -10.936861 -0.360574 7.156197 0.0 8.774815 -0.0 -15.453308 18.394194 6.51108 -1.844031 2.498503 -2.507276 -10.16359 4.678941 4.621104 -20.975996 -1e-06 1e-06 -21.226254 2.451698 -3.593995 0.0 -6e-06 -0.0 -1.362681 2.240797 -0.746323 -21.334892 0.58491 3.008319 -13.821196 -1e-06 1e-06 -23.887129 -0.249075 -0.839485 -60.026249 2.281187 -0.889861 -0.294025 1.679686 0.833255 -14.218195 0.093215 1.300579 -34.212002 -0.287561 0.967166 -20.033176 0.964536 1.212838 0.0 -0.0 0.0 -3.440387 0.788233 0.501655 -15.928172 -3.167306 2.999703 -6.338817 -0.0 1e-06 -18.123419 3.648181 -4.905662 -4e-06 0.0 -2e-06 22.21162 4.858666 17.530092 59.44585 -1.493648 11.02275 -0.06433 14.269852 0.11688 -1.001825 -0.187792 -1.167627 2.24354 -5.255033 -3.180156 14.282877 -0.826594 6.952496 -0.0 -12.690593 -1e-06 16.067322 -17.532043 2.390133 1.665665 -1.95592 -2.878297 4.727794 -4.170584 4.993919 11.020511 1e-06 -0.0 12.109032 -3.735715 -2.866778 0.0 -0.0 0.0 1.291985 -1.928548 -1.498088 14.800115 0.567467 3.865604 14.242553 -1.341738 -6.660648 19.631935 0.143921 -0.648243 49.984589 -0.277393 -6.622764 0.353029 -1.51115 -0.03194 20.222769 3.684305 2.316629 18.787249 1e-06 -1e-06 10.751608 -0.47987 1.397903 0.0 -0.0 0.0 3.273804 0.305947 -0.58011 21.48679 11.830364 2.266131 8.162915 0.0 -0.0 18.399052 -3.798986 -4.940567 3e-06 0.0 -1e-06 3.412725 -0.092783 17.898886 0.018106 -0.417187 18.942202 -2.873814 -2.738819 -4.388186 2.129574 -1.920439 -17.898428 0.0 -0.0 2e-06 1.979938 -1.210117 -22.420158 0.086157 -0.064839 1.315122 0.534728 -3.855479 16.482515 -1.41418 1.117101 -4.389956 0.0 -0.0 -1e-06 
0.0 0.0 0.0 0.0 -0.0 0.0 8.2481 95.934555 222.123337 -4.616473 6.262753 -1.669512 2.031749 -0.109744 -0.1746 -0.155933 -2.120901 -5.173392 1.51177 -3.693336 10.211498 2.781188 1.76878 -0.409564 -1.220053 -0.377703 -3.58296 0.053378 -1.945529 -9.757126 7.7e-05 -2.2e-05 6e-06 -0.020361 -0.038578 -0.008988 0.707359 -3.782116 -10.68382 -0.745238 3.709571 -10.647162 -12.624951 -8.084599 14.196445 -50.71526 -24.105833 17.068933 0.36442 -37.353321 -0.134606 10.516056 -3.378592 1.172543 -5.882102 9.861279 0.70259 -10.936861 -0.360574 7.156197 0.0 8.774815 -0.0 -15.453273 18.104965 6.418446 -1.844031 2.498503 -2.507276 -10.16359 4.678941 4.621104 -20.975996 -1e-06 1e-06 -21.226254 2.451698 -3.593995 0.0 -6e-06 -0.0 -1.362681 2.240797 -0.746323 -21.334892 0.58491 3.008319 -13.821196 -1e-06 1e-06 -23.887129 -0.249075 -0.839485 -59.777126 2.259467 -0.837419 -0.294025 1.679686 0.833255 -14.218195 0.093215 1.300579 -34.212002 -0.287561 0.967166 -20.033176 0.964536 1.212838 0.0 -0.0 0.0 -3.440387 0.788233 0.501655 -15.928172 -3.167306 2.999703 -6.338817 -0.0 1e-06 -18.123419 3.648181 -4.905662 -4e-06 0.0 -2e-06 21.248789 5.750763 17.769817 60.254612 -0.338474 10.95491 -0.104787 12.950715 0.06175 -0.981527 -1.15337 -1.077063 2.24354 -5.255033 -3.180156 14.282877 -0.826594 6.952496 -0.0 -12.690593 -1e-06 16.142416 -17.656197 2.360062 1.665665 -1.95592 -2.878297 4.727794 -4.170584 4.993919 11.020511 1e-06 -0.0 12.109032 -3.735715 -2.866778 0.0 -0.0 0.0 1.291985 -1.928548 -1.498088 14.800115 0.567467 3.865604 14.242553 -1.341738 -6.660648 19.631935 0.143921 -0.648243 49.832844 -0.299285 -6.835403 0.353029 -1.51115 -0.03194 20.222769 3.684305 2.316629 18.787249 1e-06 -1e-06 10.751608 -0.47987 1.397903 0.0 -0.0 0.0 3.273804 0.305947 -0.58011 21.48679 11.830364 2.266131 8.162915 0.0 -0.0 18.399052 -3.798986 -4.940567 3e-06 0.0 -1e-06 7.673627 0.913649 14.720031 -0.076535 -0.639849 29.188555 -4.394731 -4.297334 3.481428 2.278633 -1.663961 -26.419865 0.0 -0.0 2e-06 5.461024 0.165056 -22.661095 -0.019919 -0.037862 7.512234 -0.02677 -4.238841 15.478401 -1.390969 1.057599 -2.843155 0.0 -0.0 -1e-06 
0.0 0.0 0.0 0.0 -0.0 0.0 7.718095 96.480194 227.258347 -6.466815 5.962174 -2.536268 2.840319 -0.102682 0.267063 0.161333 -2.125812 -4.990467 2.569959 -3.546152 9.72137 2.426055 1.901831 0.093482 -1.048879 -0.429902 -3.507361 -0.237879 -1.801056 -10.187904 7.7e-05 -2.2e-05 6e-06 0.005404 0.037206 0.001807 0.757325 -3.697655 -10.661239 -0.744729 3.775886 -10.636077 -11.20643 -7.983294 14.766829 -54.959221 -22.753031 17.519304 0.492183 -34.765953 -0.150932 10.674419 -3.194484 0.490545 -5.882102 9.861279 0.70259 -10.936861 -0.360574 7.156197 0.0 8.774815 -0.0 -15.293935 18.123182 6.280447 -1.844031 2.498503 -2.507276 -10.16359 4.678941 4.621104 -20.975996 -1e-06 1e-06 -21.226254 2.451698 -3.593995 0.0 -6e-06 -0.0 -1.362681 2.240797 -0.746323 -21.334892 0.58491 3.008319 -13.821196 -1e-06 1e-06 -23.887129 -0.249075 -0.839485 -59.422188 2.304691 -1.087269 -0.294025 1.679686 0.833255 -14.218195 0.093215 1.300579 -34.212002 -0.287561 0.967166 -20.033176 0.964536 1.212838 0.0 -0.0 0.0 -3.440387 0.788233 0.501655 -15.928172 -3.167306 2.999703 -6.338817 -0.0 1e-06 -18.123419 3.648181 -4.905662 -4e-06 0.0 -2e-06 19.456825 6.589015 17.856279 61.866707 1.313609 10.775491 -0.047876 12.654511 0.058221 -0.995408 -1.264705 -1.284392 2.24354 -5.255033 -3.180156 14.282877 -0.826594 6.952496 -0.0 -12.690593 -1e-06 16.27434 -17.749887 2.370469 1.665665 -1.95592 -2.878297 4.727794 -4.170584 4.993919 11.020511 1e-06 -0.0 12.109032 -3.735715 -2.866778 0.0 -0.0 0.0 1.291985 -1.928548 -1.498088 14.800115 0.567467 3.865604 14.242553 -1.341738 -6.660648 19.631935 0.143921 -0.648243 49.860146 -0.359075 -6.735133 0.353029 -1.51115 -0.03194 20.222769 3.684305 2.316629 18.787249 1e-06 -1e-06 10.751608 -0.47987 1.397903 0.0 -0.0 0.0 3.273804 0.305947 -0.58011 21.48679 11.830364 2.266131 8.162915 0.0 -0.0 18.399052 -3.798986 -4.940567 3e-06 0.0 -1e-06 10.663987 0.673499 10.2255 -0.171738 -0.679234 41.39632 -6.680234 -5.043381 14.032967 2.300098 -1.526483 -26.43071 0.0 -0.0 2e-06 8.218229 0.215514 -21.209303 0.084399 -0.175967 12.81142 -1.377895 -3.709573 10.727467 -1.404567 1.050067 -1.705617 0.0 -0.0 -1e-06 
0.0 0.0 0.0 0.0 -0.0 0.0 7.201116 96.89904 231.994843 -7.881485 6.750944 -3.591171 3.430707 -0.192154 0.808369 0.308263 -2.012797 -4.769691 3.188872 -3.642288 9.53023 2.589566 1.622689 0.247834 -0.949908 -0.536254 -3.552599 -0.51526 -1.809203 -10.194237 7.7e-05 -2.2e-05 6e-06 0.014533 0.070743 -0.006668 0.754188 -3.673941 -10.657215 -0.724234 3.815144 -10.620054 -10.484921 -8.140005 15.113173 -57.444241 -21.814196 19.990986 0.54111 -31.388073 -0.244412 9.558266 -2.750601 0.543395 -5.882102 9.861279 0.70259 -10.936861 -0.360574 7.156197 0.0 8.774815 -0.0 -15.225363 17.886404 6.287028 -1.844031 2.498503 -2.507276 -10.16359 4.678941 4.621104 -20.975996 -1e-06 1e-06 -21.226254 2.451698 -3.593995 0.0 -6e-06 -0.0 -1.362681 2.240797 -0.746323 -21.334892 0.58491 3.008319 -13.821196 -1e-06 1e-06 -23.887129 -0.249075 -0.839485 -59.464169 2.285919 -0.991738 -0.294025 1.679686 0.833255 -14.218195 0.093215 1.300579 -34.212002 -0.287561 0.967166 -20.033176 0.964536 1.212838 0.0 -0.0 0.0 -3.440387 0.788233 0.501655 -15.928172 -3.167306 2.999703 -6.338817 -0.0 1e-06 -18.123419 3.648181 -4.905662 -4e-06 0.0 -2e-06 18.824722 6.933603 17.728859 62.082485 2.667251 10.878348 0.135842 14.179682 0.044124 -1.384526 -0.210338 -2.179817 2.24354 -5.255033 -3.180156 14.282877 -0.826594 6.952496 -0.0 -12.690593 -1e-06 16.26178 -17.67588 2.437222 1.665665 -1.95592 -2.878297 4.727794 -4.170584 4.993919 11.020511 1e-06 -0.0 12.109032 -3.735715 -2.866778 0.0 -0.0 0.0 1.291985 -1.928548 -1.498088 14.800115 0.567467 3.865604 14.242553 -1.341738 -6.660648 19.631935 0.143921 -0.648243 49.919441 -0.304511 -6.511896 0.353029 -1.51115 -0.03194 20.222769 3.684305 2.316629 18.787249 1e-06 -1e-06 10.751608 -0.47987 1.397903 0.0 -0.0 0.0 3.273804 0.305947 -0.58011 21.48679 11.830364 2.266131 8.162915 0.0 -0.0 18.399052 -3.798986 -4.940567 3e-06 0.0 -1e-06 12.91102 -0.832842 4.414017 -0.110162 -0.688804 53.330551 -9.409609 -3.453987 22.469887 1.96915 -1.725568 -11.645732 0.0 -0.0 2e-06 10.343524 -0.56589 -17.804075 0.07979 -0.086957 14.268945 -2.513857 -3.858509 6.115845 -1.423702 1.012485 -1.305625 0.0 -0.0 -1e-06 
0.0 0.0 0.0 0.0 -0.0 0.0 6.821672 97.419884 236.350769 -8.713128 7.928642 -4.599185 3.823003 -0.157288 1.21682 0.377417 -1.89046 -4.584298 3.343572 -3.719467 9.701092 2.864425 1.257259 0.128739 -0.954188 -0.759264 -3.579517 -0.635158 -1.930341 -10.108906 7.7e-05 -2.2e-05 6e-06 0.006953 0.027439 -0.01454 0.733617 -3.720055 -10.653629 -0.719592 3.774825 -10.620255 -11.216313 -8.106252 15.624152 -57.676105 -21.671501 24.088726 0.503646 -27.0998 -0.270414 7.407416 -2.401334 1.205275 -5.882102 9.861279 0.70259 -10.936861 -0.360574 7.156197 0.0 8.774815 -0.0 -15.32179 17.874941 6.288276 -1.844031 2.498503 -2.507276 -10.16359 4.678941 4.621104 -20.975996 -1e-06 1e-06 -21.226254 2.451698 -3.593995 0.0 -6e-06 -0.0 -1.362681 2.240797 -0.746323 -21.334892 0.58491 3.008319 -13.821196 -1e-06 1e-06 -23.887129 -0.249075 -0.839485 -59.765289 2.326882 -0.902637 -0.294025 1.679686 0.833255 -14.218195 0.093215 1.300579 -34.212002 -0.287561 0.967166 -20.033176 0.964536 1.212838 0.0 -0.0 0.0 -3.440387 0.788233 0.501655 -15.928172 -3.167306 2.999703 -6.338817 -0.0 1e-06 -18.123419 3.648181 -4.905662 -4e-06 0.0 -2e-06 19.520115 6.853074 17.478657 60.504185 4.12343 11.247164 0.431206 16.485085 0.026016 -2.268531 1.343568 -2.849457 2.24354 -5.255033 -3.180156 14.282877 -0.826594 6.952496 -0.0 -12.690593 -1e-06 16.314358 -17.589354 2.433852 1.665665 -1.95592 -2.878297 4.727794 -4.170584 4.993919 11.020511 1e-06 -0.0 12.109032 -3.735715 -2.866778 0.0 -0.0 0.0 1.291985 -1.928548 -1.498088 14.800115 0.567467 3.865604 14.242553 -1.341738 -6.660648 19.631935 0.143921 -0.648243 50.019367 -0.357677 -6.309685 0.353029 -1.51115 -0.03194 20.222769 3.684305 2.316629 18.787249 1e-06 -1e-06 10.751608 -0.47987 1.397903 0.0 -0.0 0.0 3.273804 0.305947 -0.58011 21.48679 11.830364 2.266131 8.162915 0.0 -0.0 18.399052 -3.798986 -4.940567 3e-06 0.0 -1e-06 13.973942 -2.340417 -1.620813 -0.092256 -0.633788 62.773598 -7.675088 -0.638515 22.543671 1.93273 -1.877351 -5.639904 0.0 -0.0 2e-06 11.690321 -1.377885 -13.851875 -0.058698 -0.062466 13.973135 -3.251587 -4.507285 3.153606 -1.420345 0.991419 -1.006375 0.0 -0.0 -1e-06 
0.0 0.0 0.0 0.0 -0.0 0.0 6.647187 98.147842 240.607208 -8.352036 8.701786 -5.49446 3.716713 -0.02104 1.511676 0.256358 -1.690766 -4.428807 2.995278 -3.584748 10.092742 3.152407 1.081023 0.240056 -1.029698 -0.99005 -3.551 -0.762872 -2.192047 -9.983238 7.7e-05 -2.2e-05 6e-06 -0.002507 -0.02087 -0.00732 0.704361 -3.767021 -10.639462 -0.709827 3.726415 -10.620434 -12.1766 -7.989131 16.056816 -57.829758 -21.27697 27.327015 0.13342 -22.435841 -0.133137 5.329751 -2.009877 2.150426 -5.882102 9.861279 0.70259 -10.936861 -0.360574 7.156197 0.0 8.774815 -0.0 -15.519841 17.959276 6.208624 -1.844031 2.498503 -2.507276 -10.16359 4.678941 4.621104 -20.975996 -1e-06 1e-06 -21.226254 2.451698 -3.593995 0.0 -6e-06 -0.0 -1.362681 2.240797 -0.746323 -21.334892 0.58491 3.008319 -13.821196 -1e-06 1e-06 -23.887129 -0.249075 -0.839485 -60.033333 2.3949 -0.909985 -0.294025 1.679686 0.833255 -14.218195 0.093215 1.300579 -34.212002 -0.287561 0.967166 -20.033176 0.964536 1.212838 0.0 -0.0 0.0 -3.440387 0.788233 0.501655 -15.928172 -3.167306 2.999703 -6.338817 -0.0 1e-06 -18.123419 3.648181 -4.905662 -4e-06 0.0 -2e-06 20.28833 6.873515 17.356651 58.616158 6.315847 11.904403 0.650375 18.1618 0.077132 -3.341186 2.442704 -2.287849 2.24354 -5.255033 -3.180156 14.282877 -0.826594 6.952496 -0.0 -12.690593 -1e-06 16.327799 -17.555946 2.364218 1.665665 -1.95592 -2.878297 4.727794 -4.170584 4.993919 11.020511 1e-06 -0.0 12.109032 -3.735715 -2.866778 0.0 -0.0 0.0 1.291985 -1.928548 -1.498088 14.800115 0.567467 3.865604 14.242553 -1.341738 -6.660648 19.631935 0.143921 -0.648243 49.944069 -0.410539 -6.304393 0.353029 -1.51115 -0.03194 20.222769 3.684305 2.316629 18.787249 1e-06 -1e-06 10.751608 -0.47987 1.397903 0.0 -0.0 0.0 3.273804 0.305947 -0.58011 21.48679 11.830364 2.266131 8.162915 0.0 -0.0 18.399052 -3.798986 -4.940567 3e-06 0.0 -1e-06 13.225974 -3.329829 -7.064169 -0.122898 -0.336464 68.154045 -4.494682 1.637015 18.569468 1.914637 -1.905949 -5.134778 0.0 -0.0 2e-06 11.663001 -1.540365 -8.742154 -0.124017 -0.058512 11.359548 -3.645576 -5.321716 1.48651 -1.417098 1.026571 -0.72753 0.0 -0.0 -1e-06 
0.0 0.0 0.0 0.0 -0.0 0.0 6.599418 98.788818 244.847519 -7.267646 8.782493 -6.280558 3.446294 0.158127 1.941555 0.064688 -1.294665 -4.240711 2.293948 -3.260701 10.21634 3.209306 1.064142 0.81041 -1.071399 -1.093325 -3.521344 -0.801446 -2.534006 -9.914509 7.7e-05 -2.2e-05 6e-06 -0.002663 -0.020136 0.009881 0.685607 -3.764873 -10.639024 -0.692314 3.725793 -10.628359 -12.289702 -7.762164 16.375738 -59.258442 -20.00585 28.800716 -0.080832 -18.468952 -0.056021 3.802356 -1.365359 2.423517 -5.882102 9.861279 0.70259 -10.936861 -0.360574 7.156197 0.0 8.774815 -0.0 -15.760853 17.966703 6.108704 -1.844031 2.498503 -2.507276 -10.16359 4.678941 4.621104 -20.975996 -1e-06 1e-06 -21.226254 2.451698 -3.593995 0.0 -6e-06 -0.0 -1.362681 2.240797 -0.746323 -21.334892 0.58491 3.008319 -13.821196 -1e-06 1e-06 -23.887129 -0.249075 -0.839485 -60.241894 2.458179 -1.01346 -0.294025 1.679686 0.833255 -14.218195 0.093215 1.300579 -34.212002 -0.287561 0.967166 -20.033176 0.964536 1.212838 0.0 -0.0 0.0 -3.440387 0.788233 0.501655 -15.928172 -3.167306 2.999703 -6.338817 -0.0 1e-06 -18.123419 3.648181 -4.905662 -4e-06 0.0 -2e-06 19.657438 7.360768 17.277065 58.091682 9.01158 12.872793 0.704892 19.334297 0.122622 -4.224261 2.668079 -0.809124 2.24354 -5.255033 -3.180156 14.282877 -0.826594 6.952496 -0.0 -12.690593 -1e-06 16.243034 -17.548361 2.339563 1.665665 -1.95592 -2.878297 4.727794 -4.170584 4.993919 11.020511 1e-06 -0.0 12.109032 -3.735715 -2.866778 0.0 -0.0 0.0 1.291985 -1.928548 -1.498088 14.800115 0.567467 3.865604 14.242553 -1.341738 -6.660648 19.631935 0.143921 -0.648243 49.722897 -0.508687 -6.40575 0.353029 -1.51115 -0.03194 20.222769 3.684305 2.316629 18.787249 1e-06 -1e-06 10.751608 -0.47987 1.397903 0.0 -0.0 0.0 3.273804 0.305947 -0.58011 21.48679 11.830364 2.266131 8.162915 0.0 -0.0 18.399052 -3.798986 -4.940567 3e-06 0.0 -1e-06 11.314686 -3.613807 -11.763664 -0.103216 -0.068892 69.85865 -2.100754 3.497704 15.021892 1.892085 -1.913398 -5.120971 0.0 -0.0 2e-06 10.918621 -1.092885 -3.368016 -0.102539 -0.045251 8.346075 -3.859791 -6.076849 0.245391 -1.413936 1.053609 -0.458781 0.0 -0.0 -1e-06 
0.0 0.0 0.0 0.0 -0.0 0.0 6.624617 99.1903 249.054459 -5.991226 8.236751 -6.780078 3.237987 0.336003 2.393411 -0.046234 -0.720925 -4.036241 1.475739 -2.801738 10.090138 2.833324 1.246384 1.405876 -1.120302 -1.29565 -3.502412 -0.65983 -2.773159 -9.890535 7.7e-05 -2.2e-05 6e-06 -0.004385 -0.025757 0.029932 0.669103 -3.772779 -10.642011 -0.680517 3.721304 -10.637086 -12.223952 -7.223932 16.607393 -60.851139 -17.749203 28.784594 0.010216 -16.208614 -0.069216 2.880963 -0.877229 1.231332 -5.882102 9.861279 0.70259 -10.936861 -0.360574 7.156197 0.0 8.774815 -0.0 -15.999587 17.987547 6.060168 -1.844031 2.498503 -2.507276 -10.16359 4.678941 4.621104 -20.975996 -1e-06 1e-06 -21.226254 2.451698 -3.593995 0.0 -6e-06 -0.0 -1.362681 2.240797 -0.746323 -21.334892 0.58491 3.008319 -13.821196 -1e-06 1e-06 -23.887129 -0.249075 -0.839485 -60.491673 2.482179 -1.141035 -0.294025 1.679686 0.833255 -14.218195 0.093215 1.300579 -34.212002 -0.287561 0.967166 -20.033176 0.964536 1.212838 0.0 -0.0 0.0 -3.440387 0.788233 0.501655 -15.928172 -3.167306 2.999703 -6.338817 -0.0 1e-06 -18.123419 3.648181 -4.905662 -4e-06 0.0 -2e-06 18.018492 8.205694 17.10099 58.357964 11.66857 14.069259 0.609484 20.838253 0.133022 -4.761912 2.508347 1.084304 2.24354 -5.255033 -3.180156 14.282877 -0.826594 6.952496 -0.0 -12.690593 -1e-06 16.165146 -17.586771 2.383088 1.665665 -1.95592 -2.878297 4.727794 -4.170584 4.993919 11.020511 1e-06 -0.0 12.109032 -3.735715 -2.866778 0.0 -0.0 0.0 1.291985 -1.928548 -1.498088 14.800115 0.567467 3.865604 14.242553 -1.341738 -6.660648 19.631935 0.143921 -0.648243 49.550877 -0.636009 -6.466279 0.353029 -1.51115 -0.03194 20.222769 3.684305 2.316629 18.787249 1e-06 -1e-06 10.751608 -0.47987 1.397903 0.0 -0.0 0.0 3.273804 0.305947 -0.58011 21.48679 11.830364 2.266131 8.162915 0.0 -0.0 18.399052 -3.798986 -4.940567 3e-06 0.0 -1e-06 9.06164 -3.351924 -15.81927 -0.022386 0.134009 68.311256 -0.545358 5.120852 12.030816 1.855046 -1.902085 -5.185414 0.0 -0.0 2e-06 10.07018 -0.264263 1.405758 -0.069322 -0.052335 6.067794 -4.000542 -6.4865 -1.095307 -1.415418 1.026396 -0.270985 0.0 -0.0 -1e-06 
0.0 0.0 0.0 0.0 -0.0 0.0 6.688604 99.336731 253.244827 -4.801919 7.220913 -6.830689 3.145919 0.470117 2.679032 -0.067729 -0.015821 -3.864352 0.709485 -2.279986 9.919931 2.05643 1.658693 1.681607 -1.17032 -1.557359 -3.505102 -0.466555 -2.900015 -9.963001 7.7e-05 -2.2e-05 6e-06 -0.010088 -0.052182 0.046808 0.650699 -3.800522 -10.621515 -0.675258 3.695417 -10.623291 -12.573427 -6.343705 16.706326 -61.68652 -14.751498 27.925682 0.160802 -15.72304 -0.08158 2.538579 -0.857162 -1.20934 -5.882102 9.861279 0.70259 -10.936861 -0.360574 7.156197 0.0 8.774815 -0.0 -16.179337 18.010485 6.01781 -1.844031 2.498503 -2.507276 -10.16359 4.678941 4.621104 -20.975996 -1e-06 1e-06 -21.226254 2.451698 -3.593995 0.0 -6e-06 -0.0 -1.362681 2.240797 -0.746323 -21.334892 0.58491 3.008319 -13.821196 -1e-06 1e-06 -23.887129 -0.249075 -0.839485 -60.694756 2.478763 -1.205779 -0.294025 1.679686 0.833255 -14.218195 0.093215 1.300579 -34.212002 -0.287561 0.967166 -20.033176 0.964536 1.212838 0.0 -0.0 0.0 -3.440387 0.788233 0.501655 -15.928172 -3.167306 2.999703 -6.338817 -0.0 1e-06 -18.123419 3.648181 -4.905662 -4e-06 0.0 -2e-06 16.247898 9.249259 16.860085 58.364998 13.920201 14.948074 0.487664 23.418148 0.136263 -5.068896 2.513673 2.537256 2.24354 -5.255033 -3.180156 14.282877 -0.826594 6.952496 -0.0 -12.690593 -1e-06 16.110157 -17.694403 2.477072 1.665665 -1.95592 -2.878297 4.727794 -4.170584 4.993919 11.020511 1e-06 -0.0 12.109032 -3.735715 -2.866778 0.0 -0.0 0.0 1.291985 -1.928548 -1.498088 14.800115 0.567467 3.865604 14.242553 -1.341738 -6.660648 19.631935 0.143921 -0.648243 49.539062 -0.726389 -6.456285 0.353029 -1.51115 -0.03194 20.222769 3.684305 2.316629 18.787249 1e-06 -1e-06 10.751608 -0.47987 1.397903 0.0 -0.0 0.0 3.273804 0.305947 -0.58011 21.48679 11.830364 2.266131 8.162915 0.0 -0.0 18.399052 -3.798986 -4.940567 3e-06 0.0 -1e-06 7.012674 -3.019823 -19.356993 0.100508 0.285854 63.640705 0.298272 6.538005 9.448025 1.842493 -1.902559 -5.307031 0.0 -0.0 2e-06 9.318864 0.561109 5.332807 -0.053731 -0.055446 4.374454 -4.11394 -6.433609 -2.616348 -1.423276 0.978692 -0.199142 0.0 -0.0 -1e-06 
0.0 0.0 0.0 0.0 -0.0 0.0 6.790692 99.242249 257.453094 -3.904274 6.005724 -6.523458 3.207577 0.512784 2.802612 -0.030982 0.712613 -3.76151 0.100746 -1.739221 9.793509 0.990931 2.160457 1.645639 -1.175711 -1.681352 -3.525938 -0.32216 -3.02481 -10.22529 7.7e-05 -2.2e-05 6e-06 -0.010548 -0.061419 0.054584 0.634851 -3.807116 -10.570954 -0.662427 3.683245 -10.587798 -13.257773 -5.26265 16.777712 -61.92701 -11.734238 27.020569 0.245572 -15.967444 -0.062783 2.393967 -1.024167 -3.756307 -5.882102 9.861279 0.70259 -10.936861 -0.360574 7.156197 0.0 8.774815 -0.0 -16.325497 18.020967 5.944877 -1.844031 2.498503 -2.507276 -10.16359 4.678941 4.621104 -20.975996 -1e-06 1e-06 -21.226254 2.451698 -3.593995 0.0 -6e-06 -0.0 -1.362681 2.240797 -0.746323 -21.334892 0.58491 3.008319 -13.821196 -1e-06 1e-06 -23.887129 -0.249075 -0.839485 -60.784721 2.473179 -1.203137 -0.294025 1.679686 0.833255 -14.218195 0.093215 1.300579 -34.212002 -0.287561 0.967166 -20.033176 0.964536 1.212838 0.0 -0.0 0.0 -3.440387 0.788233 0.501655 -15.928172 -3.167306 2.999703 -6.338817 -0.0 1e-06 -18.123419 3.648181 -4.905662 -4e-06 0.0 -2e-06 14.651965 10.280526 16.68783 57.838573 15.822742 15.332314 0.396442 27.036098 0.136291 -5.269183 2.805704 3.062361 2.24354 -5.255033 -3.180156 14.282877 -0.826594 6.952496 -0.0 -12.690593 -1e-06 16.067741 -17.851179 2.537229 1.665665 -1.95592 -2.878297 4.727794 -4.170584 4.993919 11.020511 1e-06 -0.0 12.109032 -3.735715 -2.866778 0.0 -0.0 0.0 1.291985 -1.928548 -1.498088 14.800115 0.567467 3.865604 14.242553 -1.341738 -6.660648 19.631935 0.143921 -0.648243 49.572899 -0.767222 -6.450117 0.353029 -1.51115 -0.03194 20.222769 3.684305 2.316629 18.787249 1e-06 -1e-06 10.751608 -0.47987 1.397903 0.0 -0.0 0.0 3.273804 0.305947 -0.58011 21.48679 11.830364 2.266131 8.162915 0.0 -0.0 18.399052 -3.798986 -4.940567 3e-06 0.0 -1e-06 5.545122 -2.914103 -22.210657 0.220928 0.341327 56.065845 0.713135 7.698336 7.720294 1.844881 -1.948492 -5.437912 0.0 -0.0 2e-06 8.754357 1.113219 8.477674 -0.05645 -0.019774 3.203801 -4.268787 -6.04228 -4.303614 -1.43662 0.945949 -0.102529 0.0 -0.0 -1e-06 
0.0 0.0 0.0 0.0 -0.0 0.0 6.928919 98.901031 261.607422 -3.470241 4.832583 -6.036096 3.463727 0.450894 2.794904 0.042691 1.332384 -3.730111 -0.271382 -1.198367 9.724091 -0.206369 2.614626 1.517867 -1.117126 -1.671092 -3.542652 -0.256757 -3.154613 -10.692799 7.7e-05 -2.2e-05 6e-06 0.000184 -0.025643 0.056939 0.631601 -3.766407 -10.51247 -0.639889 3.714364 -10.549365 -13.972917 -4.143061 16.852118 -62.070198 -9.116222 26.455109 0.263025 -16.012648 -0.023948 2.224761 -1.114518 -5.697494 -5.882102 9.861279 0.70259 -10.936861 -0.360574 7.156197 0.0 8.774815 -0.0 -16.434414 18.036892 5.867255 -1.844031 2.498503 -2.507276 -10.16359 4.678941 4.621104 -20.975996 -1e-06 1e-06 -21.226254 2.451698 -3.593995 0.0 -6e-06 -0.0 -1.362681 2.240797 -0.746323 -21.334892 0.58491 3.008319 -13.821196 -1e-06 1e-06 -23.887129 -0.249075 -0.839485 -60.785515 2.492684 -1.216449 -0.294025 1.679686 0.833255 -14.218195 0.093215 1.300579 -34.212002 -0.287561 0.967166 -20.033176 0.964536 1.212838 0.0 -0.0 0.0 -3.440387 0.788233 0.501655 -15.928172 -3.167306 2.999703 -6.338817 -0.0 1e-06 -18.123419 3.648181 -4.905662 -4e-06 0.0 -2e-06 13.19255 11.171721 16.579098 57.009525 17.479631 15.440518 0.283496 31.206219 0.132032 -5.405461 3.107708 3.025876 2.24354 -5.255033 -3.180156 14.282877 -0.826594 6.952496 -0.0 -12.690593 -1e-06 16.089369 -17.990271 2.506748 1.665665 -1.95592 -2.878297 4.727794 -4.170584 4.993919 11.020511 1e-06 -0.0 12.109032 -3.735715 -2.866778 0.0 -0.0 0.0 1.291985 -1.928548 -1.498088 14.800115 0.567467 3.865604 14.242553 -1.341738 -6.660648 19.631935 0.143921 -0.648243 49.554661 -0.789061 -6.500324 0.353029 -1.51115 -0.03194 20.222769 3.684305 2.316629 18.787249 1e-06 -1e-06 10.751608 -0.47987 1.397903 0.0 -0.0 0.0 3.273804 0.305947 -0.58011 21.48679 11.830364 2.266131 8.162915 0.0 -0.0 18.399052 -3.798986 -4.940567 3e-06 0.0 -1e-06 4.871048 -2.914741 -24.159304 0.300573 0.317616 46.073677 1.036724 8.403488 7.382223 1.819993 -2.017066 -5.545748 0.0 -0.0 2e-06 8.529687 1.354555 11.079446 -0.066209 0.039087 2.463816 -4.500648 -5.52978 -6.118384 -1.449472 0.935205 0.077257 0.0 -0.0 -1e-06 
0.0 0.0 0.0 0.0 -0.0 0.0 7.098745 98.323174 265.763763 -3.538141 3.765051 -5.434793 3.93099 0.374224 2.669454 0.140924 1.731633 -3.758253 -0.372632 -0.665378 9.632717 -1.379367 2.986859 1.468469 -1.028798 -1.615534 -3.551666 -0.246794 -3.210562 -11.269272 7.7e-05 -2.2e-05 6e-06 0.017354 0.029014 0.060258 0.649014 -3.711407 -10.492782 -0.624845 3.769712 -10.538282 -14.52039 -3.067974 16.912823 -62.46542 -6.880026 25.98365 0.224896 -15.604805 0.009083 2.061284 -1.062123 -6.655854 -5.882102 9.861279 0.70259 -10.936861 -0.360574 7.156197 0.0 8.774815 -0.0 -16.44244 18.040527 5.860986 -1.844031 2.498503 -2.507276 -10.16359 4.678941 4.621104 -20.975996 -1e-06 1e-06 -21.226254 2.451698 -3.593995 0.0 -6e-06 -0.0 -1.362681 2.240797 -0.746323 -21.334892 0.58491 3.008319 -13.821196 -1e-06 1e-06 -23.887129 -0.249075 -0.839485 -60.741165 2.551857 -1.233613 -0.294025 1.679686 0.833255 -14.218195 0.093215 1.300579 -34.212002 -0.287561 0.967166 -20.033176 0.964536 1.212838 0.0 -0.0 0.0 -3.440387 0.788233 0.501655 -15.928172 -3.167306 2.999703 -6.338817 -0.0 1e-06 -18.123419 3.648181 -4.905662 -4e-06 0.0 -2e-06 11.828013 11.902954 16.447878 56.129333 18.885187 15.241629 0.212584 35.4156 0.15405 -5.435555 3.168906 2.886615 2.24354 -5.255033 -3.180156 14.282877 -0.826594 6.952496 -0.0 -12.690593 -1e-06 16.17293 -18.056452 2.436136 1.665665 -1.95592 -2.878297 4.727794 -4.170584 4.993919 11.020511 1e-06 -0.0 12.109032 -3.735715 -2.866778 0.0 -0.0 0.0 1.291985 -1.928548 -1.498088 14.800115 0.567467 3.865604 14.242553 -1.341738 -6.660648 19.631935 0.143921 -0.648243 49.563976 -0.811282 -6.565093 0.353029 -1.51115 -0.03194 20.222769 3.684305 2.316629 18.787249 1e-06 -1e-06 10.751608 -0.47987 1.397903 0.0 -0.0 0.0 3.273804 0.305947 -0.58011 21.48679 11.830364 2.266131 8.162915 0.0 -0.0 18.399052 -3.798986 -4.940567 3e-06 0.0 -1e-06 4.873412 -2.575509 -25.085297 0.322777 0.332392 33.84787 1.617678 8.638664 8.353449 1.767128 -2.035538 -5.394047 0.0 -0.0 2e-06 8.672632 1.240529 13.225069 -0.087476 0.066205 2.320497 -4.631594 -4.923954 -8.094536 -1.455148 0.95476 0.179054 0.0 -0.0 -1e-06 
0.0 0.0 0.0 0.0 -0.0 0.0 7.294463 97.551552 269.989929 -3.963107 2.803807 -4.777955 4.517097 0.349063 2.477596 0.244262 1.945144 -3.833348 -0.264681 -0.242683 9.467485 -2.413833 3.314309 1.482654 -0.998556 -1.607078 -3.560253 -0.179607 -3.0767 -11.816784 7.7e-05 -2.2e-05 6e-06 0.030744 0.06433 0.066627 0.680814 -3.688013 -10.539139 -0.631521 3.81798 -10.573515 -14.870769 -2.012609 17.011568 -63.132812 -4.924106 25.226677 0.18016 -14.916172 0.004017 1.96116 -0.906611 -6.829045 -5.882102 9.861279 0.70259 -10.936861 -0.360574 7.156197 0.0 8.774815 -0.0 -16.330559 18.05368 6.001094 -1.844031 2.498503 -2.507276 -10.16359 4.678941 4.621104 -20.975996 -1e-06 1e-06 -21.226254 2.451698 -3.593995 0.0 -6e-06 -0.0 -1.362681 2.240797 -0.746323 -21.334892 0.58491 3.008319 -13.821196 -1e-06 1e-06 -23.887129 -0.249075 -0.839485 -60.721577 2.609938 -1.126559 -0.294025 1.679686 0.833255 -14.218195 0.093215 1.300579 -34.212002 -0.287561 0.967166 -20.033176 0.964536 1.212838 0.0 -0.0 0.0 -3.440387 0.788233 0.501655 -15.928172 -3.167306 2.999703 -6.338817 -0.0 1e-06 -18.123419 3.648181 -4.905662 -4e-06 0.0 -2e-06 10.584105 12.541384 16.30736 55.435165 20.090851 14.746223 0.197019 39.098763 0.189041 -5.354658 2.945571 2.89163 2.24354 -5.255033 -3.180156 14.282877 -0.826594 6.952496 -0.0 -12.690593 -1e-06 16.235855 -18.000757 2.396276 1.665665 -1.95592 -2.878297 4.727794 -4.170584 4.993919 11.020511 1e-06 -0.0 12.109032 -3.735715 -2.866778 0.0 -0.0 0.0 1.291985 -1.928548 -1.498088 14.800115 0.567467 3.865604 14.242553 -1.341738 -6.660648 19.631935 0.143921 -0.648243 49.645741 -0.86527 -6.562792 0.353029 -1.51115 -0.03194 20.222769 3.684305 2.316629 18.787249 1e-06 -1e-06 10.751608 -0.47987 1.397903 0.0 -0.0 0.0 3.273804 0.305947 -0.58011 21.48679 11.830364 2.266131 8.162915 0.0 -0.0 18.399052 -3.798986 -4.940567 3e-06 0.0 -1e-06 5.210122 -1.71959 -25.085358 0.233256 0.386926 20.217945 1.623319 8.279101 9.346542 1.72209 -2.007571 -5.018979 0.0 -0.0 2e-06 8.991472 0.768085 15.289995 -0.114147 0.031384 2.358609 -4.493157 -4.103578 -9.963055 -1.457074 0.974931 -0.16422 0.0 -0.0 -1e-06 
0.0 0.0 0.0 0.0 -0.0 0.0 7.538591 96.729927 274.357544 -4.347525 2.014579 -4.001233 4.928911 0.269962 2.130292 0.32372 2.150767 -3.9929 -0.074394 -0.054135 9.313492 -3.198328 3.582774 1.415787 -1.028847 -1.397604 -3.481837 -0.162259 -2.808425 -12.2347 7.7e-05 -2.2e-05 6e-06 0.047269 0.141917 0.083791 0.712444 -3.634564 -10.607666 -0.631635 3.919432 -10.628972 -15.357313 -0.968531 17.095608 -63.71529 -3.058663 24.054762 0.276985 -14.151376 -0.021029 1.85359 -0.931532 -7.135489 -5.882102 9.861279 0.70259 -10.936861 -0.360574 7.156197 0.0 8.774815 -0.0 -16.292074 18.146214 6.090764 -1.844031 2.498503 -2.507276 -10.16359 4.678941 4.621104 -20.975996 -1e-06 1e-06 -21.226254 2.451698 -3.593995 0.0 -6e-06 -0.0 -1.362681 2.240797 -0.746323 -21.334892 0.58491 3.008319 -13.821196 -1e-06 1e-06 -23.887129 -0.249075 -0.839485 -60.858433 2.524138 -1.055641 -0.294025 1.679686 0.833255 -14.218195 0.093215 1.300579 -34.212002 -0.287561 0.967166 -20.033176 0.964536 1.212838 0.0 -0.0 0.0 -3.440387 0.788233 0.501655 -15.928172 -3.167306 2.999703 -6.338817 -0.0 1e-06 -18.123419 3.648181 -4.905662 -4e-06 0.0 -2e-06 9.724116 13.141681 16.167124 54.85944 21.050154 14.010462 0.479029 41.781776 0.463576 -5.364531 2.733882 2.920124 2.24354 -5.255033 -3.180156 14.282877 -0.826594 6.952496 -0.0 -12.690593 -1e-06 16.192848 -17.990101 2.454876 1.665665 -1.95592 -2.878297 4.727794 -4.170584 4.993919 11.020511 1e-06 -0.0 12.109032 -3.735715 -2.866778 0.0 -0.0 0.0 1.291985 -1.928548 -1.498088 14.800115 0.567467 3.865604 14.242553 -1.341738 -6.660648 19.631935 0.143921 -0.648243 49.832142 -1.073152 -6.56351 0.353029 -1.51115 -0.03194 20.222769 3.684305 2.316629 18.787249 1e-06 -1e-06 10.751608 -0.47987 1.397903 0.0 -0.0 0.0 3.273804 0.305947 -0.58011 21.48679 11.830364 2.266131 8.162915 0.0 -0.0 18.399052 -3.798986 -4.940567 3e-06 0.0 -1e-06 5.320898 -0.948983 -24.891434 0.043679 0.276601 7.3154 0.383181 7.80711 8.721094 1.638425 -2.082576 -4.654986 0.0 -0.0 2e-06 8.937079 -0.073822 17.386192 -0.094817 -0.122307 2.471666 -4.071548 -2.868102 -11.233436 -1.472353 0.877176 -1.069304 0.0 -0.0 -1e-06 
0.0 0.0 0.0 0.0 -0.0 0.0 7.979933 95.95681 278.935852 -4.246982 1.312828 -3.039623 4.928629 0.240522 1.559494 0.361792 2.346669 -4.242948 0.018726 0.040601 9.351203 -3.795925 3.802916 1.106201 -0.973276 -1.226572 -3.491926 -0.067466 -2.609908 -12.254025 7.7e-05 -2.2e-05 6e-06 0.035201 0.107978 0.084094 0.681821 -3.672039 -10.609355 -0.626474 3.889237 -10.616345 -16.330973 -0.148491 16.811831 -63.730797 -1.268684 22.991537 0.320146 -12.995482 -0.044441 1.502278 -1.363755 -8.071467 -5.882102 9.861279 0.70259 -10.936861 -0.360574 7.156197 0.0 8.774815 -0.0 -16.352873 18.185286 6.054359 -1.844031 2.498503 -2.507276 -10.16359 4.678941 4.621104 -20.975996 -1e-06 1e-06 -21.226254 2.451698 -3.593995 0.0 -6e-06 -0.0 -1.362681 2.240797 -0.746323 -21.334892 0.58491 3.008319 -13.821196 -1e-06 1e-06 -23.887129 -0.249075 -0.839485 -61.064426 2.445929 -1.094167 -0.294025 1.679686 0.833255 -14.218195 0.093215 1.300579 -34.212002 -0.287561 0.967166 -20.033176 0.964536 1.212838 0.0 -0.0 0.0 -3.440387 0.788233 0.501655 -15.928172 -3.167306 2.999703 -6.338817 -0.0 1e-06 -18.123419 3.648181 -4.905662 -4e-06 0.0 -2e-06 9.736544 13.536942 16.138453 54.011711 21.795956 13.539838 0.53879 43.244041 0.614723 -5.3934 2.821993 2.445497 2.24354 -5.255033 -3.180156 14.282877 -0.826594 6.952496 -0.0 -12.690593 -1e-06 15.915857 -18.008081 2.590631 1.665665 -1.95592 -2.878297 4.727794 -4.170584 4.993919 11.020511 1e-06 -0.0 12.109032 -3.735715 -2.866778 0.0 -0.0 0.0 1.291985 -1.928548 -1.498088 14.800115 0.567467 3.865604 14.242553 -1.341738 -6.660648 19.631935 0.143921 -0.648243 49.772923 -1.062729 -6.605514 0.353029 -1.51115 -0.03194 20.222769 3.684305 2.316629 18.787249 1e-06 -1e-06 10.751608 -0.47987 1.397903 0.0 -0.0 0.0 3.273804 0.305947 -0.58011 21.48679 11.830364 2.266131 8.162915 0.0 -0.0 18.399052 -3.798986 -4.940567 3e-06 0.0 -1e-06 4.491539 -0.169621 -25.611084 -0.032864 0.137774 -0.436366 -1.676456 7.971682 6.999404 1.554023 -2.145997 -4.804911 0.0 -0.0 2e-06 8.042556 -0.962818 19.208511 -0.069387 -0.192653 2.932099 -3.208809 -1.149458 -11.89753 -1.46133 0.792132 -2.229274 0.0 -0.0 -1e-06 
0.0 0.0 0.0 0.0 -0.0 0.0 8.548715 95.400764 283.652649 -3.564475 0.848038 -2.126139 4.513923 0.301335 0.981474 0.326529 2.465169 -4.534794 -0.20461 0.079828 9.466914 -3.940389 3.804527 0.667129 -0.85876 -1.134582 -3.480008 0.095456 -2.438595 -12.103627 7.7e-05 -2.2e-05 6e-06 0.022358 0.053687 0.075963 0.669725 -3.714339 -10.581602 -0.640515 3.823635 -10.582708 -17.41135 0.291784 16.652594 -63.1618 -0.060857 22.46958 0.170301 -11.517651 -0.021423 1.072798 -1.695491 -8.578494 -5.882102 9.861279 0.70259 -10.936861 -0.360574 7.156197 0.0 8.774815 -0.0 -16.403545 18.048721 5.989006 -1.844031 2.498503 -2.507276 -10.16359 4.678941 4.621104 -20.975996 -1e-06 1e-06 -21.226254 2.451698 -3.593995 0.0 -6e-06 -0.0 -1.362681 2.240797 -0.746323 -21.334892 0.58491 3.008319 -13.821196 -1e-06 1e-06 -23.887129 -0.249075 -0.839485 -61.097424 2.361118 -1.079414 -0.294025 1.679686 0.833255 -14.218195 0.093215 1.300579 -34.212002 -0.287561 0.967166 -20.033176 0.964536 1.212838 0.0 -0.0 0.0 -3.440387 0.788233 0.501655 -15.928172 -3.167306 2.999703 -6.338817 -0.0 1e-06 -18.123419 3.648181 -4.905662 -4e-06 0.0 -2e-06 10.278255 13.621026 16.22039 53.592014 22.207703 13.094687 0.327605 43.595818 0.589915 -5.461536 3.174476 1.685733 2.24354 -5.255033 -3.180156 14.282877 -0.826594 6.952496 -0.0 -12.690593 -1e-06 15.782419 -17.992514 2.647024 1.665665 -1.95592 -2.878297 4.727794 -4.170584 4.993919 11.020511 1e-06 -0.0 12.109032 -3.735715 -2.866778 0.0 -0.0 0.0 1.291985 -1.928548 -1.498088 14.800115 0.567467 3.865604 14.242553 -1.341738 -6.660648 19.631935 0.143921 -0.648243 49.679573 -0.997011 -6.605803 0.353029 -1.51115 -0.03194 20.222769 3.684305 2.316629 18.787249 1e-06 -1e-06 10.751608 -0.47987 1.397903 0.0 -0.0 0.0 3.273804 0.305947 -0.58011 21.48679 11.830364 2.266131 8.162915 0.0 -0.0 18.399052 -3.798986 -4.940567 3e-06 0.0 -1e-06 2.556138 0.721618 -26.826157 -0.00659 0.053777 -1.591376 -3.373131 8.434132 5.326544 1.535893 -2.157767 -4.966805 0.0 -0.0 2e-06 6.308852 -1.934034 20.537577 -0.083372 -0.185638 4.38323 -2.146945 0.61709 -11.338707 -1.443107 0.771055 -4.193672 0.0 -0.0 -1e-06 
0.0 0.0 0.0 0.0 -0.0 0.0 9.191443 95.052719 288.582275 -2.105934 0.643178 -1.169481 3.490309 0.416612 0.171415 0.213207 2.566374 -4.913998 -0.788132 0.033701 9.529622 -3.532127 3.708295 0.405012 -0.894406 -1.001867 -3.463221 0.382258 -2.563727 -11.397052 7.7e-05 -2.2e-05 6e-06 0.024915 0.046633 0.062485 0.684024 -3.720611 -10.605556 -0.647745 3.815531 -10.601823 -18.407915 0.406588 16.563896 -62.154148 0.923062 22.232447 -0.098952 -9.953993 0.025273 0.633334 -1.444416 -7.814725 -5.882102 9.861279 0.70259 -10.936861 -0.360574 7.156197 0.0 8.774815 -0.0 -16.415245 18.074852 6.079238 -1.844031 2.498503 -2.507276 -10.16359 4.678941 4.621104 -20.975996 -1e-06 1e-06 -21.226254 2.451698 -3.593995 0.0 -6e-06 -0.0 -1.362681 2.240797 -0.746323 -21.334892 0.58491 3.008319 -13.821196 -1e-06 1e-06 -23.887129 -0.249075 -0.839485 -61.047112 2.396956 -1.107383 -0.294025 1.679686 0.833255 -14.218195 0.093215 1.300579 -34.212002 -0.287561 0.967166 -20.033176 0.964536 1.212838 0.0 -0.0 0.0 -3.440387 0.788233 0.501655 -15.928172 -3.167306 2.999703 -6.338817 -0.0 1e-06 -18.123419 3.648181 -4.905662 -4e-06 0.0 -2e-06 11.304214 13.31333 16.264536 53.730186 21.876377 12.81369 0.000645 43.047512 0.375945 -5.556297 3.498461 0.540098 2.24354 -5.255033 -3.180156 14.282877 -0.826594 6.952496 -0.0 -12.690593 -1e-06 15.803837 -17.910698 2.691588 1.665665 -1.95592 -2.878297 4.727794 -4.170584 4.993919 11.020511 1e-06 -0.0 12.109032 -3.735715 -2.866778 0.0 -0.0 0.0 1.291985 -1.928548 -1.498088 14.800115 0.567467 3.865604 14.242553 -1.341738 -6.660648 19.631935 0.143921 -0.648243 49.73275 -1.036411 -6.606105 0.353029 -1.51115 -0.03194 20.222769 3.684305 2.316629 18.787249 1e-06 -1e-06 10.751608 -0.47987 1.397903 0.0 -0.0 0.0 3.273804 0.305947 -0.58011 21.48679 11.830364 2.266131 8.162915 0.0 -0.0 18.399052 -3.798986 -4.940567 3e-06 0.0 -1e-06 -0.07636 1.091834 -26.275032 -0.014699 0.051005 -0.888532 -3.056774 8.270961 6.525715 1.620448 -2.168113 -5.568137 0.0 -0.0 2e-06 3.676916 -2.824341 20.887251 -0.094213 -0.050073 7.79838 -0.912917 2.012562 -9.363864 -1.444769 0.803608 -7.627927 0.0 -0.0 -1e-06 
0.0 0.0 0.0 0.0 -0.0 0.0 9.87101 95.027855 293.741669 0.485657 0.767398 0.011533 1.666683 0.433474 -0.934308 -0.036238 2.722917 -5.368002 -1.868142 0.01866 9.594304 -2.595717 3.436282 0.083816 -0.888717 -0.782899 -3.562179 0.535679 -2.750516 -10.178578 7.7e-05 -2.2e-05 6e-06 0.024753 0.025895 0.039932 0.68139 -3.728337 -10.589878 -0.643679 3.780602 -10.582863 -19.597965 0.240357 16.332335 -60.513737 1.724891 22.084913 -0.160655 -8.386253 0.048538 0.208656 -0.801111 -6.471518 -5.882102 9.861279 0.70259 -10.936861 -0.360574 7.156197 0.0 8.774815 -0.0 -16.390736 17.932009 6.167365 -1.844031 2.498503 -2.507276 -10.16359 4.678941 4.621104 -20.975996 -1e-06 1e-06 -21.226254 2.451698 -3.593995 0.0 -6e-06 -0.0 -1.362681 2.240797 -0.746323 -21.334892 0.58491 3.008319 -13.821196 -1e-06 1e-06 -23.887129 -0.249075 -0.839485 -61.129639 2.366974 -0.969019 -0.294025 1.679686 0.833255 -14.218195 0.093215 1.300579 -34.212002 -0.287561 0.967166 -20.033176 0.964536 1.212838 0.0 -0.0 0.0 -3.440387 0.788233 0.501655 -15.928172 -3.167306 2.999703 -6.338817 -0.0 1e-06 -18.123419 3.648181 -4.905662 -4e-06 0.0 -2e-06 13.390858 12.575076 16.375072 53.548943 20.695349 12.36286 -0.14929 41.902069 0.188749 -5.941383 3.759698 -0.275877 2.24354 -5.255033 -3.180156 14.282877 -0.826594 6.952496 -0.0 -12.690593 -1e-06 15.815474 -17.80447 2.714975 1.665665 -1.95592 -2.878297 4.727794 -4.170584 4.993919 11.020511 1e-06 -0.0 12.109032 -3.735715 -2.866778 0.0 -0.0 0.0 1.291985 -1.928548 -1.498088 14.800115 0.567467 3.865604 14.242553 -1.341738 -6.660648 19.631935 0.143921 -0.648243 49.827934 -0.951529 -6.52742 0.353029 -1.51115 -0.03194 20.222769 3.684305 2.316629 18.787249 1e-06 -1e-06 10.751608 -0.47987 1.397903 0.0 -0.0 0.0 3.273804 0.305947 -0.58011 21.48679 11.830364 2.266131 8.162915 0.0 -0.0 18.399052 -3.798986 -4.940567 3e-06 0.0 -1e-06 -3.415281 0.26765 -26.19655 -0.005255 0.134788 1.534644 -0.229002 7.807541 12.885275 1.750272 -2.052006 -5.661432 0.0 -0.0 2e-06 -0.494425 -4.07492 20.009899 -0.060975 0.081827 13.107772 0.469948 3.887624 -6.099115 -1.466369 0.80216 -14.457463 0.0 -0.0 -1e-06 
0.0 0.0 0.0 0.0 -0.0 0.0 10.547844 95.284103 299.121704 3.009378 1.416438 0.404115 0.176899 0.323041 -1.476528 -0.401809 2.854793 -5.638091 -3.21732 -0.001137 9.619438 -1.542422 2.997101 0.048166 -1.037421 -1.160469 -3.598969 0.949186 -3.007745 -9.928653 7.7e-05 -2.2e-05 6e-06 0.029166 0.002852 0.014297 0.689739 -3.749381 -10.583674 -0.642796 3.754209 -10.594081 -19.75 -0.302083 16.308775 -59.541054 1.658434 22.390671 -0.054972 -7.072033 0.048309 -0.002334 -0.26217 -5.716612 -5.882102 9.861279 0.70259 -10.936861 -0.360574 7.156197 0.0 8.774815 -0.0 -16.391014 17.77998 6.04256 -1.844031 2.498503 -2.507276 -10.16359 4.678941 4.621104 -20.975996 -1e-06 1e-06 -21.226254 2.451698 -3.593995 0.0 -6e-06 -0.0 -1.362681 2.240797 -0.746323 -21.334892 0.58491 3.008319 -13.821196 -1e-06 1e-06 -23.887129 -0.249075 -0.839485 -60.679176 2.392224 -0.990022 -0.294025 1.679686 0.833255 -14.218195 0.093215 1.300579 -34.212002 -0.287561 0.967166 -20.033176 0.964536 1.212838 0.0 -0.0 0.0 -3.440387 0.788233 0.501655 -15.928172 -3.167306 2.999703 -6.338817 -0.0 1e-06 -18.123419 3.648181 -4.905662 -4e-06 0.0 -2e-06 14.706511 11.544147 16.340513 54.832161 19.099213 11.681122 -0.093382 39.793503 0.22689 -6.772457 4.051439 -0.550512 2.24354 -5.255033 -3.180156 14.282877 -0.826594 6.952496 -0.0 -12.690593 -1e-06 15.685919 -17.816496 2.842941 1.665665 -1.95592 -2.878297 4.727794 -4.170584 4.993919 11.020511 1e-06 -0.0 12.109032 -3.735715 -2.866778 0.0 -0.0 0.0 1.291985 -1.928548 -1.498088 14.800115 0.567467 3.865604 14.242553 -1.341738 -6.660648 19.631935 0.143921 -0.648243 49.970913 -0.884204 -6.480335 0.353029 -1.51115 -0.03194 20.222769 3.684305 2.316629 18.787249 1e-06 -1e-06 10.751608 -0.47987 1.397903 0.0 -0.0 0.0 3.273804 0.305947 -0.58011 21.48679 11.830364 2.266131 8.162915 0.0 -0.0 18.399052 -3.798986 -4.940567 3e-06 0.0 -1e-06 -6.412332 -1.235787 -26.121855 0.061449 0.154628 5.974809 2.012411 7.254364 17.148991 1.753379 -2.026056 -3.709639 0.0 -0.0 2e-06 -4.647162 -5.671316 18.484068 -0.15901 0.328498 20.959036 1.856673 5.363302 -0.074224 -1.526209 0.795956 -23.206861 0.0 -0.0 -1e-06 
0.0 0.0 0.0 0.0 -0.0 0.0 11.137317 95.746391 304.329956 4.897552 2.387725 -0.363086 -0.655361 0.202804 -1.142968 -0.739917 2.832991 -5.48951 -4.51489 0.130626 9.541843 -0.547175 2.68183 0.543798 -1.343184 -1.767583 -3.532685 1.376593 -3.397741 -10.671698 7.7e-05 -2.2e-05 6e-06 0.034011 0.021288 0.025279 0.711163 -3.717269 -10.551257 -0.656155 3.75616 -10.547823 -18.348602 -1.091654 16.62077 -59.994312 0.293278 23.158989 0.260028 -6.634769 0.002332 0.28493 0.348998 -5.054496 -5.882102 9.861279 0.70259 -10.936861 -0.360574 7.156197 0.0 8.774815 -0.0 -16.566538 17.688856 5.785559 -1.844031 2.498503 -2.507276 -10.16359 4.678941 4.621104 -20.975996 -1e-06 1e-06 -21.226254 2.451698 -3.593995 0.0 -6e-06 -0.0 -1.362681 2.240797 -0.746323 -21.334892 0.58491 3.008319 -13.821196 -1e-06 1e-06 -23.887129 -0.249075 -0.839485 -60.384384 2.395331 -1.264371 -0.294025 1.679686 0.833255 -14.218195 0.093215 1.300579 -34.212002 -0.287561 0.967166 -20.033176 0.964536 1.212838 0.0 -0.0 0.0 -3.440387 0.788233 0.501655 -15.928172 -3.167306 2.999703 -6.338817 -0.0 1e-06 -18.123419 3.648181 -4.905662 -4e-06 0.0 -2e-06 14.235843 10.759307 16.650515 58.152435 17.690083 10.785527 -0.190432 36.534924 0.219048 -7.617311 3.815928 -1.761312 2.24354 -5.255033 -3.180156 14.282877 -0.826594 6.952496 -0.0 -12.690593 -1e-06 15.763515 -17.700262 2.858076 1.665665 -1.95592 -2.878297 4.727794 -4.170584 4.993919 11.020511 1e-06 -0.0 12.109032 -3.735715 -2.866778 0.0 -0.0 0.0 1.291985 -1.928548 -1.498088 14.800115 0.567467 3.865604 14.242553 -1.341738 -6.660648 19.631935 0.143921 -0.648243 50.092003 -0.748192 -6.364717 0.353029 -1.51115 -0.03194 20.222769 3.684305 2.316629 18.787249 1e-06 -1e-06 10.751608 -0.47987 1.397903 0.0 -0.0 0.0 3.273804 0.305947 -0.58011 21.48679 11.830364 2.266131 8.162915 0.0 -0.0 18.399052 -3.798986 -4.940567 3e-06 0.0 -1e-06 -8.740435 -2.382595 -24.603516 0.022854 0.076922 11.137105 3.328915 7.07936 14.85805 1.668447 -2.035549 -1.601476 0.0 -0.0 2e-06 -8.00141 -6.708511 15.689621 -0.063164 0.492868 31.821697 3.317569 5.951511 9.56328 -1.554429 0.684308 -29.500107 0.0 -0.0 -1e-06 
0.0 0.0 0.0 0.0 -0.0 0.0 11.686057 96.428749 309.133911 5.973435 2.652828 -1.457093 -1.128602 0.099308 -0.561637 -0.927639 2.801959 -5.151685 -4.999116 0.18896 9.475539 -0.4405 2.571948 0.943205 -1.479535 -2.031025 -3.482948 1.614911 -3.662503 -10.915194 7.7e-05 -2.2e-05 6e-06 0.034067 0.047021 0.043369 0.701424 -3.694763 -10.519348 -0.647862 3.784202 -10.507813 -17.697432 -1.507092 16.777887 -59.917351 -1.583799 23.639051 0.372375 -7.454351 -0.003281 0.445935 0.398987 -4.084827 -5.882102 9.861279 0.70259 -10.936861 -0.360574 7.156197 0.0 8.774815 -0.0 -16.666998 17.670099 5.607327 -1.844031 2.498503 -2.507276 -10.16359 4.678941 4.621104 -20.975996 -1e-06 1e-06 -21.226254 2.451698 -3.593995 0.0 -6e-06 -0.0 -1.362681 2.240797 -0.746323 -21.334892 0.58491 3.008319 -13.821196 -1e-06 1e-06 -23.887129 -0.249075 -0.839485 -60.182083 2.413134 -1.555354 -0.294025 1.679686 0.833255 -14.218195 0.093215 1.300579 -34.212002 -0.287561 0.967166 -20.033176 0.964536 1.212838 0.0 -0.0 0.0 -3.440387 0.788233 0.501655 -15.928172 -3.167306 2.999703 -6.338817 -0.0 1e-06 -18.123419 3.648181 -4.905662 -4e-06 0.0 -2e-06 13.681637 10.555209 16.978069 60.40377 16.358709 11.365801 -0.23472 32.948704 0.154882 -7.027933 2.977505 -2.232681 2.24354 -5.255033 -3.180156 14.282877 -0.826594 6.952496 -0.0 -12.690593 -1e-06 15.952179 -17.65843 2.788261 1.665665 -1.95592 -2.878297 4.727794 -4.170584 4.993919 11.020511 1e-06 -0.0 12.109032 -3.735715 -2.866778 0.0 -0.0 0.0 1.291985 -1.928548 -1.498088 14.800115 0.567467 3.865604 14.242553 -1.341738 -6.660648 19.631935 0.143921 -0.648243 50.130009 -0.604129 -6.436357 0.353029 -1.51115 -0.03194 20.222769 3.684305 2.316629 18.787249 1e-06 -1e-06 10.751608 -0.47987 1.397903 0.0 -0.0 0.0 3.273804 0.305947 -0.58011 21.48679 11.830364 2.266131 8.162915 0.0 -0.0 18.399052 -3.798986 -4.940567 3e-06 0.0 -1e-06 -10.313101 -2.35148 -21.329145 -0.013641 0.062455 13.783767 3.835413 6.858351 9.87875 1.650551 -2.094521 -1.334691 0.0 -0.0 2e-06 -10.301522 -6.791558 11.156374 0.025641 0.67615 43.896111 6.00593 4.842987 20.127796 -1.281261 0.640876 -21.400425 0.0 -0.0 -1e-06 
0.0 0.0 0.0 0.0 -0.0 0.0 12.184809 97.122864 313.554962 6.562162 2.337857 -2.277718 -1.518538 0.07175 -0.044896 -1.02266 2.720771 -4.896995 -5.018105 -8.8e-05 9.445082 -0.680117 2.731922 1.17616 -1.353995 -1.940655 -3.495221 1.678033 -3.641904 -10.802564 7.7e-05 -2.2e-05 6e-06 0.043391 0.102603 0.082309 0.696688 -3.646023 -10.513083 -0.625456 3.847653 -10.486164 -18.013201 -1.634842 16.664888 -58.839012 -3.677221 24.67082 0.340753 -9.052154 0.001125 0.844656 -0.126945 -3.429866 -5.882102 9.861279 0.70259 -10.936861 -0.360574 7.156197 0.0 8.774815 -0.0 -16.762144 17.806885 5.514324 -1.844031 2.498503 -2.507276 -10.16359 4.678941 4.621104 -20.975996 -1e-06 1e-06 -21.226254 2.451698 -3.593995 0.0 -6e-06 -0.0 -1.362681 2.240797 -0.746323 -21.334892 0.58491 3.008319 -13.821196 -1e-06 1e-06 -23.887129 -0.249075 -0.839485 -60.283386 2.387823 -1.61961 -0.294025 1.679686 0.833255 -14.218195 0.093215 1.300579 -34.212002 -0.287561 0.967166 -20.033176 0.964536 1.212838 0.0 -0.0 0.0 -3.440387 0.788233 0.501655 -15.928172 -3.167306 2.999703 -6.338817 -0.0 1e-06 -18.123419 3.648181 -4.905662 -4e-06 0.0 -2e-06 14.037123 10.514823 17.318886 60.773125 15.401228 13.87947 -0.155778 29.310244 0.078584 -5.24751 2.330761 -1.241865 2.24354 -5.255033 -3.180156 14.282877 -0.826594 6.952496 -0.0 -12.690593 -1e-06 16.160192 -17.592964 2.631189 1.665665 -1.95592 -2.878297 4.727794 -4.170584 4.993919 11.020511 1e-06 -0.0 12.109032 -3.735715 -2.866778 0.0 -0.0 0.0 1.291985 -1.928548 -1.498088 14.800115 0.567467 3.865604 14.242553 -1.341738 -6.660648 19.631935 0.143921 -0.648243 50.036209 -0.585647 -6.441195 0.353029 -1.51115 -0.03194 20.222769 3.684305 2.316629 18.787249 1e-06 -1e-06 10.751608 -0.47987 1.397903 0.0 -0.0 0.0 3.273804 0.305947 -0.58011 21.48679 11.830364 2.266131 8.162915 0.0 -0.0 18.399052 -3.798986 -4.940567 3e-06 0.0 -1e-06 -11.283661 -1.732831 -17.216917 0.046851 0.161254 13.498407 4.041835 6.667668 6.318023 1.657327 -2.095747 -1.406292 0.0 -0.0 2e-06 -11.515583 -6.241729 5.681745 0.09329 0.659736 54.376198 6.8686 3.177534 25.415422 -1.061013 0.808445 -7.820293 0.0 -0.0 -1e-06 
0.0 0.0 0.0 0.0 -0.0 0.0 12.567719 97.91893 317.733704 6.639526 2.051163 -2.909306 -1.810556 0.061911 0.358742 -1.090779 2.369602 -4.706676 -4.671867 -0.245486 9.511092 -0.731648 2.860525 1.398648 -1.277958 -1.731233 -3.482225 1.663843 -3.338235 -10.792725 7.7e-05 -2.2e-05 6e-06 0.043634 0.100069 0.105822 0.70157 -3.6516 -10.515192 -0.629464 3.850594 -10.486915 -18.607779 -1.758109 16.318512 -57.296619 -6.232225 26.121279 0.181625 -10.555501 0.00986 1.979248 -1.146493 -2.266184 -5.882102 9.861279 0.70259 -10.936861 -0.360574 7.156197 0.0 8.774815 -0.0 -16.848616 18.064173 5.452374 -1.844031 2.498503 -2.507276 -10.16359 4.678941 4.621104 -20.975996 -1e-06 1e-06 -21.226254 2.451698 -3.593995 0.0 -6e-06 -0.0 -1.362681 2.240797 -0.746323 -21.334892 0.58491 3.008319 -13.821196 -1e-06 1e-06 -23.887129 -0.249075 -0.839485 -60.390129 2.47912 -1.682871 -0.294025 1.679686 0.833255 -14.218195 0.093215 1.300579 -34.212002 -0.287561 0.967166 -20.033176 0.964536 1.212838 0.0 -0.0 0.0 -3.440387 0.788233 0.501655 -15.928172 -3.167306 2.999703 -6.338817 -0.0 1e-06 -18.123419 3.648181 -4.905662 -4e-06 0.0 -2e-06 14.980794 10.365674 17.562654 60.207073 14.589747 17.14868 0.077069 25.728794 0.078177 -3.638467 1.891556 1.019598 2.24354 -5.255033 -3.180156 14.282877 -0.826594 6.952496 -0.0 -12.690593 -1e-06 16.303587 -17.593275 2.415567 1.665665 -1.95592 -2.878297 4.727794 -4.170584 4.993919 11.020511 1e-06 -0.0 12.109032 -3.735715 -2.866778 0.0 -0.0 0.0 1.291985 -1.928548 -1.498088 14.800115 0.567467 3.865604 14.242553 -1.341738 -6.660648 19.631935 0.143921 -0.648243 50.109303 -0.638597 -6.491516 0.353029 -1.51115 -0.03194 20.222769 3.684305 2.316629 18.787249 1e-06 -1e-06 10.751608 -0.47987 1.397903 0.0 -0.0 0.0 3.273804 0.305947 -0.58011 21.48679 11.830364 2.266131 8.162915 0.0 -0.0 18.399052 -3.798986 -4.940567 3e-06 0.0 -1e-06 -11.594648 -1.506924 -12.788686 0.131345 0.181414 11.724477 4.179816 7.027716 4.290439 1.631945 -2.105327 -1.263401 0.0 -0.0 2e-06 -11.708016 -6.11007 -0.047192 0.105486 0.389193 62.631748 4.136789 0.936954 20.921667 -1.167324 0.85321 -5.558013 0.0 -0.0 -1e-06 
0.0 0.0 0.0 0.0 -0.0 0.0 12.810726 98.712257 321.788757 5.95402 2.238778 -3.563706 -1.837966 -0.061298 0.788647 -1.059189 1.892226 -4.524231 -4.009101 -0.652663 9.641667 -0.465015 2.900685 1.798379 -1.286997 -1.557843 -3.468782 1.611109 -3.064323 -10.759007 7.7e-05 -2.2e-05 6e-06 0.040371 0.089973 0.10828 0.704939 -3.664347 -10.52736 -0.637658 3.84577 -10.510701 -18.458422 -2.178595 16.119854 -56.360302 -9.502443 27.018671 -0.063547 -11.953836 0.013683 3.567898 -1.888649 -0.667019 -5.882102 9.861279 0.70259 -10.936861 -0.360574 7.156197 0.0 8.774815 -0.0 -16.812056 18.315832 5.532068 -1.844031 2.498503 -2.507276 -10.16359 4.678941 4.621104 -20.975996 -1e-06 1e-06 -21.226254 2.451698 -3.593995 0.0 -6e-06 -0.0 -1.362681 2.240797 -0.746323 -21.334892 0.58491 3.008319 -13.821196 -1e-06 1e-06 -23.887129 -0.249075 -0.839485 -60.532661 2.509233 -1.600936 -0.294025 1.679686 0.833255 -14.218195 0.093215 1.300579 -34.212002 -0.287561 0.967166 -20.033176 0.964536 1.212838 0.0 -0.0 0.0 -3.440387 0.788233 0.501655 -15.928172 -3.167306 2.999703 -6.338817 -0.0 1e-06 -18.123419 3.648181 -4.905662 -4e-06 0.0 -2e-06 15.63562 9.989907 17.799458 60.033428 13.725665 19.470125 0.281215 22.498255 0.077009 -3.007037 1.229654 2.957458 2.24354 -5.255033 -3.180156 14.282877 -0.826594 6.952496 -0.0 -12.690593 -1e-06 16.350554 -17.505804 2.280861 1.665665 -1.95592 -2.878297 4.727794 -4.170584 4.993919 11.020511 1e-06 -0.0 12.109032 -3.735715 -2.866778 0.0 -0.0 0.0 1.291985 -1.928548 -1.498088 14.800115 0.567467 3.865604 14.242553 -1.341738 -6.660648 19.631935 0.143921 -0.648243 50.154285 -0.580394 -6.438479 0.353029 -1.51115 -0.03194 20.222769 3.684305 2.316629 18.787249 1e-06 -1e-06 10.751608 -0.47987 1.397903 0.0 -0.0 0.0 3.273804 0.305947 -0.58011 21.48679 11.830364 2.266131 8.162915 0.0 -0.0 18.399052 -3.798986 -4.940567 3e-06 0.0 -1e-06 -11.024874 -1.70747 -8.197431 0.134707 0.10759 9.479707 4.192209 7.376099 2.925992 1.618843 -2.123013 -1.155835 0.0 -0.0 2e-06 -10.612097 -6.453243 -5.606535 0.087308 0.100793 67.385239 1.222328 -1.586356 15.475168 -1.269896 0.858841 -5.147379 0.0 -0.0 -1e-06 
0.0 0.0 0.0 0.0 -0.0 0.0 12.939904 99.352539 325.809387 4.868764 2.968578 -4.288338 -1.78057 -0.231806 1.337046 -0.96634 1.294 -4.323097 -3.214133 -1.292044 9.734998 0.057567 2.772749 2.3077 -1.245025 -1.383324 -3.448569 1.517004 -2.791073 -10.728527 7.7e-05 -2.2e-05 6e-06 0.034222 0.086039 0.104202 0.705874 -3.669065 -10.551117 -0.648662 3.844003 -10.540373 -17.293034 -3.048351 16.107489 -56.149536 -13.01813 27.311344 -0.32536 -13.810079 0.019972 4.958377 -2.177733 0.492415 -5.882102 9.861279 0.70259 -10.936861 -0.360574 7.156197 0.0 8.774815 -0.0 -16.518967 18.482578 5.759183 -1.844031 2.498503 -2.507276 -10.16359 4.678941 4.621104 -20.975996 -1e-06 1e-06 -21.226254 2.451698 -3.593995 0.0 -6e-06 -0.0 -1.362681 2.240797 -0.746323 -21.334892 0.58491 3.008319 -13.821196 -1e-06 1e-06 -23.887129 -0.249075 -0.839485 -60.606003 2.561242 -1.5184 -0.294025 1.679686 0.833255 -14.218195 0.093215 1.300579 -34.212002 -0.287561 0.967166 -20.033176 0.964536 1.212838 0.0 -0.0 0.0 -3.440387 0.788233 0.501655 -15.928172 -3.167306 2.999703 -6.338817 -0.0 1e-06 -18.123419 3.648181 -4.905662 -4e-06 0.0 -2e-06 15.755642 9.375631 17.963043 60.497894 12.463785 20.087591 0.377658 20.263962 0.080583 -2.968985 0.560942 3.689474 2.24354 -5.255033 -3.180156 14.282877 -0.826594 6.952496 -0.0 -12.690593 -1e-06 16.370056 -17.397661 2.208017 1.665665 -1.95592 -2.878297 4.727794 -4.170584 4.993919 11.020511 1e-06 -0.0 12.109032 -3.735715 -2.866778 0.0 -0.0 0.0 1.291985 -1.928548 -1.498088 14.800115 0.567467 3.865604 14.242553 -1.341738 -6.660648 19.631935 0.143921 -0.648243 50.025642 -0.480125 -6.424092 0.353029 -1.51115 -0.03194 20.222769 3.684305 2.316629 18.787249 1e-06 -1e-06 10.751608 -0.47987 1.397903 0.0 -0.0 0.0 3.273804 0.305947 -0.58011 21.48679 11.830364 2.266131 8.162915 0.0 -0.0 18.399052 -3.798986 -4.940567 3e-06 0.0 -1e-06 -9.972471 -2.151413 -3.415353 0.099168 0.007506 6.99427 3.975588 7.421822 1.659204 1.616183 -2.110675 -1.067145 0.0 -0.0 2e-06 -8.8738 -7.06216 -10.624851 0.073801 -0.109934 68.570801 -0.315428 -3.308073 11.495202 -1.31262 0.829322 -4.961434 0.0 -0.0 -1e-06 
0.0 0.0 0.0 0.0 -0.0 0.0 12.965449 99.75386 329.826294 3.68809 4.094432 -4.907394 -1.719741 -0.390702 1.891938 -0.860635 0.616622 -4.129089 -2.454114 -2.06283 9.818298 0.743066 2.492996 2.634714 -1.161532 -1.206183 -3.442505 1.41194 -2.584369 -10.718263 7.7e-05 -2.2e-05 6e-06 0.030475 0.084347 0.09533 0.711098 -3.670821 -10.589317 -0.659224 3.842333 -10.576794 -15.745446 -4.259385 16.119101 -55.791332 -16.286398 27.207737 -0.569094 -16.463789 0.053098 5.851471 -2.279931 1.076667 -5.882102 9.861279 0.70259 -10.936861 -0.360574 7.156197 0.0 8.774815 -0.0 -16.033758 18.537001 6.0428 -1.844031 2.498503 -2.507276 -10.16359 4.678941 4.621104 -20.975996 -1e-06 1e-06 -21.226254 2.451698 -3.593995 0.0 -6e-06 -0.0 -1.362681 2.240797 -0.746323 -21.334892 0.58491 3.008319 -13.821196 -1e-06 1e-06 -23.887129 -0.249075 -0.839485 -60.540077 2.611212 -1.415988 -0.294025 1.679686 0.833255 -14.218195 0.093215 1.300579 -34.212002 -0.287561 0.967166 -20.033176 0.964536 1.212838 0.0 -0.0 0.0 -3.440387 0.788233 0.501655 -15.928172 -3.167306 2.999703 -6.338817 -0.0 1e-06 -18.123419 3.648181 -4.905662 -4e-06 0.0 -2e-06 15.876056 8.540393 18.026129 60.87553 10.672916 19.296297 0.429982 19.446917 0.085097 -2.96079 0.34709 3.191024 2.24354 -5.255033 -3.180156 14.282877 -0.826594 6.952496 -0.0 -12.690593 -1e-06 16.385212 -17.357136 2.182654 1.665665 -1.95592 -2.878297 4.727794 -4.170584 4.993919 11.020511 1e-06 -0.0 12.109032 -3.735715 -2.866778 0.0 -0.0 0.0 1.291985 -1.928548 -1.498088 14.800115 0.567467 3.865604 14.242553 -1.341738 -6.660648 19.631935 0.143921 -0.648243 49.861 -0.403298 -6.429432 0.353029 -1.51115 -0.03194 20.222769 3.684305 2.316629 18.787249 1e-06 -1e-06 10.751608 -0.47987 1.397903 0.0 -0.0 0.0 3.273804 0.305947 -0.58011 21.48679 11.830364 2.266131 8.162915 0.0 -0.0 18.399052 -3.798986 -4.940567 3e-06 0.0 -1e-06 -8.761399 -2.753243 1.179416 0.074526 -0.050826 4.518938 3.588226 7.105439 0.30966 1.620674 -2.062737 -0.968124 0.0 -0.0 2e-06 -7.027269 -7.739153 -15.010881 0.025051 -0.274768 66.395035 -0.796688 -4.37183 8.594743 -1.345386 0.793611 -4.955102 0.0 -0.0 -1e-06 
0.0 0.0 0.0 0.0 -0.0 0.0 12.90372 99.879189 333.804565 2.722365 5.401948 -5.216539 -1.727252 -0.50689 2.317859 -0.804589 -0.052483 -3.977403 -1.837355 -2.809943 9.929108 1.533018 2.136877 2.636719 -1.102366 -1.043162 -3.477792 1.332879 -2.513689 -10.826722 7.7e-05 -2.2e-05 6e-06 0.028794 0.06861 0.081476 0.716056 -3.681807 -10.616572 -0.665873 3.821721 -10.598729 -14.22393 -5.654315 16.003372 -54.83226 -19.307022 27.036411 -0.755497 -19.722006 0.125897 6.274339 -2.137472 1.187313 -5.882102 9.861279 0.70259 -10.936861 -0.360574 7.156197 0.0 8.774815 -0.0 -15.562221 18.538437 6.320748 -1.844031 2.498503 -2.507276 -10.16359 4.678941 4.621104 -20.975996 -1e-06 1e-06 -21.226254 2.451698 -3.593995 0.0 -6e-06 -0.0 -1.362681 2.240797 -0.746323 -21.334892 0.58491 3.008319 -13.821196 -1e-06 1e-06 -23.887129 -0.249075 -0.839485 -60.445782 2.652371 -1.274936 -0.294025 1.679686 0.833255 -14.218195 0.093215 1.300579 -34.212002 -0.287561 0.967166 -20.033176 0.964536 1.212838 0.0 -0.0 0.0 -3.440387 0.788233 0.501655 -15.928172 -3.167306 2.999703 -6.338817 -0.0 1e-06 -18.123419 3.648181 -4.905662 -4e-06 0.0 -2e-06 16.330715 7.568737 18.040415 60.788765 8.545512 18.095243 0.407916 19.695753 0.073086 -2.827041 0.630604 1.940234 2.24354 -5.255033 -3.180156 14.282877 -0.826594 6.952496 -0.0 -12.690593 -1e-06 16.403034 -17.390747 2.202125 1.665665 -1.95592 -2.878297 4.727794 -4.170584 4.993919 11.020511 1e-06 -0.0 12.109032 -3.735715 -2.866778 0.0 -0.0 0.0 1.291985 -1.928548 -1.498088 14.800115 0.567467 3.865604 14.242553 -1.341738 -6.660648 19.631935 0.143921 -0.648243 49.764084 -0.400287 -6.44699 0.353029 -1.51115 -0.03194 20.222769 3.684305 2.316629 18.787249 1e-06 -1e-06 10.751608 -0.47987 1.397903 0.0 -0.0 0.0 3.273804 0.305947 -0.58011 21.48679 11.830364 2.266131 8.162915 0.0 -0.0 18.399052 -3.798986 -4.940567 3e-06 0.0 -1e-06 -7.746394 -3.465288 5.004773 0.066023 -0.038039 2.68034 3.205039 6.519913 -1.292043 1.63336 -2.00295 -0.866168 0.0 -0.0 2e-06 -5.500511 -8.240979 -18.887459 -0.055348 -0.353771 60.991985 -0.613584 -5.114801 6.550295 -1.386488 0.793469 -5.023382 0.0 -0.0 -1e-06 
0.0 0.0 0.0 0.0 -0.0 0.0 12.815195 99.719276 337.620728 2.239784 6.623695 -5.18946 -1.901277 -0.549181 2.57607 -0.814571 -0.657597 -3.861142 -1.455015 -3.407995 10.071157 2.335931 1.772802 2.353957 -1.126543 -0.923314 -3.531003 1.332728 -2.513232 -11.165022 7.7e-05 -2.2e-05 6e-06 0.026348 0.046567 0.072212 0.710585 -3.697606 -10.613841 -0.66442 3.793835 -10.593204 -12.802224 -6.993179 15.79659 -53.442638 -22.149847 26.627583 -0.851324 -23.075809 0.228145 6.519655 -1.731455 0.928633 -5.882102 9.861279 0.70259 -10.936861 -0.360574 7.156197 0.0 8.774815 -0.0 -15.215968 18.551472 6.560503 -1.844031 2.498503 -2.507276 -10.16359 4.678941 4.621104 -20.975996 -1e-06 1e-06 -21.226254 2.451698 -3.593995 0.0 -6e-06 -0.0 -1.362681 2.240797 -0.746323 -21.334892 0.58491 3.008319 -13.821196 -1e-06 1e-06 -23.887129 -0.249075 -0.839485 -60.382191 2.70846 -1.117298 -0.294025 1.679686 0.833255 -14.218195 0.093215 1.300579 -34.212002 -0.287561 0.967166 -20.033176 0.964536 1.212838 0.0 -0.0 0.0 -3.440387 0.788233 0.501655 -15.928172 -3.167306 2.999703 -6.338817 -0.0 1e-06 -18.123419 3.648181 -4.905662 -4e-06 0.0 -2e-06 16.960384 6.648771 18.059561 60.500992 6.476632 17.093536 0.270783 20.313128 0.039439 -2.728633 1.061325 0.369498 2.24354 -5.255033 -3.180156 14.282877 -0.826594 6.952496 -0.0 -12.690593 -1e-06 16.447906 -17.477095 2.22272 1.665665 -1.95592 -2.878297 4.727794 -4.170584 4.993919 11.020511 1e-06 -0.0 12.109032 -3.735715 -2.866778 0.0 -0.0 0.0 1.291985 -1.928548 -1.498088 14.800115 0.567467 3.865604 14.242553 -1.341738 -6.660648 19.631935 0.143921 -0.648243 49.752846 -0.420381 -6.483815 0.353029 -1.51115 -0.03194 20.222769 3.684305 2.316629 18.787249 1e-06 -1e-06 10.751608 -0.47987 1.397903 0.0 -0.0 0.0 3.273804 0.305947 -0.58011 21.48679 11.830364 2.266131 8.162915 0.0 -0.0 18.399052 -3.798986 -4.940567 3e-06 0.0 -1e-06 -7.212125 -4.170956 7.880881 0.053226 0.018317 1.850693 2.92643 5.923215 -3.3067 1.648856 -1.976381 -0.758123 0.0 -0.0 2e-06 -4.642936 -8.440037 -21.882523 -0.074984 -0.250092 52.631432 -0.244692 -6.059329 5.523753 -1.414488 0.824273 -5.072206 0.0 -0.0 -1e-06 
0.0 0.0 0.0 0.0 -0.0 0.0 12.770507 99.302361 341.310852 2.343286 7.594699 -4.920079 -2.279472 -0.582648 2.708602 -0.860423 -1.16117 -3.778745 -1.380623 -3.774672 10.226674 3.060685 1.442365 1.936367 -1.188573 -0.904792 -3.556948 1.379847 -2.447548 -11.668784 7.7e-05 -2.2e-05 6e-06 0.020483 0.036134 0.075388 0.695856 -3.709119 -10.597321 -0.661179 3.784447 -10.580037 -11.418469 -8.132201 15.559246 -51.993744 -24.831818 25.775183 -0.79272 -26.147804 0.30565 6.847632 -1.268645 0.24663 -5.882102 9.861279 0.70259 -10.936861 -0.360574 7.156197 0.0 8.774815 -0.0 -15.06076 18.578325 6.674753 -1.844031 2.498503 -2.507276 -10.16359 4.678941 4.621104 -20.975996 -1e-06 1e-06 -21.226254 2.451698 -3.593995 0.0 -6e-06 -0.0 -1.362681 2.240797 -0.746323 -21.334892 0.58491 3.008319 -13.821196 -1e-06 1e-06 -23.887129 -0.249075 -0.839485 -60.320736 2.754134 -1.009052 -0.294025 1.679686 0.833255 -14.218195 0.093215 1.300579 -34.212002 -0.287561 0.967166 -20.033176 0.964536 1.212838 0.0 -0.0 0.0 -3.440387 0.788233 0.501655 -15.928172 -3.167306 2.999703 -6.338817 -0.0 1e-06 -18.123419 3.648181 -4.905662 -4e-06 0.0 -2e-06 17.408358 5.87935 18.045347 60.49321 4.650108 16.306873 0.038976 20.765476 0.0034 -2.763864 1.375333 -1.162751 2.24354 -5.255033 -3.180156 14.282877 -0.826594 6.952496 -0.0 -12.690593 -1e-06 16.481647 -17.545565 2.232183 1.665665 -1.95592 -2.878297 4.727794 -4.170584 4.993919 11.020511 1e-06 -0.0 12.109032 -3.735715 -2.866778 0.0 -0.0 0.0 1.291985 -1.928548 -1.498088 14.800115 0.567467 3.865604 14.242553 -1.341738 -6.660648 19.631935 0.143921 -0.648243 49.780502 -0.4284 -6.50434 0.353029 -1.51115 -0.03194 20.222769 3.684305 2.316629 18.787249 1e-06 -1e-06 10.751608 -0.47987 1.397903 0.0 -0.0 0.0 3.273804 0.305947 -0.58011 21.48679 11.830364 2.266131 8.162915 0.0 -0.0 18.399052 -3.798986 -4.940567 3e-06 0.0 -1e-06 -7.274523 -4.777564 10.162625 0.024862 0.105695 1.774865 2.779261 5.452067 -5.585681 1.661422 -2.011018 -0.646659 0.0 -0.0 2e-06 -4.645626 -8.419384 -23.550272 -0.010059 -0.0617 41.408325 -0.368044 -7.409508 5.661757 -1.438199 0.870883 -5.028551 0.0 -0.0 -1e-06 
0.0 0.0 0.0 0.0 -0.0 0.0 12.791676 98.684441 345.096893 2.899351 8.308174 -4.542748 -2.774758 -0.614082 2.798023 -0.91047 -1.482 -3.772429 -1.576287 -3.936396 10.360955 3.62908 1.191322 1.492186 -1.201229 -0.932248 -3.542535 1.423048 -2.380103 -12.220451 7.7e-05 -2.2e-05 6e-06 0.006356 0.028022 0.085635 0.679918 -3.724841 -10.611691 -0.673552 3.783765 -10.601757 -10.121451 -9.032869 15.371064 -50.826344 -27.293911 24.320189 -0.568817 -28.700502 0.310564 7.425019 -1.016763 -0.292504 -5.882102 9.861279 0.70259 -10.936861 -0.360574 7.156197 0.0 8.774815 -0.0 -15.018826 18.636276 6.688529 -1.844031 2.498503 -2.507276 -10.16359 4.678941 4.621104 -20.975996 -1e-06 1e-06 -21.226254 2.451698 -3.593995 0.0 -6e-06 -0.0 -1.362681 2.240797 -0.746323 -21.334892 0.58491 3.008319 -13.821196 -1e-06 1e-06 -23.887129 -0.249075 -0.839485 -60.329018 2.791098 -1.04209 -0.294025 1.679686 0.833255 -14.218195 0.093215 1.300579 -34.212002 -0.287561 0.967166 -20.033176 0.964536 1.212838 0.0 -0.0 0.0 -3.440387 0.788233 0.501655 -15.928172 -3.167306 2.999703 -6.338817 -0.0 1e-06 -18.123419 3.648181 -4.905662 -4e-06 0.0 -2e-06 17.482244 5.290293 18.071384 60.991909 3.15503 15.581615 -0.237572 20.79019 -0.011916 -2.849483 1.482536 -2.476921 2.24354 -5.255033 -3.180156 14.282877 -0.826594 6.952496 -0.0 -12.690593 -1e-06 16.473257 -17.59807 2.290778 1.665665 -1.95592 -2.878297 4.727794 -4.170584 4.993919 11.020511 1e-06 -0.0 12.109032 -3.735715 -2.866778 0.0 -0.0 0.0 1.291985 -1.928548 -1.498088 14.800115 0.567467 3.865604 14.242553 -1.341738 -6.660648 19.631935 0.143921 -0.648243 49.9133 -0.437578 -6.465971 0.353029 -1.51115 -0.03194 20.222769 3.684305 2.316629 18.787249 1e-06 -1e-06 10.751608 -0.47987 1.397903 0.0 -0.0 0.0 3.273804 0.305947 -0.58011 21.48679 11.830364 2.266131 8.162915 0.0 -0.0 18.399052 -3.798986 -4.940567 3e-06 0.0 -1e-06 -7.796477 -5.23852 12.286419 0.001928 0.248952 2.073831 2.663547 5.197022 -7.846056 1.664605 -2.086393 -0.626587 0.0 -0.0 2e-06 -5.355405 -8.336665 -23.64712 0.086113 0.034913 27.455238 -0.587967 -7.843171 6.595752 -1.460333 0.961297 -4.882504 0.0 -0.0 -1e-06 
0.0 0.0 0.0 0.0 -0.0 0.0 12.809134 97.849564 349.118225 3.828874 8.875443 -4.084489 -3.358636 -0.575266 2.77656 -1.01829 -1.656375 -3.843514 -1.954136 -3.949974 10.454957 4.081199 1.087888 1.079806 -1.179365 -1.026804 -3.526072 1.443481 -2.533538 -12.642327 7.7e-05 -2.2e-05 6e-06 0.000682 0.056713 0.090128 0.685653 -3.702191 -10.658588 -0.690934 3.819893 -10.655567 -8.953328 -9.713096 15.180876 -50.14164 -29.373701 22.744188 -0.139867 -30.827194 0.183744 8.116848 -0.959378 -0.481552 -5.882102 9.861279 0.70259 -10.936861 -0.360574 7.156197 0.0 8.774815 -0.0 -15.046379 18.76969 6.736019 -1.844031 2.498503 -2.507276 -10.16359 4.678941 4.621104 -20.975996 -1e-06 1e-06 -21.226254 2.451698 -3.593995 0.0 -6e-06 -0.0 -1.362681 2.240797 -0.746323 -21.334892 0.58491 3.008319 -13.821196 -1e-06 1e-06 -23.887129 -0.249075 -0.839485 -60.313763 2.843036 -1.266833 -0.294025 1.679686 0.833255 -14.218195 0.093215 1.300579 -34.212002 -0.287561 0.967166 -20.033176 0.964536 1.212838 0.0 -0.0 0.0 -3.440387 0.788233 0.501655 -15.928172 -3.167306 2.999703 -6.338817 -0.0 1e-06 -18.123419 3.648181 -4.905662 -4e-06 0.0 -2e-06 17.279356 4.840792 18.088472 61.953766 1.811111 14.51161 -0.355891 20.422945 0.013038 -2.924934 1.4864 -3.150841 2.24354 -5.255033 -3.180156 14.282877 -0.826594 6.952496 -0.0 -12.690593 -1e-06 16.456387 -17.614943 2.384825 1.665665 -1.95592 -2.878297 4.727794 -4.170584 4.993919 11.020511 1e-06 -0.0 12.109032 -3.735715 -2.866778 0.0 -0.0 0.0 1.291985 -1.928548 -1.498088 14.800115 0.567467 3.865604 14.242553 -1.341738 -6.660648 19.631935 0.143921 -0.648243 50.160549 -0.45996 -6.391763 0.353029 -1.51115 -0.03194 20.222769 3.684305 2.316629 18.787249 1e-06 -1e-06 10.751608 -0.47987 1.397903 0.0 -0.0 0.0 3.273804 0.305947 -0.58011 21.48679 11.830364 2.266131 8.162915 0.0 -0.0 18.399052 -3.798986 -4.940567 3e-06 0.0 -1e-06 -8.598496 -5.328965 14.520272 0.014301 0.335245 2.413267 2.58664 4.724219 -9.990294 1.672612 -2.14291 -0.791063 0.0 -0.0 2e-06 -6.42986 -8.317066 -22.609694 0.203651 -0.058648 12.655425 0.722434 -7.009812 6.142135 -1.419481 1.067823 -4.968447 0.0 -0.0 -1e-06 
0.0 0.0 0.0 0.0 -0.0 0.0 12.725009 96.966675 353.283203 4.431891 9.232891 -3.405979 -3.635751 -0.449424 2.472789 -1.110953 -1.755799 -3.971351 -2.256601 -3.858531 10.45086 4.377069 1.06299 0.651239 -1.117239 -1.167176 -3.58272 1.470542 -2.776018 -12.486979 7.7e-05 -2.2e-05 6e-06 0.011836 0.097036 0.068131 0.700416 -3.660243 -10.696161 -0.683185 3.861476 -10.690064 -8.493264 -10.051852 14.786033 -49.478107 -30.784224 21.056107 0.197426 -32.799591 0.003243 8.730885 -0.893568 -0.102133 -5.882102 9.861279 0.70259 -10.936861 -0.360574 7.156197 0.0 8.774815 -0.0 -15.101473 18.890692 6.816388 -1.844031 2.498503 -2.507276 -10.16359 4.678941 4.621104 -20.975996 -1e-06 1e-06 -21.226254 2.451698 -3.593995 0.0 -6e-06 -0.0 -1.362681 2.240797 -0.746323 -21.334892 0.58491 3.008319 -13.821196 -1e-06 1e-06 -23.887129 -0.249075 -0.839485 -60.322067 2.81109 -1.407416 -0.294025 1.679686 0.833255 -14.218195 0.093215 1.300579 -34.212002 -0.287561 0.967166 -20.033176 0.964536 1.212838 0.0 -0.0 0.0 -3.440387 0.788233 0.501655 -15.928172 -3.167306 2.999703 -6.338817 -0.0 1e-06 -18.123419 3.648181 -4.905662 -4e-06 0.0 -2e-06 17.598169 4.557569 17.93152 62.538654 0.313991 13.111919 -0.358219 19.777586 0.054604 -2.684703 1.385289 -3.168159 2.24354 -5.255033 -3.180156 14.282877 -0.826594 6.952496 -0.0 -12.690593 -1e-06 16.354008 -17.525887 2.434769 1.665665 -1.95592 -2.878297 4.727794 -4.170584 4.993919 11.020511 1e-06 -0.0 12.109032 -3.735715 -2.866778 0.0 -0.0 0.0 1.291985 -1.928548 -1.498088 14.800115 0.567467 3.865604 14.242553 -1.341738 -6.660648 19.631935 0.143921 -0.648243 50.167419 -0.496963 -6.434174 0.353029 -1.51115 -0.03194 20.222769 3.684305 2.316629 18.787249 1e-06 -1e-06 10.751608 -0.47987 1.397903 0.0 -0.0 0.0 3.273804 0.305947 -0.58011 21.48679 11.830364 2.266131 8.162915 0.0 -0.0 18.399052 -3.798986 -4.940567 3e-06 0.0 -1e-06 -8.807333 -5.151825 16.590637 -0.020881 0.319064 2.715385 2.430768 3.92251 -11.808708 1.706748 -2.077028 -1.130753 0.0 -0.0 2e-06 -6.644357 -8.2425 -22.232784 0.209809 -0.055809 1.052849 3.472577 -6.627215 4.832305 -1.326469 1.151175 -4.914484 0.0 -0.0 -1e-06 
0.0 0.0 0.0 0.0 -0.0 0.0 12.541067 96.239563 357.540344 4.229409 9.295226 -2.838143 -3.370303 -0.327944 2.11276 -1.083028 -1.821315 -4.115932 -2.314767 -3.727693 10.493724 4.465596 1.02598 0.086244 -1.089235 -1.00273 -3.535734 1.330107 -2.949894 -12.208165 7.7e-05 -2.2e-05 6e-06 0.009431 0.034807 0.05305 0.683215 -3.717311 -10.67697 -0.67027 3.796655 -10.659014 -8.754893 -9.998328 14.34633 -48.903252 -31.539717 18.647604 0.023756 -34.608021 0.108375 9.526171 -1.260929 0.674734 -5.882102 9.861279 0.70259 -10.936861 -0.360574 7.156197 0.0 8.774815 -0.0 -15.134156 18.90546 6.824635 -1.844031 2.498503 -2.507276 -10.16359 4.678941 4.621104 -20.975996 -1e-06 1e-06 -21.226254 2.451698 -3.593995 0.0 -6e-06 -0.0 -1.362681 2.240797 -0.746323 -21.334892 0.58491 3.008319 -13.821196 -1e-06 1e-06 -23.887129 -0.249075 -0.839485 -60.527168 2.709391 -1.333888 -0.294025 1.679686 0.833255 -14.218195 0.093215 1.300579 -34.212002 -0.287561 0.967166 -20.033176 0.964536 1.212838 0.0 -0.0 0.0 -3.440387 0.788233 0.501655 -15.928172 -3.167306 2.999703 -6.338817 -0.0 1e-06 -18.123419 3.648181 -4.905662 -4e-06 0.0 -2e-06 18.500517 4.58758 17.899221 62.520958 -0.773101 11.257429 -0.246414 18.639177 0.099616 -2.044009 0.944792 -3.032299 2.24354 -5.255033 -3.180156 14.282877 -0.826594 6.952496 -0.0 -12.690593 -1e-06 16.284525 -17.459873 2.416544 1.665665 -1.95592 -2.878297 4.727794 -4.170584 4.993919 11.020511 1e-06 -0.0 12.109032 -3.735715 -2.866778 0.0 -0.0 0.0 1.291985 -1.928548 -1.498088 14.800115 0.567467 3.865604 14.242553 -1.341738 -6.660648 19.631935 0.143921 -0.648243 49.810734 -0.50602 -6.645865 0.353029 -1.51115 -0.03194 20.222769 3.684305 2.316629 18.787249 1e-06 -1e-06 10.751608 -0.47987 1.397903 0.0 -0.0 0.0 3.273804 0.305947 -0.58011 21.48679 11.830364 2.266131 8.162915 0.0 -0.0 18.399052 -3.798986 -4.940567 3e-06 0.0 -1e-06 -8.021317 -4.934452 18.732254 -0.085443 0.314757 2.957237 1.80139 3.077067 -12.641996 1.77928 -2.036653 -1.730219 0.0 -0.0 2e-06 -5.232908 -8.471609 -23.913063 0.07651 0.104761 -2.047668 6.555323 -6.507061 2.797776 -1.303352 1.096357 -4.87899 0.0 -0.0 -1e-06 
0.0 0.0 0.0 0.0 -0.0 0.0 12.296031 95.638969 362.028351 3.286598 9.242459 -2.477548 -2.634011 -0.213659 1.658774 -0.967558 -1.919057 -4.251375 -2.052405 -3.584646 10.498007 4.292934 1.142027 -0.337347 -1.0777 -0.952177 -3.462405 1.255222 -3.051251 -11.86409 7.7e-05 -2.2e-05 6e-06 0.004166 0.007659 0.061739 0.682018 -3.735872 -10.620424 -0.67887 3.759503 -10.579275 -9.275428 -9.788174 14.322148 -48.99794 -31.536339 16.524542 -0.184255 -36.452896 0.198211 10.284959 -1.743382 1.538103 -5.882102 9.861279 0.70259 -10.936861 -0.360574 7.156197 0.0 8.774815 -0.0 -15.307723 18.749897 6.720236 -1.844031 2.498503 -2.507276 -10.16359 4.678941 4.621104 -20.975996 -1e-06 1e-06 -21.226254 2.451698 -3.593995 0.0 -6e-06 -0.0 -1.362681 2.240797 -0.746323 -21.334892 0.58491 3.008319 -13.821196 -1e-06 1e-06 -23.887129 -0.249075 -0.839485 -60.679256 2.638825 -1.101523 -0.294025 1.679686 0.833255 -14.218195 0.093215 1.300579 -34.212002 -0.287561 0.967166 -20.033176 0.964536 1.212838 0.0 -0.0 0.0 -3.440387 0.788233 0.501655 -15.928172 -3.167306 2.999703 -6.338817 -0.0 1e-06 -18.123419 3.648181 -4.905662 -4e-06 0.0 -2e-06 19.310339 4.8089 17.921038 62.485657 -1.277314 10.028148 -0.136547 16.857576 0.129108 -1.275531 0.55773 -2.970662 2.24354 -5.255033 -3.180156 14.282877 -0.826594 6.952496 -0.0 -12.690593 -1e-06 16.234674 -17.376621 2.328659 1.665665 -1.95592 -2.878297 4.727794 -4.170584 4.993919 11.020511 1e-06 -0.0 12.109032 -3.735715 -2.866778 0.0 -0.0 0.0 1.291985 -1.928548 -1.498088 14.800115 0.567467 3.865604 14.242553 -1.341738 -6.660648 19.631935 0.143921 -0.648243 49.698952 -0.344455 -6.695473 0.353029 -1.51115 -0.03194 20.222769 3.684305 2.316629 18.787249 1e-06 -1e-06 10.751608 -0.47987 1.397903 0.0 -0.0 0.0 3.273804 0.305947 -0.58011 21.48679 11.830364 2.266131 8.162915 0.0 -0.0 18.399052 -3.798986 -4.940567 3e-06 0.0 -1e-06 -6.218056 -4.185954 20.428257 -0.050127 0.08708 4.506593 0.890825 1.930616 -12.654365 1.839093 -2.069641 -3.632901 0.0 -0.0 2e-06 -3.011093 -8.715574 -23.835863 0.145237 0.197107 -2.160344 6.989345 -5.933286 4.603582 -1.349393 1.078365 -5.365736 0.0 -0.0 -1e-06 
0.0 0.0 0.0 0.0 -0.0 0.0 11.949037 95.341942 366.7966 1.007731 9.245363 -1.948358 -0.89775 -0.081844 0.806176 -0.778336 -1.917204 -4.625634 -1.492131 -3.613757 10.58072 3.946758 1.351559 -0.747666 -1.157781 -1.131127 -3.449295 1.188932 -3.199543 -10.619719 7.7e-05 -2.2e-05 6e-06 -0.003512 -0.001508 0.062166 0.673152 -3.732399 -10.565081 -0.684022 3.737813 -10.522069 -10.742908 -9.337845 14.227036 -48.82354 -30.604507 15.909693 -0.258981 -38.011314 0.256736 10.779557 -2.161851 2.116196 -5.882102 9.861279 0.70259 -10.936861 -0.360574 7.156197 0.0 8.774815 -0.0 -15.489491 18.69038 6.599081 -1.844031 2.498503 -2.507276 -10.16359 4.678941 4.621104 -20.975996 -1e-06 1e-06 -21.226254 2.451698 -3.593995 0.0 -6e-06 -0.0 -1.362681 2.240797 -0.746323 -21.334892 0.58491 3.008319 -13.821196 -1e-06 1e-06 -23.887129 -0.249075 -0.839485 -60.495895 2.520044 -0.977006 -0.294025 1.679686 0.833255 -14.218195 0.093215 1.300579 -34.212002 -0.287561 0.967166 -20.033176 0.964536 1.212838 0.0 -0.0 0.0 -3.440387 0.788233 0.501655 -15.928172 -3.167306 2.999703 -6.338817 -0.0 1e-06 -18.123419 3.648181 -4.905662 -4e-06 0.0 -2e-06 20.853653 5.056329 17.740751 61.522964 -1.701076 9.448506 0.086059 15.094918 0.167899 -0.430186 -0.013742 -2.27771 2.24354 -5.255033 -3.180156 14.282877 -0.826594 6.952496 -0.0 -12.690593 -1e-06 16.182598 -17.523706 2.336259 1.665665 -1.95592 -2.878297 4.727794 -4.170584 4.993919 11.020511 1e-06 -0.0 12.109032 -3.735715 -2.866778 0.0 -0.0 0.0 1.291985 -1.928548 -1.498088 14.800115 0.567467 3.865604 14.242553 -1.341738 -6.660648 19.631935 0.143921 -0.648243 49.752132 -0.31138 -6.754937 0.353029 -1.51115 -0.03194 20.222769 3.684305 2.316629 18.787249 1e-06 -1e-06 10.751608 -0.47987 1.397903 0.0 -0.0 0.0 3.273804 0.305947 -0.58011 21.48679 11.830364 2.266131 8.162915 0.0 -0.0 18.399052 -3.798986 -4.940567 3e-06 0.0 -1e-06 -2.375844 -2.835845 21.0445 0.002457 -0.171262 7.449231 -0.342061 -0.314996 -11.325418 1.916639 -2.059325 -7.13716 0.0 -0.0 2e-06 -0.000414 -7.765433 -22.993994 0.19399 0.059876 -1.233346 3.880437 -5.441831 10.949695 -1.402752 1.079024 -5.728007 0.0 -0.0 -1e-06 
0.0 0.0 0.0 0.0 -0.0 0.0 11.516625 95.336128 371.778351 -2.073155 9.062176 -1.482366 1.03441 -0.096353 -0.097824 -0.48083 -1.716792 -5.057415 -0.255155 -3.744959 10.494596 3.426904 1.509931 -0.972966 -1.310916 -1.032604 -3.557221 0.925888 -3.222374 -9.119081 7.7e-05 -2.2e-05 6e-06 -0.017876 -0.047568 0.009431 0.673482 -3.782232 -10.616304 -0.708713 3.697041 -10.60271 -12.69491 -8.536922 14.004744 -49.162418 -28.875462 16.327032 -0.187789 -38.906544 0.06958 11.169704 -2.698926 2.441088 -5.882102 9.861279 0.70259 -10.936861 -0.360574 7.156197 0.0 8.774815 -0.0 -15.531734 18.542048 6.492343 -1.844031 2.498503 -2.507276 -10.16359 4.678941 4.621104 -20.975996 -1e-06 1e-06 -21.226254 2.451698 -3.593995 0.0 -6e-06 -0.0 -1.362681 2.240797 -0.746323 -21.334892 0.58491 3.008319 -13.821196 -1e-06 1e-06 -23.887129 -0.249075 -0.839485 -60.187328 2.427526 -0.889888 -0.294025 1.679686 0.833255 -14.218195 0.093215 1.300579 -34.212002 -0.287561 0.967166 -20.033176 0.964536 1.212838 0.0 -0.0 0.0 -3.440387 0.788233 0.501655 -15.928172 -3.167306 2.999703 -6.338817 -0.0 1e-06 -18.123419 3.648181 -4.905662 -4e-06 0.0 -2e-06 22.30813 5.506997 17.51215 60.198139 -1.850152 9.510518 0.411427 13.44651 0.175209 0.730239 -0.601265 -0.699225 2.24354 -5.255033 -3.180156 14.282877 -0.826594 6.952496 -0.0 -12.690593 -1e-06 16.159054 -17.775229 2.390406 1.665665 -1.95592 -2.878297 4.727794 -4.170584 4.993919 11.020511 1e-06 -0.0 12.109032 -3.735715 -2.866778 0.0 -0.0 0.0 1.291985 -1.928548 -1.498088 14.800115 0.567467 3.865604 14.242553 -1.341738 -6.660648 19.631935 0.143921 -0.648243 50.009983 -0.328742 -6.81493 0.353029 -1.51115 -0.03194 20.222769 3.684305 2.316629 18.787249 1e-06 -1e-06 10.751608 -0.47987 1.397903 0.0 -0.0 0.0 3.273804 0.305947 -0.58011 21.48679 11.830364 2.266131 8.162915 0.0 -0.0 18.399052 -3.798986 -4.940567 3e-06 0.0 -1e-06 2.822408 -1.225049 20.146614 0.073017 -0.464987 12.991449 -1.896063 -3.348757 -8.262279 2.067349 -1.967355 -13.80813 0.0 -0.0 2e-06 3.548522 -5.80268 -23.209311 0.093468 -0.129016 1.569599 0.626336 -5.484421 17.540483 -1.414914 1.047926 -4.272268 0.0 -0.0 -1e-06 
0.0 0.0 0.0 0.0 -0.0 0.0 11.133703 95.585892 376.581726 -4.639966 8.40333 -1.816632 2.211951 -0.102656 -0.259811 -0.094724 -1.900752 -5.242473 1.376672 -3.506573 10.182833 2.644336 1.736971 -0.563164 -1.201687 -0.769874 -3.574973 0.716473 -3.112789 -8.951639 7.7e-05 -2.2e-05 6e-06 -0.012656 -0.015519 -0.008334 0.70571 -3.735657 -10.627155 -0.729815 3.71426 -10.618957 -12.974627 -7.829134 14.209576 -52.087772 -26.915543 17.149532 0.332398 -38.42495 -0.202536 11.671139 -3.119442 2.004442 -5.882102 9.861279 0.70259 -10.936861 -0.360574 7.156197 0.0 8.774815 -0.0 -15.537757 18.47715 6.426035 -1.844031 2.498503 -2.507276 -10.16359 4.678941 4.621104 -20.975996 -1e-06 1e-06 -21.226254 2.451698 -3.593995 0.0 -6e-06 -0.0 -1.362681 2.240797 -0.746323 -21.334892 0.58491 3.008319 -13.821196 -1e-06 1e-06 -23.887129 -0.249075 -0.839485 -59.966724 2.444856 -0.938663 -0.294025 1.679686 0.833255 -14.218195 0.093215 1.300579 -34.212002 -0.287561 0.967166 -20.033176 0.964536 1.212838 0.0 -0.0 0.0 -3.440387 0.788233 0.501655 -15.928172 -3.167306 2.999703 -6.338817 -0.0 1e-06 -18.123419 3.648181 -4.905662 -4e-06 0.0 -2e-06 21.685022 6.381976 17.824572 60.480137 -0.682568 10.331338 0.472853 12.374621 0.154692 1.868324 -1.641896 0.277747 2.24354 -5.255033 -3.180156 14.282877 -0.826594 6.952496 -0.0 -12.690593 -1e-06 16.137339 -18.007 2.354476 1.665665 -1.95592 -2.878297 4.727794 -4.170584 4.993919 11.020511 1e-06 -0.0 12.109032 -3.735715 -2.866778 0.0 -0.0 0.0 1.291985 -1.928548 -1.498088 14.800115 0.567467 3.865604 14.242553 -1.341738 -6.660648 19.631935 0.143921 -0.648243 50.005032 -0.337572 -6.951108 0.353029 -1.51115 -0.03194 20.222769 3.684305 2.316629 18.787249 1e-06 -1e-06 10.751608 -0.47987 1.397903 0.0 -0.0 0.0 3.273804 0.305947 -0.58011 21.48679 11.830364 2.266131 8.162915 0.0 -0.0 18.399052 -3.798986 -4.940567 3e-06 0.0 -1e-06 7.132398 -0.219903 18.367567 0.094629 -0.73816 21.370588 -3.873718 -5.270655 -1.607922 2.253915 -1.837186 -22.090206 0.0 -0.0 2e-06 6.606521 -4.362471 -23.333921 0.000198 -0.279433 7.352386 -0.840896 -5.010014 16.728668 -1.395685 1.041164 -2.189787 0.0 -0.0 -1e-06 
0.0 0.0 0.0 0.0 -0.0 0.0 10.743539 96.004417 381.369904 -6.534847 7.905034 -2.691689 2.987853 -0.127023 0.119999 0.247387 -1.985141 -5.05028 2.502993 -3.433735 9.75092 2.450856 1.775202 0.143009 -1.065309 -0.772109 -3.493784 0.481937 -2.53919 -9.659191 7.7e-05 -2.2e-05 6e-06 0.001713 0.032454 0.003977 0.738282 -3.697878 -10.655189 -0.733799 3.768948 -10.638537 -11.605264 -7.595882 14.629275 -56.34185 -25.043844 18.602921 0.821851 -36.567314 -0.374457 11.867723 -3.48553 1.190761 -5.882102 9.861279 0.70259 -10.936861 -0.360574 7.156197 0.0 8.774815 -0.0 -15.319332 18.179031 6.304122 -1.844031 2.498503 -2.507276 -10.16359 4.678941 4.621104 -20.975996 -1e-06 1e-06 -21.226254 2.451698 -3.593995 0.0 -6e-06 -0.0 -1.362681 2.240797 -0.746323 -21.334892 0.58491 3.008319 -13.821196 -1e-06 1e-06 -23.887129 -0.249075 -0.839485 -59.540359 2.442288 -1.116268 -0.294025 1.679686 0.833255 -14.218195 0.093215 1.300579 -34.212002 -0.287561 0.967166 -20.033176 0.964536 1.212838 0.0 -0.0 0.0 -3.440387 0.788233 0.501655 -15.928172 -3.167306 2.999703 -6.338817 -0.0 1e-06 -18.123419 3.648181 -4.905662 -4e-06 0.0 -2e-06 19.902468 7.233981 17.927359 61.822632 1.220722 11.123393 0.383055 12.077489 0.117822 2.120656 -1.835607 0.403595 2.24354 -5.255033 -3.180156 14.282877 -0.826594 6.952496 -0.0 -12.690593 -1e-06 16.337334 -18.03487 2.339786 1.665665 -1.95592 -2.878297 4.727794 -4.170584 4.993919 11.020511 1e-06 -0.0 12.109032 -3.735715 -2.866778 0.0 -0.0 0.0 1.291985 -1.928548 -1.498088 14.800115 0.567467 3.865604 14.242553 -1.341738 -6.660648 19.631935 0.143921 -0.648243 49.959854 -0.415198 -6.930583 0.353029 -1.51115 -0.03194 20.222769 3.684305 2.316629 18.787249 1e-06 -1e-06 10.751608 -0.47987 1.397903 0.0 -0.0 0.0 3.273804 0.305947 -0.58011 21.48679 11.830364 2.266131 8.162915 0.0 -0.0 18.399052 -3.798986 -4.940567 3e-06 0.0 -1e-06 10.368884 -0.242988 14.860134 -0.028816 -0.89131 32.631348 -6.301171 -6.359869 7.719557 2.336251 -1.643101 -25.521925 0.0 -0.0 2e-06 9.11814 -4.031266 -22.305418 0.066049 -0.270299 12.958418 -1.858623 -4.730866 10.800377 -1.398734 1.027402 -1.179393 0.0 -0.0 -1e-06 
0.0 0.0 0.0 0.0 -0.0 0.0 10.337424 96.446869 385.781158 -7.858255 7.977943 -3.683616 3.548768 -0.165936 0.667883 0.40689 -1.847721 -4.824129 3.162264 -3.486752 9.575335 2.569096 1.598793 0.536873 -0.961983 -0.831761 -3.508232 0.301105 -2.448176 -10.004738 7.7e-05 -2.2e-05 6e-06 0.016495 0.091808 0.002833 0.742091 -3.647764 -10.660278 -0.708629 3.833754 -10.634785 -10.670519 -7.60878 15.076242 -59.229652 -23.722174 20.815157 0.967739 -33.57703 -0.452298 11.176297 -3.36633 1.104367 -5.882102 9.861279 0.70259 -10.936861 -0.360574 7.156197 0.0 8.774815 -0.0 -15.173277 17.975754 6.294748 -1.844031 2.498503 -2.507276 -10.16359 4.678941 4.621104 -20.975996 -1e-06 1e-06 -21.226254 2.451698 -3.593995 0.0 -6e-06 -0.0 -1.362681 2.240797 -0.746323 -21.334892 0.58491 3.008319 -13.821196 -1e-06 1e-06 -23.887129 -0.249075 -0.839485 -59.48278 2.419141 -1.130381 -0.294025 1.679686 0.833255 -14.218195 0.093215 1.300579 -34.212002 -0.287561 0.967166 -20.033176 0.964536 1.212838 0.0 -0.0 0.0 -3.440387 0.788233 0.501655 -15.928172 -3.167306 2.999703 -6.338817 -0.0 1e-06 -18.123419 3.648181 -4.905662 -4e-06 0.0 -2e-06 18.667301 7.789306 17.790699 62.441544 3.077536 11.094144 0.329122 13.224112 0.081898 1.389439 -1.347844 -0.153191 2.24354 -5.255033 -3.180156 14.282877 -0.826594 6.952496 -0.0 -12.690593 -1e-06 16.457657 -17.871485 2.397918 1.665665 -1.95592 -2.878297 4.727794 -4.170584 4.993919 11.020511 1e-06 -0.0 12.109032 -3.735715 -2.866778 0.0 -0.0 0.0 1.291985 -1.928548 -1.498088 14.800115 0.567467 3.865604 14.242553 -1.341738 -6.660648 19.631935 0.143921 -0.648243 50.113346 -0.369879 -6.662444 0.353029 -1.51115 -0.03194 20.222769 3.684305 2.316629 18.787249 1e-06 -1e-06 10.751608 -0.47987 1.397903 0.0 -0.0 0.0 3.273804 0.305947 -0.58011 21.48679 11.830364 2.266131 8.162915 0.0 -0.0 18.399052 -3.798986 -4.940567 3e-06 0.0 -1e-06 12.648199 -1.19444 9.760792 -0.075763 -0.838624 45.091381 -9.624053 -5.579755 16.044577 2.065776 -1.681871 -15.40429 0.0 -0.0 2e-06 10.924713 -4.296657 -19.596001 0.100445 -0.214155 15.226825 -2.733349 -4.60257 6.59455 -1.414023 0.997719 -0.869034 0.0 -0.0 -1e-06 
0.0 0.0 0.0 0.0 -0.0 0.0 9.972134 96.9142 389.897827 -8.710068 8.363916 -4.600261 3.990441 -0.100508 1.156033 0.489586 -1.612375 -4.615709 3.432363 -3.471279 9.666024 2.716868 1.314748 0.673649 -0.929678 -0.939476 -3.559768 0.235267 -2.575448 -10.093483 7.7e-05 -2.2e-05 6e-06 0.011678 0.073746 0.000703 0.720113 -3.668027 -10.647741 -0.697181 3.817235 -10.615722 -11.09842 -7.522577 15.644002 -59.984245 -23.041933 23.749163 0.923514 -29.564159 -0.474704 9.813358 -3.180328 1.622938 -5.882102 9.861279 0.70259 -10.936861 -0.360574 7.156197 0.0 8.774815 -0.0 -15.240657 17.945572 6.310168 -1.844031 2.498503 -2.507276 -10.16359 4.678941 4.621104 -20.975996 -1e-06 1e-06 -21.226254 2.451698 -3.593995 0.0 -6e-06 -0.0 -1.362681 2.240797 -0.746323 -21.334892 0.58491 3.008319 -13.821196 -1e-06 1e-06 -23.887129 -0.249075 -0.839485 -59.701721 2.452362 -1.065071 -0.294025 1.679686 0.833255 -14.218195 0.093215 1.300579 -34.212002 -0.287561 0.967166 -20.033176 0.964536 1.212838 0.0 -0.0 0.0 -3.440387 0.788233 0.501655 -15.928172 -3.167306 2.999703 -6.338817 -0.0 1e-06 -18.123419 3.648181 -4.905662 -4e-06 0.0 -2e-06 18.502501 8.079612 17.563894 61.548653 5.045539 11.048302 0.461039 15.20821 0.039396 -0.024405 -0.488834 -0.491371 2.24354 -5.255033 -3.180156 14.282877 -0.826594 6.952496 -0.0 -12.690593 -1e-06 16.465143 -17.625473 2.420263 1.665665 -1.95592 -2.878297 4.727794 -4.170584 4.993919 11.020511 1e-06 -0.0 12.109032 -3.735715 -2.866778 0.0 -0.0 0.0 1.291985 -1.928548 -1.498088 14.800115 0.567467 3.865604 14.242553 -1.341738 -6.660648 19.631935 0.143921 -0.648243 50.232182 -0.374798 -6.395772 0.353029 -1.51115 -0.03194 20.222769 3.684305 2.316629 18.787249 1e-06 -1e-06 10.751608 -0.47987 1.397903 0.0 -0.0 0.0 3.273804 0.305947 -0.58011 21.48679 11.830364 2.266131 8.162915 0.0 -0.0 18.399052 -3.798986 -4.940567 3e-06 0.0 -1e-06 13.846813 -2.132614 4.002006 -0.064584 -0.775648 56.185299 -9.221501 -2.335146 18.335119 1.93315 -1.858525 -6.43298 0.0 -0.0 2e-06 12.19907 -4.849771 -16.187542 0.014319 -0.148648 15.586287 -3.409427 -4.670198 3.514168 -1.415583 0.973226 -0.769398 0.0 -0.0 -1e-06 
0.0 0.0 0.0 0.0 -0.0 0.0 9.754949 97.541092 393.8797 -8.72192 8.510064 -5.44246 4.118741 0.054407 1.533092 0.436295 -1.362337 -4.423954 3.307955 -3.244986 9.973104 2.82156 1.181125 0.935903 -0.959583 -1.123278 -3.554868 0.165595 -2.711368 -9.966643 7.7e-05 -2.2e-05 6e-06 -0.002973 -0.000115 0.004228 0.688797 -3.740887 -10.630608 -0.695692 3.743794 -10.600958 -12.128697 -7.311154 16.17238 -59.944328 -22.3241 26.27648 0.577391 -24.670311 -0.322908 8.395732 -2.876663 2.320458 -5.882102 9.861279 0.70259 -10.936861 -0.360574 7.156197 0.0 8.774815 -0.0 -15.394938 18.058359 6.250558 -1.844031 2.498503 -2.507276 -10.16359 4.678941 4.621104 -20.975996 -1e-06 1e-06 -21.226254 2.451698 -3.593995 0.0 -6e-06 -0.0 -1.362681 2.240797 -0.746323 -21.334892 0.58491 3.008319 -13.821196 -1e-06 1e-06 -23.887129 -0.249075 -0.839485 -59.910473 2.534859 -1.13173 -0.294025 1.679686 0.833255 -14.218195 0.093215 1.300579 -34.212002 -0.287561 0.967166 -20.033176 0.964536 1.212838 0.0 -0.0 0.0 -3.440387 0.788233 0.501655 -15.928172 -3.167306 2.999703 -6.338817 -0.0 1e-06 -18.123419 3.648181 -4.905662 -4e-06 0.0 -2e-06 18.81312 8.366378 17.406742 59.820732 7.624513 11.642116 0.62796 16.946077 0.054224 -1.555902 0.450057 0.576967 2.24354 -5.255033 -3.180156 14.282877 -0.826594 6.952496 -0.0 -12.690593 -1e-06 16.45509 -17.463396 2.346381 1.665665 -1.95592 -2.878297 4.727794 -4.170584 4.993919 11.020511 1e-06 -0.0 12.109032 -3.735715 -2.866778 0.0 -0.0 0.0 1.291985 -1.928548 -1.498088 14.800115 0.567467 3.865604 14.242553 -1.341738 -6.660648 19.631935 0.143921 -0.648243 50.143261 -0.452426 -6.325032 0.353029 -1.51115 -0.03194 20.222769 3.684305 2.316629 18.787249 1e-06 -1e-06 10.751608 -0.47987 1.397903 0.0 -0.0 0.0 3.273804 0.305947 -0.58011 21.48679 11.830364 2.266131 8.162915 0.0 -0.0 18.399052 -3.798986 -4.940567 3e-06 0.0 -1e-06 13.648402 -2.520529 -1.579713 -0.132736 -0.542531 63.962891 -5.843318 1.051998 15.208536 1.950183 -1.917803 -5.09479 0.0 -0.0 2e-06 12.465089 -4.890183 -11.839231 -0.072666 -0.146372 14.027759 -3.793241 -5.02067 1.527476 -1.409497 0.987641 -0.627702 0.0 -0.0 -1e-06 
0.0 0.0 0.0 0.0 -0.0 0.0 9.673643 98.188744 397.747101 -8.03342 8.220854 -6.225273 4.018662 0.223146 1.917189 0.29029 -1.025257 -4.228479 2.844256 -2.915256 10.218586 2.813127 1.205474 1.559357 -0.969965 -1.135933 -3.535684 0.093877 -2.851215 -9.673015 7.7e-05 -2.2e-05 6e-06 -0.008699 -0.040022 0.017413 0.669649 -3.778093 -10.611708 -0.688593 3.702223 -10.58197 -12.612845 -7.028711 16.483549 -60.519794 -20.970213 27.87966 0.223995 -19.868166 -0.171154 6.927278 -2.163873 2.887754 -5.882102 9.861279 0.70259 -10.936861 -0.360574 7.156197 0.0 8.774815 -0.0 -15.619295 18.089584 6.152462 -1.844031 2.498503 -2.507276 -10.16359 4.678941 4.621104 -20.975996 -1e-06 1e-06 -21.226254 2.451698 -3.593995 0.0 -6e-06 -0.0 -1.362681 2.240797 -0.746323 -21.334892 0.58491 3.008319 -13.821196 -1e-06 1e-06 -23.887129 -0.249075 -0.839485 -60.116894 2.592769 -1.219834 -0.294025 1.679686 0.833255 -14.218195 0.093215 1.300579 -34.212002 -0.287561 0.967166 -20.033176 0.964536 1.212838 0.0 -0.0 0.0 -3.440387 0.788233 0.501655 -15.928172 -3.167306 2.999703 -6.338817 -0.0 1e-06 -18.123419 3.648181 -4.905662 -4e-06 0.0 -2e-06 18.423037 8.890503 17.327885 58.759594 10.605924 12.331944 0.688619 18.658039 0.0918 -3.01244 1.14108 2.40817 2.24354 -5.255033 -3.180156 14.282877 -0.826594 6.952496 -0.0 -12.690593 -1e-06 16.386858 -17.435455 2.312374 1.665665 -1.95592 -2.878297 4.727794 -4.170584 4.993919 11.020511 1e-06 -0.0 12.109032 -3.735715 -2.866778 0.0 -0.0 0.0 1.291985 -1.928548 -1.498088 14.800115 0.567467 3.865604 14.242553 -1.341738 -6.660648 19.631935 0.143921 -0.648243 49.957844 -0.546888 -6.379147 0.353029 -1.51115 -0.03194 20.222769 3.684305 2.316629 18.787249 1e-06 -1e-06 10.751608 -0.47987 1.397903 0.0 -0.0 0.0 3.273804 0.305947 -0.58011 21.48679 11.830364 2.266131 8.162915 0.0 -0.0 18.399052 -3.798986 -4.940567 3e-06 0.0 -1e-06 12.288119 -2.570188 -6.563623 -0.156501 -0.232274 67.68821 -2.52586 4.125382 11.810676 1.96058 -1.936165 -5.055228 0.0 -0.0 2e-06 11.951171 -4.239333 -6.925398 -0.089459 -0.148759 11.352436 -4.032713 -5.73132 0.26263 -1.405394 1.008231 -0.464596 0.0 -0.0 -1e-06 
0.0 0.0 0.0 0.0 -0.0 0.0 9.685831 98.691353 401.539429 -7.041553 7.600118 -6.865713 3.864032 0.378429 2.338355 0.170836 -0.571652 -4.040725 2.190138 -2.556309 10.267599 2.592623 1.340367 2.291893 -0.952728 -1.090822 -3.517852 0.079663 -2.862685 -9.403511 7.7e-05 -2.2e-05 6e-06 -0.007141 -0.04489 0.030582 0.66837 -3.783261 -10.616796 -0.685165 3.696715 -10.586494 -12.632523 -6.58805 16.690382 -61.430702 -18.912477 28.69886 0.095027 -16.085421 -0.101782 5.274634 -1.279435 2.690817 -5.882102 9.861279 0.70259 -10.936861 -0.360574 7.156197 0.0 8.774815 -0.0 -15.920454 18.050634 6.045586 -1.844031 2.498503 -2.507276 -10.16359 4.678941 4.621104 -20.975996 -1e-06 1e-06 -21.226254 2.451698 -3.593995 0.0 -6e-06 -0.0 -1.362681 2.240797 -0.746323 -21.334892 0.58491 3.008319 -13.821196 -1e-06 1e-06 -23.887129 -0.249075 -0.839485 -60.361061 2.593026 -1.294303 -0.294025 1.679686 0.833255 -14.218195 0.093215 1.300579 -34.212002 -0.287561 0.967166 -20.033176 0.964536 1.212838 0.0 -0.0 0.0 -3.440387 0.788233 0.501655 -15.928172 -3.167306 2.999703 -6.338817 -0.0 1e-06 -18.123419 3.648181 -4.905662 -4e-06 0.0 -2e-06 17.190397 9.591581 17.147682 58.569263 13.395889 12.750682 0.582352 21.042206 0.105312 -4.228668 1.768461 3.887893 2.24354 -5.255033 -3.180156 14.282877 -0.826594 6.952496 -0.0 -12.690593 -1e-06 16.267889 -17.541023 2.384556 1.665665 -1.95592 -2.878297 4.727794 -4.170584 4.993919 11.020511 1e-06 -0.0 12.109032 -3.735715 -2.866778 0.0 -0.0 0.0 1.291985 -1.928548 -1.498088 14.800115 0.567467 3.865604 14.242553 -1.341738 -6.660648 19.631935 0.143921 -0.648243 49.79113 -0.676656 -6.4433 0.353029 -1.51115 -0.03194 20.222769 3.684305 2.316629 18.787249 1e-06 -1e-06 10.751608 -0.47987 1.397903 0.0 -0.0 0.0 3.273804 0.305947 -0.58011 21.48679 11.830364 2.266131 8.162915 0.0 -0.0 18.399052 -3.798986 -4.940567 3e-06 0.0 -1e-06 10.39302 -2.513464 -10.906092 -0.086918 0.04423 67.739059 -0.207981 6.574124 9.097784 1.93687 -1.933049 -5.129105 0.0 -0.0 2e-06 11.158939 -3.222752 -1.997714 -0.073397 -0.149056 8.358198 -4.143754 -6.441341 -0.7559 -1.406286 0.993652 -0.312312 0.0 -0.0 -1e-06 
0.0 0.0 0.0 0.0 -0.0 0.0 9.769321 98.990341 405.239594 -6.007758 6.834982 -7.211258 3.723898 0.476931 2.668745 0.114359 -0.027973 -3.868763 1.486003 -2.200941 10.193385 2.1684 1.583068 2.794223 -0.925787 -1.142887 -3.527607 0.122141 -2.74445 -9.240246 7.7e-05 -2.2e-05 6e-06 -0.007642 -0.055888 0.03783 0.67066 -3.796396 -10.622233 -0.689622 3.685613 -10.598052 -12.679368 -5.965683 16.88995 -61.964455 -16.305635 28.897738 0.099725 -13.786559 -0.081509 3.666605 -0.5382 1.790279 -5.882102 9.861279 0.70259 -10.936861 -0.360574 7.156197 0.0 8.774815 -0.0 -16.217323 17.999973 5.974992 -1.844031 2.498503 -2.507276 -10.16359 4.678941 4.621104 -20.975996 -1e-06 1e-06 -21.226254 2.451698 -3.593995 0.0 -6e-06 -0.0 -1.362681 2.240797 -0.746323 -21.334892 0.58491 3.008319 -13.821196 -1e-06 1e-06 -23.887129 -0.249075 -0.839485 -60.60746 2.543285 -1.274984 -0.294025 1.679686 0.833255 -14.218195 0.093215 1.300579 -34.212002 -0.287561 0.967166 -20.033176 0.964536 1.212838 0.0 -0.0 0.0 -3.440387 0.788233 0.501655 -15.928172 -3.167306 2.999703 -6.338817 -0.0 1e-06 -18.123419 3.648181 -4.905662 -4e-06 0.0 -2e-06 15.698944 10.31845 16.835123 58.561481 15.630731 12.821462 0.349887 24.517843 0.086534 -5.037083 2.521231 4.647413 2.24354 -5.255033 -3.180156 14.282877 -0.826594 6.952496 -0.0 -12.690593 -1e-06 16.138639 -17.712633 2.498028 1.665665 -1.95592 -2.878297 4.727794 -4.170584 4.993919 11.020511 1e-06 -0.0 12.109032 -3.735715 -2.866778 0.0 -0.0 0.0 1.291985 -1.928548 -1.498088 14.800115 0.567467 3.865604 14.242553 -1.341738 -6.660648 19.631935 0.143921 -0.648243 49.689194 -0.800803 -6.453032 0.353029 -1.51115 -0.03194 20.222769 3.684305 2.316629 18.787249 1e-06 -1e-06 10.751608 -0.47987 1.397903 0.0 -0.0 0.0 3.273804 0.305947 -0.58011 21.48679 11.830364 2.266131 8.162915 0.0 -0.0 18.399052 -3.798986 -4.940567 3e-06 0.0 -1e-06 8.475062 -2.605855 -14.706461 0.035694 0.234289 64.473625 0.894503 8.029153 6.892402 1.89629 -1.926137 -5.17451 0.0 -0.0 2e-06 10.297535 -2.190938 2.467079 -0.0555 -0.150226 5.544446 -4.064433 -6.875154 -1.891738 -1.414087 0.953717 -0.227963 0.0 -0.0 -1e-06 
0.0 0.0 0.0 0.0 -0.0 0.0 9.91271 99.102386 408.813202 -5.055428 5.977909 -7.212222 3.613672 0.508917 2.863625 0.099276 0.567886 -3.737663 0.831233 -1.846097 10.096486 1.605558 1.875457 2.910622 -0.900965 -1.182648 -3.560358 0.158584 -2.610776 -9.259117 7.7e-05 -2.2e-05 6e-06 -0.009093 -0.069209 0.041068 0.666258 -3.809956 -10.604108 -0.689546 3.670561 -10.594563 -12.917539 -5.202343 17.061552 -61.983757 -13.32948 28.44696 0.111542 -12.923209 -0.070263 2.442567 -0.111311 0.349825 -5.882102 9.861279 0.70259 -10.936861 -0.360574 7.156197 0.0 8.774815 -0.0 -16.450672 17.950085 5.914186 -1.844031 2.498503 -2.507276 -10.16359 4.678941 4.621104 -20.975996 -1e-06 1e-06 -21.226254 2.451698 -3.593995 0.0 -6e-06 -0.0 -1.362681 2.240797 -0.746323 -21.334892 0.58491 3.008319 -13.821196 -1e-06 1e-06 -23.887129 -0.249075 -0.839485 -60.792252 2.487745 -1.161926 -0.294025 1.679686 0.833255 -14.218195 0.093215 1.300579 -34.212002 -0.287561 0.967166 -20.033176 0.964536 1.212838 0.0 -0.0 0.0 -3.440387 0.788233 0.501655 -15.928172 -3.167306 2.999703 -6.338817 -0.0 1e-06 -18.123419 3.648181 -4.905662 -4e-06 0.0 -2e-06 14.335642 11.00948 16.537071 58.270149 17.372292 12.451016 0.129541 29.0224 0.051861 -5.472886 3.340877 4.785065 2.24354 -5.255033 -3.180156 14.282877 -0.826594 6.952496 -0.0 -12.690593 -1e-06 16.022797 -17.889751 2.582119 1.665665 -1.95592 -2.878297 4.727794 -4.170584 4.993919 11.020511 1e-06 -0.0 12.109032 -3.735715 -2.866778 0.0 -0.0 0.0 1.291985 -1.928548 -1.498088 14.800115 0.567467 3.865604 14.242553 -1.341738 -6.660648 19.631935 0.143921 -0.648243 49.619705 -0.884929 -6.423621 0.353029 -1.51115 -0.03194 20.222769 3.684305 2.316629 18.787249 1e-06 -1e-06 10.751608 -0.47987 1.397903 0.0 -0.0 0.0 3.273804 0.305947 -0.58011 21.48679 11.830364 2.266131 8.162915 0.0 -0.0 18.399052 -3.798986 -4.940567 3e-06 0.0 -1e-06 6.865804 -2.842405 -17.955189 0.146108 0.309841 58.112049 0.958249 8.540066 5.337625 1.869022 -1.942191 -5.202172 0.0 -0.0 2e-06 9.575747 -1.400967 6.058962 -0.042926 -0.118705 3.459832 -4.009068 -6.999424 -3.018967 -1.427424 0.91561 -0.192167 0.0 -0.0 -1e-06 
0.0 0.0 0.0 0.0 -0.0 0.0 10.108701 99.040916 412.299957 -4.345197 5.037697 -6.929549 3.607615 0.460568 2.941133 0.101759 1.151747 -3.676608 0.324962 -1.450492 10.045378 0.947678 2.157204 2.724388 -0.872251 -1.099994 -3.591893 0.135234 -2.554544 -9.541346 7.7e-05 -2.2e-05 6e-06 -0.005111 -0.059051 0.043767 0.657947 -3.795844 -10.560301 -0.674866 3.676225 -10.568897 -13.272495 -4.38273 17.210901 -61.719917 -10.353951 27.564457 0.087918 -13.015617 -0.045396 1.628374 0.033232 -1.498448 -5.882102 9.861279 0.70259 -10.936861 -0.360574 7.156197 0.0 8.774815 -0.0 -16.623947 17.921576 5.837419 -1.844031 2.498503 -2.507276 -10.16359 4.678941 4.621104 -20.975996 -1e-06 1e-06 -21.226254 2.451698 -3.593995 0.0 -6e-06 -0.0 -1.362681 2.240797 -0.746323 -21.334892 0.58491 3.008319 -13.821196 -1e-06 1e-06 -23.887129 -0.249075 -0.839485 -60.851517 2.478423 -1.081097 -0.294025 1.679686 0.833255 -14.218195 0.093215 1.300579 -34.212002 -0.287561 0.967166 -20.033176 0.964536 1.212838 0.0 -0.0 0.0 -3.440387 0.788233 0.501655 -15.928172 -3.167306 2.999703 -6.338817 -0.0 1e-06 -18.123419 3.648181 -4.905662 -4e-06 0.0 -2e-06 13.146212 11.623725 16.319639 57.695183 18.777664 11.869819 -0.028299 34.063862 0.008708 -5.652857 3.915255 4.570024 2.24354 -5.255033 -3.180156 14.282877 -0.826594 6.952496 -0.0 -12.690593 -1e-06 15.970994 -18.026585 2.591918 1.665665 -1.95592 -2.878297 4.727794 -4.170584 4.993919 11.020511 1e-06 -0.0 12.109032 -3.735715 -2.866778 0.0 -0.0 0.0 1.291985 -1.928548 -1.498088 14.800115 0.567467 3.865604 14.242553 -1.341738 -6.660648 19.631935 0.143921 -0.648243 49.553219 -0.917391 -6.419044 0.353029 -1.51115 -0.03194 20.222769 3.684305 2.316629 18.787249 1e-06 -1e-06 10.751608 -0.47987 1.397903 0.0 -0.0 0.0 3.273804 0.305947 -0.58011 21.48679 11.830364 2.266131 8.162915 0.0 -0.0 18.399052 -3.798986 -4.940567 3e-06 0.0 -1e-06 5.872045 -3.017304 -20.452734 0.219864 0.296632 49.209316 0.630212 8.63973 4.856031 1.841674 -1.982441 -5.238414 0.0 -0.0 2e-06 9.020282 -0.874819 8.675884 -0.036528 -0.036223 2.518527 -4.007658 -6.884495 -4.394462 -1.44413 0.906529 -0.106257 0.0 -0.0 -1e-06 
0.0 0.0 0.0 0.0 -0.0 0.0 10.351679 98.788689 415.802765 -4.000141 4.069345 -6.502063 3.789705 0.356875 2.927723 0.119445 1.604371 -3.668295 0.025304 -0.977426 10.027478 0.221805 2.409975 2.474641 -0.83133 -0.935674 -3.610235 0.058788 -2.562259 -10.092675 7.7e-05 -2.2e-05 6e-06 0.005582 -0.019592 0.048509 0.657798 -3.752432 -10.521085 -0.654817 3.712808 -10.544197 -13.634513 -3.554823 17.336182 -61.480289 -7.643131 26.55587 0.04884 -13.456413 -0.014789 1.087804 0.032285 -3.182972 -5.882102 9.861279 0.70259 -10.936861 -0.360574 7.156197 0.0 8.774815 -0.0 -16.705654 17.920135 5.787123 -1.844031 2.498503 -2.507276 -10.16359 4.678941 4.621104 -20.975996 -1e-06 1e-06 -21.226254 2.451698 -3.593995 0.0 -6e-06 -0.0 -1.362681 2.240797 -0.746323 -21.334892 0.58491 3.008319 -13.821196 -1e-06 1e-06 -23.887129 -0.249075 -0.839485 -60.801533 2.534632 -1.1075 -0.294025 1.679686 0.833255 -14.218195 0.093215 1.300579 -34.212002 -0.287561 0.967166 -20.033176 0.964536 1.212838 0.0 -0.0 0.0 -3.440387 0.788233 0.501655 -15.928172 -3.167306 2.999703 -6.338817 -0.0 1e-06 -18.123419 3.648181 -4.905662 -4e-06 0.0 -2e-06 12.068976 12.14135 16.179886 57.050209 19.946178 11.262358 -0.194518 39.069477 -0.064837 -5.695148 4.070698 4.289109 2.24354 -5.255033 -3.180156 14.282877 -0.826594 6.952496 -0.0 -12.690593 -1e-06 15.978678 -18.077734 2.548564 1.665665 -1.95592 -2.878297 4.727794 -4.170584 4.993919 11.020511 1e-06 -0.0 12.109032 -3.735715 -2.866778 0.0 -0.0 0.0 1.291985 -1.928548 -1.498088 14.800115 0.567467 3.865604 14.242553 -1.341738 -6.660648 19.631935 0.143921 -0.648243 49.477509 -0.918412 -6.472631 0.353029 -1.51115 -0.03194 20.222769 3.684305 2.316629 18.787249 1e-06 -1e-06 10.751608 -0.47987 1.397903 0.0 -0.0 0.0 3.273804 0.305947 -0.58011 21.48679 11.830364 2.266131 8.162915 0.0 -0.0 18.399052 -3.798986 -4.940567 3e-06 0.0 -1e-06 5.562652 -2.784385 -21.945593 0.266044 0.306898 38.124569 0.834412 8.792486 5.752551 1.798086 -2.010411 -5.256515 0.0 -0.0 2e-06 8.758447 -0.543572 10.81487 -0.045551 0.055168 2.076238 -4.121704 -6.583465 -6.015546 -1.456166 0.933321 -0.009816 0.0 -0.0 -1e-06 
0.0 0.0 0.0 0.0 -0.0 0.0 10.662424 98.29718 419.408325 -4.121179 3.06546 -6.071668 4.221225 0.270103 2.866665 0.162479 1.832043 -3.695877 -0.024537 -0.473913 10.00371 -0.532836 2.665492 2.318137 -0.785569 -0.793811 -3.630754 -0.036744 -2.470641 -10.803452 7.7e-05 -2.2e-05 6e-06 0.018327 0.021934 0.054011 0.67524 -3.715104 -10.538593 -0.648204 3.759799 -10.560038 -13.892453 -2.687381 17.503242 -61.545959 -5.311914 25.487505 0.02583 -13.846957 -0.002293 0.718321 0.045058 -4.245156 -5.882102 9.861279 0.70259 -10.936861 -0.360574 7.156197 0.0 8.774815 -0.0 -16.636585 17.940027 5.862465 -1.844031 2.498503 -2.507276 -10.16359 4.678941 4.621104 -20.975996 -1e-06 1e-06 -21.226254 2.451698 -3.593995 0.0 -6e-06 -0.0 -1.362681 2.240797 -0.746323 -21.334892 0.58491 3.008319 -13.821196 -1e-06 1e-06 -23.887129 -0.249075 -0.839485 -60.754616 2.603135 -1.094653 -0.294025 1.679686 0.833255 -14.218195 0.093215 1.300579 -34.212002 -0.287561 0.967166 -20.033176 0.964536 1.212838 0.0 -0.0 0.0 -3.440387 0.788233 0.501655 -15.928172 -3.167306 2.999703 -6.338817 -0.0 1e-06 -18.123419 3.648181 -4.905662 -4e-06 0.0 -2e-06 11.082973 12.612483 16.107235 56.536934 20.949362 10.575921 -0.352503 43.509144 -0.178098 -5.686279 3.906228 4.000551 2.24354 -5.255033 -3.180156 14.282877 -0.826594 6.952496 -0.0 -12.690593 -1e-06 15.98171 -18.021383 2.535487 1.665665 -1.95592 -2.878297 4.727794 -4.170584 4.993919 11.020511 1e-06 -0.0 12.109032 -3.735715 -2.866778 0.0 -0.0 0.0 1.291985 -1.928548 -1.498088 14.800115 0.567467 3.865604 14.242553 -1.341738 -6.660648 19.631935 0.143921 -0.648243 49.503082 -0.943064 -6.467477 0.353029 -1.51115 -0.03194 20.222769 3.684305 2.316629 18.787249 1e-06 -1e-06 10.751608 -0.47987 1.397903 0.0 -0.0 0.0 3.273804 0.305947 -0.58011 21.48679 11.830364 2.266131 8.162915 0.0 -0.0 18.399052 -3.798986 -4.940567 3e-06 0.0 -1e-06 5.882721 -1.885375 -22.318373 0.25561 0.391768 25.350971 1.332597 8.564095 7.133464 1.751467 -2.001101 -5.052214 0.0 -0.0 2e-06 8.838208 -0.424204 12.87333 -0.070251 0.093335 1.881649 -4.146357 -6.14449 -7.881516 -1.4596 0.974134 -0.00067 0.0 -0.0 -1e-06 
0.0 0.0 0.0 0.0 -0.0 0.0 11.040481 97.638878 423.12027 -4.542337 2.044378 -5.684725 4.728551 0.22387 2.770713 0.24702 1.952063 -3.757395 0.125158 -0.16324 10.010365 -1.282194 2.920665 2.144372 -0.756657 -0.64123 -3.635241 -0.140214 -2.157598 -11.48708 7.7e-05 -2.2e-05 6e-06 0.026098 0.050526 0.064947 0.699571 -3.701407 -10.60232 -0.658602 3.804115 -10.612639 -14.13022 -1.722718 17.719479 -61.894718 -3.315947 24.320089 0.065198 -14.048224 -0.018145 0.452508 0.036724 -4.856074 -5.882102 9.861279 0.70259 -10.936861 -0.360574 7.156197 0.0 8.774815 -0.0 -16.498611 18.030439 6.051682 -1.844031 2.498503 -2.507276 -10.16359 4.678941 4.621104 -20.975996 -1e-06 1e-06 -21.226254 2.451698 -3.593995 0.0 -6e-06 -0.0 -1.362681 2.240797 -0.746323 -21.334892 0.58491 3.008319 -13.821196 -1e-06 1e-06 -23.887129 -0.249075 -0.839485 -60.808033 2.650386 -0.963506 -0.294025 1.679686 0.833255 -14.218195 0.093215 1.300579 -34.212002 -0.287561 0.967166 -20.033176 0.964536 1.212838 0.0 -0.0 0.0 -3.440387 0.788233 0.501655 -15.928172 -3.167306 2.999703 -6.338817 -0.0 1e-06 -18.123419 3.648181 -4.905662 -4e-06 0.0 -2e-06 10.32385 13.069234 16.16959 56.149048 21.870485 9.682465 -0.325801 47.089607 -0.201165 -5.744989 3.598619 3.517481 2.24354 -5.255033 -3.180156 14.282877 -0.826594 6.952496 -0.0 -12.690593 -1e-06 15.886776 -17.881657 2.598139 1.665665 -1.95592 -2.878297 4.727794 -4.170584 4.993919 11.020511 1e-06 -0.0 12.109032 -3.735715 -2.866778 0.0 -0.0 0.0 1.291985 -1.928548 -1.498088 14.800115 0.567467 3.865604 14.242553 -1.341738 -6.660648 19.631935 0.143921 -0.648243 49.6208 -1.032103 -6.357018 0.353029 -1.51115 -0.03194 20.222769 3.684305 2.316629 18.787249 1e-06 -1e-06 10.751608 -0.47987 1.397903 0.0 -0.0 0.0 3.273804 0.305947 -0.58011 21.48679 11.830364 2.266131 8.162915 0.0 -0.0 18.399052 -3.798986 -4.940567 3e-06 0.0 -1e-06 6.528111 -0.716484 -22.199627 0.141192 0.394987 12.710905 0.907474 7.887407 7.790376 1.692227 -2.030143 -4.885825 0.0 -0.0 2e-06 9.067517 -0.520036 14.926875 -0.088858 0.050173 1.965215 -3.972974 -5.607493 -9.744292 -1.458997 0.963589 -0.195257 0.0 -0.0 -1e-06 
0.0 0.0 0.0 0.0 -0.0 0.0 11.509727 96.889603 426.931763 -4.844442 1.115624 -5.226806 4.995365 0.173132 2.553809 0.32698 2.072102 -3.840215 0.357358 -0.069542 10.031711 -1.932372 3.115577 1.900819 -0.702961 -0.314824 -3.608674 -0.276934 -1.756127 -11.95669 7.7e-05 -2.2e-05 6e-06 0.024008 0.059518 0.074948 0.692832 -3.707489 -10.643471 -0.657353 3.828522 -10.638368 -14.512194 -0.816165 17.810112 -62.292645 -1.602756 23.263067 0.13342 -13.847492 -0.037577 0.167852 -0.185656 -5.309094 -5.882102 9.861279 0.70259 -10.936861 -0.360574 7.156197 0.0 8.774815 -0.0 -16.466793 18.181763 6.144224 -1.844031 2.498503 -2.507276 -10.16359 4.678941 4.621104 -20.975996 -1e-06 1e-06 -21.226254 2.451698 -3.593995 0.0 -6e-06 -0.0 -1.362681 2.240797 -0.746323 -21.334892 0.58491 3.008319 -13.821196 -1e-06 1e-06 -23.887129 -0.249075 -0.839485 -60.899601 2.681681 -0.926002 -0.294025 1.679686 0.833255 -14.218195 0.093215 1.300579 -34.212002 -0.287561 0.967166 -20.033176 0.964536 1.212838 0.0 -0.0 0.0 -3.440387 0.788233 0.501655 -15.928172 -3.167306 2.999703 -6.338817 -0.0 1e-06 -18.123419 3.648181 -4.905662 -4e-06 0.0 -2e-06 10.019153 13.405738 16.30056 55.797089 22.67684 8.961407 -0.116157 49.320988 -0.073494 -5.934341 3.447834 2.773439 2.24354 -5.255033 -3.180156 14.282877 -0.826594 6.952496 -0.0 -12.690593 -1e-06 15.693164 -17.781797 2.670464 1.665665 -1.95592 -2.878297 4.727794 -4.170584 4.993919 11.020511 1e-06 -0.0 12.109032 -3.735715 -2.866778 0.0 -0.0 0.0 1.291985 -1.928548 -1.498088 14.800115 0.567467 3.865604 14.242553 -1.341738 -6.660648 19.631935 0.143921 -0.648243 49.609447 -1.110622 -6.345141 0.353029 -1.51115 -0.03194 20.222769 3.684305 2.316629 18.787249 1e-06 -1e-06 10.751608 -0.47987 1.397903 0.0 -0.0 0.0 3.273804 0.305947 -0.58011 21.48679 11.830364 2.266131 8.162915 0.0 -0.0 18.399052 -3.798986 -4.940567 3e-06 0.0 -1e-06 6.928331 0.283842 -22.353964 0.019823 0.302906 2.578435 -0.6295 7.735742 7.434336 1.610822 -2.113516 -4.858542 0.0 -0.0 2e-06 8.8839 -0.890807 16.969366 -0.075931 -0.034008 2.165557 -3.48429 -4.658403 -11.531101 -1.45838 0.890257 -0.599485 0.0 -0.0 -1e-06 
0.0 0.0 0.0 0.0 -0.0 0.0 12.059867 96.103424 430.836548 -4.854207 0.444971 -4.716484 5.029428 0.122986 2.300521 0.329869 2.213832 -3.956146 0.499955 -0.050846 10.076889 -2.238178 3.207691 1.569292 -0.590004 -0.088838 -3.505466 -0.527234 -1.339629 -12.340349 7.7e-05 -2.2e-05 6e-06 0.037416 0.126003 0.077406 0.695502 -3.643142 -10.62687 -0.634262 3.896945 -10.608603 -14.999463 -0.231463 17.721451 -62.593315 -0.334169 22.534704 0.231657 -13.177867 -0.039584 -0.094748 -0.378619 -5.515055 -5.882102 9.861279 0.70259 -10.936861 -0.360574 7.156197 0.0 8.774815 -0.0 -16.599771 18.062038 5.985055 -1.844031 2.498503 -2.507276 -10.16359 4.678941 4.621104 -20.975996 -1e-06 1e-06 -21.226254 2.451698 -3.593995 0.0 -6e-06 -0.0 -1.362681 2.240797 -0.746323 -21.334892 0.58491 3.008319 -13.821196 -1e-06 1e-06 -23.887129 -0.249075 -0.839485 -60.942703 2.602223 -0.975731 -0.294025 1.679686 0.833255 -14.218195 0.093215 1.300579 -34.212002 -0.287561 0.967166 -20.033176 0.964536 1.212838 0.0 -0.0 0.0 -3.440387 0.788233 0.501655 -15.928172 -3.167306 2.999703 -6.338817 -0.0 1e-06 -18.123419 3.648181 -4.905662 -4e-06 0.0 -2e-06 10.062773 13.51787 16.306787 55.671516 23.173674 8.590071 0.328995 50.010067 0.425962 -6.272035 3.445071 2.015629 2.24354 -5.255033 -3.180156 14.282877 -0.826594 6.952496 -0.0 -12.690593 -1e-06 15.563823 -17.850653 2.693519 1.665665 -1.95592 -2.878297 4.727794 -4.170584 4.993919 11.020511 1e-06 -0.0 12.109032 -3.735715 -2.866778 0.0 -0.0 0.0 1.291985 -1.928548 -1.498088 14.800115 0.567467 3.865604 14.242553 -1.341738 -6.660648 19.631935 0.143921 -0.648243 49.614258 -1.128855 -6.438604 0.353029 -1.51115 -0.03194 20.222769 3.684305 2.316629 18.787249 1e-06 -1e-06 10.751608 -0.47987 1.397903 0.0 -0.0 0.0 3.273804 0.305947 -0.58011 21.48679 11.830364 2.266131 8.162915 0.0 -0.0 18.399052 -3.798986 -4.940567 3e-06 0.0 -1e-06 6.569314 1.464415 -24.089287 -0.029356 0.164559 -1.067419 -2.27609 8.209916 6.035542 1.53234 -2.156126 -4.806753 0.0 -0.0 2e-06 8.027938 -1.786692 18.868999 -0.097003 -0.121995 2.644894 -2.612821 -3.23553 -13.139209 -1.465549 0.784938 -1.25569 0.0 -0.0 -1e-06 
0.0 0.0 0.0 0.0 -0.0 0.0 12.728265 95.471016 434.848877 -4.385772 0.019734 -4.238854 4.750544 0.192331 1.951028 0.277713 2.309462 -4.110374 0.365831 -0.121051 10.194614 -2.308723 3.298424 1.259453 -0.513251 -0.105003 -3.474727 -0.55046 -1.09112 -12.440969 7.7e-05 -2.2e-05 6e-06 0.032647 0.103685 0.06039 0.695503 -3.656317 -10.614699 -0.644038 3.865299 -10.590107 -15.446895 0.120424 17.634243 -62.721096 0.399834 21.869728 0.18993 -12.134294 -0.023604 -0.174356 -0.385459 -5.112087 -5.882102 9.861279 0.70259 -10.936861 -0.360574 7.156197 0.0 8.774815 -0.0 -16.691048 17.948196 5.91115 -1.844031 2.498503 -2.507276 -10.16359 4.678941 4.621104 -20.975996 -1e-06 1e-06 -21.226254 2.451698 -3.593995 0.0 -6e-06 -0.0 -1.362681 2.240797 -0.746323 -21.334892 0.58491 3.008319 -13.821196 -1e-06 1e-06 -23.887129 -0.249075 -0.839485 -60.930801 2.550379 -0.928752 -0.294025 1.679686 0.833255 -14.218195 0.093215 1.300579 -34.212002 -0.287561 0.967166 -20.033176 0.964536 1.212838 0.0 -0.0 0.0 -3.440387 0.788233 0.501655 -15.928172 -3.167306 2.999703 -6.338817 -0.0 1e-06 -18.123419 3.648181 -4.905662 -4e-06 0.0 -2e-06 10.362008 13.489233 16.485441 55.964939 23.315466 8.812497 0.352214 49.186733 0.562548 -6.33305 3.523044 0.90471 2.24354 -5.255033 -3.180156 14.282877 -0.826594 6.952496 -0.0 -12.690593 -1e-06 15.501224 -17.816072 2.708021 1.665665 -1.95592 -2.878297 4.727794 -4.170584 4.993919 11.020511 1e-06 -0.0 12.109032 -3.735715 -2.866778 0.0 -0.0 0.0 1.291985 -1.928548 -1.498088 14.800115 0.567467 3.865604 14.242553 -1.341738 -6.660648 19.631935 0.143921 -0.648243 49.5312 -0.995453 -6.420138 0.353029 -1.51115 -0.03194 20.222769 3.684305 2.316629 18.787249 1e-06 -1e-06 10.751608 -0.47987 1.397903 0.0 -0.0 0.0 3.273804 0.305947 -0.58011 21.48679 11.830364 2.266131 8.162915 0.0 -0.0 18.399052 -3.798986 -4.940567 3e-06 0.0 -1e-06 5.47265 2.317987 -25.337996 -0.008294 0.130952 -0.655845 -2.956851 8.465613 5.344239 1.567638 -2.119318 -4.834284 0.0 -0.0 2e-06 6.481153 -2.794064 20.406424 -0.158647 -0.078437 3.971265 -1.520375 -1.73134 -13.88691 -1.454136 0.780369 -2.140018 0.0 -0.0 -1e-06 
0.0 0.0 0.0 0.0 -0.0 0.0 13.495122 95.108208 439.110809 -3.213703 -0.215424 -3.542933 4.006308 0.295784 1.305893 0.170737 2.438284 -4.371701 -0.08917 -0.17655 10.205592 -2.091298 3.329574 1.016707 -0.558284 -0.10816 -3.441236 -0.427549 -1.010664 -11.954275 7.7e-05 -2.2e-05 6e-06 0.02811 0.076344 0.053058 0.704724 -3.682998 -10.628233 -0.661095 3.836161 -10.60045 -16.119289 0.305018 17.522987 -62.306385 0.957909 21.242285 0.028626 -11.104142 0.009318 -0.25296 -0.1701 -4.437325 -5.882102 9.861279 0.70259 -10.936861 -0.360574 7.156197 0.0 8.774815 -0.0 -16.676657 17.917681 5.956406 -1.844031 2.498503 -2.507276 -10.16359 4.678941 4.621104 -20.975996 -1e-06 1e-06 -21.226254 2.451698 -3.593995 0.0 -6e-06 -0.0 -1.362681 2.240797 -0.746323 -21.334892 0.58491 3.008319 -13.821196 -1e-06 1e-06 -23.887129 -0.249075 -0.839485 -60.877079 2.511855 -0.946005 -0.294025 1.679686 0.833255 -14.218195 0.093215 1.300579 -34.212002 -0.287561 0.967166 -20.033176 0.964536 1.212838 0.0 -0.0 0.0 -3.440387 0.788233 0.501655 -15.928172 -3.167306 2.999703 -6.338817 -0.0 1e-06 -18.123419 3.648181 -4.905662 -4e-06 0.0 -2e-06 11.074386 13.277323 16.660517 56.516594 22.646709 9.475644 0.249238 46.911644 0.501812 -6.011533 3.698329 -0.430611 2.24354 -5.255033 -3.180156 14.282877 -0.826594 6.952496 -0.0 -12.690593 -1e-06 15.598074 -17.781027 2.745496 1.665665 -1.95592 -2.878297 4.727794 -4.170584 4.993919 11.020511 1e-06 -0.0 12.109032 -3.735715 -2.866778 0.0 -0.0 0.0 1.291985 -1.928548 -1.498088 14.800115 0.567467 3.865604 14.242553 -1.341738 -6.660648 19.631935 0.143921 -0.648243 49.617191 -0.963339 -6.371721 0.353029 -1.51115 -0.03194 20.222769 3.684305 2.316629 18.787249 1e-06 -1e-06 10.751608 -0.47987 1.397903 0.0 -0.0 0.0 3.273804 0.305947 -0.58011 21.48679 11.830364 2.266131 8.162915 0.0 -0.0 18.399052 -3.798986 -4.940567 3e-06 0.0 -1e-06 3.592629 2.485769 -25.465754 -0.011338 0.088571 1.500511 -2.548411 7.863878 5.896116 1.656146 -2.102268 -5.203927 0.0 -0.0 2e-06 3.965449 -3.818094 21.032612 -0.163035 0.011059 6.762393 -0.217404 -0.306985 -13.384678 -1.448848 0.798881 -4.028315 0.0 -0.0 -1e-06 
0.0 0.0 0.0 0.0 -0.0 0.0 14.371988 95.037338 443.595398 -1.076498 -0.194793 -2.42672 2.580635 0.391615 0.230495 -0.006904 2.55107 -4.811936 -0.861284 -0.145414 10.236994 -1.681636 3.254765 0.650242 -0.630152 -0.038991 -3.473994 -0.305617 -1.10039 -10.809319 7.7e-05 -2.2e-05 6e-06 0.029542 0.040204 0.041168 0.705468 -3.721657 -10.630957 -0.657428 3.802653 -10.606851 -17.450676 0.259368 17.181799 -60.972698 1.510302 20.673712 -0.127523 -10.055523 0.040726 -0.484411 0.045117 -3.888683 -5.882102 9.861279 0.70259 -10.936861 -0.360574 7.156197 0.0 8.774815 -0.0 -16.651878 18.013952 6.047881 -1.844031 2.498503 -2.507276 -10.16359 4.678941 4.621104 -20.975996 -1e-06 1e-06 -21.226254 2.451698 -3.593995 0.0 -6e-06 -0.0 -1.362681 2.240797 -0.746323 -21.334892 0.58491 3.008319 -13.821196 -1e-06 1e-06 -23.887129 -0.249075 -0.839485 -60.795444 2.527744 -1.037949 -0.294025 1.679686 0.833255 -14.218195 0.093215 1.300579 -34.212002 -0.287561 0.967166 -20.033176 0.964536 1.212838 0.0 -0.0 0.0 -3.440387 0.788233 0.501655 -15.928172 -3.167306 2.999703 -6.338817 -0.0 1e-06 -18.123419 3.648181 -4.905662 -4e-06 0.0 -2e-06 12.742901 12.774474 16.684235 56.562908 21.041426 10.207885 0.178285 43.514355 0.403257 -5.497713 3.99551 -1.569756 2.24354 -5.255033 -3.180156 14.282877 -0.826594 6.952496 -0.0 -12.690593 -1e-06 15.660615 -17.786226 2.786328 1.665665 -1.95592 -2.878297 4.727794 -4.170584 4.993919 11.020511 1e-06 -0.0 12.109032 -3.735715 -2.866778 0.0 -0.0 0.0 1.291985 -1.928548 -1.498088 14.800115 0.567467 3.865604 14.242553 -1.341738 -6.660648 19.631935 0.143921 -0.648243 49.800819 -0.946001 -6.366973 0.353029 -1.51115 -0.03194 20.222769 3.684305 2.316629 18.787249 1e-06 -1e-06 10.751608 -0.47987 1.397903 0.0 -0.0 0.0 3.273804 0.305947 -0.58011 21.48679 11.830364 2.266131 8.162915 0.0 -0.0 18.399052 -3.798986 -4.940567 3e-06 0.0 -1e-06 0.774202 1.662576 -25.524725 -0.007064 0.055519 4.09898 -0.877786 6.92845 9.977007 1.746122 -2.066979 -5.540136 0.0 -0.0 2e-06 0.094442 -5.075268 20.732914 -0.126457 0.170386 10.7041 1.415531 1.222869 -10.947278 -1.456536 0.814639 -7.582716 0.0 -0.0 -1e-06 
0.0 0.0 0.0 0.0 -0.0 0.0 15.278678 95.155182 448.285583 1.552348 0.133093 -1.314012 0.933741 0.411391 -0.880849 -0.257482 2.779882 -5.258889 -2.03765 -0.077218 10.17675 -1.042176 2.963604 0.301017 -0.624155 -0.020179 -3.560546 -0.353939 -1.214895 -9.684019 7.7e-05 -2.2e-05 6e-06 0.029044 -0.003603 0.020544 0.689026 -3.759601 -10.587483 -0.641472 3.752478 -10.573797 -18.654043 -0.073264 16.861557 -59.451916 1.601475 20.139372 -0.118026 -8.807236 0.04952 -0.623809 0.366286 -3.299412 -5.882102 9.861279 0.70259 -10.936861 -0.360574 7.156197 0.0 8.774815 -0.0 -16.629971 17.916296 6.085344 -1.844031 2.498503 -2.507276 -10.16359 4.678941 4.621104 -20.975996 -1e-06 1e-06 -21.226254 2.451698 -3.593995 0.0 -6e-06 -0.0 -1.362681 2.240797 -0.746323 -21.334892 0.58491 3.008319 -13.821196 -1e-06 1e-06 -23.887129 -0.249075 -0.839485 -60.917999 2.554673 -1.059627 -0.294025 1.679686 0.833255 -14.218195 0.093215 1.300579 -34.212002 -0.287561 0.967166 -20.033176 0.964536 1.212838 0.0 -0.0 0.0 -3.440387 0.788233 0.501655 -15.928172 -3.167306 2.999703 -6.338817 -0.0 1e-06 -18.123419 3.648181 -4.905662 -4e-06 0.0 -2e-06 15.063191 11.870494 16.96273 56.335793 19.168283 10.428194 0.351739 38.845047 0.39215 -5.330099 4.331301 -2.263694 2.24354 -5.255033 -3.180156 14.282877 -0.826594 6.952496 -0.0 -12.690593 -1e-06 15.678231 -17.670015 2.767197 1.665665 -1.95592 -2.878297 4.727794 -4.170584 4.993919 11.020511 1e-06 -0.0 12.109032 -3.735715 -2.866778 0.0 -0.0 0.0 1.291985 -1.928548 -1.498088 14.800115 0.567467 3.865604 14.242553 -1.341738 -6.660648 19.631935 0.143921 -0.648243 49.863102 -0.832162 -6.33048 0.353029 -1.51115 -0.03194 20.222769 3.684305 2.316629 18.787249 1e-06 -1e-06 10.751608 -0.47987 1.397903 0.0 -0.0 0.0 3.273804 0.305947 -0.58011 21.48679 11.830364 2.266131 8.162915 0.0 -0.0 18.399052 -3.798986 -4.940567 3e-06 0.0 -1e-06 -2.358048 0.070171 -25.685266 0.029146 0.063916 6.646152 0.438613 6.543632 15.765359 1.784223 -1.965117 -4.448865 0.0 -0.0 2e-06 -4.476492 -6.602555 19.711592 -0.145963 0.39226 16.072794 2.986462 2.822077 -6.934911 -1.479469 0.814707 -14.389535 0.0 -0.0 -1e-06 
0.0 0.0 0.0 0.0 -0.0 0.0 16.179171 95.443329 453.04184 3.657072 1.000083 -1.041234 -0.169945 0.316127 -1.413668 -0.530081 2.808562 -5.539673 -3.251543 0.042765 10.115204 -0.289686 2.776725 0.352993 -0.865434 -0.472361 -3.598598 -0.124299 -1.528244 -9.364883 7.7e-05 -2.2e-05 6e-06 0.043154 0.004822 0.020502 0.711673 -3.738844 -10.559627 -0.63676 3.746757 -10.535293 -18.780409 -0.627259 16.791939 -58.704563 0.741216 20.271765 -0.09004 -7.857832 0.038468 -0.554083 0.68989 -3.470536 -5.882102 9.861279 0.70259 -10.936861 -0.360574 7.156197 0.0 8.774815 -0.0 -16.802212 17.896053 5.859313 -1.844031 2.498503 -2.507276 -10.16359 4.678941 4.621104 -20.975996 -1e-06 1e-06 -21.226254 2.451698 -3.593995 0.0 -6e-06 -0.0 -1.362681 2.240797 -0.746323 -21.334892 0.58491 3.008319 -13.821196 -1e-06 1e-06 -23.887129 -0.249075 -0.839485 -60.744186 2.488204 -1.212476 -0.294025 1.679686 0.833255 -14.218195 0.093215 1.300579 -34.212002 -0.287561 0.967166 -20.033176 0.964536 1.212838 0.0 -0.0 0.0 -3.440387 0.788233 0.501655 -15.928172 -3.167306 2.999703 -6.338817 -0.0 1e-06 -18.123419 3.648181 -4.905662 -4e-06 0.0 -2e-06 16.303722 10.914627 17.208315 57.723377 17.253038 10.06002 0.301061 32.807125 0.319345 -5.329804 4.231724 -2.789312 2.24354 -5.255033 -3.180156 14.282877 -0.826594 6.952496 -0.0 -12.690593 -1e-06 15.666415 -17.506599 2.795152 1.665665 -1.95592 -2.878297 4.727794 -4.170584 4.993919 11.020511 1e-06 -0.0 12.109032 -3.735715 -2.866778 0.0 -0.0 0.0 1.291985 -1.928548 -1.498088 14.800115 0.567467 3.865604 14.242553 -1.341738 -6.660648 19.631935 0.143921 -0.648243 50.10537 -0.719825 -6.135334 0.353029 -1.51115 -0.03194 20.222769 3.684305 2.316629 18.787249 1e-06 -1e-06 10.751608 -0.47987 1.397903 0.0 -0.0 0.0 3.273804 0.305947 -0.58011 21.48679 11.830364 2.266131 8.162915 0.0 -0.0 18.399052 -3.798986 -4.940567 3e-06 0.0 -1e-06 -4.958147 -1.643602 -25.095905 0.014848 -0.003527 10.62749 0.966279 6.780037 15.480912 1.714303 -1.954676 -2.021544 0.0 -0.0 2e-06 -8.338562 -8.116323 18.335934 -0.124633 0.589605 23.35508 3.907881 3.790869 -0.435367 -1.5141 0.749382 -22.797043 0.0 -0.0 -1e-06 
0.0 0.0 0.0 0.0 -0.0 0.0 17.012011 96.025917 457.719269 5.129753 1.876227 -1.50886 -0.809073 0.226095 -1.325701 -0.758426 2.775751 -5.435666 -4.066839 0.139764 9.866892 0.009634 2.466045 0.634543 -1.138874 -0.817468 -3.540453 0.11525 -1.759824 -9.405905 7.7e-05 -2.2e-05 6e-06 0.037497 -0.020938 0.029405 0.711328 -3.762628 -10.53307 -0.648536 3.717717 -10.516532 -18.272072 -1.261155 16.753778 -58.732475 -0.886048 20.394619 0.171087 -7.672537 0.017542 -0.170964 0.725008 -3.089287 -5.882102 9.861279 0.70259 -10.936861 -0.360574 7.156197 0.0 8.774815 -0.0 -16.918545 17.828157 5.62577 -1.844031 2.498503 -2.507276 -10.16359 4.678941 4.621104 -20.975996 -1e-06 1e-06 -21.226254 2.451698 -3.593995 0.0 -6e-06 -0.0 -1.362681 2.240797 -0.746323 -21.334892 0.58491 3.008319 -13.821196 -1e-06 1e-06 -23.887129 -0.249075 -0.839485 -60.5825 2.458482 -1.474256 -0.294025 1.679686 0.833255 -14.218195 0.093215 1.300579 -34.212002 -0.287561 0.967166 -20.033176 0.964536 1.212838 0.0 -0.0 0.0 -3.440387 0.788233 0.501655 -15.928172 -3.167306 2.999703 -6.338817 -0.0 1e-06 -18.123419 3.648181 -4.905662 -4e-06 0.0 -2e-06 16.315189 10.316528 17.491625 60.031975 15.462635 9.761496 0.088659 26.348265 0.184628 -5.174816 3.207097 -2.683159 2.24354 -5.255033 -3.180156 14.282877 -0.826594 6.952496 -0.0 -12.690593 -1e-06 15.937027 -17.536283 2.726117 1.665665 -1.95592 -2.878297 4.727794 -4.170584 4.993919 11.020511 1e-06 -0.0 12.109032 -3.735715 -2.866778 0.0 -0.0 0.0 1.291985 -1.928548 -1.498088 14.800115 0.567467 3.865604 14.242553 -1.341738 -6.660648 19.631935 0.143921 -0.648243 50.444733 -0.545858 -6.213033 0.353029 -1.51115 -0.03194 20.222769 3.684305 2.316629 18.787249 1e-06 -1e-06 10.751608 -0.47987 1.397903 0.0 -0.0 0.0 3.273804 0.305947 -0.58011 21.48679 11.830364 2.266131 8.162915 0.0 -0.0 18.399052 -3.798986 -4.940567 3e-06 0.0 -1e-06 -7.172469 -2.713931 -23.248415 -0.003025 -0.036419 14.505592 1.534149 6.874566 10.317469 1.671883 -1.988053 -0.933042 0.0 -0.0 2e-06 -11.244141 -9.127078 15.554323 -0.071753 0.736414 33.243267 4.113346 3.601568 8.389771 -1.527355 0.664281 -28.211422 0.0 -0.0 -1e-06 
0.0 0.0 0.0 0.0 -0.0 0.0 17.815556 96.62188 461.995605 6.046922 2.180962 -2.412179 -1.221777 0.174899 -0.837384 -0.89356 2.633382 -5.169234 -4.363812 0.149181 9.690432 -0.221574 2.542309 0.792544 -1.247962 -0.99498 -3.498052 0.265743 -1.826067 -9.403877 7.7e-05 -2.2e-05 6e-06 0.035992 -0.00347 0.046991 0.70741 -3.741712 -10.506377 -0.649174 3.731107 -10.485871 -17.773922 -1.707691 16.798016 -58.905102 -2.992692 20.097443 0.454757 -8.696335 -0.026189 0.567876 0.221459 -3.145153 -5.882102 9.861279 0.70259 -10.936861 -0.360574 7.156197 0.0 8.774815 -0.0 -17.022793 17.921921 5.477751 -1.844031 2.498503 -2.507276 -10.16359 4.678941 4.621104 -20.975996 -1e-06 1e-06 -21.226254 2.451698 -3.593995 0.0 -6e-06 -0.0 -1.362681 2.240797 -0.746323 -21.334892 0.58491 3.008319 -13.821196 -1e-06 1e-06 -23.887129 -0.249075 -0.839485 -60.490391 2.457326 -1.687035 -0.294025 1.679686 0.833255 -14.218195 0.093215 1.300579 -34.212002 -0.287561 0.967166 -20.033176 0.964536 1.212838 0.0 -0.0 0.0 -3.440387 0.788233 0.501655 -15.928172 -3.167306 2.999703 -6.338817 -0.0 1e-06 -18.123419 3.648181 -4.905662 -4e-06 0.0 -2e-06 15.675321 10.21177 17.828051 61.959572 13.761319 10.786956 -0.057889 21.194231 0.072514 -3.708251 1.595549 -1.037863 2.24354 -5.255033 -3.180156 14.282877 -0.826594 6.952496 -0.0 -12.690593 -1e-06 16.279417 -17.477474 2.532558 1.665665 -1.95592 -2.878297 4.727794 -4.170584 4.993919 11.020511 1e-06 -0.0 12.109032 -3.735715 -2.866778 0.0 -0.0 0.0 1.291985 -1.928548 -1.498088 14.800115 0.567467 3.865604 14.242553 -1.341738 -6.660648 19.631935 0.143921 -0.648243 50.405434 -0.358712 -6.318651 0.353029 -1.51115 -0.03194 20.222769 3.684305 2.316629 18.787249 1e-06 -1e-06 10.751608 -0.47987 1.397903 0.0 -0.0 0.0 3.273804 0.305947 -0.58011 21.48679 11.830364 2.266131 8.162915 0.0 -0.0 18.399052 -3.798986 -4.940567 3e-06 0.0 -1e-06 -8.818953 -2.710983 -19.961637 -0.074708 -0.056746 15.944453 2.067989 6.72287 6.589332 1.641531 -2.033727 -0.691916 0.0 -0.0 2e-06 -13.290107 -9.417458 11.022181 0.043559 0.802463 44.922905 4.233917 1.796178 17.780138 -1.341262 0.609832 -22.213842 0.0 -0.0 -1e-06 
0.0 0.0 0.0 0.0 -0.0 0.0 18.57402 97.086685 465.942993 6.721457 2.089383 -3.222252 -1.623929 0.123688 -0.220017 -0.971095 2.437657 -4.927596 -4.442434 -0.058922 9.604642 -0.681424 2.835043 0.804452 -1.075552 -0.895169 -3.508886 0.239202 -1.629142 -9.639064 7.7e-05 -2.2e-05 6e-06 0.045547 0.057429 0.070611 0.715116 -3.688047 -10.50307 -0.639209 3.800617 -10.472136 -17.833643 -2.021491 16.825975 -58.328682 -5.345672 20.095798 0.588187 -10.547235 -0.075847 1.837392 -0.537132 -3.908472 -5.882102 9.861279 0.70259 -10.936861 -0.360574 7.156197 0.0 8.774815 -0.0 -16.964211 18.051336 5.457852 -1.844031 2.498503 -2.507276 -10.16359 4.678941 4.621104 -20.975996 -1e-06 1e-06 -21.226254 2.451698 -3.593995 0.0 -6e-06 -0.0 -1.362681 2.240797 -0.746323 -21.334892 0.58491 3.008319 -13.821196 -1e-06 1e-06 -23.887129 -0.249075 -0.839485 -60.396843 2.392557 -1.659381 -0.294025 1.679686 0.833255 -14.218195 0.093215 1.300579 -34.212002 -0.287561 0.967166 -20.033176 0.964536 1.212838 0.0 -0.0 0.0 -3.440387 0.788233 0.501655 -15.928172 -3.167306 2.999703 -6.338817 -0.0 1e-06 -18.123419 3.648181 -4.905662 -4e-06 0.0 -2e-06 15.50766 10.098707 18.17136 62.410225 12.031145 13.236542 0.137694 18.30541 0.100512 -1.519182 0.435029 1.143498 2.24354 -5.255033 -3.180156 14.282877 -0.826594 6.952496 -0.0 -12.690593 -1e-06 16.438232 -17.340603 2.345766 1.665665 -1.95592 -2.878297 4.727794 -4.170584 4.993919 11.020511 1e-06 -0.0 12.109032 -3.735715 -2.866778 0.0 -0.0 0.0 1.291985 -1.928548 -1.498088 14.800115 0.567467 3.865604 14.242553 -1.341738 -6.660648 19.631935 0.143921 -0.648243 50.114845 -0.368876 -6.397327 0.353029 -1.51115 -0.03194 20.222769 3.684305 2.316629 18.787249 1e-06 -1e-06 10.751608 -0.47987 1.397903 0.0 -0.0 0.0 3.273804 0.305947 -0.58011 21.48679 11.830364 2.266131 8.162915 0.0 -0.0 18.399052 -3.798986 -4.940567 3e-06 0.0 -1e-06 -10.14961 -2.347371 -16.61068 -0.008838 0.018486 16.522038 2.449705 6.631027 3.48272 1.638823 -2.058691 -0.882284 0.0 -0.0 2e-06 -14.433164 -9.213696 5.588071 0.10205 0.624858 55.630722 2.907864 -0.660121 23.086176 -1.189735 0.791096 -7.888866 0.0 -0.0 -1e-06 
0.0 0.0 0.0 0.0 -0.0 0.0 19.227549 97.638687 469.750916 7.06772 2.153579 -3.911478 -1.982671 0.046188 0.235711 -1.046946 2.028051 -4.758434 -4.344206 -0.462744 9.800454 -0.960962 3.024865 0.896586 -0.94475 -0.666032 -3.528233 0.098406 -1.213216 -10.193654 7.7e-05 -2.2e-05 6e-06 0.050053 0.076334 0.084108 0.733684 -3.670262 -10.526731 -0.648868 3.823689 -10.493195 -18.373825 -2.334778 16.675253 -56.908909 -7.943997 20.488314 0.488524 -12.399635 -0.118252 4.150644 -1.443056 -4.13631 -5.882102 9.861279 0.70259 -10.936861 -0.360574 7.156197 0.0 8.774815 -0.0 -16.761875 18.168886 5.504274 -1.844031 2.498503 -2.507276 -10.16359 4.678941 4.621104 -20.975996 -1e-06 1e-06 -21.226254 2.451698 -3.593995 0.0 -6e-06 -0.0 -1.362681 2.240797 -0.746323 -21.334892 0.58491 3.008319 -13.821196 -1e-06 1e-06 -23.887129 -0.249075 -0.839485 -60.242489 2.425017 -1.612425 -0.294025 1.679686 0.833255 -14.218195 0.093215 1.300579 -34.212002 -0.287561 0.967166 -20.033176 0.964536 1.212838 0.0 -0.0 0.0 -3.440387 0.788233 0.501655 -15.928172 -3.167306 2.999703 -6.338817 -0.0 1e-06 -18.123419 3.648181 -4.905662 -4e-06 0.0 -2e-06 15.975921 9.703779 18.447311 61.707748 10.318766 15.978408 0.51217 17.069857 0.165961 -0.20211 0.192625 2.71248 2.24354 -5.255033 -3.180156 14.282877 -0.826594 6.952496 -0.0 -12.690593 -1e-06 16.378654 -17.29759 2.209623 1.665665 -1.95592 -2.878297 4.727794 -4.170584 4.993919 11.020511 1e-06 -0.0 12.109032 -3.735715 -2.866778 0.0 -0.0 0.0 1.291985 -1.928548 -1.498088 14.800115 0.567467 3.865604 14.242553 -1.341738 -6.660648 19.631935 0.143921 -0.648243 49.935146 -0.419984 -6.438184 0.353029 -1.51115 -0.03194 20.222769 3.684305 2.316629 18.787249 1e-06 -1e-06 10.751608 -0.47987 1.397903 0.0 -0.0 0.0 3.273804 0.305947 -0.58011 21.48679 11.830364 2.266131 8.162915 0.0 -0.0 18.399052 -3.798986 -4.940567 3e-06 0.0 -1e-06 -11.050378 -2.511107 -12.555358 0.096514 0.047822 15.198399 2.769589 7.073217 1.481221 1.614125 -2.082118 -0.765592 0.0 -0.0 2e-06 -14.594405 -9.04464 0.080928 0.095138 0.318981 64.035103 1.16193 -2.26536 20.018902 -1.290552 0.854852 -5.1857 0.0 -0.0 -1e-06 
0.0 0.0 0.0 0.0 -0.0 0.0 19.761469 98.236198 473.323425 6.770156 2.568386 -4.634347 -2.091997 -0.101636 0.606723 -1.046876 1.517843 -4.603355 -4.061702 -1.034223 10.153227 -0.908522 3.097763 1.208202 -0.92801 -0.442164 -3.539872 -0.104328 -0.920604 -10.538587 7.7e-05 -2.2e-05 6e-06 0.051493 0.079097 0.085538 0.743074 -3.667087 -10.555249 -0.65416 3.828853 -10.535521 -18.555475 -2.836626 16.61758 -55.570076 -10.927389 20.652304 0.223837 -14.043483 -0.139193 6.394211 -2.139276 -3.231308 -5.882102 9.861279 0.70259 -10.936861 -0.360574 7.156197 0.0 8.774815 -0.0 -16.492447 18.309267 5.641623 -1.844031 2.498503 -2.507276 -10.16359 4.678941 4.621104 -20.975996 -1e-06 1e-06 -21.226254 2.451698 -3.593995 0.0 -6e-06 -0.0 -1.362681 2.240797 -0.746323 -21.334892 0.58491 3.008319 -13.821196 -1e-06 1e-06 -23.887129 -0.249075 -0.839485 -60.228943 2.439431 -1.466357 -0.294025 1.679686 0.833255 -14.218195 0.093215 1.300579 -34.212002 -0.287561 0.967166 -20.033176 0.964536 1.212838 0.0 -0.0 0.0 -3.440387 0.788233 0.501655 -15.928172 -3.167306 2.999703 -6.338817 -0.0 1e-06 -18.123419 3.648181 -4.905662 -4e-06 0.0 -2e-06 16.465656 9.073306 18.754776 60.953846 8.919482 17.883757 0.65349 16.600731 0.172331 0.086523 0.083282 3.154882 2.24354 -5.255033 -3.180156 14.282877 -0.826594 6.952496 -0.0 -12.690593 -1e-06 16.345097 -17.357582 2.150258 1.665665 -1.95592 -2.878297 4.727794 -4.170584 4.993919 11.020511 1e-06 -0.0 12.109032 -3.735715 -2.866778 0.0 -0.0 0.0 1.291985 -1.928548 -1.498088 14.800115 0.567467 3.865604 14.242553 -1.341738 -6.660648 19.631935 0.143921 -0.648243 49.907284 -0.381709 -6.427226 0.353029 -1.51115 -0.03194 20.222769 3.684305 2.316629 18.787249 1e-06 -1e-06 10.751608 -0.47987 1.397903 0.0 -0.0 0.0 3.273804 0.305947 -0.58011 21.48679 11.830364 2.266131 8.162915 0.0 -0.0 18.399052 -3.798986 -4.940567 3e-06 0.0 -1e-06 -11.212059 -2.96244 -8.033272 0.113909 0.009901 12.653289 3.000567 7.530871 0.226558 1.606301 -2.108726 -0.629745 0.0 -0.0 2e-06 -13.421852 -8.841687 -5.296664 0.081738 0.066736 69.061256 0.194731 -3.202707 15.337815 -1.364854 0.871888 -4.730426 0.0 -0.0 -1e-06 
0.0 0.0 0.0 0.0 -0.0 0.0 20.179079 98.752228 476.665161 6.080165 3.264577 -5.380479 -2.11662 -0.241538 1.031878 -0.993238 0.944396 -4.423232 -3.612787 -1.729212 10.348577 -0.630091 3.06179 1.732424 -0.870199 -0.256368 -3.536378 -0.338276 -0.660817 -10.537157 7.7e-05 -2.2e-05 6e-06 0.047338 0.072785 0.079653 0.74108 -3.674122 -10.589523 -0.658619 3.824471 -10.576437 -17.861967 -3.627434 16.618237 -54.955544 -13.902751 20.860212 -0.068284 -15.725961 -0.128106 7.61065 -2.531281 -2.103013 -5.882102 9.861279 0.70259 -10.936861 -0.360574 7.156197 0.0 8.774815 -0.0 -16.147072 18.374269 5.799194 -1.844031 2.498503 -2.507276 -10.16359 4.678941 4.621104 -20.975996 -1e-06 1e-06 -21.226254 2.451698 -3.593995 0.0 -6e-06 -0.0 -1.362681 2.240797 -0.746323 -21.334892 0.58491 3.008319 -13.821196 -1e-06 1e-06 -23.887129 -0.249075 -0.839485 -60.156853 2.481608 -1.370283 -0.294025 1.679686 0.833255 -14.218195 0.093215 1.300579 -34.212002 -0.287561 0.967166 -20.033176 0.964536 1.212838 0.0 -0.0 0.0 -3.440387 0.788233 0.501655 -15.928172 -3.167306 2.999703 -6.338817 -0.0 1e-06 -18.123419 3.648181 -4.905662 -4e-06 0.0 -2e-06 16.586159 8.350691 18.983278 60.718327 7.740165 18.679785 0.582044 16.427151 0.16045 0.170979 -0.164275 2.772546 2.24354 -5.255033 -3.180156 14.282877 -0.826594 6.952496 -0.0 -12.690593 -1e-06 16.336161 -17.416719 2.152559 1.665665 -1.95592 -2.878297 4.727794 -4.170584 4.993919 11.020511 1e-06 -0.0 12.109032 -3.735715 -2.866778 0.0 -0.0 0.0 1.291985 -1.928548 -1.498088 14.800115 0.567467 3.865604 14.242553 -1.341738 -6.660648 19.631935 0.143921 -0.648243 49.851013 -0.323734 -6.464339 0.353029 -1.51115 -0.03194 20.222769 3.684305 2.316629 18.787249 1e-06 -1e-06 10.751608 -0.47987 1.397903 0.0 -0.0 0.0 3.273804 0.305947 -0.58011 21.48679 11.830364 2.266131 8.162915 0.0 -0.0 18.399052 -3.798986 -4.940567 3e-06 0.0 -1e-06 -10.939989 -3.368747 -3.445993 0.086497 -0.066614 9.586762 3.196886 7.69315 -0.347596 1.606267 -2.101399 -0.543084 0.0 -0.0 2e-06 -11.542147 -8.658393 -10.20033 0.087189 -0.082698 70.644363 0.154119 -3.564226 11.487132 -1.384425 0.863176 -4.640642 0.0 -0.0 -1e-06 
0.0 0.0 0.0 0.0 -0.0 0.0 20.506081 99.113449 479.957489 5.226837 4.186672 -6.033329 -2.1343 -0.359923 1.510444 -0.929965 0.356049 -4.257338 -3.100238 -2.46486 10.398366 -0.130631 2.884488 2.251576 -0.788155 -0.128024 -3.524779 -0.537704 -0.430767 -10.426767 7.7e-05 -2.2e-05 6e-06 0.041387 0.064899 0.071312 0.742324 -3.682141 -10.62128 -0.669762 3.816609 -10.605945 -16.700642 -4.617086 16.606922 -54.568832 -16.696106 21.331139 -0.298466 -17.69824 -0.09275 7.853906 -2.670071 -1.067468 -5.882102 9.861279 0.70259 -10.936861 -0.360574 7.156197 0.0 8.774815 -0.0 -15.740692 18.358301 5.977404 -1.844031 2.498503 -2.507276 -10.16359 4.678941 4.621104 -20.975996 -1e-06 1e-06 -21.226254 2.451698 -3.593995 0.0 -6e-06 -0.0 -1.362681 2.240797 -0.746323 -21.334892 0.58491 3.008319 -13.821196 -1e-06 1e-06 -23.887129 -0.249075 -0.839485 -59.982491 2.543802 -1.263456 -0.294025 1.679686 0.833255 -14.218195 0.093215 1.300579 -34.212002 -0.287561 0.967166 -20.033176 0.964536 1.212838 0.0 -0.0 0.0 -3.440387 0.788233 0.501655 -15.928172 -3.167306 2.999703 -6.338817 -0.0 1e-06 -18.123419 3.648181 -4.905662 -4e-06 0.0 -2e-06 16.722494 7.57939 19.066416 60.597492 6.586683 18.534845 0.472289 16.590202 0.155199 0.263131 -0.341267 1.751566 2.24354 -5.255033 -3.180156 14.282877 -0.826594 6.952496 -0.0 -12.690593 -1e-06 16.313063 -17.440332 2.192077 1.665665 -1.95592 -2.878297 4.727794 -4.170584 4.993919 11.020511 1e-06 -0.0 12.109032 -3.735715 -2.866778 0.0 -0.0 0.0 1.291985 -1.928548 -1.498088 14.800115 0.567467 3.865604 14.242553 -1.341738 -6.660648 19.631935 0.143921 -0.648243 49.737015 -0.284533 -6.51837 0.353029 -1.51115 -0.03194 20.222769 3.684305 2.316629 18.787249 1e-06 -1e-06 10.751608 -0.47987 1.397903 0.0 -0.0 0.0 3.273804 0.305947 -0.58011 21.48679 11.830364 2.266131 8.162915 0.0 -0.0 18.399052 -3.798986 -4.940567 3e-06 0.0 -1e-06 -10.332314 -3.727217 1.040186 0.063498 -0.123857 6.559457 3.2142 7.458223 -1.151071 1.611134 -2.062764 -0.500166 0.0 -0.0 2e-06 -9.52302 -8.592304 -14.53583 0.056034 -0.210638 69.100685 0.393598 -3.806347 8.63136 -1.395508 0.841968 -4.761471 0.0 -0.0 -1e-06 
0.0 0.0 0.0 0.0 -0.0 0.0 20.745272 99.304504 483.345306 4.341629 5.274026 -6.438766 -2.154716 -0.446503 1.920667 -0.886891 -0.222958 -4.134793 -2.580238 -3.146652 10.394892 0.563936 2.57413 2.587664 -0.730734 -0.033601 -3.530657 -0.631523 -0.32491 -10.314768 7.7e-05 -2.2e-05 6e-06 0.036563 0.047733 0.061918 0.744852 -3.695097 -10.634645 -0.679999 3.79539 -10.612494 -15.429491 -5.715895 16.551744 -54.032528 -19.322359 21.845873 -0.435875 -20.035154 -0.034092 7.561609 -2.674012 -0.103003 -5.882102 9.861279 0.70259 -10.936861 -0.360574 7.156197 0.0 8.774815 -0.0 -15.35036 18.343857 6.194573 -1.844031 2.498503 -2.507276 -10.16359 4.678941 4.621104 -20.975996 -1e-06 1e-06 -21.226254 2.451698 -3.593995 0.0 -6e-06 -0.0 -1.362681 2.240797 -0.746323 -21.334892 0.58491 3.008319 -13.821196 -1e-06 1e-06 -23.887129 -0.249075 -0.839485 -59.793381 2.585303 -1.132658 -0.294025 1.679686 0.833255 -14.218195 0.093215 1.300579 -34.212002 -0.287561 0.967166 -20.033176 0.964536 1.212838 0.0 -0.0 0.0 -3.440387 0.788233 0.501655 -15.928172 -3.167306 2.999703 -6.338817 -0.0 1e-06 -18.123419 3.648181 -4.905662 -4e-06 0.0 -2e-06 17.161123 6.757369 19.016331 60.315968 5.450795 17.916168 0.345692 17.001055 0.138672 0.323333 -0.350982 0.343429 2.24354 -5.255033 -3.180156 14.282877 -0.826594 6.952496 -0.0 -12.690593 -1e-06 16.338881 -17.525042 2.250406 1.665665 -1.95592 -2.878297 4.727794 -4.170584 4.993919 11.020511 1e-06 -0.0 12.109032 -3.735715 -2.866778 0.0 -0.0 0.0 1.291985 -1.928548 -1.498088 14.800115 0.567467 3.865604 14.242553 -1.341738 -6.660648 19.631935 0.143921 -0.648243 49.710033 -0.309211 -6.557292 0.353029 -1.51115 -0.03194 20.222769 3.684305 2.316629 18.787249 1e-06 -1e-06 10.751608 -0.47987 1.397903 0.0 -0.0 0.0 3.273804 0.305947 -0.58011 21.48679 11.830364 2.266131 8.162915 0.0 -0.0 18.399052 -3.798986 -4.940567 3e-06 0.0 -1e-06 -9.589484 -4.150645 4.933624 0.054462 -0.123893 4.08428 3.165012 6.966357 -2.028447 1.620979 -2.013451 -0.419717 0.0 -0.0 2e-06 -7.614789 -8.616295 -18.273817 -0.021147 -0.299449 64.376602 0.485337 -4.354441 6.760563 -1.420247 0.836938 -4.945842 0.0 -0.0 -1e-06 
0.0 0.0 0.0 0.0 -0.0 0.0 20.908163 99.308029 486.747498 3.678291 6.292546 -6.511187 -2.249336 -0.47633 2.160938 -0.889602 -0.755151 -4.038134 -2.143267 -3.651118 10.385853 1.351185 2.17393 2.660798 -0.728835 0.04742 -3.560078 -0.571061 -0.349095 -10.280405 7.7e-05 -2.2e-05 6e-06 0.032578 0.029541 0.056245 0.738718 -3.708047 -10.624839 -0.680399 3.773003 -10.594079 -14.212385 -6.788337 16.386301 -53.314693 -21.66465 22.271673 -0.476327 -22.621716 0.044127 7.173227 -2.632853 0.444119 -5.882102 9.861279 0.70259 -10.936861 -0.360574 7.156197 0.0 8.774815 -0.0 -15.045042 18.360861 6.405087 -1.844031 2.498503 -2.507276 -10.16359 4.678941 4.621104 -20.975996 -1e-06 1e-06 -21.226254 2.451698 -3.593995 0.0 -6e-06 -0.0 -1.362681 2.240797 -0.746323 -21.334892 0.58491 3.008319 -13.821196 -1e-06 1e-06 -23.887129 -0.249075 -0.839485 -59.674953 2.617649 -1.01832 -0.294025 1.679686 0.833255 -14.218195 0.093215 1.300579 -34.212002 -0.287561 0.967166 -20.033176 0.964536 1.212838 0.0 -0.0 0.0 -3.440387 0.788233 0.501655 -15.928172 -3.167306 2.999703 -6.338817 -0.0 1e-06 -18.123419 3.648181 -4.905662 -4e-06 0.0 -2e-06 17.815048 6.008807 18.886705 59.969875 4.465058 17.223463 0.212229 17.522127 0.108944 0.281236 -0.203118 -1.043298 2.24354 -5.255033 -3.180156 14.282877 -0.826594 6.952496 -0.0 -12.690593 -1e-06 16.40505 -17.668894 2.300626 1.665665 -1.95592 -2.878297 4.727794 -4.170584 4.993919 11.020511 1e-06 -0.0 12.109032 -3.735715 -2.866778 0.0 -0.0 0.0 1.291985 -1.928548 -1.498088 14.800115 0.567467 3.865604 14.242553 -1.341738 -6.660648 19.631935 0.143921 -0.648243 49.804096 -0.382066 -6.580711 0.353029 -1.51115 -0.03194 20.222769 3.684305 2.316629 18.787249 1e-06 -1e-06 10.751608 -0.47987 1.397903 0.0 -0.0 0.0 3.273804 0.305947 -0.58011 21.48679 11.830364 2.266131 8.162915 0.0 -0.0 18.399052 -3.798986 -4.940567 3e-06 0.0 -1e-06 -8.984603 -4.536399 7.992429 0.043981 -0.078706 2.516484 3.082345 6.41234 -3.291599 1.632777 -1.983897 -0.295131 0.0 -0.0 2e-06 -6.151525 -8.603017 -21.154171 -0.064313 -0.25986 56.511387 0.248417 -5.615592 5.884563 -1.442187 0.856134 -5.075733 0.0 -0.0 -1e-06 
0.0 0.0 0.0 0.0 -0.0 0.0 21.031696 99.112228 490.000336 3.457248 7.078282 -6.255724 -2.522086 -0.468268 2.219368 -0.92646 -1.218355 -3.959714 -1.90214 -3.881586 10.388422 2.192946 1.71428 2.516249 -0.77814 0.090247 -3.595276 -0.381899 -0.399594 -10.331103 7.7e-05 -2.2e-05 6e-06 0.023272 0.01354 0.060069 0.720254 -3.723809 -10.601389 -0.679798 3.757204 -10.562594 -13.063629 -7.72459 16.127861 -52.524212 -23.685341 22.546587 -0.439343 -25.253534 0.123735 7.011913 -2.636874 0.427712 -5.882102 9.861279 0.70259 -10.936861 -0.360574 7.156197 0.0 8.774815 -0.0 -14.921922 18.406464 6.501904 -1.844031 2.498503 -2.507276 -10.16359 4.678941 4.621104 -20.975996 -1e-06 1e-06 -21.226254 2.451698 -3.593995 0.0 -6e-06 -0.0 -1.362681 2.240797 -0.746323 -21.334892 0.58491 3.008319 -13.821196 -1e-06 1e-06 -23.887129 -0.249075 -0.839485 -59.62579 2.63426 -0.962392 -0.294025 1.679686 0.833255 -14.218195 0.093215 1.300579 -34.212002 -0.287561 0.967166 -20.033176 0.964536 1.212838 0.0 -0.0 0.0 -3.440387 0.788233 0.501655 -15.928172 -3.167306 2.999703 -6.338817 -0.0 1e-06 -18.123419 3.648181 -4.905662 -4e-06 0.0 -2e-06 18.453043 5.393444 18.670752 59.782585 3.743622 16.738167 0.082284 18.006317 0.069575 0.183961 0.018247 -2.142378 2.24354 -5.255033 -3.180156 14.282877 -0.826594 6.952496 -0.0 -12.690593 -1e-06 16.485579 -17.830017 2.318088 1.665665 -1.95592 -2.878297 4.727794 -4.170584 4.993919 11.020511 1e-06 -0.0 12.109032 -3.735715 -2.866778 0.0 -0.0 0.0 1.291985 -1.928548 -1.498088 14.800115 0.567467 3.865604 14.242553 -1.341738 -6.660648 19.631935 0.143921 -0.648243 49.95892 -0.463024 -6.580556 0.353029 -1.51115 -0.03194 20.222769 3.684305 2.316629 18.787249 1e-06 -1e-06 10.751608 -0.47987 1.397903 0.0 -0.0 0.0 3.273804 0.305947 -0.58011 21.48679 11.830364 2.266131 8.162915 0.0 -0.0 18.399052 -3.798986 -4.940567 3e-06 0.0 -1e-06 -8.731173 -4.830561 10.162384 0.016108 0.011841 1.897125 2.973485 5.98706 -4.951936 1.637595 -2.00344 -0.193362 0.0 -0.0 2e-06 -5.43347 -8.478986 -22.751127 -0.023435 -0.117161 45.431969 -0.779273 -7.706003 6.404611 -1.457474 0.90063 -5.219615 0.0 -0.0 -1e-06 
0.0 0.0 0.0 0.0 -0.0 0.0 21.136509 98.7453 493.194672 3.775945 7.681692 -5.798815 -2.994117 -0.453756 2.205107 -0.977251 -1.535119 -3.936556 -1.935586 -3.855556 10.403183 2.986913 1.247889 2.21319 -0.799899 0.083073 -3.58819 -0.18009 -0.510056 -10.408052 7.7e-05 -2.2e-05 6e-06 0.001822 -0.015644 0.073544 0.696238 -3.758637 -10.610123 -0.698409 3.733384 -10.571686 -12.059039 -8.527063 15.883607 -51.719345 -25.440752 22.619957 -0.28676 -27.721333 0.146496 7.157358 -2.825585 0.331096 -5.882102 9.861279 0.70259 -10.936861 -0.360574 7.156197 0.0 8.774815 -0.0 -14.945368 18.497028 6.481321 -1.844031 2.498503 -2.507276 -10.16359 4.678941 4.621104 -20.975996 -1e-06 1e-06 -21.226254 2.451698 -3.593995 0.0 -6e-06 -0.0 -1.362681 2.240797 -0.746323 -21.334892 0.58491 3.008319 -13.821196 -1e-06 1e-06 -23.887129 -0.249075 -0.839485 -59.74305 2.664713 -1.041121 -0.294025 1.679686 0.833255 -14.218195 0.093215 1.300579 -34.212002 -0.287561 0.967166 -20.033176 0.964536 1.212838 0.0 -0.0 0.0 -3.440387 0.788233 0.501655 -15.928172 -3.167306 2.999703 -6.338817 -0.0 1e-06 -18.123419 3.648181 -4.905662 -4e-06 0.0 -2e-06 18.822512 4.910947 18.430338 59.967239 3.359043 16.526623 -0.033252 18.258244 0.030189 0.105692 0.329429 -2.907123 2.24354 -5.255033 -3.180156 14.282877 -0.826594 6.952496 -0.0 -12.690593 -1e-06 16.52928 -17.94837 2.336842 1.665665 -1.95592 -2.878297 4.727794 -4.170584 4.993919 11.020511 1e-06 -0.0 12.109032 -3.735715 -2.866778 0.0 -0.0 0.0 1.291985 -1.928548 -1.498088 14.800115 0.567467 3.865604 14.242553 -1.341738 -6.660648 19.631935 0.143921 -0.648243 50.117146 -0.508312 -6.506926 0.353029 -1.51115 -0.03194 20.222769 3.684305 2.316629 18.787249 1e-06 -1e-06 10.751608 -0.47987 1.397903 0.0 -0.0 0.0 3.273804 0.305947 -0.58011 21.48679 11.830364 2.266131 8.162915 0.0 -0.0 18.399052 -3.798986 -4.940567 3e-06 0.0 -1e-06 -9.015827 -5.063199 12.01441 -0.008036 0.166446 1.693201 2.81666 5.922922 -6.519955 1.633848 -2.06305 -0.23652 0.0 -0.0 2e-06 -5.675315 -8.18691 -22.809469 0.056952 -0.027742 31.197996 -2.32581 -9.1773 7.989061 -1.469965 0.992166 -5.055599 0.0 -0.0 -1e-06 
0.0 0.0 0.0 0.0 -0.0 0.0 21.177303 98.177383 496.657715 4.657948 8.295058 -5.287333 -3.66406 -0.366466 2.146618 -1.109091 -1.682548 -3.970366 -2.238024 -3.712969 10.422524 3.785186 0.913262 1.905563 -0.794614 -0.009347 -3.562556 -0.08465 -0.859101 -10.372417 7.7e-05 -2.2e-05 6e-06 -0.013628 -0.014941 0.086822 0.688278 -3.762476 -10.643321 -0.721392 3.739949 -10.61281 -11.265992 -9.242672 15.711802 -50.952629 -26.804316 22.686775 0.07539 -29.914917 0.049103 7.488725 -3.128017 0.380379 -5.882102 9.861279 0.70259 -10.936861 -0.360574 7.156197 0.0 8.774815 -0.0 -15.045053 18.714108 6.517905 -1.844031 2.498503 -2.507276 -10.16359 4.678941 4.621104 -20.975996 -1e-06 1e-06 -21.226254 2.451698 -3.593995 0.0 -6e-06 -0.0 -1.362681 2.240797 -0.746323 -21.334892 0.58491 3.008319 -13.821196 -1e-06 1e-06 -23.887129 -0.249075 -0.839485 -59.992012 2.751393 -1.346735 -0.294025 1.679686 0.833255 -14.218195 0.093215 1.300579 -34.212002 -0.287561 0.967166 -20.033176 0.964536 1.212838 0.0 -0.0 0.0 -3.440387 0.788233 0.501655 -15.928172 -3.167306 2.999703 -6.338817 -0.0 1e-06 -18.123419 3.648181 -4.905662 -4e-06 0.0 -2e-06 18.963861 4.548347 18.182381 60.455753 3.075249 16.466141 -0.015088 18.362728 0.027292 0.060078 0.71863 -3.034884 2.24354 -5.255033 -3.180156 14.282877 -0.826594 6.952496 -0.0 -12.690593 -1e-06 16.577568 -17.97084 2.359954 1.665665 -1.95592 -2.878297 4.727794 -4.170584 4.993919 11.020511 1e-06 -0.0 12.109032 -3.735715 -2.866778 0.0 -0.0 0.0 1.291985 -1.928548 -1.498088 14.800115 0.567467 3.865604 14.242553 -1.341738 -6.660648 19.631935 0.143921 -0.648243 50.375454 -0.461908 -6.336016 0.353029 -1.51115 -0.03194 20.222769 3.684305 2.316629 18.787249 1e-06 -1e-06 10.751608 -0.47987 1.397903 0.0 -0.0 0.0 3.273804 0.305947 -0.58011 21.48679 11.830364 2.266131 8.162915 0.0 -0.0 18.399052 -3.798986 -4.940567 3e-06 0.0 -1e-06 -9.793843 -5.030469 13.884279 0.016542 0.289625 1.728946 2.631249 5.705894 -8.123089 1.63533 -2.098808 -0.517611 0.0 -0.0 2e-06 -6.935655 -7.379967 -21.769613 0.154614 -0.129037 16.104464 -2.783028 -9.05819 8.116857 -1.434223 1.11147 -4.904687 0.0 -0.0 -1e-06 
0.0 0.0 0.0 0.0 -0.0 0.0 21.119343 97.437881 500.447083 5.310017 8.791807 -4.605503 -3.999917 -0.20313 1.835153 -1.260973 -1.790293 -4.08884 -2.532639 -3.452877 10.528461 4.380546 0.709289 1.588313 -0.804642 -0.23216 -3.604561 -0.057657 -1.181068 -10.023795 7.7e-05 -2.2e-05 6e-06 -0.010463 -0.005107 0.075007 0.691223 -3.745246 -10.643888 -0.717685 3.746151 -10.625379 -11.298813 -9.689867 15.403989 -49.63504 -27.604826 22.670113 0.281962 -31.659994 0.025445 8.020057 -3.337365 0.677317 -5.882102 9.861279 0.70259 -10.936861 -0.360574 7.156197 0.0 8.774815 -0.0 -15.210331 18.957714 6.573626 -1.844031 2.498503 -2.507276 -10.16359 4.678941 4.621104 -20.975996 -1e-06 1e-06 -21.226254 2.451698 -3.593995 0.0 -6e-06 -0.0 -1.362681 2.240797 -0.746323 -21.334892 0.58491 3.008319 -13.821196 -1e-06 1e-06 -23.887129 -0.249075 -0.839485 -60.237865 2.75723 -1.675916 -0.294025 1.679686 0.833255 -14.218195 0.093215 1.300579 -34.212002 -0.287561 0.967166 -20.033176 0.964536 1.212838 0.0 -0.0 0.0 -3.440387 0.788233 0.501655 -15.928172 -3.167306 2.999703 -6.338817 -0.0 1e-06 -18.123419 3.648181 -4.905662 -4e-06 0.0 -2e-06 19.523624 4.397757 17.784389 60.416882 2.588792 16.985544 -0.082248 18.521435 0.036453 0.208122 0.922213 -2.766921 2.24354 -5.255033 -3.180156 14.282877 -0.826594 6.952496 -0.0 -12.690593 -1e-06 16.533068 -17.921688 2.400489 1.665665 -1.95592 -2.878297 4.727794 -4.170584 4.993919 11.020511 1e-06 -0.0 12.109032 -3.735715 -2.866778 0.0 -0.0 0.0 1.291985 -1.928548 -1.498088 14.800115 0.567467 3.865604 14.242553 -1.341738 -6.660648 19.631935 0.143921 -0.648243 50.579041 -0.422023 -6.252113 0.353029 -1.51115 -0.03194 20.222769 3.684305 2.316629 18.787249 1e-06 -1e-06 10.751608 -0.47987 1.397903 0.0 -0.0 0.0 3.273804 0.305947 -0.58011 21.48679 11.830364 2.266131 8.162915 0.0 -0.0 18.399052 -3.798986 -4.940567 3e-06 0.0 -1e-06 -10.152045 -4.929569 15.568742 -0.005581 0.355054 2.002403 2.544554 5.311601 -10.190124 1.662606 -2.034261 -0.687315 0.0 -0.0 2e-06 -7.95194 -6.031588 -21.761152 0.113801 -0.208505 4.980213 -1.763976 -9.009551 5.424289 -1.34918 1.2341 -4.909489 0.0 -0.0 -1e-06 
0.0 0.0 0.0 0.0 -0.0 0.0 21.121954 96.66024 504.158844 5.289373 8.979208 -3.870656 -3.789831 -0.108088 1.3744 -1.301445 -1.902236 -4.228252 -2.684975 -3.191866 10.682031 4.447724 0.560377 1.224116 -0.742042 -0.20112 -3.629561 -0.080861 -1.354004 -9.906303 7.7e-05 -2.2e-05 6e-06 -0.011155 -0.050397 0.077132 0.678752 -3.776165 -10.604538 -0.705951 3.686821 -10.597158 -11.752573 -9.885252 14.984885 -48.495815 -27.571699 21.926849 0.210128 -32.88229 0.068965 8.74332 -3.821858 1.192395 -5.882102 9.861279 0.70259 -10.936861 -0.360574 7.156197 0.0 8.774815 -0.0 -15.367215 19.136673 6.568434 -1.844031 2.498503 -2.507276 -10.16359 4.678941 4.621104 -20.975996 -1e-06 1e-06 -21.226254 2.451698 -3.593995 0.0 -6e-06 -0.0 -1.362681 2.240797 -0.746323 -21.334892 0.58491 3.008319 -13.821196 -1e-06 1e-06 -23.887129 -0.249075 -0.839485 -60.476223 2.684597 -1.791814 -0.294025 1.679686 0.833255 -14.218195 0.093215 1.300579 -34.212002 -0.287561 0.967166 -20.033176 0.964536 1.212838 0.0 -0.0 0.0 -3.440387 0.788233 0.501655 -15.928172 -3.167306 2.999703 -6.338817 -0.0 1e-06 -18.123419 3.648181 -4.905662 -4e-06 0.0 -2e-06 20.255188 4.468931 17.622652 60.060772 2.647094 17.460218 -0.191445 18.289751 0.046116 0.407357 0.839597 -2.376388 2.24354 -5.255033 -3.180156 14.282877 -0.826594 6.952496 -0.0 -12.690593 -1e-06 16.519682 -17.925339 2.425052 1.665665 -1.95592 -2.878297 4.727794 -4.170584 4.993919 11.020511 1e-06 -0.0 12.109032 -3.735715 -2.866778 0.0 -0.0 0.0 1.291985 -1.928548 -1.498088 14.800115 0.567467 3.865604 14.242553 -1.341738 -6.660648 19.631935 0.143921 -0.648243 50.761059 -0.43013 -6.298949 0.353029 -1.51115 -0.03194 20.222769 3.684305 2.316629 18.787249 1e-06 -1e-06 10.751608 -0.47987 1.397903 0.0 -0.0 0.0 3.273804 0.305947 -0.58011 21.48679 11.830364 2.266131 8.162915 0.0 -0.0 18.399052 -3.798986 -4.940567 3e-06 0.0 -1e-06 -9.758524 -5.001774 16.876444 -0.046625 0.406287 2.650119 2.207327 5.091614 -12.56589 1.696275 -2.019807 -0.754991 0.0 -0.0 2e-06 -7.488722 -5.898746 -23.51405 0.037865 -0.086644 0.997745 -0.469543 -9.036086 3.27986 -1.324538 1.268863 -5.012859 0.0 -0.0 -1e-06 
