HIERARCHY
ROOT Root
{
  OFFSET 0.0 0.0 0.0
  CHANNELS 6 Xposition Yposition Zposition Zrotation Yrotation Xrotation
  JOINT Hips
  {
    OFFSET 0.0 100.0 0.0
    CHANNELS 6 Xposition Yposition Zposition Zrotation Yrotation Xrotation
    JOINT Spine1
    {
      OFFSET -0.013727 5.003763 -0.053727
      CHANNELS 3 Zrotation Yrotation Xrotation
      JOINT Spine2
      {
        OFFSET -0.0 7.125301 -0.029825
        CHANNELS 3 Zrotation Yrotation Xrotation
        JOINT Chest
        {
          OFFSET -1e-06 7.550063 -0.815971
          CHANNELS 3 Zrotation Yrotation Xrotation
          JOINT Neck1
          {
            OFFSET -0.181677 26.311295 -0.553348
            CHANNELS 3 Zrotation Yrotation Xrotation
            JOINT Neck2
            {
              OFFSET -3e-06 7.709397 2.302585
              CHANNELS 3 Zrotation Yrotation Xrotation
              JOINT Head
              {
                OFFSET -5e-06 6.128916 1.953709
                CHANNELS 3 Zrotation Yrotation Xrotation
                JOINT HeadEnd
                {
                  OFFSET 0.003598 16.065403 -1.835379
                  CHANNELS 3 Zrotation Yrotation Xrotation
                }
                JOINT Jaw
                {
                  OFFSET 0.002637 0.475592 3.094941
                  CHANNELS 3 Zrotation Yrotation Xrotation
                }
                JOINT LeftEye
                {
                  OFFSET 3.206381 5.380205 7.586883
                  CHANNELS 3 Zrotation Yrotation Xrotation
                }
                JOINT RightEye
                {
                  OFFSET -3.22244 5.361869 7.558234
                  CHANNELS 3 Zrotation Yrotation Xrotation
                }
              }
            }
          }
          JOINT LeftShoulder
          {
            OFFSET 1.621652 23.237164 5.113413
            CHANNELS 3 Zrotation Yrotation Xrotation
            JOINT LeftArm
            {
              OFFSET 14.919846 2e-06 -5.502326
              CHANNELS 3 Zrotation Yrotation Xrotation
              JOINT LeftForeArm
              {
                OFFSET 28.739307 0.0 -0.002588
                CHANNELS 3 Zrotation Yrotation Xrotation
                JOINT LeftHand
                {
                  OFFSET 27.093981 -1e-06 0.002609
                  CHANNELS 3 Zrotation Yrotation Xrotation
                  JOINT LeftHandThumb1
                  {
                    OFFSET 2.276482 -1.392045 3.191413
                    CHANNELS 3 Zrotation Yrotation Xrotation
                    JOINT LeftHandThumb2
                    {
                      OFFSET 4.012836 -1.828127 1.641654
                      CHANNELS 3 Zrotation Yrotation Xrotation
                      JOINT LeftHandThumb3
                      {
                        OFFSET 2.798515 0.0 -3e-06
                        CHANNELS 3 Zrotation Yrotation Xrotation
                        JOINT LeftHandThumbEnd
                        {
                          OFFSET 3.180793 -4e-06 4e-06
                          CHANNELS 3 Zrotation Yrotation Xrotation
                        }
                      }
                    }
                  }
                  JOINT LeftHandIndex1
                  {
                    OFFSET 3.247555 -0.531998 2.296169
                    CHANNELS 3 Zrotation Yrotation Xrotation
                    JOINT LeftHandIndex2
                    {
                      OFFSET 6.364578 0.01206 0.1786
                      CHANNELS 3 Zrotation Yrotation Xrotation
                      JOINT LeftHandIndex3
                      {
                        OFFSET 3.662364 0.0 0.0
                        CHANNELS 3 Zrotation Yrotation Xrotation
                        JOINT LeftHandIndex4
                        {
                          OFFSET 2.329242 4e-06 4e-06
                          CHANNELS 3 Zrotation Yrotation Xrotation
                          JOINT LeftHandIndexEnd
                          {
                            OFFSET 2.759615 -0.180537 -0.113024
                            CHANNELS 3 Zrotation Yrotation Xrotation
                          }
                        }
                      }
                    }
                  }
                  JOINT LeftHandMiddle1
                  {
                    OFFSET 3.163495 0.240981 1.000332
                    CHANNELS 3 Zrotation Yrotation Xrotation
                    JOINT LeftHandMiddle2
                    {
                      OFFSET 6.19078 -0.259278 -1.002548
                      CHANNELS 3 Zrotation Yrotation Xrotation
                      JOINT LeftHandMiddle3
                      {
                        OFFSET 4.35652 -4e-06 -1e-06
                        CHANNELS 3 Zrotation Yrotation Xrotation
                        JOINT LeftHandMiddle4
                        {
                          OFFSET 2.996877 -8e-06 0.0
                          CHANNELS 3 Zrotation Yrotation Xrotation
                          JOINT LeftHandMiddleEnd
                          {
                            OFFSET 2.304287 -0.294569 -0.031741
                            CHANNELS 3 Zrotation Yrotation Xrotation
                          }
                        }
                      }
                    }
                  }
                  JOINT LeftHandRing1
                  {
                    OFFSET 2.882643 -0.053652 -0.322543
                    CHANNELS 3 Zrotation Yrotation Xrotation
                    JOINT LeftHandRing2
                    {
                      OFFSET 5.854541 -0.486202 -1.373841
                      CHANNELS 3 Zrotation Yrotation Xrotation
                      JOINT LeftHandRing3
                      {
                        OFFSET 4.350578 0.0 3e-06
                        CHANNELS 3 Zrotation Yrotation Xrotation
                        JOINT LeftHandRing4
                        {
                          OFFSET 2.651321 7e-06 2e-06
                          CHANNELS 3 Zrotation Yrotation Xrotation
                          JOINT LeftHandRingEnd
                          {
                            OFFSET 1.936105 0.077687 -7.1e-05
                            CHANNELS 3 Zrotation Yrotation Xrotation
                          }
                        }
                      }
                    }
                  }
                  JOINT LeftHandPinky1
                  {
                    OFFSET 2.8655 -0.310005 -1.600378
                    CHANNELS 3 Zrotation Yrotation Xrotation
                    JOINT LeftHandPinky2
                    {
                      OFFSET 5.087849 -1.331141 -1.77123
                      CHANNELS 3 Zrotation Yrotation Xrotation
                      JOINT LeftHandPinky3
                      {
                        OFFSET 3.070974 4e-06 0.0
                        CHANNELS 3 Zrotation Yrotation Xrotation
                        JOINT LeftHandPinky4
                        {
                          OFFSET 1.549672 0.0 1e-06
                          CHANNELS 3 Zrotation Yrotation Xrotation
                          JOINT LeftHandPinkyEnd
                          {
                            OFFSET 1.944893 -0.157802 0.057219
                            CHANNELS 3 Zrotation Yrotation Xrotation
                          }
                        }
                      }
                    }
                  }
                }
              }
            }
          }
          JOINT RightShoulder
          {
            OFFSET -1.380118 23.180309 5.214158
            CHANNELS 3 Zrotation Yrotation Xrotation
            JOINT RightArm
            {
              OFFSET -15.037196 1.2e-05 -5.545604
              CHANNELS 3 Zrotation Yrotation Xrotation
              JOINT RightForeArm
              {
                OFFSET -28.736639 2e-06 -0.002597
                CHANNELS 3 Zrotation Yrotation Xrotation
                JOINT RightHand
                {
                  OFFSET -27.133619 -0.0 0.002613
                  CHANNELS 3 Zrotation Yrotation Xrotation
                  JOINT RightHandThumb1
                  {
                    OFFSET -2.274032 -1.383988 3.163127
                    CHANNELS 3 Zrotation Yrotation Xrotation
                    JOINT RightHandThumb2
                    {
                      OFFSET -4.011429 -1.827466 1.640914
                      CHANNELS 3 Zrotation Yrotation Xrotation
                      JOINT RightHandThumb3
                      {
                        OFFSET -2.794935 -4e-06 -3e-06
                        CHANNELS 3 Zrotation Yrotation Xrotation
                        JOINT RightHandThumbEnd
                        {
                          OFFSET -3.183852 4e-06 1e-06
                          CHANNELS 3 Zrotation Yrotation Xrotation
                        }
                      }
                    }
                  }
                  JOINT RightHandIndex1
                  {
                    OFFSET -3.253266 -0.520057 2.282866
                    CHANNELS 3 Zrotation Yrotation Xrotation
                    JOINT RightHandIndex2
                    {
                      OFFSET -6.341917 0.012471 0.178266
                      CHANNELS 3 Zrotation Yrotation Xrotation
                      JOINT RightHandIndex3
                      {
                        OFFSET -3.654871 -8e-06 -0.0
                        CHANNELS 3 Zrotation Yrotation Xrotation
                        JOINT RightHandIndex4
                        {
                          OFFSET -2.327586 0.0 1e-06
                          CHANNELS 3 Zrotation Yrotation Xrotation
                          JOINT RightHandIndexEnd
                          {
                            OFFSET -2.76179 -0.180656 -0.113078
                            CHANNELS 3 Zrotation Yrotation Xrotation
                          }
                        }
                      }
                    }
                  }
                  JOINT RightHandMiddle1
                  {
                    OFFSET -3.168106 0.246593 1.00103
                    CHANNELS 3 Zrotation Yrotation Xrotation
                    JOINT RightHandMiddle2
                    {
                      OFFSET -6.180828 -0.258836 -1.000895
                      CHANNELS 3 Zrotation Yrotation Xrotation
                      JOINT RightHandMiddle3
                      {
                        OFFSET -4.348901 0.0 -0.0
                        CHANNELS 3 Zrotation Yrotation Xrotation
                        JOINT RightHandMiddle4
                        {
                          OFFSET -3.00024 -4e-06 -2e-06
                          CHANNELS 3 Zrotation Yrotation Xrotation
                          JOINT RightHandMiddleEnd
                          {
                            OFFSET -2.30252 -0.29437 -0.031706
                            CHANNELS 3 Zrotation Yrotation Xrotation
                          }
                        }
                      }
                    }
                  }
                  JOINT RightHandRing1
                  {
                    OFFSET -2.88569 -0.067952 -0.308858
                    CHANNELS 3 Zrotation Yrotation Xrotation
                    JOINT RightHandRing2
                    {
                      OFFSET -5.854198 -0.48613 -1.373731
                      CHANNELS 3 Zrotation Yrotation Xrotation
                      JOINT RightHandRing3
                      {
                        OFFSET -4.33881 -4e-06 -0.0
                        CHANNELS 3 Zrotation Yrotation Xrotation
                        JOINT RightHandRing4
                        {
                          OFFSET -2.654903 -4e-06 4e-06
                          CHANNELS 3 Zrotation Yrotation Xrotation
                          JOINT RightHandRingEnd
                          {
                            OFFSET -1.933568 0.077527 -5.2e-05
                            CHANNELS 3 Zrotation Yrotation Xrotation
                          }
                        }
                      }
                    }
                  }
                  JOINT RightHandPinky1
                  {
                    OFFSET -2.866425 -0.342796 -1.584145
                    CHANNELS 3 Zrotation Yrotation Xrotation
                    JOINT RightHandPinky2
                    {
                      OFFSET -5.091371 -1.332055 -1.772385
                      CHANNELS 3 Zrotation Yrotation Xrotation
                      JOINT RightHandPinky3
                      {
                        OFFSET -3.062664 -4e-06 1e-06
                        CHANNELS 3 Zrotation Yrotation Xrotation
                        JOINT RightHandPinky4
                        {
                          OFFSET -1.546529 4e-06 -2e-06
                          CHANNELS 3 Zrotation Yrotation Xrotation
                          JOINT RightHandPinkyEnd
                          {
                            OFFSET -1.945119 -0.157718 0.057211
                            CHANNELS 3 Zrotation Yrotation Xrotation
                          }
                        }
                      }
                    }
                  }
                }
              }
            }
          }
        }
      }
    }
    JOINT LeftLeg
    {
      OFFSET 10.043214 -8.434526 2.595655
      CHANNELS 3 Zrotation Yrotation Xrotation
      JOINT LeftShin
      {
        OFFSET -1e-06 -43.221752 -0.802913
        CHANNELS 3 Zrotation Yrotation Xrotation
        JOINT LeftFoot
        {
          OFFSET 1e-06 -42.155094 -3.481523
          CHANNELS 3 Zrotation Yrotation Xrotation
          JOINT LeftToeBase
          {
            OFFSET 0.0 -5.059472 13.231529
            CHANNELS 3 Zrotation Yrotation Xrotation
            JOINT LeftToeEnd
            {
              OFFSET -0.009607 -1.647619 6.513017
              CHANNELS 3 Zrotation Yrotation Xrotation
            }
          }
        }
      }
    }
    JOINT RightLeg
    {
      OFFSET -10.047278 -8.29526 2.620317
      CHANNELS 3 Zrotation Yrotation Xrotation
      JOINT RightShin
      {
        OFFSET 1e-06 -43.362206 -0.805556
        CHANNELS 3 Zrotation Yrotation Xrotation
        JOINT RightFoot
        {
          OFFSET 2e-06 -42.117393 -3.478398
          CHANNELS 3 Zrotation Yrotation Xrotation
          JOINT RightToeBase
          {
            OFFSET -0.0 -5.079609 13.284196
            CHANNELS 3 Zrotation Yrotation Xrotation
            JOINT RightToeEnd
            {
              OFFSET 0.009532 -1.634378 6.460591
              CHANNELS 3 Zrotation Yrotation Xrotation
            }
          }
        }
      }
    }
  }
}
MOTION
Frames: 120
Frame Time: 0.03333333333333333
0.0 0.0 0.0 0.0 -0.0 0.0 -2.856514 96.085144 -1.608644 -2.467306 -0.473537 1.730347 0.755795 -0.209493 -1.873999 0.05796 -1.880048 -5.502872 2.742532 -2.894285 12.691498 0.702435 1.955709 0.466988 -1.277147 -0.038166 -3.481066 -1.436854 -0.732532 -6.415422 7.7e-05 -2.2e-05 6e-06 0.013734 -0.057742 -0.051836 0.734789 -3.780643 -10.631875 -0.704752 3.673397 -10.593352 -16.915045 -6.055646 15.643565 -54.660248 -11.669178 30.696568 -0.316614 -19.485897 0.156464 7.569903 -2.92029 -6.77065 -5.882102 9.861279 0.70259 -10.936861 -0.360574 7.156197 0.0 8.774815 -0.0 -16.759558 18.156469 5.747365 -1.844031 2.498503 -2.507276 -10.16359 4.678941 4.621104 -20.975996 -1e-06 1e-06 -21.226254 2.451698 -3.593995 0.0 -6e-06 -0.0 -1.362681 2.240797 -0.746323 -21.334892 0.58491 3.008319 -13.821196 -1e-06 1e-06 -23.887129 -0.249075 -0.839485 -61.208073 1.970357 -1.02016 -0.294025 1.679686 0.833255 -14.218195 0.093215 1.300579 -34.212002 -0.287561 0.967166 -20.033176 0.964536 1.212838 0.0 -0.0 0.0 -3.440387 0.788233 0.501655 -15.928172 -3.167306 2.999703 -6.338817 -0.0 1e-06 -18.123419 3.648181 -4.905662 -4e-06 0.0 -2e-06 17.762684 7.764878 13.595145 60.865421 -4.458111 0.897107 -0.17596 30.261375 -0.069164 -2.745451 7.563707 -2.120055 2.24354 -5.255033 -3.180156 14.282877 -0.826594 6.952496 -0.0 -12.690593 -1e-06 16.42173 -17.708582 2.364622 1.665665 -1.95592 -2.878297 4.727794 -4.170584 4.993919 11.020511 1e-06 -0.0 12.109032 -3.735715 -2.866778 0.0 -0.0 0.0 1.291985 -1.928548 -1.498088 14.800115 0.567467 3.865604 14.242553 -1.341738 -6.660648 19.631935 0.143921 -0.648243 49.745956 -0.328863 -6.249419 0.353029 -1.51115 -0.03194 20.222769 3.684305 2.316629 18.787249 1e-06 -1e-06 10.751608 -0.47987 1.397903 0.0 -0.0 0.0 3.273804 0.305947 -0.58011 21.48679 11.830364 2.266131 8.162915 0.0 -0.0 18.399052 -3.798986 -4.940567 3e-06 0.0 -1e-06 5.154363 0.806384 12.633665 -0.063981 -0.218272 28.209253 1.568262 -8.082365 4.158719 2.306763 -1.638637 -28.45038 0.0 -0.0 2e-06 5.538971 -6.729788 -28.975426 -0.07341 -0.090154 17.675879 -5.012072 -12.327204 8.133465 -1.323249 1.044455 -4.285326 0.0 -0.0 -1e-06 
0.0 0.0 0.0 0.0 -0.0 0.0 -4.097208 96.70945 2.680459 -3.468007 0.393302 0.661627 1.288522 -0.01945 -1.20877 0.221433 -1.736192 -5.29401 3.187605 -2.907217 12.08396 0.706419 2.092318 1.201593 -1.324068 -0.747012 -3.49188 -1.069079 -1.185416 -6.552247 7.7e-05 -2.2e-05 6e-06 0.015001 -0.006392 -0.069452 0.771236 -3.720373 -10.636582 -0.738472 3.71398 -10.620881 -14.804931 -5.962539 15.636683 -57.208717 -11.543319 30.771574 -0.107161 -20.11219 0.00813 7.117676 -2.890044 -6.435997 -5.882102 9.861279 0.70259 -10.936861 -0.360574 7.156197 0.0 8.774815 -0.0 -16.831841 18.110765 5.607547 -1.844031 2.498503 -2.507276 -10.16359 4.678941 4.621104 -20.975996 -1e-06 1e-06 -21.226254 2.451698 -3.593995 0.0 -6e-06 -0.0 -1.362681 2.240797 -0.746323 -21.334892 0.58491 3.008319 -13.821196 -1e-06 1e-06 -23.887129 -0.249075 -0.839485 -60.873295 1.914957 -0.977935 -0.294025 1.679686 0.833255 -14.218195 0.093215 1.300579 -34.212002 -0.287561 0.967166 -20.033176 0.964536 1.212838 0.0 -0.0 0.0 -3.440387 0.788233 0.501655 -15.928172 -3.167306 2.999703 -6.338817 -0.0 1e-06 -18.123419 3.648181 -4.905662 -4e-06 0.0 -2e-06 16.444321 8.248411 14.246031 61.953915 -3.715356 2.113382 -0.477772 29.171263 -0.063208 -1.958079 7.708354 -2.87362 2.24354 -5.255033 -3.180156 14.282877 -0.826594 6.952496 -0.0 -12.690593 -1e-06 16.492943 -17.894333 2.345283 1.665665 -1.95592 -2.878297 4.727794 -4.170584 4.993919 11.020511 1e-06 -0.0 12.109032 -3.735715 -2.866778 0.0 -0.0 0.0 1.291985 -1.928548 -1.498088 14.800115 0.567467 3.865604 14.242553 -1.341738 -6.660648 19.631935 0.143921 -0.648243 49.973179 -0.372899 -6.207908 0.353029 -1.51115 -0.03194 20.222769 3.684305 2.316629 18.787249 1e-06 -1e-06 10.751608 -0.47987 1.397903 0.0 -0.0 0.0 3.273804 0.305947 -0.58011 21.48679 11.830364 2.266131 8.162915 0.0 -0.0 18.399052 -3.798986 -4.940567 3e-06 0.0 -1e-06 7.875083 1.547427 8.331722 -0.121384 -0.371653 39.75013 -0.643812 -8.556135 12.851878 2.254677 -1.501141 -26.769363 0.0 -0.0 2e-06 6.665066 -6.891268 -25.743999 0.023908 -0.214063 19.686411 -5.005651 -12.933272 5.407737 -1.372795 1.049245 -2.8181 0.0 -0.0 -1e-06 
0.0 0.0 0.0 0.0 -0.0 0.0 -5.256462 97.203369 6.961877 -4.377904 1.387915 -0.271691 1.743424 0.070707 -0.544654 0.272289 -1.460101 -5.060307 3.549426 -2.978126 11.667348 1.087335 1.913185 1.515361 -1.256635 -1.075307 -3.525473 -0.893257 -1.46216 -6.758358 7.7e-05 -2.2e-05 6e-06 0.010063 -0.011438 -0.071884 0.775103 -3.724436 -10.647739 -0.752989 3.704241 -10.62322 -13.772832 -5.903817 15.249772 -58.313213 -11.403511 30.533764 -0.053537 -21.047865 -0.051677 7.208006 -2.960481 -6.805945 -5.882102 9.861279 0.70259 -10.936861 -0.360574 7.156197 0.0 8.774815 -0.0 -16.815351 18.042719 5.634991 -1.844031 2.498503 -2.507276 -10.16359 4.678941 4.621104 -20.975996 -1e-06 1e-06 -21.226254 2.451698 -3.593995 0.0 -6e-06 -0.0 -1.362681 2.240797 -0.746323 -21.334892 0.58491 3.008319 -13.821196 -1e-06 1e-06 -23.887129 -0.249075 -0.839485 -60.840996 2.006769 -1.044901 -0.294025 1.679686 0.833255 -14.218195 0.093215 1.300579 -34.212002 -0.287561 0.967166 -20.033176 0.964536 1.212838 0.0 -0.0 0.0 -3.440387 0.788233 0.501655 -15.928172 -3.167306 2.999703 -6.338817 -0.0 1e-06 -18.123419 3.648181 -4.905662 -4e-06 0.0 -2e-06 15.930792 8.657233 14.38634 61.876659 -3.098969 3.155565 -0.594279 28.645216 -0.072327 -1.887289 7.654182 -3.013546 2.24354 -5.255033 -3.180156 14.282877 -0.826594 6.952496 -0.0 -12.690593 -1e-06 16.449852 -17.86594 2.393834 1.665665 -1.95592 -2.878297 4.727794 -4.170584 4.993919 11.020511 1e-06 -0.0 12.109032 -3.735715 -2.866778 0.0 -0.0 0.0 1.291985 -1.928548 -1.498088 14.800115 0.567467 3.865604 14.242553 -1.341738 -6.660648 19.631935 0.143921 -0.648243 50.090412 -0.368581 -6.232159 0.353029 -1.51115 -0.03194 20.222769 3.684305 2.316629 18.787249 1e-06 -1e-06 10.751608 -0.47987 1.397903 0.0 -0.0 0.0 3.273804 0.305947 -0.58011 21.48679 11.830364 2.266131 8.162915 0.0 -0.0 18.399052 -3.798986 -4.940567 3e-06 0.0 -1e-06 9.999354 1.456251 2.784771 -0.066597 -0.420013 50.956234 -3.049244 -5.933425 19.204985 1.897601 -1.685055 -13.020788 0.0 -0.0 2e-06 7.869288 -7.515289 -22.081562 -0.009301 -0.213365 20.364401 -4.855591 -13.602422 1.733602 -1.406423 1.066593 -2.017302 0.0 -0.0 -1e-06 
0.0 0.0 0.0 0.0 -0.0 0.0 -6.286988 97.90844 11.019163 -4.821633 2.12429 -1.068266 2.005291 0.17177 -0.143759 0.244718 -1.155011 -4.854027 3.493317 -2.901388 11.540295 1.727494 1.607802 1.786449 -1.238545 -1.154603 -3.538488 -0.614181 -1.892538 -6.881492 7.7e-05 -2.2e-05 6e-06 0.003428 -0.035012 -0.067257 0.759275 -3.744265 -10.651536 -0.751287 3.675704 -10.621059 -13.568659 -5.718485 14.950377 -58.397953 -11.630195 30.163233 -0.062617 -21.741472 -0.064223 7.796462 -3.41368 -7.715878 -5.882102 9.861279 0.70259 -10.936861 -0.360574 7.156197 0.0 8.774815 -0.0 -16.708427 18.087893 5.691406 -1.844031 2.498503 -2.507276 -10.16359 4.678941 4.621104 -20.975996 -1e-06 1e-06 -21.226254 2.451698 -3.593995 0.0 -6e-06 -0.0 -1.362681 2.240797 -0.746323 -21.334892 0.58491 3.008319 -13.821196 -1e-06 1e-06 -23.887129 -0.249075 -0.839485 -60.734535 2.204473 -1.189062 -0.294025 1.679686 0.833255 -14.218195 0.093215 1.300579 -34.212002 -0.287561 0.967166 -20.033176 0.964536 1.212838 0.0 -0.0 0.0 -3.440387 0.788233 0.501655 -15.928172 -3.167306 2.999703 -6.338817 -0.0 1e-06 -18.123419 3.648181 -4.905662 -4e-06 0.0 -2e-06 15.985488 8.916101 14.27846 61.005337 -2.188018 3.604851 -0.459373 28.21339 -0.090211 -2.615255 7.507438 -2.070558 2.24354 -5.255033 -3.180156 14.282877 -0.826594 6.952496 -0.0 -12.690593 -1e-06 16.452818 -17.788286 2.430977 1.665665 -1.95592 -2.878297 4.727794 -4.170584 4.993919 11.020511 1e-06 -0.0 12.109032 -3.735715 -2.866778 0.0 -0.0 0.0 1.291985 -1.928548 -1.498088 14.800115 0.567467 3.865604 14.242553 -1.341738 -6.660648 19.631935 0.143921 -0.648243 50.103817 -0.370981 -6.248713 0.353029 -1.51115 -0.03194 20.222769 3.684305 2.316629 18.787249 1e-06 -1e-06 10.751608 -0.47987 1.397903 0.0 -0.0 0.0 3.273804 0.305947 -0.58011 21.48679 11.830364 2.266131 8.162915 0.0 -0.0 18.399052 -3.798986 -4.940567 3e-06 0.0 -1e-06 10.891706 1.312198 -2.771144 -0.052351 -0.419296 59.782692 -3.206244 -3.310289 17.902462 1.840644 -1.851752 -6.65048 0.0 -0.0 2e-06 8.590939 -8.154297 -17.644629 -0.084616 -0.241147 18.799986 -4.790271 -13.887857 -0.285255 -1.41549 1.054322 -1.628422 0.0 -0.0 -1e-06 
0.0 0.0 0.0 0.0 -0.0 0.0 -7.16247 98.731087 14.977248 -4.556698 2.558879 -1.984544 1.985314 0.297301 0.227867 0.090034 -0.862489 -4.647568 2.94965 -2.669596 11.481797 2.530317 1.325222 2.363891 -1.259568 -1.201483 -3.517562 -0.181016 -2.376689 -6.771515 7.7e-05 -2.2e-05 6e-06 -0.002951 -0.055731 -0.05091 0.737627 -3.758307 -10.644039 -0.742971 3.648452 -10.613908 -13.213934 -5.538748 14.706082 -58.462173 -11.893719 29.930296 -0.095963 -22.396833 -0.047035 8.660316 -3.997668 -8.350274 -5.882102 9.861279 0.70259 -10.936861 -0.360574 7.156197 0.0 8.774815 -0.0 -16.491295 18.132492 5.738871 -1.844031 2.498503 -2.507276 -10.16359 4.678941 4.621104 -20.975996 -1e-06 1e-06 -21.226254 2.451698 -3.593995 0.0 -6e-06 -0.0 -1.362681 2.240797 -0.746323 -21.334892 0.58491 3.008319 -13.821196 -1e-06 1e-06 -23.887129 -0.249075 -0.839485 -60.468689 2.375603 -1.32953 -0.294025 1.679686 0.833255 -14.218195 0.093215 1.300579 -34.212002 -0.287561 0.967166 -20.033176 0.964536 1.212838 0.0 -0.0 0.0 -3.440387 0.788233 0.501655 -15.928172 -3.167306 2.999703 -6.338817 -0.0 1e-06 -18.123419 3.648181 -4.905662 -4e-06 0.0 -2e-06 15.99485 9.114174 14.164071 60.225349 -0.874015 3.41735 -0.238448 27.765207 -0.046262 -3.750129 7.071737 -0.830158 2.24354 -5.255033 -3.180156 14.282877 -0.826594 6.952496 -0.0 -12.690593 -1e-06 16.447149 -17.708714 2.422498 1.665665 -1.95592 -2.878297 4.727794 -4.170584 4.993919 11.020511 1e-06 -0.0 12.109032 -3.735715 -2.866778 0.0 -0.0 0.0 1.291985 -1.928548 -1.498088 14.800115 0.567467 3.865604 14.242553 -1.341738 -6.660648 19.631935 0.143921 -0.648243 49.950603 -0.391943 -6.29961 0.353029 -1.51115 -0.03194 20.222769 3.684305 2.316629 18.787249 1e-06 -1e-06 10.751608 -0.47987 1.397903 0.0 -0.0 0.0 3.273804 0.305947 -0.58011 21.48679 11.830364 2.266131 8.162915 0.0 -0.0 18.399052 -3.798986 -4.940567 3e-06 0.0 -1e-06 10.42618 1.343568 -7.815464 -0.083672 -0.295018 65.500046 -2.352558 -1.501324 13.16217 1.88424 -1.899807 -5.621016 0.0 -0.0 2e-06 8.411384 -8.61651 -12.282279 -0.086141 -0.264858 15.505706 -4.668423 -13.945254 -1.250204 -1.414622 1.035541 -1.330813 0.0 -0.0 -1e-06 
0.0 0.0 0.0 0.0 -0.0 0.0 -7.923718 99.375496 18.985647 -3.945163 2.624771 -2.968668 1.868021 0.450417 0.682165 -0.077032 -0.548863 -4.428893 2.18489 -2.361394 11.314985 3.062468 1.136912 3.197051 -1.246508 -1.262346 -3.495885 0.30972 -2.840191 -6.560396 7.7e-05 -2.2e-05 6e-06 -0.004759 -0.065616 -0.033798 0.724395 -3.764748 -10.645377 -0.73412 3.634788 -10.623289 -12.613585 -5.346985 14.500596 -58.671318 -12.010699 29.854326 -0.096617 -23.22727 -0.02926 9.389237 -4.424787 -8.447364 -5.882102 9.861279 0.70259 -10.936861 -0.360574 7.156197 0.0 8.774815 -0.0 -16.227398 18.139162 5.804215 -1.844031 2.498503 -2.507276 -10.16359 4.678941 4.621104 -20.975996 -1e-06 1e-06 -21.226254 2.451698 -3.593995 0.0 -6e-06 -0.0 -1.362681 2.240797 -0.746323 -21.334892 0.58491 3.008319 -13.821196 -1e-06 1e-06 -23.887129 -0.249075 -0.839485 -60.209019 2.464966 -1.445175 -0.294025 1.679686 0.833255 -14.218195 0.093215 1.300579 -34.212002 -0.287561 0.967166 -20.033176 0.964536 1.212838 0.0 -0.0 0.0 -3.440387 0.788233 0.501655 -15.928172 -3.167306 2.999703 -6.338817 -0.0 1e-06 -18.123419 3.648181 -4.905662 -4e-06 0.0 -2e-06 15.476159 9.388495 14.007092 59.950081 0.490534 2.805715 0.004981 27.823652 0.016376 -4.712413 6.516716 0.037184 2.24354 -5.255033 -3.180156 14.282877 -0.826594 6.952496 -0.0 -12.690593 -1e-06 16.379116 -17.625286 2.420754 1.665665 -1.95592 -2.878297 4.727794 -4.170584 4.993919 11.020511 1e-06 -0.0 12.109032 -3.735715 -2.866778 0.0 -0.0 0.0 1.291985 -1.928548 -1.498088 14.800115 0.567467 3.865604 14.242553 -1.341738 -6.660648 19.631935 0.143921 -0.648243 49.726582 -0.436421 -6.356962 0.353029 -1.51115 -0.03194 20.222769 3.684305 2.316629 18.787249 1e-06 -1e-06 10.751608 -0.47987 1.397903 0.0 -0.0 0.0 3.273804 0.305947 -0.58011 21.48679 11.830364 2.266131 8.162915 0.0 -0.0 18.399052 -3.798986 -4.940567 3e-06 0.0 -1e-06 9.20875 1.700083 -12.183938 -0.087024 -0.144113 67.809227 -1.854147 -0.32757 9.270774 1.891846 -1.922706 -5.517437 0.0 -0.0 2e-06 7.774213 -8.791687 -6.504345 -0.04449 -0.274315 11.586618 -4.479388 -13.850473 -1.960449 -1.411512 0.994424 -1.047502 0.0 -0.0 -1e-06 
0.0 0.0 0.0 0.0 -0.0 0.0 -8.582355 99.700455 22.975319 -3.344086 2.37541 -3.782219 1.805018 0.574611 1.083657 -0.174627 -0.197529 -4.220098 1.473849 -2.061625 11.126064 3.116873 1.135425 3.944522 -1.21522 -1.369569 -3.505605 0.75315 -3.150881 -6.408232 7.7e-05 -2.2e-05 6e-06 -0.005436 -0.077029 -0.026171 0.71453 -3.778543 -10.658195 -0.726803 3.624739 -10.646469 -12.293839 -5.059618 14.335312 -58.619526 -12.05069 29.674259 -0.046583 -24.209551 -0.041865 9.943969 -4.59446 -8.367742 -5.882102 9.861279 0.70259 -10.936861 -0.360574 7.156197 0.0 8.774815 -0.0 -16.069857 18.121191 5.857651 -1.844031 2.498503 -2.507276 -10.16359 4.678941 4.621104 -20.975996 -1e-06 1e-06 -21.226254 2.451698 -3.593995 0.0 -6e-06 -0.0 -1.362681 2.240797 -0.746323 -21.334892 0.58491 3.008319 -13.821196 -1e-06 1e-06 -23.887129 -0.249075 -0.839485 -60.138546 2.498256 -1.493079 -0.294025 1.679686 0.833255 -14.218195 0.093215 1.300579 -34.212002 -0.287561 0.967166 -20.033176 0.964536 1.212838 0.0 -0.0 0.0 -3.440387 0.788233 0.501655 -15.928172 -3.167306 2.999703 -6.338817 -0.0 1e-06 -18.123419 3.648181 -4.905662 -4e-06 0.0 -2e-06 14.679485 9.833033 13.835425 59.767284 1.686921 2.190296 0.150436 28.800579 0.044196 -5.368799 6.204902 0.166167 2.24354 -5.255033 -3.180156 14.282877 -0.826594 6.952496 -0.0 -12.690593 -1e-06 16.262663 -17.594929 2.514062 1.665665 -1.95592 -2.878297 4.727794 -4.170584 4.993919 11.020511 1e-06 -0.0 12.109032 -3.735715 -2.866778 0.0 -0.0 0.0 1.291985 -1.928548 -1.498088 14.800115 0.567467 3.865604 14.242553 -1.341738 -6.660648 19.631935 0.143921 -0.648243 49.616318 -0.518457 -6.363956 0.353029 -1.51115 -0.03194 20.222769 3.684305 2.316629 18.787249 1e-06 -1e-06 10.751608 -0.47987 1.397903 0.0 -0.0 0.0 3.273804 0.305947 -0.58011 21.48679 11.830364 2.266131 8.162915 0.0 -0.0 18.399052 -3.798986 -4.940567 3e-06 0.0 -1e-06 7.808254 2.330667 -16.099373 -0.038733 0.027654 67.074326 -1.756617 0.442139 6.307474 1.863601 -1.92807 -5.547132 0.0 -0.0 2e-06 7.204504 -8.746918 -0.942966 -0.007988 -0.273313 7.728607 -4.307802 -13.621225 -2.69592 -1.410213 0.958348 -0.91467 0.0 -0.0 -1e-06 
0.0 0.0 0.0 0.0 -0.0 0.0 -9.091597 99.727242 26.789696 -2.848843 1.919147 -4.318901 1.803921 0.643253 1.376552 -0.216125 0.170997 -4.058123 0.910972 -1.800497 11.006256 2.865434 1.286902 4.425566 -1.21027 -1.471942 -3.548673 1.028012 -3.346957 -6.356913 7.7e-05 -2.2e-05 6e-06 -0.008085 -0.099132 -0.02122 0.704619 -3.803881 -10.662678 -0.723798 3.604856 -10.65944 -12.384728 -4.72613 14.162334 -58.280449 -12.059984 29.034985 -0.004194 -25.096439 -0.071774 10.571704 -4.757927 -8.548489 -5.882102 9.861279 0.70259 -10.936861 -0.360574 7.156197 0.0 8.774815 -0.0 -15.947868 18.084105 5.908173 -1.844031 2.498503 -2.507276 -10.16359 4.678941 4.621104 -20.975996 -1e-06 1e-06 -21.226254 2.451698 -3.593995 0.0 -6e-06 -0.0 -1.362681 2.240797 -0.746323 -21.334892 0.58491 3.008319 -13.821196 -1e-06 1e-06 -23.887129 -0.249075 -0.839485 -60.138943 2.507729 -1.448281 -0.294025 1.679686 0.833255 -14.218195 0.093215 1.300579 -34.212002 -0.287561 0.967166 -20.033176 0.964536 1.212838 0.0 -0.0 0.0 -3.440387 0.788233 0.501655 -15.928172 -3.167306 2.999703 -6.338817 -0.0 1e-06 -18.123419 3.648181 -4.905662 -4e-06 0.0 -2e-06 13.939945 10.377264 13.682748 59.352512 2.824042 1.55795 0.214242 30.402922 0.019246 -5.853653 6.279456 -0.337173 2.24354 -5.255033 -3.180156 14.282877 -0.826594 6.952496 -0.0 -12.690593 -1e-06 16.120106 -17.61887 2.671445 1.665665 -1.95592 -2.878297 4.727794 -4.170584 4.993919 11.020511 1e-06 -0.0 12.109032 -3.735715 -2.866778 0.0 -0.0 0.0 1.291985 -1.928548 -1.498088 14.800115 0.567467 3.865604 14.242553 -1.341738 -6.660648 19.631935 0.143921 -0.648243 49.630146 -0.579748 -6.279685 0.353029 -1.51115 -0.03194 20.222769 3.684305 2.316629 18.787249 1e-06 -1e-06 10.751608 -0.47987 1.397903 0.0 -0.0 0.0 3.273804 0.305947 -0.58011 21.48679 11.830364 2.266131 8.162915 0.0 -0.0 18.399052 -3.798986 -4.940567 3e-06 0.0 -1e-06 6.398426 2.96699 -19.608196 0.057278 0.181723 63.397202 -1.986822 1.053383 3.988283 1.831006 -1.921683 -5.624629 0.0 -0.0 2e-06 6.634645 -8.540791 3.673149 0.005454 -0.246256 4.681623 -4.046036 -13.330132 -3.556973 -1.41318 0.934885 -0.932014 0.0 -0.0 -1e-06 
0.0 0.0 0.0 0.0 -0.0 0.0 -9.464303 99.503525 30.412302 -2.495335 1.333026 -4.622279 1.853076 0.629195 1.612919 -0.218205 0.542695 -3.96013 0.525075 -1.572919 10.959902 2.420118 1.510431 4.652417 -1.222781 -1.547501 -3.598445 1.134874 -3.501905 -6.425647 7.7e-05 -2.2e-05 6e-06 -0.010264 -0.09309 -0.017852 0.692409 -3.800399 -10.657821 -0.717736 3.61253 -10.663525 -12.707378 -4.380721 14.006179 -57.943707 -12.139064 28.110699 0.092849 -25.637682 -0.127875 11.295722 -4.991631 -9.100622 -5.882102 9.861279 0.70259 -10.936861 -0.360574 7.156197 0.0 8.774815 -0.0 -15.843706 18.075615 5.952685 -1.844031 2.498503 -2.507276 -10.16359 4.678941 4.621104 -20.975996 -1e-06 1e-06 -21.226254 2.451698 -3.593995 0.0 -6e-06 -0.0 -1.362681 2.240797 -0.746323 -21.334892 0.58491 3.008319 -13.821196 -1e-06 1e-06 -23.887129 -0.249075 -0.839485 -60.095428 2.494505 -1.351278 -0.294025 1.679686 0.833255 -14.218195 0.093215 1.300579 -34.212002 -0.287561 0.967166 -20.033176 0.964536 1.212838 0.0 -0.0 0.0 -3.440387 0.788233 0.501655 -15.928172 -3.167306 2.999703 -6.338817 -0.0 1e-06 -18.123419 3.648181 -4.905662 -4e-06 0.0 -2e-06 13.323461 10.955113 13.594833 58.727066 4.096701 0.727786 0.283586 32.156338 -0.020012 -6.306863 6.629781 -1.188335 2.24354 -5.255033 -3.180156 14.282877 -0.826594 6.952496 -0.0 -12.690593 -1e-06 15.948794 -17.644684 2.806946 1.665665 -1.95592 -2.878297 4.727794 -4.170584 4.993919 11.020511 1e-06 -0.0 12.109032 -3.735715 -2.866778 0.0 -0.0 0.0 1.291985 -1.928548 -1.498088 14.800115 0.567467 3.865604 14.242553 -1.341738 -6.660648 19.631935 0.143921 -0.648243 49.651241 -0.600762 -6.144403 0.353029 -1.51115 -0.03194 20.222769 3.684305 2.316629 18.787249 1e-06 -1e-06 10.751608 -0.47987 1.397903 0.0 -0.0 0.0 3.273804 0.305947 -0.58011 21.48679 11.830364 2.266131 8.162915 0.0 -0.0 18.399052 -3.798986 -4.940567 3e-06 0.0 -1e-06 5.098158 3.37854 -22.53697 0.167194 0.259239 56.741772 -2.490168 1.590824 2.419349 1.824207 -1.933553 -5.698203 0.0 -0.0 2e-06 6.198025 -8.281251 7.303512 -0.002437 -0.176245 3.094256 -3.743665 -12.970678 -4.966616 -1.417894 0.91744 -0.932615 0.0 -0.0 -1e-06 
0.0 0.0 0.0 0.0 -0.0 0.0 -9.731081 99.068382 34.001507 -2.371979 0.71482 -4.715592 1.986571 0.518344 1.761346 -0.196855 0.877613 -3.921369 0.34848 -1.37117 10.952345 1.847459 1.734267 4.756402 -1.218422 -1.553079 -3.628049 1.130488 -3.655268 -6.597549 7.7e-05 -2.2e-05 6e-06 -0.008077 -0.047602 -0.017039 0.681025 -3.755993 -10.646468 -0.70352 3.658577 -10.663366 -13.037466 -4.04955 13.876906 -57.878395 -12.276882 27.128191 0.237689 -25.754765 -0.193716 11.941088 -5.248755 -9.689168 -5.882102 9.861279 0.70259 -10.936861 -0.360574 7.156197 0.0 8.774815 -0.0 -15.746959 18.105312 5.972938 -1.844031 2.498503 -2.507276 -10.16359 4.678941 4.621104 -20.975996 -1e-06 1e-06 -21.226254 2.451698 -3.593995 0.0 -6e-06 -0.0 -1.362681 2.240797 -0.746323 -21.334892 0.58491 3.008319 -13.821196 -1e-06 1e-06 -23.887129 -0.249075 -0.839485 -60.001362 2.485141 -1.297302 -0.294025 1.679686 0.833255 -14.218195 0.093215 1.300579 -34.212002 -0.287561 0.967166 -20.033176 0.964536 1.212838 0.0 -0.0 0.0 -3.440387 0.788233 0.501655 -15.928172 -3.167306 2.999703 -6.338817 -0.0 1e-06 -18.123419 3.648181 -4.905662 -4e-06 0.0 -2e-06 12.771784 11.511438 13.569003 58.067947 5.475415 -0.124482 0.382029 33.740696 -0.006216 -6.68487 6.981594 -1.92014 2.24354 -5.255033 -3.180156 14.282877 -0.826594 6.952496 -0.0 -12.690593 -1e-06 15.789938 -17.652397 2.860829 1.665665 -1.95592 -2.878297 4.727794 -4.170584 4.993919 11.020511 1e-06 -0.0 12.109032 -3.735715 -2.866778 0.0 -0.0 0.0 1.291985 -1.928548 -1.498088 14.800115 0.567467 3.865604 14.242553 -1.341738 -6.660648 19.631935 0.143921 -0.648243 49.609802 -0.599906 -6.058163 0.353029 -1.51115 -0.03194 20.222769 3.684305 2.316629 18.787249 1e-06 -1e-06 10.751608 -0.47987 1.397903 0.0 -0.0 0.0 3.273804 0.305947 -0.58011 21.48679 11.830364 2.266131 8.162915 0.0 -0.0 18.399052 -3.798986 -4.940567 3e-06 0.0 -1e-06 4.117253 3.573513 -24.569963 0.246778 0.274997 47.349003 -2.74979 2.205216 2.50243 1.819362 -1.970809 -5.838891 0.0 -0.0 2e-06 5.973128 -8.061487 10.187349 -0.028868 -0.064847 2.599333 -3.453102 -12.571535 -6.781557 -1.422312 0.911306 -0.853407 0.0 -0.0 -1e-06 
0.0 0.0 0.0 0.0 -0.0 0.0 -9.880001 98.458473 37.678005 -2.534355 0.171522 -4.579002 2.243576 0.362376 1.776368 -0.168548 1.073542 -3.924791 0.377457 -1.123506 10.893396 1.247778 1.929784 4.848242 -1.190212 -1.560392 -3.623512 1.058753 -3.770927 -6.836777 7.7e-05 -2.2e-05 6e-06 -0.001479 -0.003964 -0.013418 0.682912 -3.712802 -10.645301 -0.693389 3.70286 -10.666861 -13.204889 -3.810551 13.772863 -58.193275 -12.336187 26.209314 0.355994 -25.580757 -0.246831 12.376683 -5.495985 -9.962536 -5.882102 9.861279 0.70259 -10.936861 -0.360574 7.156197 0.0 8.774815 -0.0 -15.621179 18.12064 5.978078 -1.844031 2.498503 -2.507276 -10.16359 4.678941 4.621104 -20.975996 -1e-06 1e-06 -21.226254 2.451698 -3.593995 0.0 -6e-06 -0.0 -1.362681 2.240797 -0.746323 -21.334892 0.58491 3.008319 -13.821196 -1e-06 1e-06 -23.887129 -0.249075 -0.839485 -59.925316 2.525947 -1.348313 -0.294025 1.679686 0.833255 -14.218195 0.093215 1.300579 -34.212002 -0.287561 0.967166 -20.033176 0.964536 1.212838 0.0 -0.0 0.0 -3.440387 0.788233 0.501655 -15.928172 -3.167306 2.999703 -6.338817 -0.0 1e-06 -18.123419 3.648181 -4.905662 -4e-06 0.0 -2e-06 12.246703 11.948424 13.478437 57.519577 6.747029 -0.746916 0.43015 35.040455 0.042653 -6.931626 7.228893 -2.451512 2.24354 -5.255033 -3.180156 14.282877 -0.826594 6.952496 -0.0 -12.690593 -1e-06 15.667766 -17.628513 2.869097 1.665665 -1.95592 -2.878297 4.727794 -4.170584 4.993919 11.020511 1e-06 -0.0 12.109032 -3.735715 -2.866778 0.0 -0.0 0.0 1.291985 -1.928548 -1.498088 14.800115 0.567467 3.865604 14.242553 -1.341738 -6.660648 19.631935 0.143921 -0.648243 49.530903 -0.58932 -6.044531 0.353029 -1.51115 -0.03194 20.222769 3.684305 2.316629 18.787249 1e-06 -1e-06 10.751608 -0.47987 1.397903 0.0 -0.0 0.0 3.273804 0.305947 -0.58011 21.48679 11.830364 2.266131 8.162915 0.0 -0.0 18.399052 -3.798986 -4.940567 3e-06 0.0 -1e-06 3.515755 3.732251 -25.442158 0.289287 0.355638 35.166214 -2.404773 2.931478 4.287601 1.799286 -1.981138 -5.734614 0.0 -0.0 2e-06 5.979645 -8.018517 12.532027 -0.069842 0.023099 2.677745 -3.121194 -12.092573 -8.720715 -1.426496 0.945794 -0.810335 0.0 -0.0 -1e-06 
0.0 0.0 0.0 0.0 -0.0 0.0 -9.918411 97.707092 41.512848 -2.956555 -0.294129 -4.283584 2.624917 0.241501 1.715429 -0.131897 1.108995 -3.968178 0.546044 -0.890801 10.726046 0.732342 2.126291 4.853527 -1.198453 -1.748039 -3.612337 0.980849 -3.609876 -7.078466 7.7e-05 -2.2e-05 6e-06 0.004553 0.008878 -0.006629 0.702466 -3.708513 -10.679617 -0.702171 3.72396 -10.691056 -13.113792 -3.611619 13.72353 -58.875198 -12.269643 25.395416 0.332986 -25.204348 -0.266814 12.599013 -5.746828 -9.94733 -5.882102 9.861279 0.70259 -10.936861 -0.360574 7.156197 0.0 8.774815 -0.0 -15.483549 18.04418 6.017246 -1.844031 2.498503 -2.507276 -10.16359 4.678941 4.621104 -20.975996 -1e-06 1e-06 -21.226254 2.451698 -3.593995 0.0 -6e-06 -0.0 -1.362681 2.240797 -0.746323 -21.334892 0.58491 3.008319 -13.821196 -1e-06 1e-06 -23.887129 -0.249075 -0.839485 -59.93428 2.536523 -1.312641 -0.294025 1.679686 0.833255 -14.218195 0.093215 1.300579 -34.212002 -0.287561 0.967166 -20.033176 0.964536 1.212838 0.0 -0.0 0.0 -3.440387 0.788233 0.501655 -15.928172 -3.167306 2.999703 -6.338817 -0.0 1e-06 -18.123419 3.648181 -4.905662 -4e-06 0.0 -2e-06 11.716968 12.240034 13.282788 57.242207 7.767453 -1.078841 0.337389 36.042473 0.024833 -7.120168 7.373902 -2.754319 2.24354 -5.255033 -3.180156 14.282877 -0.826594 6.952496 -0.0 -12.690593 -1e-06 15.611548 -17.54616 2.878815 1.665665 -1.95592 -2.878297 4.727794 -4.170584 4.993919 11.020511 1e-06 -0.0 12.109032 -3.735715 -2.866778 0.0 -0.0 0.0 1.291985 -1.928548 -1.498088 14.800115 0.567467 3.865604 14.242553 -1.341738 -6.660648 19.631935 0.143921 -0.648243 49.54908 -0.609824 -6.01352 0.353029 -1.51115 -0.03194 20.222769 3.684305 2.316629 18.787249 1e-06 -1e-06 10.751608 -0.47987 1.397903 0.0 -0.0 0.0 3.273804 0.305947 -0.58011 21.48679 11.830364 2.266131 8.162915 0.0 -0.0 18.399052 -3.798986 -4.940567 3e-06 0.0 -1e-06 3.278498 3.870355 -25.087364 0.222532 0.460186 21.100126 -2.396426 3.413832 6.313764 1.781757 -1.96195 -5.124995 0.0 -0.0 2e-06 6.147415 -8.115432 14.856153 -0.109928 0.008834 2.695832 -2.597759 -11.535627 -10.40062 -1.432395 1.011709 -1.107638 0.0 -0.0 -1e-06 
0.0 0.0 0.0 0.0 -0.0 0.0 -9.879989 96.974495 45.570045 -3.396653 -0.716315 -3.771841 2.906038 0.0915 1.473333 -0.063332 1.139555 -4.089183 0.776855 -0.851219 10.527484 0.391601 2.295335 4.646832 -1.281308 -1.712541 -3.514216 0.795934 -3.342959 -7.233203 7.7e-05 -2.2e-05 6e-06 0.004879 0.070778 0.01464 0.707635 -3.662933 -10.706404 -0.707961 3.800972 -10.717519 -13.157378 -3.377352 13.780257 -59.483765 -12.02154 24.631783 0.184499 -24.577728 -0.209766 12.697081 -6.087249 -9.837514 -5.882102 9.861279 0.70259 -10.936861 -0.360574 7.156197 0.0 8.774815 -0.0 -15.459853 18.022135 5.9933 -1.844031 2.498503 -2.507276 -10.16359 4.678941 4.621104 -20.975996 -1e-06 1e-06 -21.226254 2.451698 -3.593995 0.0 -6e-06 -0.0 -1.362681 2.240797 -0.746323 -21.334892 0.58491 3.008319 -13.821196 -1e-06 1e-06 -23.887129 -0.249075 -0.839485 -60.025452 2.439606 -1.265198 -0.294025 1.679686 0.833255 -14.218195 0.093215 1.300579 -34.212002 -0.287561 0.967166 -20.033176 0.964536 1.212838 0.0 -0.0 0.0 -3.440387 0.788233 0.501655 -15.928172 -3.167306 2.999703 -6.338817 -0.0 1e-06 -18.123419 3.648181 -4.905662 -4e-06 0.0 -2e-06 11.394595 12.446899 13.021164 56.993603 8.401602 -1.322893 0.355629 36.843933 0.041553 -7.314221 7.618851 -2.642165 2.24354 -5.255033 -3.180156 14.282877 -0.826594 6.952496 -0.0 -12.690593 -1e-06 15.616003 -17.596117 2.909641 1.665665 -1.95592 -2.878297 4.727794 -4.170584 4.993919 11.020511 1e-06 -0.0 12.109032 -3.735715 -2.866778 0.0 -0.0 0.0 1.291985 -1.928548 -1.498088 14.800115 0.567467 3.865604 14.242553 -1.341738 -6.660648 19.631935 0.143921 -0.648243 49.767479 -0.758231 -6.03895 0.353029 -1.51115 -0.03194 20.222769 3.684305 2.316629 18.787249 1e-06 -1e-06 10.751608 -0.47987 1.397903 0.0 -0.0 0.0 3.273804 0.305947 -0.58011 21.48679 11.830364 2.266131 8.162915 0.0 -0.0 18.399052 -3.798986 -4.940567 3e-06 0.0 -1e-06 3.165815 3.553113 -24.529585 0.030488 0.351423 7.909763 -3.456532 4.349027 6.488871 1.683754 -2.093002 -4.650952 0.0 -0.0 2e-06 6.109816 -8.404336 17.325089 -0.083291 -0.135688 2.313426 -1.890445 -10.542318 -11.090024 -1.451221 0.917156 -1.965299 0.0 -0.0 -1e-06 
0.0 0.0 0.0 0.0 -0.0 0.0 -9.736584 96.279373 49.79398 -3.688058 -1.281121 -3.046642 2.98898 0.049686 1.060403 0.001535 1.172131 -4.272007 1.060326 -0.941192 10.476374 0.091567 2.455065 4.134855 -1.302061 -1.598375 -3.532074 0.551615 -3.21064 -7.121078 7.7e-05 -2.2e-05 6e-06 0.000777 0.023001 0.019465 0.680889 -3.709852 -10.68971 -0.690688 3.754146 -10.695811 -13.754086 -3.226257 13.651888 -59.548752 -11.560376 24.70842 0.02154 -23.332882 -0.142312 12.326028 -6.330422 -9.485261 -5.882102 9.861279 0.70259 -10.936861 -0.360574 7.156197 0.0 8.774815 -0.0 -15.461903 17.98251 5.972393 -1.844031 2.498503 -2.507276 -10.16359 4.678941 4.621104 -20.975996 -1e-06 1e-06 -21.226254 2.451698 -3.593995 0.0 -6e-06 -0.0 -1.362681 2.240797 -0.746323 -21.334892 0.58491 3.008319 -13.821196 -1e-06 1e-06 -23.887129 -0.249075 -0.839485 -60.222263 2.417542 -1.259252 -0.294025 1.679686 0.833255 -14.218195 0.093215 1.300579 -34.212002 -0.287561 0.967166 -20.033176 0.964536 1.212838 0.0 -0.0 0.0 -3.440387 0.788233 0.501655 -15.928172 -3.167306 2.999703 -6.338817 -0.0 1e-06 -18.123419 3.648181 -4.905662 -4e-06 0.0 -2e-06 11.679489 12.577037 12.789821 56.393101 8.63123 -1.559004 0.312825 37.482582 0.028443 -7.420804 7.996668 -2.635181 2.24354 -5.255033 -3.180156 14.282877 -0.826594 6.952496 -0.0 -12.690593 -1e-06 15.46756 -17.639803 2.931345 1.665665 -1.95592 -2.878297 4.727794 -4.170584 4.993919 11.020511 1e-06 -0.0 12.109032 -3.735715 -2.866778 0.0 -0.0 0.0 1.291985 -1.928548 -1.498088 14.800115 0.567467 3.865604 14.242553 -1.341738 -6.660648 19.631935 0.143921 -0.648243 49.746639 -0.688031 -6.055726 0.353029 -1.51115 -0.03194 20.222769 3.684305 2.316629 18.787249 1e-06 -1e-06 10.751608 -0.47987 1.397903 0.0 -0.0 0.0 3.273804 0.305947 -0.58011 21.48679 11.830364 2.266131 8.162915 0.0 -0.0 18.399052 -3.798986 -4.940567 3e-06 0.0 -1e-06 2.721815 3.633873 -25.442688 -0.038722 0.248906 1.200736 -5.235823 5.660041 5.102124 1.587863 -2.161447 -4.813876 0.0 -0.0 2e-06 5.769064 -8.54216 19.755646 -0.069474 -0.210155 1.783993 -0.904167 -9.10576 -10.83535 -1.4377 0.809305 -3.10409 0.0 -0.0 -1e-06 
0.0 0.0 0.0 0.0 -0.0 0.0 -9.520451 95.68161 54.113121 -3.606076 -1.889579 -2.441862 2.762499 0.12958 0.718686 0.009833 1.187082 -4.425271 1.19803 -1.094424 10.491485 -0.008732 2.478102 3.452756 -1.227585 -1.471331 -3.51671 0.32159 -2.979806 -6.980589 7.7e-05 -2.2e-05 6e-06 0.000866 -0.017798 0.015607 0.688101 -3.747389 -10.676422 -0.698144 3.712771 -10.683672 -14.624044 -3.143061 13.649147 -59.019871 -11.234365 26.118198 -0.046169 -21.910471 -0.059195 11.335299 -5.977769 -8.464344 -5.882102 9.861279 0.70259 -10.936861 -0.360574 7.156197 0.0 8.774815 -0.0 -15.523911 18.028763 5.984354 -1.844031 2.498503 -2.507276 -10.16359 4.678941 4.621104 -20.975996 -1e-06 1e-06 -21.226254 2.451698 -3.593995 0.0 -6e-06 -0.0 -1.362681 2.240797 -0.746323 -21.334892 0.58491 3.008319 -13.821196 -1e-06 1e-06 -23.887129 -0.249075 -0.839485 -60.39946 2.418722 -1.195556 -0.294025 1.679686 0.833255 -14.218195 0.093215 1.300579 -34.212002 -0.287561 0.967166 -20.033176 0.964536 1.212838 0.0 -0.0 0.0 -3.440387 0.788233 0.501655 -15.928172 -3.167306 2.999703 -6.338817 -0.0 1e-06 -18.123419 3.648181 -4.905662 -4e-06 0.0 -2e-06 12.127268 12.601266 12.654643 56.230473 8.437091 -2.04871 0.281523 38.112396 0.045248 -7.536589 8.324498 -2.594912 2.24354 -5.255033 -3.180156 14.282877 -0.826594 6.952496 -0.0 -12.690593 -1e-06 15.448095 -17.667328 2.891321 1.665665 -1.95592 -2.878297 4.727794 -4.170584 4.993919 11.020511 1e-06 -0.0 12.109032 -3.735715 -2.866778 0.0 -0.0 0.0 1.291985 -1.928548 -1.498088 14.800115 0.567467 3.865604 14.242553 -1.341738 -6.660648 19.631935 0.143921 -0.648243 49.664806 -0.596139 -6.076073 0.353029 -1.51115 -0.03194 20.222769 3.684305 2.316629 18.787249 1e-06 -1e-06 10.751608 -0.47987 1.397903 0.0 -0.0 0.0 3.273804 0.305947 -0.58011 21.48679 11.830364 2.266131 8.162915 0.0 -0.0 18.399052 -3.798986 -4.940567 3e-06 0.0 -1e-06 1.811619 4.004054 -26.972874 -0.019408 0.190756 1.944861 -5.970023 6.368965 4.040681 1.586272 -2.151037 -4.950985 0.0 -0.0 2e-06 4.877624 -8.676533 21.640255 -0.098204 -0.184838 2.523422 0.231353 -7.614952 -9.953992 -1.418915 0.78523 -4.898298 0.0 -0.0 -1e-06 
0.0 0.0 0.0 0.0 -0.0 0.0 -9.228485 95.309364 58.774536 -2.88592 -2.679997 -1.834578 2.073761 0.237909 0.202863 -0.045359 1.249925 -4.631285 1.120419 -1.111553 10.524569 0.120756 2.40586 2.908315 -1.175203 -1.196209 -3.504045 0.191793 -2.693976 -6.565154 7.7e-05 -2.2e-05 6e-06 0.007658 -0.013437 0.015459 0.709538 -3.750108 -10.705771 -0.704842 3.725134 -10.721565 -15.783058 -2.991332 13.711173 -58.123394 -10.74271 27.833361 -0.065496 -20.619528 -0.008005 10.010208 -5.556171 -6.968071 -5.882102 9.861279 0.70259 -10.936861 -0.360574 7.156197 0.0 8.774815 -0.0 -15.746728 18.286995 6.024901 -1.844031 2.498503 -2.507276 -10.16359 4.678941 4.621104 -20.975996 -1e-06 1e-06 -21.226254 2.451698 -3.593995 0.0 -6e-06 -0.0 -1.362681 2.240797 -0.746323 -21.334892 0.58491 3.008319 -13.821196 -1e-06 1e-06 -23.887129 -0.249075 -0.839485 -60.523407 2.467594 -1.211471 -0.294025 1.679686 0.833255 -14.218195 0.093215 1.300579 -34.212002 -0.287561 0.967166 -20.033176 0.964536 1.212838 0.0 -0.0 0.0 -3.440387 0.788233 0.501655 -15.928172 -3.167306 2.999703 -6.338817 -0.0 1e-06 -18.123419 3.648181 -4.905662 -4e-06 0.0 -2e-06 12.830109 12.423697 12.560916 56.297405 7.520865 -1.834567 0.120956 38.574184 -0.084994 -7.4618 8.388815 -2.798607 2.24354 -5.255033 -3.180156 14.282877 -0.826594 6.952496 -0.0 -12.690593 -1e-06 15.470617 -17.662004 2.92345 1.665665 -1.95592 -2.878297 4.727794 -4.170584 4.993919 11.020511 1e-06 -0.0 12.109032 -3.735715 -2.866778 0.0 -0.0 0.0 1.291985 -1.928548 -1.498088 14.800115 0.567467 3.865604 14.242553 -1.341738 -6.660648 19.631935 0.143921 -0.648243 49.756386 -0.610271 -6.104958 0.353029 -1.51115 -0.03194 20.222769 3.684305 2.316629 18.787249 1e-06 -1e-06 10.751608 -0.47987 1.397903 0.0 -0.0 0.0 3.273804 0.305947 -0.58011 21.48679 11.830364 2.266131 8.162915 0.0 -0.0 18.399052 -3.798986 -4.940567 3e-06 0.0 -1e-06 0.676769 4.034539 -27.850859 -0.051821 0.099542 6.851945 -4.381763 5.972258 4.712267 1.686264 -2.132013 -5.461843 0.0 -0.0 2e-06 3.073893 -8.654693 22.184532 -0.114961 -0.068931 5.862418 1.480104 -6.13881 -8.189531 -1.42221 0.823241 -8.122813 0.0 -0.0 -1e-06 
0.0 0.0 0.0 0.0 -0.0 0.0 -8.875826 95.316193 63.709229 -1.178761 -3.521653 -1.075113 0.746247 0.289295 -0.555485 -0.236633 1.461094 -4.966725 0.625902 -1.066211 10.604773 0.677957 2.210137 2.470601 -1.079513 -0.869896 -3.569207 0.036818 -2.320189 -5.929115 7.7e-05 -2.2e-05 6e-06 0.01485 -0.018553 -0.002782 0.700577 -3.741692 -10.671953 -0.68044 3.704657 -10.691921 -17.141506 -2.896743 13.730084 -56.925392 -10.012709 29.033014 -0.131829 -19.360012 0.033208 8.944794 -5.557392 -6.193566 -5.882102 9.861279 0.70259 -10.936861 -0.360574 7.156197 0.0 8.774815 -0.0 -15.90059 18.25988 5.984874 -1.844031 2.498503 -2.507276 -10.16359 4.678941 4.621104 -20.975996 -1e-06 1e-06 -21.226254 2.451698 -3.593995 0.0 -6e-06 -0.0 -1.362681 2.240797 -0.746323 -21.334892 0.58491 3.008319 -13.821196 -1e-06 1e-06 -23.887129 -0.249075 -0.839485 -60.570911 2.37146 -1.103083 -0.294025 1.679686 0.833255 -14.218195 0.093215 1.300579 -34.212002 -0.287561 0.967166 -20.033176 0.964536 1.212838 0.0 -0.0 0.0 -3.440387 0.788233 0.501655 -15.928172 -3.167306 2.999703 -6.338817 -0.0 1e-06 -18.123419 3.648181 -4.905662 -4e-06 0.0 -2e-06 14.398553 12.028012 12.565797 55.934444 5.96454 -1.347379 0.097172 38.545845 -0.128239 -7.123928 8.244548 -2.675767 2.24354 -5.255033 -3.180156 14.282877 -0.826594 6.952496 -0.0 -12.690593 -1e-06 15.598372 -17.610439 2.88254 1.665665 -1.95592 -2.878297 4.727794 -4.170584 4.993919 11.020511 1e-06 -0.0 12.109032 -3.735715 -2.866778 0.0 -0.0 0.0 1.291985 -1.928548 -1.498088 14.800115 0.567467 3.865604 14.242553 -1.341738 -6.660648 19.631935 0.143921 -0.648243 49.924561 -0.583097 -6.044843 0.353029 -1.51115 -0.03194 20.222769 3.684305 2.316629 18.787249 1e-06 -1e-06 10.751608 -0.47987 1.397903 0.0 -0.0 0.0 3.273804 0.305947 -0.58011 21.48679 11.830364 2.266131 8.162915 0.0 -0.0 18.399052 -3.798986 -4.940567 3e-06 0.0 -1e-06 -1.087088 3.183204 -28.619354 -0.032985 0.046183 12.056694 -1.053005 5.699419 8.749976 1.788787 -1.992975 -5.337359 0.0 -0.0 2e-06 -0.293729 -8.936517 20.835955 -0.113478 0.030575 12.20357 2.740705 -4.221174 -5.113188 -1.466768 0.839386 -14.872097 0.0 -0.0 -1e-06 
0.0 0.0 0.0 0.0 -0.0 0.0 -8.499334 95.581398 68.817177 0.308613 -3.902398 -0.886717 -0.190764 0.260744 -0.890312 -0.49097 1.605053 -5.146653 -0.070078 -0.942976 10.478495 1.476591 1.898717 2.50377 -1.156391 -0.935737 -3.576283 0.283736 -1.933369 -6.045731 7.7e-05 -2.2e-05 6e-06 0.02123 -0.030768 -0.004753 0.705138 -3.737159 -10.614694 -0.670788 3.675589 -10.652 -16.996311 -3.18637 13.928677 -57.213715 -9.54427 29.840612 -0.212755 -18.05685 0.098702 8.444408 -5.44479 -6.172003 -5.882102 9.861279 0.70259 -10.936861 -0.360574 7.156197 0.0 8.774815 -0.0 -16.029449 18.254614 5.886755 -1.844031 2.498503 -2.507276 -10.16359 4.678941 4.621104 -20.975996 -1e-06 1e-06 -21.226254 2.451698 -3.593995 0.0 -6e-06 -0.0 -1.362681 2.240797 -0.746323 -21.334892 0.58491 3.008319 -13.821196 -1e-06 1e-06 -23.887129 -0.249075 -0.839485 -60.522415 2.320083 -1.148148 -0.294025 1.679686 0.833255 -14.218195 0.093215 1.300579 -34.212002 -0.287561 0.967166 -20.033176 0.964536 1.212838 0.0 -0.0 0.0 -3.440387 0.788233 0.501655 -15.928172 -3.167306 2.999703 -6.338817 -0.0 1e-06 -18.123419 3.648181 -4.905662 -4e-06 0.0 -2e-06 14.846856 11.366246 12.665355 57.329926 4.456935 -1.288067 0.26253 37.427765 0.022267 -6.917751 7.789379 -1.654786 2.24354 -5.255033 -3.180156 14.282877 -0.826594 6.952496 -0.0 -12.690593 -1e-06 15.593619 -17.730381 2.86727 1.665665 -1.95592 -2.878297 4.727794 -4.170584 4.993919 11.020511 1e-06 -0.0 12.109032 -3.735715 -2.866778 0.0 -0.0 0.0 1.291985 -1.928548 -1.498088 14.800115 0.567467 3.865604 14.242553 -1.341738 -6.660648 19.631935 0.143921 -0.648243 50.116817 -0.558284 -6.095242 0.353029 -1.51115 -0.03194 20.222769 3.684305 2.316629 18.787249 1e-06 -1e-06 10.751608 -0.47987 1.397903 0.0 -0.0 0.0 3.273804 0.305947 -0.58011 21.48679 11.830364 2.266131 8.162915 0.0 -0.0 18.399052 -3.798986 -4.940567 3e-06 0.0 -1e-06 -2.553258 2.147019 -28.435045 0.021754 -0.015684 17.100409 0.698737 5.759326 9.125935 1.77994 -1.954461 -3.851255 0.0 -0.0 2e-06 -3.421334 -9.468603 18.115314 -0.184656 0.233037 21.358242 3.222996 -2.620048 1.201408 -1.584613 0.868419 -24.34012 0.0 -0.0 -1e-06 
0.0 0.0 0.0 0.0 -0.0 0.0 -8.088431 96.031654 73.864189 1.50818 -3.895158 -1.373645 -0.881248 0.214794 -0.725723 -0.666097 1.526142 -5.061938 -0.604106 -0.818703 10.233118 2.198158 1.726181 2.859905 -1.185596 -0.969843 -3.523169 0.461509 -1.669016 -6.431678 7.7e-05 -2.2e-05 6e-06 0.02638 -0.005573 0.02163 0.719111 -3.705204 -10.574378 -0.674605 3.691442 -10.59757 -15.531268 -3.829378 14.29614 -58.95314 -9.455802 30.207249 -0.208211 -17.312418 0.083214 7.811033 -4.791798 -5.93749 -5.882102 9.861279 0.70259 -10.936861 -0.360574 7.156197 0.0 8.774815 -0.0 -16.314426 18.257547 5.67698 -1.844031 2.498503 -2.507276 -10.16359 4.678941 4.621104 -20.975996 -1e-06 1e-06 -21.226254 2.451698 -3.593995 0.0 -6e-06 -0.0 -1.362681 2.240797 -0.746323 -21.334892 0.58491 3.008319 -13.821196 -1e-06 1e-06 -23.887129 -0.249075 -0.839485 -60.612446 2.380447 -1.37848 -0.294025 1.679686 0.833255 -14.218195 0.093215 1.300579 -34.212002 -0.287561 0.967166 -20.033176 0.964536 1.212838 0.0 -0.0 0.0 -3.440387 0.788233 0.501655 -15.928172 -3.167306 2.999703 -6.338817 -0.0 1e-06 -18.123419 3.648181 -4.905662 -4e-06 0.0 -2e-06 13.910712 10.932388 13.005167 59.959656 3.247495 -1.30391 0.358914 35.799294 0.085721 -6.326686 6.717082 -0.881983 2.24354 -5.255033 -3.180156 14.282877 -0.826594 6.952496 -0.0 -12.690593 -1e-06 15.898112 -17.65782 2.732863 1.665665 -1.95592 -2.878297 4.727794 -4.170584 4.993919 11.020511 1e-06 -0.0 12.109032 -3.735715 -2.866778 0.0 -0.0 0.0 1.291985 -1.928548 -1.498088 14.800115 0.567467 3.865604 14.242553 -1.341738 -6.660648 19.631935 0.143921 -0.648243 50.277573 -0.470772 -6.200373 0.353029 -1.51115 -0.03194 20.222769 3.684305 2.316629 18.787249 1e-06 -1e-06 10.751608 -0.47987 1.397903 0.0 -0.0 0.0 3.273804 0.305947 -0.58011 21.48679 11.830364 2.266131 8.162915 0.0 -0.0 18.399052 -3.798986 -4.940567 3e-06 0.0 -1e-06 -3.854707 1.134717 -26.374798 -0.082166 -0.074268 20.41004 2.192725 6.380612 7.050339 1.680872 -1.924555 -1.708913 0.0 -0.0 2e-06 -6.159863 -9.808927 13.632821 -0.061151 0.367212 33.075047 2.689504 -2.22506 11.397459 -1.639242 0.707404 -31.128984 0.0 -0.0 -1e-06 
0.0 0.0 0.0 0.0 -0.0 0.0 -7.704102 96.594833 78.760284 2.686884 -4.168221 -2.183877 -1.540657 0.098119 -0.231847 -0.766096 1.509564 -4.834179 -0.933137 -0.711834 10.134743 2.42297 1.664644 2.856467 -1.16889 -0.749727 -3.510643 0.618571 -1.417652 -6.755499 7.7e-05 -2.2e-05 6e-06 0.02319 0.018101 0.027334 0.723936 -3.692414 -10.558767 -0.68588 3.724931 -10.571281 -14.41891 -4.133197 14.620996 -59.792992 -9.753252 30.666334 -0.248805 -17.911602 0.125152 7.090936 -4.223841 -5.844024 -5.882102 9.861279 0.70259 -10.936861 -0.360574 7.156197 0.0 8.774815 -0.0 -16.457762 18.145502 5.54262 -1.844031 2.498503 -2.507276 -10.16359 4.678941 4.621104 -20.975996 -1e-06 1e-06 -21.226254 2.451698 -3.593995 0.0 -6e-06 -0.0 -1.362681 2.240797 -0.746323 -21.334892 0.58491 3.008319 -13.821196 -1e-06 1e-06 -23.887129 -0.249075 -0.839485 -60.638153 2.381542 -1.578172 -0.294025 1.679686 0.833255 -14.218195 0.093215 1.300579 -34.212002 -0.287561 0.967166 -20.033176 0.964536 1.212838 0.0 -0.0 0.0 -3.440387 0.788233 0.501655 -15.928172 -3.167306 2.999703 -6.338817 -0.0 1e-06 -18.123419 3.648181 -4.905662 -4e-06 0.0 -2e-06 13.186749 10.817932 13.449352 61.751789 2.234346 -0.29421 0.05585 34.490936 -0.034085 -5.264833 5.605271 -0.717853 2.24354 -5.255033 -3.180156 14.282877 -0.826594 6.952496 -0.0 -12.690593 -1e-06 16.133112 -17.642422 2.675099 1.665665 -1.95592 -2.878297 4.727794 -4.170584 4.993919 11.020511 1e-06 -0.0 12.109032 -3.735715 -2.866778 0.0 -0.0 0.0 1.291985 -1.928548 -1.498088 14.800115 0.567467 3.865604 14.242553 -1.341738 -6.660648 19.631935 0.143921 -0.648243 50.193077 -0.51872 -6.251367 0.353029 -1.51115 -0.03194 20.222769 3.684305 2.316629 18.787249 1e-06 -1e-06 10.751608 -0.47987 1.397903 0.0 -0.0 0.0 3.273804 0.305947 -0.58011 21.48679 11.830364 2.266131 8.162915 0.0 -0.0 18.399052 -3.798986 -4.940567 3e-06 0.0 -1e-06 -5.418187 0.865009 -23.102079 -0.067075 -0.044012 22.25205 3.168798 6.916087 2.748903 1.63673 -1.956119 -1.38799 0.0 -0.0 2e-06 -8.595768 -9.519435 7.536972 0.025212 0.378553 46.00016 1.90089 -3.068081 22.992161 -1.412499 0.685163 -20.292294 0.0 -0.0 -1e-06 
0.0 0.0 0.0 0.0 -0.0 0.0 -7.383906 97.165749 83.28949 3.800905 -4.726041 -2.929408 -2.182511 0.013313 0.289799 -0.845283 1.515546 -4.664659 -1.101834 -0.794219 10.248764 2.284042 1.877019 2.766081 -0.941965 -0.365732 -3.559381 0.630807 -1.017308 -7.302073 7.7e-05 -2.2e-05 6e-06 0.024338 0.077302 0.042564 0.733362 -3.643229 -10.569201 -0.693856 3.796924 -10.574367 -14.226444 -4.07988 14.747058 -59.14267 -10.167591 31.345467 -0.18726 -19.314922 0.099038 7.136769 -4.398678 -7.325053 -5.882102 9.861279 0.70259 -10.936861 -0.360574 7.156197 0.0 8.774815 -0.0 -16.412088 18.2017 5.623682 -1.844031 2.498503 -2.507276 -10.16359 4.678941 4.621104 -20.975996 -1e-06 1e-06 -21.226254 2.451698 -3.593995 0.0 -6e-06 -0.0 -1.362681 2.240797 -0.746323 -21.334892 0.58491 3.008319 -13.821196 -1e-06 1e-06 -23.887129 -0.249075 -0.839485 -60.530224 2.257112 -1.521126 -0.294025 1.679686 0.833255 -14.218195 0.093215 1.300579 -34.212002 -0.287561 0.967166 -20.033176 0.964536 1.212838 0.0 -0.0 0.0 -3.440387 0.788233 0.501655 -15.928172 -3.167306 2.999703 -6.338817 -0.0 1e-06 -18.123419 3.648181 -4.905662 -4e-06 0.0 -2e-06 13.229003 10.821346 13.759922 62.298244 1.545055 1.567723 -0.349071 33.39529 -0.259202 -4.199956 5.107921 -0.782023 2.24354 -5.255033 -3.180156 14.282877 -0.826594 6.952496 -0.0 -12.690593 -1e-06 16.32933 -17.599234 2.64234 1.665665 -1.95592 -2.878297 4.727794 -4.170584 4.993919 11.020511 1e-06 -0.0 12.109032 -3.735715 -2.866778 0.0 -0.0 0.0 1.291985 -1.928548 -1.498088 14.800115 0.567467 3.865604 14.242553 -1.341738 -6.660648 19.631935 0.143921 -0.648243 50.092644 -0.609778 -6.202357 0.353029 -1.51115 -0.03194 20.222769 3.684305 2.316629 18.787249 1e-06 -1e-06 10.751608 -0.47987 1.397903 0.0 -0.0 0.0 3.273804 0.305947 -0.58011 21.48679 11.830364 2.266131 8.162915 0.0 -0.0 18.399052 -3.798986 -4.940567 3e-06 0.0 -1e-06 -6.932462 0.972517 -19.084982 0.07517 0.101701 21.935333 3.734495 7.670654 -0.285105 1.627883 -1.991137 -1.405558 0.0 -0.0 2e-06 -10.222707 -8.523438 1.120714 0.027103 0.178037 57.006832 0.198141 -3.400751 27.967699 -1.362447 0.890319 -6.373559 0.0 -0.0 -1e-06 
0.0 0.0 0.0 0.0 -0.0 0.0 -7.254754 97.947678 87.553528 4.124027 -5.214526 -3.604199 -2.432366 -0.029614 0.673525 -0.888413 1.250947 -4.552586 -0.862867 -0.962118 10.544962 2.183836 2.111727 2.922808 -0.779569 -0.075447 -3.563629 0.609947 -0.395469 -7.927996 7.7e-05 -2.2e-05 6e-06 0.02362 0.082568 0.048119 0.738701 -3.641985 -10.591579 -0.700344 3.80936 -10.598713 -14.449989 -3.949074 14.70641 -57.896229 -10.816762 31.755756 -0.230396 -20.250242 0.061813 8.217398 -4.696395 -8.693036 -5.882102 9.861279 0.70259 -10.936861 -0.360574 7.156197 0.0 8.774815 -0.0 -16.291796 18.40852 5.754004 -1.844031 2.498503 -2.507276 -10.16359 4.678941 4.621104 -20.975996 -1e-06 1e-06 -21.226254 2.451698 -3.593995 0.0 -6e-06 -0.0 -1.362681 2.240797 -0.746323 -21.334892 0.58491 3.008319 -13.821196 -1e-06 1e-06 -23.887129 -0.249075 -0.839485 -60.412785 2.260844 -1.480988 -0.294025 1.679686 0.833255 -14.218195 0.093215 1.300579 -34.212002 -0.287561 0.967166 -20.033176 0.964536 1.212838 0.0 -0.0 0.0 -3.440387 0.788233 0.501655 -15.928172 -3.167306 2.999703 -6.338817 -0.0 1e-06 -18.123419 3.648181 -4.905662 -4e-06 0.0 -2e-06 13.455606 10.850897 13.823524 62.428516 1.076653 3.274829 -0.507735 32.318802 -0.369561 -3.633361 5.047894 -0.805047 2.24354 -5.255033 -3.180156 14.282877 -0.826594 6.952496 -0.0 -12.690593 -1e-06 16.387653 -17.615017 2.601903 1.665665 -1.95592 -2.878297 4.727794 -4.170584 4.993919 11.020511 1e-06 -0.0 12.109032 -3.735715 -2.866778 0.0 -0.0 0.0 1.291985 -1.928548 -1.498088 14.800115 0.567467 3.865604 14.242553 -1.341738 -6.660648 19.631935 0.143921 -0.648243 50.183601 -0.6083 -6.17495 0.353029 -1.51115 -0.03194 20.222769 3.684305 2.316629 18.787249 1e-06 -1e-06 10.751608 -0.47987 1.397903 0.0 -0.0 0.0 3.273804 0.305947 -0.58011 21.48679 11.830364 2.266131 8.162915 0.0 -0.0 18.399052 -3.798986 -4.940567 3e-06 0.0 -1e-06 -7.512291 1.297969 -14.174253 0.15449 0.113263 19.391764 3.877033 8.255322 -2.046903 1.61325 -2.019892 -1.234887 0.0 -0.0 2e-06 -10.268084 -7.698106 -4.6685 0.039186 -0.050703 64.738113 -0.957839 -3.951083 22.425398 -1.454083 0.921549 -4.798724 0.0 -0.0 -1e-06 
0.0 0.0 0.0 0.0 -0.0 0.0 -7.268901 98.754868 91.755402 3.633965 -5.385165 -4.283792 -2.300673 -0.133066 1.028894 -0.798381 0.862004 -4.426209 -0.312578 -1.250411 10.755854 2.223835 2.209416 3.435262 -0.618432 0.189495 -3.542876 0.624231 0.16743 -8.034752 7.7e-05 -2.2e-05 6e-06 0.024214 0.075746 0.044068 0.733248 -3.652294 -10.607828 -0.692059 3.807963 -10.619895 -14.269071 -4.104749 14.760138 -57.133892 -11.720689 31.902168 -0.331836 -20.576157 0.059296 9.421094 -4.380499 -8.938186 -5.882102 9.861279 0.70259 -10.936861 -0.360574 7.156197 0.0 8.774815 -0.0 -16.135223 18.548538 5.899915 -1.844031 2.498503 -2.507276 -10.16359 4.678941 4.621104 -20.975996 -1e-06 1e-06 -21.226254 2.451698 -3.593995 0.0 -6e-06 -0.0 -1.362681 2.240797 -0.746323 -21.334892 0.58491 3.008319 -13.821196 -1e-06 1e-06 -23.887129 -0.249075 -0.839485 -60.297527 2.24797 -1.376568 -0.294025 1.679686 0.833255 -14.218195 0.093215 1.300579 -34.212002 -0.287561 0.967166 -20.033176 0.964536 1.212838 0.0 -0.0 0.0 -3.440387 0.788233 0.501655 -15.928172 -3.167306 2.999703 -6.338817 -0.0 1e-06 -18.123419 3.648181 -4.905662 -4e-06 0.0 -2e-06 13.28831 10.728612 13.894312 62.977356 0.818348 4.286033 -0.531012 31.286665 -0.329289 -3.322004 4.818835 -0.747667 2.24354 -5.255033 -3.180156 14.282877 -0.826594 6.952496 -0.0 -12.690593 -1e-06 16.4123 -17.64419 2.5839 1.665665 -1.95592 -2.878297 4.727794 -4.170584 4.993919 11.020511 1e-06 -0.0 12.109032 -3.735715 -2.866778 0.0 -0.0 0.0 1.291985 -1.928548 -1.498088 14.800115 0.567467 3.865604 14.242553 -1.341738 -6.660648 19.631935 0.143921 -0.648243 50.272156 -0.556636 -6.099384 0.353029 -1.51115 -0.03194 20.222769 3.684305 2.316629 18.787249 1e-06 -1e-06 10.751608 -0.47987 1.397903 0.0 -0.0 0.0 3.273804 0.305947 -0.58011 21.48679 11.830364 2.266131 8.162915 0.0 -0.0 18.399052 -3.798986 -4.940567 3e-06 0.0 -1e-06 -7.118102 1.854368 -8.656109 0.133463 0.02784 15.655991 3.838074 8.209919 -3.157382 1.616897 -2.015836 -1.064124 0.0 -0.0 2e-06 -8.848627 -7.323678 -9.718646 0.032782 -0.18917 68.346306 -1.961998 -5.170105 16.679209 -1.512083 0.929686 -4.515724 0.0 -0.0 -1e-06 
0.0 0.0 0.0 0.0 -0.0 0.0 -7.381288 99.408295 95.948647 2.780612 -5.143522 -4.977942 -2.060373 -0.225198 1.403931 -0.644911 0.377762 -4.263826 0.361408 -1.680659 10.790969 2.468581 2.069677 4.152224 -0.430417 0.486103 -3.520377 0.618099 0.551768 -7.696958 7.7e-05 -2.2e-05 6e-06 0.024568 0.065601 0.042674 0.724753 -3.666445 -10.623026 -0.680607 3.802421 -10.635961 -13.631824 -4.533154 14.857364 -56.757515 -12.52037 31.931705 -0.412832 -21.207069 0.064634 10.069303 -3.74309 -8.573229 -5.882102 9.861279 0.70259 -10.936861 -0.360574 7.156197 0.0 8.774815 -0.0 -15.971616 18.5872 6.03585 -1.844031 2.498503 -2.507276 -10.16359 4.678941 4.621104 -20.975996 -1e-06 1e-06 -21.226254 2.451698 -3.593995 0.0 -6e-06 -0.0 -1.362681 2.240797 -0.746323 -21.334892 0.58491 3.008319 -13.821196 -1e-06 1e-06 -23.887129 -0.249075 -0.839485 -60.231342 2.2901 -1.28817 -0.294025 1.679686 0.833255 -14.218195 0.093215 1.300579 -34.212002 -0.287561 0.967166 -20.033176 0.964536 1.212838 0.0 -0.0 0.0 -3.440387 0.788233 0.501655 -15.928172 -3.167306 2.999703 -6.338817 -0.0 1e-06 -18.123419 3.648181 -4.905662 -4e-06 0.0 -2e-06 13.018144 10.422355 13.965549 63.681305 0.383079 4.592743 -0.511825 30.713934 -0.233719 -2.904594 4.510064 -0.516182 2.24354 -5.255033 -3.180156 14.282877 -0.826594 6.952496 -0.0 -12.690593 -1e-06 16.383461 -17.652763 2.584277 1.665665 -1.95592 -2.878297 4.727794 -4.170584 4.993919 11.020511 1e-06 -0.0 12.109032 -3.735715 -2.866778 0.0 -0.0 0.0 1.291985 -1.928548 -1.498088 14.800115 0.567467 3.865604 14.242553 -1.341738 -6.660648 19.631935 0.143921 -0.648243 50.174156 -0.546407 -6.106962 0.353029 -1.51115 -0.03194 20.222769 3.684305 2.316629 18.787249 1e-06 -1e-06 10.751608 -0.47987 1.397903 0.0 -0.0 0.0 3.273804 0.305947 -0.58011 21.48679 11.830364 2.266131 8.162915 0.0 -0.0 18.399052 -3.798986 -4.940567 3e-06 0.0 -1e-06 -6.212639 2.452879 -2.927397 0.086434 -0.075296 11.536645 3.626352 7.612969 -3.805997 1.625832 -1.971579 -0.979867 0.0 -0.0 2e-06 -6.881072 -7.519197 -13.787455 0.022283 -0.282234 67.917671 -2.260181 -6.136111 12.554345 -1.507865 0.912915 -4.60388 0.0 -0.0 -1e-06 
0.0 0.0 0.0 0.0 -0.0 0.0 -7.585508 99.765984 100.090614 1.870072 -4.613863 -5.467214 -1.834783 -0.27684 1.686126 -0.509296 -0.122635 -4.133549 1.049468 -2.160841 10.78471 2.879233 1.752228 4.732153 -0.275553 0.803548 -3.51607 0.601016 0.728212 -7.253789 7.7e-05 -2.2e-05 6e-06 0.025044 0.047754 0.039022 0.718024 -3.687498 -10.645105 -0.670759 3.787388 -10.654123 -12.943608 -5.029689 14.846064 -56.220249 -13.094207 31.618166 -0.502776 -22.697056 0.086583 10.328729 -3.363552 -8.268236 -5.882102 9.861279 0.70259 -10.936861 -0.360574 7.156197 0.0 8.774815 -0.0 -15.784258 18.5748 6.167528 -1.844031 2.498503 -2.507276 -10.16359 4.678941 4.621104 -20.975996 -1e-06 1e-06 -21.226254 2.451698 -3.593995 0.0 -6e-06 -0.0 -1.362681 2.240797 -0.746323 -21.334892 0.58491 3.008319 -13.821196 -1e-06 1e-06 -23.887129 -0.249075 -0.839485 -60.232681 2.369422 -1.232919 -0.294025 1.679686 0.833255 -14.218195 0.093215 1.300579 -34.212002 -0.287561 0.967166 -20.033176 0.964536 1.212838 0.0 -0.0 0.0 -3.440387 0.788233 0.501655 -15.928172 -3.167306 2.999703 -6.338817 -0.0 1e-06 -18.123419 3.648181 -4.905662 -4e-06 0.0 -2e-06 13.106462 9.974459 13.962971 63.983028 -0.42905 4.500136 -0.508718 30.897078 -0.158414 -2.401952 4.501684 -0.389457 2.24354 -5.255033 -3.180156 14.282877 -0.826594 6.952496 -0.0 -12.690593 -1e-06 16.309816 -17.678974 2.630282 1.665665 -1.95592 -2.878297 4.727794 -4.170584 4.993919 11.020511 1e-06 -0.0 12.109032 -3.735715 -2.866778 0.0 -0.0 0.0 1.291985 -1.928548 -1.498088 14.800115 0.567467 3.865604 14.242553 -1.341738 -6.660648 19.631935 0.143921 -0.648243 49.992119 -0.592361 -6.18578 0.353029 -1.51115 -0.03194 20.222769 3.684305 2.316629 18.787249 1e-06 -1e-06 10.751608 -0.47987 1.397903 0.0 -0.0 0.0 3.273804 0.305947 -0.58011 21.48679 11.830364 2.266131 8.162915 0.0 -0.0 18.399052 -3.798986 -4.940567 3e-06 0.0 -1e-06 -5.026034 3.033753 2.468436 0.047575 -0.121097 7.510715 3.233455 6.617061 -4.42148 1.637119 -1.897404 -0.889956 0.0 -0.0 2e-06 -4.918159 -8.262139 -17.249512 -0.025139 -0.346965 64.043716 -1.693579 -6.552439 9.687555 -1.48013 0.884352 -4.804552 0.0 -0.0 -1e-06 
0.0 0.0 0.0 0.0 -0.0 0.0 -7.86728 99.786987 104.150749 1.178475 -4.003875 -5.591571 -1.72087 -0.283182 1.805158 -0.441421 -0.545131 -4.083023 1.64976 -2.557858 10.835581 3.41594 1.377721 4.897801 -0.233365 1.080299 -3.531445 0.636638 0.734115 -6.977578 7.7e-05 -2.2e-05 6e-06 0.023514 0.015772 0.029767 0.706692 -3.718031 -10.66196 -0.660962 3.754065 -10.661201 -12.411664 -5.500708 14.695401 -55.372311 -13.617632 31.003923 -0.5834 -24.77861 0.107706 10.628822 -3.34614 -8.69864 -5.882102 9.861279 0.70259 -10.936861 -0.360574 7.156197 0.0 8.774815 -0.0 -15.58 18.531742 6.284429 -1.844031 2.498503 -2.507276 -10.16359 4.678941 4.621104 -20.975996 -1e-06 1e-06 -21.226254 2.451698 -3.593995 0.0 -6e-06 -0.0 -1.362681 2.240797 -0.746323 -21.334892 0.58491 3.008319 -13.821196 -1e-06 1e-06 -23.887129 -0.249075 -0.839485 -60.197697 2.443297 -1.178723 -0.294025 1.679686 0.833255 -14.218195 0.093215 1.300579 -34.212002 -0.287561 0.967166 -20.033176 0.964536 1.212838 0.0 -0.0 0.0 -3.440387 0.788233 0.501655 -15.928172 -3.167306 2.999703 -6.338817 -0.0 1e-06 -18.123419 3.648181 -4.905662 -4e-06 0.0 -2e-06 13.599994 9.439929 13.921336 63.845646 -1.383807 4.022285 -0.462313 31.604731 -0.117573 -2.099566 4.920061 -0.668727 2.24354 -5.255033 -3.180156 14.282877 -0.826594 6.952496 -0.0 -12.690593 -1e-06 16.270697 -17.741941 2.683688 1.665665 -1.95592 -2.878297 4.727794 -4.170584 4.993919 11.020511 1e-06 -0.0 12.109032 -3.735715 -2.866778 0.0 -0.0 0.0 1.291985 -1.928548 -1.498088 14.800115 0.567467 3.865604 14.242553 -1.341738 -6.660648 19.631935 0.143921 -0.648243 49.869228 -0.664025 -6.267143 0.353029 -1.51115 -0.03194 20.222769 3.684305 2.316629 18.787249 1e-06 -1e-06 10.751608 -0.47987 1.397903 0.0 -0.0 0.0 3.273804 0.305947 -0.58011 21.48679 11.830364 2.266131 8.162915 0.0 -0.0 18.399052 -3.798986 -4.940567 3e-06 0.0 -1e-06 -4.051375 3.569664 6.913388 0.02079 -0.102585 4.463223 2.956083 5.526956 -5.307137 1.65347 -1.834612 -0.72282 0.0 -0.0 2e-06 -3.261884 -9.363159 -20.296503 -0.093637 -0.345188 57.148975 -0.494118 -6.695098 7.907517 -1.462911 0.881163 -5.000983 0.0 -0.0 -1e-06 
0.0 0.0 0.0 0.0 -0.0 0.0 -8.195045 99.486771 108.152794 0.928225 -3.45807 -5.421766 -1.811384 -0.267673 1.777869 -0.43906 -0.896128 -4.087379 2.004089 -2.802642 10.963098 4.056653 1.013748 4.69199 -0.296546 1.232173 -3.543389 0.718095 0.734201 -6.975612 7.7e-05 -2.2e-05 6e-06 0.019357 -0.013767 0.029199 0.687995 -3.745144 -10.656948 -0.649889 3.722769 -10.646395 -11.98369 -5.956169 14.528019 -54.379677 -14.339435 30.358374 -0.603422 -26.75202 0.095946 11.120305 -3.368347 -9.629601 -5.882102 9.861279 0.70259 -10.936861 -0.360574 7.156197 0.0 8.774815 -0.0 -15.430143 18.492136 6.373518 -1.844031 2.498503 -2.507276 -10.16359 4.678941 4.621104 -20.975996 -1e-06 1e-06 -21.226254 2.451698 -3.593995 0.0 -6e-06 -0.0 -1.362681 2.240797 -0.746323 -21.334892 0.58491 3.008319 -13.821196 -1e-06 1e-06 -23.887129 -0.249075 -0.839485 -60.118511 2.491165 -1.117857 -0.294025 1.679686 0.833255 -14.218195 0.093215 1.300579 -34.212002 -0.287561 0.967166 -20.033176 0.964536 1.212838 0.0 -0.0 0.0 -3.440387 0.788233 0.501655 -15.928172 -3.167306 2.999703 -6.338817 -0.0 1e-06 -18.123419 3.648181 -4.905662 -4e-06 0.0 -2e-06 14.198884 8.906649 13.844299 63.684822 -2.180567 3.264184 -0.32452 32.348175 -0.088921 -2.148281 5.550371 -1.047123 2.24354 -5.255033 -3.180156 14.282877 -0.826594 6.952496 -0.0 -12.690593 -1e-06 16.309906 -17.794001 2.679979 1.665665 -1.95592 -2.878297 4.727794 -4.170584 4.993919 11.020511 1e-06 -0.0 12.109032 -3.735715 -2.866778 0.0 -0.0 0.0 1.291985 -1.928548 -1.498088 14.800115 0.567467 3.865604 14.242553 -1.341738 -6.660648 19.631935 0.143921 -0.648243 49.902958 -0.713227 -6.298885 0.353029 -1.51115 -0.03194 20.222769 3.684305 2.316629 18.787249 1e-06 -1e-06 10.751608 -0.47987 1.397903 0.0 -0.0 0.0 3.273804 0.305947 -0.58011 21.48679 11.830364 2.266131 8.162915 0.0 -0.0 18.399052 -3.798986 -4.940567 3e-06 0.0 -1e-06 -3.492329 4.039092 10.25365 -9.6e-05 -0.059619 2.844246 2.771329 4.639665 -6.702211 1.671153 -1.821963 -0.553385 0.0 -0.0 2e-06 -2.083637 -10.616813 -22.734537 -0.102814 -0.241499 47.64341 0.777375 -6.937688 7.17084 -1.456687 0.911799 -5.237184 0.0 -0.0 -1e-06 
0.0 0.0 0.0 0.0 -0.0 0.0 -8.575828 98.956139 112.213203 0.99674 -3.027009 -5.043651 -1.9948 -0.259153 1.632246 -0.45443 -1.185149 -4.132405 2.081777 -2.925959 11.145707 4.620979 0.682252 4.242584 -0.341023 1.269744 -3.534223 0.817075 0.797652 -7.107852 7.7e-05 -2.2e-05 6e-06 0.01129 -0.019172 0.035049 0.670797 -3.750623 -10.644197 -0.648704 3.718195 -10.628407 -11.626109 -6.37654 14.452544 -53.448395 -15.338556 29.88686 -0.485229 -28.052649 0.040698 11.640451 -3.246589 -10.491937 -5.882102 9.861279 0.70259 -10.936861 -0.360574 7.156197 0.0 8.774815 -0.0 -15.350772 18.468363 6.411267 -1.844031 2.498503 -2.507276 -10.16359 4.678941 4.621104 -20.975996 -1e-06 1e-06 -21.226254 2.451698 -3.593995 0.0 -6e-06 -0.0 -1.362681 2.240797 -0.746323 -21.334892 0.58491 3.008319 -13.821196 -1e-06 1e-06 -23.887129 -0.249075 -0.839485 -60.101757 2.485544 -1.086543 -0.294025 1.679686 0.833255 -14.218195 0.093215 1.300579 -34.212002 -0.287561 0.967166 -20.033176 0.964536 1.212838 0.0 -0.0 0.0 -3.440387 0.788233 0.501655 -15.928172 -3.167306 2.999703 -6.338817 -0.0 1e-06 -18.123419 3.648181 -4.905662 -4e-06 0.0 -2e-06 14.638081 8.459601 13.704503 63.759666 -2.773702 2.515663 -0.136363 32.855446 -0.00974 -2.396476 6.121982 -1.301037 2.24354 -5.255033 -3.180156 14.282877 -0.826594 6.952496 -0.0 -12.690593 -1e-06 16.37019 -17.79553 2.643086 1.665665 -1.95592 -2.878297 4.727794 -4.170584 4.993919 11.020511 1e-06 -0.0 12.109032 -3.735715 -2.866778 0.0 -0.0 0.0 1.291985 -1.928548 -1.498088 14.800115 0.567467 3.865604 14.242553 -1.341738 -6.660648 19.631935 0.143921 -0.648243 50.082096 -0.704887 -6.246467 0.353029 -1.51115 -0.03194 20.222769 3.684305 2.316629 18.787249 1e-06 -1e-06 10.751608 -0.47987 1.397903 0.0 -0.0 0.0 3.273804 0.305947 -0.58011 21.48679 11.830364 2.266131 8.162915 0.0 -0.0 18.399052 -3.798986 -4.940567 3e-06 0.0 -1e-06 -3.1799 4.393806 12.947772 -0.012978 0.004828 2.095256 2.581409 4.068454 -8.35348 1.682009 -1.848293 -0.513042 0.0 -0.0 2e-06 -1.13198 -11.952025 -24.241348 -0.024388 -0.116873 35.628799 1.376144 -7.509447 7.795628 -1.458091 0.968888 -5.447967 0.0 -0.0 -1e-06 
0.0 0.0 0.0 0.0 -0.0 0.0 -9.044761 98.238663 116.363525 1.285406 -2.682341 -4.60755 -2.222453 -0.24692 1.479863 -0.494299 -1.356139 -4.227072 1.962483 -3.027189 11.321264 5.020212 0.444343 3.697587 -0.252586 1.246771 -3.507177 0.876815 0.84095 -7.369621 7.7e-05 -2.2e-05 6e-06 0.002531 0.001744 0.039194 0.66935 -3.73138 -10.652885 -0.664987 3.742291 -10.636183 -11.240931 -6.784839 14.55084 -52.829884 -16.558113 29.413202 -0.302401 -28.520962 -0.044634 12.011807 -3.054047 -10.939337 -5.882102 9.861279 0.70259 -10.936861 -0.360574 7.156197 0.0 8.774815 -0.0 -15.348024 18.470755 6.39238 -1.844031 2.498503 -2.507276 -10.16359 4.678941 4.621104 -20.975996 -1e-06 1e-06 -21.226254 2.451698 -3.593995 0.0 -6e-06 -0.0 -1.362681 2.240797 -0.746323 -21.334892 0.58491 3.008319 -13.821196 -1e-06 1e-06 -23.887129 -0.249075 -0.839485 -60.200928 2.47373 -1.161238 -0.294025 1.679686 0.833255 -14.218195 0.093215 1.300579 -34.212002 -0.287561 0.967166 -20.033176 0.964536 1.212838 0.0 -0.0 0.0 -3.440387 0.788233 0.501655 -15.928172 -3.167306 2.999703 -6.338817 -0.0 1e-06 -18.123419 3.648181 -4.905662 -4e-06 0.0 -2e-06 14.763654 8.130867 13.59654 64.181023 -3.151027 2.117197 -0.089611 32.980892 0.065625 -2.530873 6.629059 -1.141146 2.24354 -5.255033 -3.180156 14.282877 -0.826594 6.952496 -0.0 -12.690593 -1e-06 16.435677 -17.813828 2.631198 1.665665 -1.95592 -2.878297 4.727794 -4.170584 4.993919 11.020511 1e-06 -0.0 12.109032 -3.735715 -2.866778 0.0 -0.0 0.0 1.291985 -1.928548 -1.498088 14.800115 0.567467 3.865604 14.242553 -1.341738 -6.660648 19.631935 0.143921 -0.648243 50.452305 -0.6561 -6.171196 0.353029 -1.51115 -0.03194 20.222769 3.684305 2.316629 18.787249 1e-06 -1e-06 10.751608 -0.47987 1.397903 0.0 -0.0 0.0 3.273804 0.305947 -0.58011 21.48679 11.830364 2.266131 8.162915 0.0 -0.0 18.399052 -3.798986 -4.940567 3e-06 0.0 -1e-06 -3.031422 4.777874 15.452282 0.008101 0.079463 1.757734 2.320514 3.570255 -9.942763 1.686242 -1.889631 -0.744981 0.0 -0.0 2e-06 -0.239057 -13.370406 -24.636669 0.101505 -0.082358 21.627331 1.709269 -7.823392 8.45427 -1.455414 1.026544 -5.229239 0.0 -0.0 -1e-06 
0.0 0.0 0.0 0.0 -0.0 0.0 -9.637364 97.356361 120.617889 1.787225 -2.407356 -4.169439 -2.509901 -0.234591 1.284421 -0.571218 -1.382699 -4.333216 1.693114 -3.115525 11.460025 5.371757 0.303334 3.080704 -0.21745 1.146398 -3.47207 0.864839 0.663321 -7.691969 7.7e-05 -2.2e-05 6e-06 0.002122 0.030722 0.024948 0.691535 -3.706707 -10.699493 -0.688796 3.7784 -10.690873 -10.880593 -7.166514 14.506256 -52.527798 -17.576462 29.249228 -0.077736 -28.300335 -0.059613 12.135036 -2.789845 -11.061049 -5.882102 9.861279 0.70259 -10.936861 -0.360574 7.156197 0.0 8.774815 -0.0 -15.360018 18.459044 6.384387 -1.844031 2.498503 -2.507276 -10.16359 4.678941 4.621104 -20.975996 -1e-06 1e-06 -21.226254 2.451698 -3.593995 0.0 -6e-06 -0.0 -1.362681 2.240797 -0.746323 -21.334892 0.58491 3.008319 -13.821196 -1e-06 1e-06 -23.887129 -0.249075 -0.839485 -60.204075 2.543523 -1.463054 -0.294025 1.679686 0.833255 -14.218195 0.093215 1.300579 -34.212002 -0.287561 0.967166 -20.033176 0.964536 1.212838 0.0 -0.0 0.0 -3.440387 0.788233 0.501655 -15.928172 -3.167306 2.999703 -6.338817 -0.0 1e-06 -18.123419 3.648181 -4.905662 -4e-06 0.0 -2e-06 14.731978 7.892443 13.391252 64.711487 -3.609984 2.139446 -0.053962 32.788094 0.141346 -2.354723 6.949889 -0.252149 2.24354 -5.255033 -3.180156 14.282877 -0.826594 6.952496 -0.0 -12.690593 -1e-06 16.43046 -17.852161 2.620709 1.665665 -1.95592 -2.878297 4.727794 -4.170584 4.993919 11.020511 1e-06 -0.0 12.109032 -3.735715 -2.866778 0.0 -0.0 0.0 1.291985 -1.928548 -1.498088 14.800115 0.567467 3.865604 14.242553 -1.341738 -6.660648 19.631935 0.143921 -0.648243 50.584908 -0.731839 -6.225569 0.353029 -1.51115 -0.03194 20.222769 3.684305 2.316629 18.787249 1e-06 -1e-06 10.751608 -0.47987 1.397903 0.0 -0.0 0.0 3.273804 0.305947 -0.58011 21.48679 11.830364 2.266131 8.162915 0.0 -0.0 18.399052 -3.798986 -4.940567 3e-06 0.0 -1e-06 -2.92316 5.275506 18.005318 0.072058 0.157166 1.617141 2.044716 2.67274 -11.172196 1.72941 -1.865609 -1.204658 0.0 -0.0 2e-06 0.319113 -13.994932 -24.580292 0.199327 -0.134454 8.530961 2.772676 -8.011267 7.323781 -1.407983 1.070403 -4.877394 0.0 -0.0 -1e-06 
0.0 0.0 0.0 0.0 -0.0 0.0 -10.350076 96.436333 125.058022 2.289134 -2.309114 -3.749768 -2.708382 -0.151857 1.012661 -0.688287 -1.438327 -4.416691 1.409131 -3.037765 11.566755 5.490532 0.355953 2.545781 -0.121405 1.047672 -3.468881 0.820994 0.577783 -7.819075 7.7e-05 -2.2e-05 6e-06 0.010933 0.076304 0.013069 0.699279 -3.662197 -10.716847 -0.678852 3.827062 -10.703832 -11.181336 -7.317792 14.198838 -51.953186 -18.123835 28.995363 -0.153509 -27.803713 -0.083281 12.192741 -2.700744 -10.667784 -5.882102 9.861279 0.70259 -10.936861 -0.360574 7.156197 0.0 8.774815 -0.0 -15.377225 18.408085 6.455919 -1.844031 2.498503 -2.507276 -10.16359 4.678941 4.621104 -20.975996 -1e-06 1e-06 -21.226254 2.451698 -3.593995 0.0 -6e-06 -0.0 -1.362681 2.240797 -0.746323 -21.334892 0.58491 3.008319 -13.821196 -1e-06 1e-06 -23.887129 -0.249075 -0.839485 -60.307404 2.545262 -1.362185 -0.294025 1.679686 0.833255 -14.218195 0.093215 1.300579 -34.212002 -0.287561 0.967166 -20.033176 0.964536 1.212838 0.0 -0.0 0.0 -3.440387 0.788233 0.501655 -15.928172 -3.167306 2.999703 -6.338817 -0.0 1e-06 -18.123419 3.648181 -4.905662 -4e-06 0.0 -2e-06 14.962023 7.776617 13.172908 64.86599 -4.096377 2.515595 -0.028066 32.294865 0.179489 -1.877488 6.997254 1.120929 2.24354 -5.255033 -3.180156 14.282877 -0.826594 6.952496 -0.0 -12.690593 -1e-06 16.398722 -17.810431 2.593426 1.665665 -1.95592 -2.878297 4.727794 -4.170584 4.993919 11.020511 1e-06 -0.0 12.109032 -3.735715 -2.866778 0.0 -0.0 0.0 1.291985 -1.928548 -1.498088 14.800115 0.567467 3.865604 14.242553 -1.341738 -6.660648 19.631935 0.143921 -0.648243 50.435791 -0.744108 -6.311203 0.353029 -1.51115 -0.03194 20.222769 3.684305 2.316629 18.787249 1e-06 -1e-06 10.751608 -0.47987 1.397903 0.0 -0.0 0.0 3.273804 0.305947 -0.58011 21.48679 11.830364 2.266131 8.162915 0.0 -0.0 18.399052 -3.798986 -4.940567 3e-06 0.0 -1e-06 -2.623826 5.838744 20.593859 0.030911 0.120241 1.63074 1.550488 1.648933 -11.537482 1.762136 -1.797689 -2.278436 0.0 -0.0 2e-06 0.50845 -13.520406 -25.116186 0.187362 -0.086067 0.17308 4.041458 -8.507146 4.837496 -1.349727 1.101378 -4.828351 0.0 -0.0 -1e-06 
0.0 0.0 0.0 0.0 -0.0 0.0 -11.185532 95.626343 129.741058 2.564821 -2.293195 -3.365091 -2.737424 -0.098891 0.677195 -0.736051 -1.564991 -4.503492 1.189029 -2.904127 11.669239 5.401135 0.440001 2.12682 -0.118693 1.055892 -3.456298 0.749947 0.535881 -7.905976 7.7e-05 -2.2e-05 6e-06 0.009644 0.080063 0.012915 0.691556 -3.659832 -10.703886 -0.673333 3.832487 -10.672416 -11.725109 -7.323139 13.956371 -51.744461 -18.152803 28.085127 -0.315311 -27.239855 -0.115993 12.57548 -3.058332 -10.231653 -5.882102 9.861279 0.70259 -10.936861 -0.360574 7.156197 0.0 8.774815 -0.0 -15.469752 18.318722 6.481469 -1.844031 2.498503 -2.507276 -10.16359 4.678941 4.621104 -20.975996 -1e-06 1e-06 -21.226254 2.451698 -3.593995 0.0 -6e-06 -0.0 -1.362681 2.240797 -0.746323 -21.334892 0.58491 3.008319 -13.821196 -1e-06 1e-06 -23.887129 -0.249075 -0.839485 -60.596283 2.507616 -1.140252 -0.294025 1.679686 0.833255 -14.218195 0.093215 1.300579 -34.212002 -0.287561 0.967166 -20.033176 0.964536 1.212838 0.0 -0.0 0.0 -3.440387 0.788233 0.501655 -15.928172 -3.167306 2.999703 -6.338817 -0.0 1e-06 -18.123419 3.648181 -4.905662 -4e-06 0.0 -2e-06 15.349448 7.807325 13.239835 64.710701 -4.277882 2.938721 -0.091044 31.405476 0.160301 -1.517592 6.892958 1.921091 2.24354 -5.255033 -3.180156 14.282877 -0.826594 6.952496 -0.0 -12.690593 -1e-06 16.4699 -17.792023 2.522704 1.665665 -1.95592 -2.878297 4.727794 -4.170584 4.993919 11.020511 1e-06 -0.0 12.109032 -3.735715 -2.866778 0.0 -0.0 0.0 1.291985 -1.928548 -1.498088 14.800115 0.567467 3.865604 14.242553 -1.341738 -6.660648 19.631935 0.143921 -0.648243 50.183506 -0.665534 -6.376257 0.353029 -1.51115 -0.03194 20.222769 3.684305 2.316629 18.787249 1e-06 -1e-06 10.751608 -0.47987 1.397903 0.0 -0.0 0.0 3.273804 0.305947 -0.58011 21.48679 11.830364 2.266131 8.162915 0.0 -0.0 18.399052 -3.798986 -4.940567 3e-06 0.0 -1e-06 -2.001442 6.130038 23.059746 0.006802 0.008129 2.069858 0.79792 0.576302 -10.52817 1.797586 -1.77457 -4.297476 0.0 -0.0 2e-06 0.70717 -12.867401 -26.377333 0.118334 0.002843 -1.363097 4.297921 -9.341923 2.332842 -1.320738 1.111729 -5.035159 0.0 -0.0 -1e-06 
0.0 0.0 0.0 0.0 -0.0 0.0 -12.172342 95.053192 134.691284 2.11083 -2.377856 -2.732123 -2.333941 0.032182 0.022004 -0.664539 -1.728063 -4.675098 1.23054 -2.834879 11.785326 5.139107 0.661652 1.746478 -0.214332 1.015787 -3.451288 0.72166 0.348372 -7.63449 7.7e-05 -2.2e-05 6e-06 0.000712 0.068948 0.021362 0.681252 -3.66703 -10.648292 -0.680189 3.816124 -10.605069 -12.747586 -7.123355 13.852019 -51.633087 -17.611465 26.980576 -0.368412 -26.816528 -0.116896 12.996655 -3.603056 -10.084963 -5.882102 9.861279 0.70259 -10.936861 -0.360574 7.156197 0.0 8.774815 -0.0 -15.596261 18.232563 6.388907 -1.844031 2.498503 -2.507276 -10.16359 4.678941 4.621104 -20.975996 -1e-06 1e-06 -21.226254 2.451698 -3.593995 0.0 -6e-06 -0.0 -1.362681 2.240797 -0.746323 -21.334892 0.58491 3.008319 -13.821196 -1e-06 1e-06 -23.887129 -0.249075 -0.839485 -60.69072 2.42401 -1.05811 -0.294025 1.679686 0.833255 -14.218195 0.093215 1.300579 -34.212002 -0.287561 0.967166 -20.033176 0.964536 1.212838 0.0 -0.0 0.0 -3.440387 0.788233 0.501655 -15.928172 -3.167306 2.999703 -6.338817 -0.0 1e-06 -18.123419 3.648181 -4.905662 -4e-06 0.0 -2e-06 16.171488 7.844919 13.286079 63.931103 -4.54846 3.138804 -0.150235 30.328581 0.165159 -1.358432 6.691828 2.306194 2.24354 -5.255033 -3.180156 14.282877 -0.826594 6.952496 -0.0 -12.690593 -1e-06 16.516649 -17.743288 2.438 1.665665 -1.95592 -2.878297 4.727794 -4.170584 4.993919 11.020511 1e-06 -0.0 12.109032 -3.735715 -2.866778 0.0 -0.0 0.0 1.291985 -1.928548 -1.498088 14.800115 0.567467 3.865604 14.242553 -1.341738 -6.660648 19.631935 0.143921 -0.648243 50.110577 -0.529818 -6.345812 0.353029 -1.51115 -0.03194 20.222769 3.684305 2.316629 18.787249 1e-06 -1e-06 10.751608 -0.47987 1.397903 0.0 -0.0 0.0 3.273804 0.305947 -0.58011 21.48679 11.830364 2.266131 8.162915 0.0 -0.0 18.399052 -3.798986 -4.940567 3e-06 0.0 -1e-06 -0.38491 6.38753 24.324154 0.070273 -0.224545 4.579695 -0.066942 -0.791803 -8.191976 1.853233 -1.79078 -8.144988 0.0 -0.0 2e-06 1.30048 -11.546436 -27.371357 0.125378 0.047729 1.740224 2.309508 -9.811808 2.264391 -1.355951 1.128202 -5.638452 0.0 -0.0 -1e-06 
0.0 0.0 0.0 0.0 -0.0 0.0 -13.381356 94.835976 139.957794 0.514553 -2.500548 -1.623071 -1.194313 0.083618 -1.000447 -0.531408 -1.673266 -5.038658 1.673459 -2.912747 11.832488 4.645628 1.013249 1.431904 -0.364082 0.914566 -3.468719 0.69493 0.000992 -6.808186 7.7e-05 -2.2e-05 6e-06 -0.016742 0.048051 0.008887 0.661801 -3.67815 -10.606191 -0.692255 3.783696 -10.57212 -14.49817 -6.718972 13.547093 -51.213608 -16.263182 26.370325 -0.216533 -26.530266 -0.20853 12.913632 -4.299512 -10.359782 -5.882102 9.861279 0.70259 -10.936861 -0.360574 7.156197 0.0 8.774815 -0.0 -15.609872 18.249998 6.285307 -1.844031 2.498503 -2.507276 -10.16359 4.678941 4.621104 -20.975996 -1e-06 1e-06 -21.226254 2.451698 -3.593995 0.0 -6e-06 -0.0 -1.362681 2.240797 -0.746323 -21.334892 0.58491 3.008319 -13.821196 -1e-06 1e-06 -23.887129 -0.249075 -0.839485 -60.468067 2.311532 -1.142429 -0.294025 1.679686 0.833255 -14.218195 0.093215 1.300579 -34.212002 -0.287561 0.967166 -20.033176 0.964536 1.212838 0.0 -0.0 0.0 -3.440387 0.788233 0.501655 -15.928172 -3.167306 2.999703 -6.338817 -0.0 1e-06 -18.123419 3.648181 -4.905662 -4e-06 0.0 -2e-06 17.454512 7.796278 13.071954 62.703316 -5.140173 2.568343 -0.1225 29.122589 0.193701 -1.273595 6.342486 2.83662 2.24354 -5.255033 -3.180156 14.282877 -0.826594 6.952496 -0.0 -12.690593 -1e-06 16.443794 -17.674997 2.402307 1.665665 -1.95592 -2.878297 4.727794 -4.170584 4.993919 11.020511 1e-06 -0.0 12.109032 -3.735715 -2.866778 0.0 -0.0 0.0 1.291985 -1.928548 -1.498088 14.800115 0.567467 3.865604 14.242553 -1.341738 -6.660648 19.631935 0.143921 -0.648243 50.225986 -0.418119 -6.284278 0.353029 -1.51115 -0.03194 20.222769 3.684305 2.316629 18.787249 1e-06 -1e-06 10.751608 -0.47987 1.397903 0.0 -0.0 0.0 3.273804 0.305947 -0.58011 21.48679 11.830364 2.266131 8.162915 0.0 -0.0 18.399052 -3.798986 -4.940567 3e-06 0.0 -1e-06 2.842879 6.912318 23.213938 0.129095 -0.44346 10.605882 -0.933372 -2.726599 -5.090713 1.966256 -1.731693 -14.495397 0.0 -0.0 2e-06 2.772532 -8.942389 -28.492811 0.094318 0.006644 6.914834 -1.104031 -10.107869 5.798357 -1.404804 1.120015 -6.011639 0.0 -0.0 -1e-06 
0.0 0.0 0.0 0.0 -0.0 0.0 -14.784362 94.776138 145.457855 -1.305287 -2.562887 -0.879149 -0.0772 0.104122 -1.619052 -0.330248 -1.771334 -5.356623 2.259087 -2.900016 11.630677 4.150094 1.171083 1.327677 -0.549293 1.233092 -3.523237 0.741959 -0.312773 -6.328897 7.7e-05 -2.2e-05 6e-06 -0.02041 0.052194 -0.003347 0.682505 -3.678862 -10.629078 -0.718927 3.791352 -10.59787 -15.349891 -6.310311 13.452063 -51.935936 -14.810491 26.362204 0.084931 -26.035332 -0.36033 12.283384 -4.684236 -10.410282 -5.882102 9.861279 0.70259 -10.936861 -0.360574 7.156197 0.0 8.774815 -0.0 -15.815655 18.143415 6.093071 -1.844031 2.498503 -2.507276 -10.16359 4.678941 4.621104 -20.975996 -1e-06 1e-06 -21.226254 2.451698 -3.593995 0.0 -6e-06 -0.0 -1.362681 2.240797 -0.746323 -21.334892 0.58491 3.008319 -13.821196 -1e-06 1e-06 -23.887129 -0.249075 -0.839485 -60.326744 2.086014 -1.099836 -0.294025 1.679686 0.833255 -14.218195 0.093215 1.300579 -34.212002 -0.287561 0.967166 -20.033176 0.964536 1.212838 0.0 -0.0 0.0 -3.440387 0.788233 0.501655 -15.928172 -3.167306 2.999703 -6.338817 -0.0 1e-06 -18.123419 3.648181 -4.905662 -4e-06 0.0 -2e-06 18.00029 7.904599 13.075035 62.235931 -5.307386 1.858051 -0.153273 27.54583 0.113401 -1.366162 5.988754 2.937639 2.24354 -5.255033 -3.180156 14.282877 -0.826594 6.952496 -0.0 -12.690593 -1e-06 16.400013 -17.61202 2.386697 1.665665 -1.95592 -2.878297 4.727794 -4.170584 4.993919 11.020511 1e-06 -0.0 12.109032 -3.735715 -2.866778 0.0 -0.0 0.0 1.291985 -1.928548 -1.498088 14.800115 0.567467 3.865604 14.242553 -1.341738 -6.660648 19.631935 0.143921 -0.648243 50.221867 -0.411626 -6.189128 0.353029 -1.51115 -0.03194 20.222769 3.684305 2.316629 18.787249 1e-06 -1e-06 10.751608 -0.47987 1.397903 0.0 -0.0 0.0 3.273804 0.305947 -0.58011 21.48679 11.830364 2.266131 8.162915 0.0 -0.0 18.399052 -3.798986 -4.940567 3e-06 0.0 -1e-06 6.21799 6.866559 20.380054 0.060575 -0.579374 19.854795 -1.880353 -3.906445 0.73013 2.120211 -1.63829 -22.905378 0.0 -0.0 2e-06 4.364894 -6.062243 -28.97963 0.055243 -0.07859 12.070798 -3.591775 -10.902031 9.852014 -1.416672 1.047656 -5.118706 0.0 -0.0 -1e-06 
0.0 0.0 0.0 0.0 -0.0 0.0 -16.202753 94.980362 150.899277 -2.966224 -2.715924 -0.980903 0.76914 0.080022 -1.452087 -0.080858 -1.899075 -5.389879 2.902756 -2.790682 11.227953 3.664809 1.285525 1.505174 -0.588514 1.1955 -3.524375 0.826939 -0.103467 -6.671059 7.7e-05 -2.2e-05 6e-06 -0.006276 0.093983 -0.017272 0.715816 -3.636683 -10.659836 -0.724442 3.827836 -10.624011 -14.656307 -6.063829 13.619946 -54.380817 -13.672658 26.464369 0.321448 -25.154448 -0.409522 11.243861 -4.786564 -10.564192 -5.882102 9.861279 0.70259 -10.936861 -0.360574 7.156197 0.0 8.774815 -0.0 -15.936553 17.885805 5.921554 -1.844031 2.498503 -2.507276 -10.16359 4.678941 4.621104 -20.975996 -1e-06 1e-06 -21.226254 2.451698 -3.593995 0.0 -6e-06 -0.0 -1.362681 2.240797 -0.746323 -21.334892 0.58491 3.008319 -13.821196 -1e-06 1e-06 -23.887129 -0.249075 -0.839485 -60.133812 1.983603 -1.132802 -0.294025 1.679686 0.833255 -14.218195 0.093215 1.300579 -34.212002 -0.287561 0.967166 -20.033176 0.964536 1.212838 0.0 -0.0 0.0 -3.440387 0.788233 0.501655 -15.928172 -3.167306 2.999703 -6.338817 -0.0 1e-06 -18.123419 3.648181 -4.905662 -4e-06 0.0 -2e-06 17.246649 8.242777 13.490068 62.90416 -4.672433 1.300177 -0.18622 26.150093 0.100675 -1.727105 5.442419 1.981386 2.24354 -5.255033 -3.180156 14.282877 -0.826594 6.952496 -0.0 -12.690593 -1e-06 16.339233 -17.547642 2.39002 1.665665 -1.95592 -2.878297 4.727794 -4.170584 4.993919 11.020511 1e-06 -0.0 12.109032 -3.735715 -2.866778 0.0 -0.0 0.0 1.291985 -1.928548 -1.498088 14.800115 0.567467 3.865604 14.242553 -1.341738 -6.660648 19.631935 0.143921 -0.648243 49.881882 -0.391031 -6.25245 0.353029 -1.51115 -0.03194 20.222769 3.684305 2.316629 18.787249 1e-06 -1e-06 10.751608 -0.47987 1.397903 0.0 -0.0 0.0 3.273804 0.305947 -0.58011 21.48679 11.830364 2.266131 8.162915 0.0 -0.0 18.399052 -3.798986 -4.940567 3e-06 0.0 -1e-06 9.095374 6.362468 16.017643 -0.0768 -0.726222 31.932596 -3.015615 -4.357141 10.272376 2.176344 -1.398229 -28.725382 0.0 -0.0 2e-06 6.124213 -3.922176 -28.224737 -0.056418 -0.076894 17.337561 -4.722743 -12.179331 10.275279 -1.395015 0.975905 -3.656378 0.0 -0.0 -1e-06 
0.0 0.0 0.0 0.0 -0.0 0.0 -17.595013 95.390289 155.98262 -4.280733 -2.730096 -1.590292 1.316335 0.10652 -0.792471 0.124819 -1.830474 -5.181771 3.335296 -2.899053 10.831841 3.517957 1.353364 1.812541 -0.510614 0.883319 -3.529392 0.921781 0.045092 -7.17592 7.7e-05 -2.2e-05 6e-06 0.002713 0.11395 -0.029595 0.749062 -3.6042 -10.644286 -0.740913 3.834156 -10.614617 -13.302864 -6.118452 13.868312 -57.034805 -13.068544 26.488976 0.037944 -24.125721 -0.238848 10.005996 -4.451994 -10.377786 -5.882102 9.861279 0.70259 -10.936861 -0.360574 7.156197 0.0 8.774815 -0.0 -16.037067 17.897272 5.779475 -1.844031 2.498503 -2.507276 -10.16359 4.678941 4.621104 -20.975996 -1e-06 1e-06 -21.226254 2.451698 -3.593995 0.0 -6e-06 -0.0 -1.362681 2.240797 -0.746323 -21.334892 0.58491 3.008319 -13.821196 -1e-06 1e-06 -23.887129 -0.249075 -0.839485 -59.959061 1.950792 -1.170833 -0.294025 1.679686 0.833255 -14.218195 0.093215 1.300579 -34.212002 -0.287561 0.967166 -20.033176 0.964536 1.212838 0.0 -0.0 0.0 -3.440387 0.788233 0.501655 -15.928172 -3.167306 2.999703 -6.338817 -0.0 1e-06 -18.123419 3.648181 -4.905662 -4e-06 0.0 -2e-06 15.950335 8.725356 13.58653 63.883114 -3.955154 1.347304 -0.288746 25.639015 0.083886 -1.811283 5.158597 1.036777 2.24354 -5.255033 -3.180156 14.282877 -0.826594 6.952496 -0.0 -12.690593 -1e-06 16.467911 -17.688051 2.406275 1.665665 -1.95592 -2.878297 4.727794 -4.170584 4.993919 11.020511 1e-06 -0.0 12.109032 -3.735715 -2.866778 0.0 -0.0 0.0 1.291985 -1.928548 -1.498088 14.800115 0.567467 3.865604 14.242553 -1.341738 -6.660648 19.631935 0.143921 -0.648243 50.192078 -0.370363 -6.136076 0.353029 -1.51115 -0.03194 20.222769 3.684305 2.316629 18.787249 1e-06 -1e-06 10.751608 -0.47987 1.397903 0.0 -0.0 0.0 3.273804 0.305947 -0.58011 21.48679 11.830364 2.266131 8.162915 0.0 -0.0 18.399052 -3.798986 -4.940567 3e-06 0.0 -1e-06 11.050121 5.081443 10.065796 -0.100862 -0.671771 45.126003 -4.60684 -3.407746 21.032572 1.998587 -1.486685 -20.132496 0.0 -0.0 2e-06 7.848224 -3.284766 -26.340717 -0.020248 -0.140658 22.169283 -5.924257 -12.787895 6.431381 -1.416586 1.019457 -2.197047 0.0 -0.0 -1e-06 
0.0 0.0 0.0 0.0 -0.0 0.0 -18.850296 95.783012 160.702454 -5.30257 -2.148053 -2.209796 1.764727 0.032091 -0.173356 0.229073 -1.63578 -4.934775 3.490472 -3.08432 10.691215 3.670171 1.06331 2.068627 -0.385804 0.815384 -3.57664 0.985134 0.119156 -7.752355 7.7e-05 -2.2e-05 6e-06 -0.00916 0.058629 -0.042784 0.736546 -3.660954 -10.650687 -0.753148 3.778056 -10.601007 -12.656179 -6.255124 13.971204 -58.375225 -13.033202 27.491522 -0.209931 -22.99851 -0.091959 8.735843 -4.262514 -9.907331 -5.882102 9.861279 0.70259 -10.936861 -0.360574 7.156197 0.0 8.774815 -0.0 -16.159626 17.813387 5.780492 -1.844031 2.498503 -2.507276 -10.16359 4.678941 4.621104 -20.975996 -1e-06 1e-06 -21.226254 2.451698 -3.593995 0.0 -6e-06 -0.0 -1.362681 2.240797 -0.746323 -21.334892 0.58491 3.008319 -13.821196 -1e-06 1e-06 -23.887129 -0.249075 -0.839485 -60.153996 2.057989 -1.117247 -0.294025 1.679686 0.833255 -14.218195 0.093215 1.300579 -34.212002 -0.287561 0.967166 -20.033176 0.964536 1.212838 0.0 -0.0 0.0 -3.440387 0.788233 0.501655 -15.928172 -3.167306 2.999703 -6.338817 -0.0 1e-06 -18.123419 3.648181 -4.905662 -4e-06 0.0 -2e-06 15.392267 8.913546 13.589727 63.717537 -3.22156 2.077974 -0.428439 26.333429 -0.05932 -1.853641 5.35805 0.099667 2.24354 -5.255033 -3.180156 14.282877 -0.826594 6.952496 -0.0 -12.690593 -1e-06 16.525679 -17.703148 2.433672 1.665665 -1.95592 -2.878297 4.727794 -4.170584 4.993919 11.020511 1e-06 -0.0 12.109032 -3.735715 -2.866778 0.0 -0.0 0.0 1.291985 -1.928548 -1.498088 14.800115 0.567467 3.865604 14.242553 -1.341738 -6.660648 19.631935 0.143921 -0.648243 50.279392 -0.324745 -6.076709 0.353029 -1.51115 -0.03194 20.222769 3.684305 2.316629 18.787249 1e-06 -1e-06 10.751608 -0.47987 1.397903 0.0 -0.0 0.0 3.273804 0.305947 -0.58011 21.48679 11.830364 2.266131 8.162915 0.0 -0.0 18.399052 -3.798986 -4.940567 3e-06 0.0 -1e-06 12.162373 3.353691 3.38387 -0.014921 -0.692952 56.662083 -5.263257 -0.727449 27.472069 1.884422 -1.847929 -6.625768 0.0 -0.0 2e-06 9.370317 -3.620924 -23.294125 -0.112046 -0.122233 24.135344 -6.535275 -13.421265 1.817916 -1.423315 1.01996 -1.546171 0.0 -0.0 -1e-06 
0.0 0.0 0.0 0.0 -0.0 0.0 -19.903585 96.529839 165.223953 -5.622405 -1.691111 -2.815087 1.964451 0.052708 0.173958 0.189313 -1.447367 -4.717704 3.205912 -3.0714 10.879006 4.011266 0.753191 2.456828 -0.410443 0.642544 -3.562585 1.063327 -0.14803 -8.146474 7.7e-05 -2.2e-05 6e-06 -0.022284 -0.012604 -0.039548 0.713513 -3.726841 -10.630332 -0.757205 3.703686 -10.583019 -12.770767 -6.171764 14.105866 -58.562447 -13.409527 28.9599 -0.294052 -21.811964 0.002916 8.104154 -4.277669 -9.50518 -5.882102 9.861279 0.70259 -10.936861 -0.360574 7.156197 0.0 8.774815 -0.0 -16.269009 17.940882 5.80188 -1.844031 2.498503 -2.507276 -10.16359 4.678941 4.621104 -20.975996 -1e-06 1e-06 -21.226254 2.451698 -3.593995 0.0 -6e-06 -0.0 -1.362681 2.240797 -0.746323 -21.334892 0.58491 3.008319 -13.821196 -1e-06 1e-06 -23.887129 -0.249075 -0.839485 -60.317387 2.231953 -1.182698 -0.294025 1.679686 0.833255 -14.218195 0.093215 1.300579 -34.212002 -0.287561 0.967166 -20.033176 0.964536 1.212838 0.0 -0.0 0.0 -3.440387 0.788233 0.501655 -15.928172 -3.167306 2.999703 -6.338817 -0.0 1e-06 -18.123419 3.648181 -4.905662 -4e-06 0.0 -2e-06 15.675812 8.828983 13.586709 62.471779 -2.193427 2.405169 -0.386316 27.4224 -0.145661 -2.321015 5.752387 0.135643 2.24354 -5.255033 -3.180156 14.282877 -0.826594 6.952496 -0.0 -12.690593 -1e-06 16.607409 -17.76416 2.443592 1.665665 -1.95592 -2.878297 4.727794 -4.170584 4.993919 11.020511 1e-06 -0.0 12.109032 -3.735715 -2.866778 0.0 -0.0 0.0 1.291985 -1.928548 -1.498088 14.800115 0.567467 3.865604 14.242553 -1.341738 -6.660648 19.631935 0.143921 -0.648243 50.290829 -0.385688 -6.120685 0.353029 -1.51115 -0.03194 20.222769 3.684305 2.316629 18.787249 1e-06 -1e-06 10.751608 -0.47987 1.397903 0.0 -0.0 0.0 3.273804 0.305947 -0.58011 21.48679 11.830364 2.266131 8.162915 0.0 -0.0 18.399052 -3.798986 -4.940567 3e-06 0.0 -1e-06 12.204577 2.202138 -3.041516 -0.056655 -0.50203 65.370834 -4.953374 -0.63746 22.336277 1.850618 -1.890819 -4.664841 0.0 -0.0 2e-06 10.057005 -4.127378 -19.101917 -0.205324 -0.142961 23.420586 -6.732646 -13.671066 -1.081837 -1.418042 1.023657 -1.136885 0.0 -0.0 -1e-06 
0.0 0.0 0.0 0.0 -0.0 0.0 -20.780954 97.530289 169.672684 -5.288746 -1.617745 -3.607375 1.935433 0.164159 0.488314 0.005757 -1.155379 -4.514527 2.583301 -2.919654 11.123179 4.396778 0.611959 3.223335 -0.529495 0.368313 -3.525551 1.140643 -0.687965 -8.132969 7.7e-05 -2.2e-05 6e-06 -0.025629 -0.055193 -0.021048 0.688696 -3.76245 -10.598057 -0.739844 3.655995 -10.565758 -12.928572 -5.99559 14.174855 -58.529442 -13.403038 29.374434 -0.36705 -21.123529 0.057303 8.424683 -4.508787 -9.041577 -5.882102 9.861279 0.70259 -10.936861 -0.360574 7.156197 0.0 8.774815 -0.0 -16.301357 18.072359 5.818381 -1.844031 2.498503 -2.507276 -10.16359 4.678941 4.621104 -20.975996 -1e-06 1e-06 -21.226254 2.451698 -3.593995 0.0 -6e-06 -0.0 -1.362681 2.240797 -0.746323 -21.334892 0.58491 3.008319 -13.821196 -1e-06 1e-06 -23.887129 -0.249075 -0.839485 -60.276817 2.364531 -1.226176 -0.294025 1.679686 0.833255 -14.218195 0.093215 1.300579 -34.212002 -0.287561 0.967166 -20.033176 0.964536 1.212838 0.0 -0.0 0.0 -3.440387 0.788233 0.501655 -15.928172 -3.167306 2.999703 -6.338817 -0.0 1e-06 -18.123419 3.648181 -4.905662 -4e-06 0.0 -2e-06 16.060671 8.806152 13.684763 61.259106 -0.888574 1.891828 -0.302988 28.353273 -0.15795 -3.248836 5.763907 0.763426 2.24354 -5.255033 -3.180156 14.282877 -0.826594 6.952496 -0.0 -12.690593 -1e-06 16.571495 -17.771088 2.435337 1.665665 -1.95592 -2.878297 4.727794 -4.170584 4.993919 11.020511 1e-06 -0.0 12.109032 -3.735715 -2.866778 0.0 -0.0 0.0 1.291985 -1.928548 -1.498088 14.800115 0.567467 3.865604 14.242553 -1.341738 -6.660648 19.631935 0.143921 -0.648243 50.099796 -0.417425 -6.199663 0.353029 -1.51115 -0.03194 20.222769 3.684305 2.316629 18.787249 1e-06 -1e-06 10.751608 -0.47987 1.397903 0.0 -0.0 0.0 3.273804 0.305947 -0.58011 21.48679 11.830364 2.266131 8.162915 0.0 -0.0 18.399052 -3.798986 -4.940567 3e-06 0.0 -1e-06 11.248472 1.800106 -8.698462 -0.084904 -0.224809 69.73539 -4.286097 -0.859103 15.721379 1.838897 -1.886812 -4.824986 0.0 -0.0 2e-06 9.891636 -4.313635 -13.505565 -0.205952 -0.148071 20.137543 -6.684185 -13.692502 -2.64326 -1.414126 1.03691 -0.829092 0.0 -0.0 -1e-06 
0.0 0.0 0.0 0.0 -0.0 0.0 -21.566202 98.445312 174.147049 -4.69956 -2.006519 -4.539342 1.867207 0.326346 0.973208 -0.171138 -0.73832 -4.29636 1.846934 -2.617231 11.12058 4.541232 0.597601 4.227098 -0.640201 0.164434 -3.492867 1.244115 -1.263686 -8.002349 7.7e-05 -2.2e-05 6e-06 -0.020757 -0.058023 -0.002668 0.674409 -3.760629 -10.589327 -0.71688 3.648321 -10.572946 -12.752569 -5.744282 14.213134 -58.785526 -12.879247 28.897182 -0.341445 -21.18807 0.070746 9.359133 -4.813726 -8.776968 -5.882102 9.861279 0.70259 -10.936861 -0.360574 7.156197 0.0 8.774815 -0.0 -16.181732 18.161577 5.873381 -1.844031 2.498503 -2.507276 -10.16359 4.678941 4.621104 -20.975996 -1e-06 1e-06 -21.226254 2.451698 -3.593995 0.0 -6e-06 -0.0 -1.362681 2.240797 -0.746323 -21.334892 0.58491 3.008319 -13.821196 -1e-06 1e-06 -23.887129 -0.249075 -0.839485 -60.166439 2.44769 -1.312482 -0.294025 1.679686 0.833255 -14.218195 0.093215 1.300579 -34.212002 -0.287561 0.967166 -20.033176 0.964536 1.212838 0.0 -0.0 0.0 -3.440387 0.788233 0.501655 -15.928172 -3.167306 2.999703 -6.338817 -0.0 1e-06 -18.123419 3.648181 -4.905662 -4e-06 0.0 -2e-06 15.637442 9.095241 13.745532 60.960171 0.379919 1.038664 -0.262358 29.374079 -0.157204 -4.156239 5.453064 1.463153 2.24354 -5.255033 -3.180156 14.282877 -0.826594 6.952496 -0.0 -12.690593 -1e-06 16.383465 -17.707638 2.45454 1.665665 -1.95592 -2.878297 4.727794 -4.170584 4.993919 11.020511 1e-06 -0.0 12.109032 -3.735715 -2.866778 0.0 -0.0 0.0 1.291985 -1.928548 -1.498088 14.800115 0.567467 3.865604 14.242553 -1.341738 -6.660648 19.631935 0.143921 -0.648243 49.740444 -0.49226 -6.281857 0.353029 -1.51115 -0.03194 20.222769 3.684305 2.316629 18.787249 1e-06 -1e-06 10.751608 -0.47987 1.397903 0.0 -0.0 0.0 3.273804 0.305947 -0.58011 21.48679 11.830364 2.266131 8.162915 0.0 -0.0 18.399052 -3.798986 -4.940567 3e-06 0.0 -1e-06 9.834729 2.061025 -13.413566 -0.055352 0.011993 70.241325 -3.683101 -0.502127 10.638265 1.843554 -1.89846 -5.119009 0.0 -0.0 2e-06 9.399972 -4.185362 -7.120255 -0.159407 -0.155015 15.526521 -6.461514 -13.489067 -3.388331 -1.409442 1.018496 -0.685765 0.0 -0.0 -1e-06 
0.0 0.0 0.0 0.0 -0.0 0.0 -22.256586 99.056732 178.626007 -4.009188 -2.740309 -5.275254 1.789049 0.47381 1.453439 -0.288172 -0.253139 -4.104105 1.152665 -2.206335 10.980951 4.335604 0.719553 5.017011 -0.718216 -0.014171 -3.510869 1.354131 -1.676307 -7.931355 7.7e-05 -2.2e-05 6e-06 -0.017767 -0.052954 0.007244 0.665561 -3.756131 -10.612484 -0.703551 3.652974 -10.60865 -12.579504 -5.413308 14.204848 -58.927116 -12.054892 28.296682 -0.204688 -21.978672 0.046569 10.204222 -5.021455 -8.903378 -5.882102 9.861279 0.70259 -10.936861 -0.360574 7.156197 0.0 8.774815 -0.0 -16.043278 18.204247 5.93484 -1.844031 2.498503 -2.507276 -10.16359 4.678941 4.621104 -20.975996 -1e-06 1e-06 -21.226254 2.451698 -3.593995 0.0 -6e-06 -0.0 -1.362681 2.240797 -0.746323 -21.334892 0.58491 3.008319 -13.821196 -1e-06 1e-06 -23.887129 -0.249075 -0.839485 -60.132992 2.465584 -1.385035 -0.294025 1.679686 0.833255 -14.218195 0.093215 1.300579 -34.212002 -0.287561 0.967166 -20.033176 0.964536 1.212838 0.0 -0.0 0.0 -3.440387 0.788233 0.501655 -15.928172 -3.167306 2.999703 -6.338817 -0.0 1e-06 -18.123419 3.648181 -4.905662 -4e-06 0.0 -2e-06 14.572931 9.642575 13.690001 61.085243 1.426063 0.570271 -0.203878 31.026955 -0.135726 -4.771689 5.210376 2.251945 2.24354 -5.255033 -3.180156 14.282877 -0.826594 6.952496 -0.0 -12.690593 -1e-06 16.135553 -17.638754 2.536664 1.665665 -1.95592 -2.878297 4.727794 -4.170584 4.993919 11.020511 1e-06 -0.0 12.109032 -3.735715 -2.866778 0.0 -0.0 0.0 1.291985 -1.928548 -1.498088 14.800115 0.567467 3.865604 14.242553 -1.341738 -6.660648 19.631935 0.143921 -0.648243 49.440811 -0.603872 -6.274487 0.353029 -1.51115 -0.03194 20.222769 3.684305 2.316629 18.787249 1e-06 -1e-06 10.751608 -0.47987 1.397903 0.0 -0.0 0.0 3.273804 0.305947 -0.58011 21.48679 11.830364 2.266131 8.162915 0.0 -0.0 18.399052 -3.798986 -4.940567 3e-06 0.0 -1e-06 8.252658 2.656142 -17.396399 0.031905 0.21369 67.539879 -3.293267 0.335106 6.64723 1.845361 -1.910302 -5.388113 0.0 -0.0 2e-06 8.750791 -4.061817 -0.78667 -0.111476 -0.183757 10.511709 -6.137423 -12.84323 -3.845313 -1.407619 0.97436 -0.724362 0.0 -0.0 -1e-06 
0.0 0.0 0.0 0.0 -0.0 0.0 -22.838882 99.28138 182.991379 -3.374378 -3.657217 -5.629452 1.745663 0.558966 1.769933 -0.342512 0.263111 -3.983891 0.572915 -1.799493 10.894939 3.851654 0.939063 5.375985 -0.762688 -0.104415 -3.569986 1.436798 -1.934028 -7.97599 7.7e-05 -2.2e-05 6e-06 -0.016315 -0.045277 0.011279 0.659268 -3.753703 -10.633827 -0.696174 3.664663 -10.637843 -12.599656 -5.042056 14.155074 -58.68013 -11.290707 28.157196 -0.061906 -23.010981 -0.000227 10.572076 -4.92515 -9.278371 -5.882102 9.861279 0.70259 -10.936861 -0.360574 7.156197 0.0 8.774815 -0.0 -15.939049 18.206646 6.002893 -1.844031 2.498503 -2.507276 -10.16359 4.678941 4.621104 -20.975996 -1e-06 1e-06 -21.226254 2.451698 -3.593995 0.0 -6e-06 -0.0 -1.362681 2.240797 -0.746323 -21.334892 0.58491 3.008319 -13.821196 -1e-06 1e-06 -23.887129 -0.249075 -0.839485 -60.239395 2.43998 -1.350091 -0.294025 1.679686 0.833255 -14.218195 0.093215 1.300579 -34.212002 -0.287561 0.967166 -20.033176 0.964536 1.212838 0.0 -0.0 0.0 -3.440387 0.788233 0.501655 -15.928172 -3.167306 2.999703 -6.338817 -0.0 1e-06 -18.123419 3.648181 -4.905662 -4e-06 0.0 -2e-06 13.304866 10.270661 13.517841 61.078918 2.326903 0.705233 -0.136398 33.34845 -0.122165 -5.12561 5.31745 2.748245 2.24354 -5.255033 -3.180156 14.282877 -0.826594 6.952496 -0.0 -12.690593 -1e-06 15.931225 -17.649717 2.658715 1.665665 -1.95592 -2.878297 4.727794 -4.170584 4.993919 11.020511 1e-06 -0.0 12.109032 -3.735715 -2.866778 0.0 -0.0 0.0 1.291985 -1.928548 -1.498088 14.800115 0.567467 3.865604 14.242553 -1.341738 -6.660648 19.631935 0.143921 -0.648243 49.338997 -0.675748 -6.180285 0.353029 -1.51115 -0.03194 20.222769 3.684305 2.316629 18.787249 1e-06 -1e-06 10.751608 -0.47987 1.397903 0.0 -0.0 0.0 3.273804 0.305947 -0.58011 21.48679 11.830364 2.266131 8.162915 0.0 -0.0 18.399052 -3.798986 -4.940567 3e-06 0.0 -1e-06 6.770185 3.176869 -20.915356 0.146434 0.316131 61.908352 -3.200627 1.535429 3.537865 1.840156 -1.925903 -5.580306 0.0 -0.0 2e-06 8.070279 -4.041649 4.801124 -0.084365 -0.178544 5.956008 -5.766146 -11.957827 -4.352726 -1.408786 0.928139 -0.905819 0.0 -0.0 -1e-06 
0.0 0.0 0.0 0.0 -0.0 0.0 -23.324659 99.156403 187.19371 -2.978 -4.590388 -5.620795 1.794702 0.546061 1.898004 -0.342132 0.743829 -3.937819 0.20193 -1.461795 10.920535 3.193425 1.183106 5.398353 -0.770529 -0.094319 -3.626865 1.444774 -2.102516 -8.158167 7.7e-05 -2.2e-05 6e-06 -0.010964 -0.017705 0.00795 0.656876 -3.729962 -10.637803 -0.684906 3.694793 -10.654366 -12.78652 -4.6603 14.109016 -58.261738 -10.906651 28.576193 0.056055 -23.581173 -0.062927 10.511209 -4.546398 -9.4915 -5.882102 9.861279 0.70259 -10.936861 -0.360574 7.156197 0.0 8.774815 -0.0 -15.908055 18.207054 6.026678 -1.844031 2.498503 -2.507276 -10.16359 4.678941 4.621104 -20.975996 -1e-06 1e-06 -21.226254 2.451698 -3.593995 0.0 -6e-06 -0.0 -1.362681 2.240797 -0.746323 -21.334892 0.58491 3.008319 -13.821196 -1e-06 1e-06 -23.887129 -0.249075 -0.839485 -60.379555 2.411983 -1.279062 -0.294025 1.679686 0.833255 -14.218195 0.093215 1.300579 -34.212002 -0.287561 0.967166 -20.033176 0.964536 1.212838 0.0 -0.0 0.0 -3.440387 0.788233 0.501655 -15.928172 -3.167306 2.999703 -6.338817 -0.0 1e-06 -18.123419 3.648181 -4.905662 -4e-06 0.0 -2e-06 12.172315 10.853745 13.341349 60.746407 3.284215 1.012658 -0.095575 35.893173 -0.125978 -5.375711 5.668633 3.001738 2.24354 -5.255033 -3.180156 14.282877 -0.826594 6.952496 -0.0 -12.690593 -1e-06 15.798514 -17.715248 2.740453 1.665665 -1.95592 -2.878297 4.727794 -4.170584 4.993919 11.020511 1e-06 -0.0 12.109032 -3.735715 -2.866778 0.0 -0.0 0.0 1.291985 -1.928548 -1.498088 14.800115 0.567467 3.865604 14.242553 -1.341738 -6.660648 19.631935 0.143921 -0.648243 49.378395 -0.695411 -6.088588 0.353029 -1.51115 -0.03194 20.222769 3.684305 2.316629 18.787249 1e-06 -1e-06 10.751608 -0.47987 1.397903 0.0 -0.0 0.0 3.273804 0.305947 -0.58011 21.48679 11.830364 2.266131 8.162915 0.0 -0.0 18.399052 -3.798986 -4.940567 3e-06 0.0 -1e-06 5.699817 3.356319 -23.805473 0.23792 0.292928 53.657497 -3.184641 3.013955 1.935829 1.824519 -1.969679 -5.596897 0.0 -0.0 2e-06 7.516935 -4.126306 9.036396 -0.084583 -0.111189 3.013798 -5.326271 -11.156624 -5.276628 -1.414219 0.894884 -1.052338 0.0 -0.0 -1e-06 
0.0 0.0 0.0 0.0 -0.0 0.0 -23.719305 98.757057 191.366837 -2.903853 -5.425958 -5.349236 1.962749 0.454441 1.851546 -0.315884 1.07098 -3.946562 0.093459 -1.154654 11.000972 2.498454 1.40243 5.360955 -0.75109 -0.063625 -3.656172 1.387898 -2.202934 -8.437559 7.7e-05 -2.2e-05 6e-06 -0.002386 0.019417 0.00486 0.65951 -3.693703 -10.637699 -0.671804 3.732522 -10.668467 -13.00073 -4.287982 14.064578 -58.005779 -10.843526 29.259968 0.10298 -23.506737 -0.113678 10.254016 -4.039677 -9.173783 -5.882102 9.861279 0.70259 -10.936861 -0.360574 7.156197 0.0 8.774815 -0.0 -15.872029 18.214067 6.036372 -1.844031 2.498503 -2.507276 -10.16359 4.678941 4.621104 -20.975996 -1e-06 1e-06 -21.226254 2.451698 -3.593995 0.0 -6e-06 -0.0 -1.362681 2.240797 -0.746323 -21.334892 0.58491 3.008319 -13.821196 -1e-06 1e-06 -23.887129 -0.249075 -0.839485 -60.473415 2.451079 -1.261523 -0.294025 1.679686 0.833255 -14.218195 0.093215 1.300579 -34.212002 -0.287561 0.967166 -20.033176 0.964536 1.212838 0.0 -0.0 0.0 -3.440387 0.788233 0.501655 -15.928172 -3.167306 2.999703 -6.338817 -0.0 1e-06 -18.123419 3.648181 -4.905662 -4e-06 0.0 -2e-06 11.26761 11.361494 13.200051 60.238861 4.268841 1.159018 -0.121021 38.216686 -0.125359 -5.637922 6.062967 3.211186 2.24354 -5.255033 -3.180156 14.282877 -0.826594 6.952496 -0.0 -12.690593 -1e-06 15.743371 -17.791739 2.743055 1.665665 -1.95592 -2.878297 4.727794 -4.170584 4.993919 11.020511 1e-06 -0.0 12.109032 -3.735715 -2.866778 0.0 -0.0 0.0 1.291985 -1.928548 -1.498088 14.800115 0.567467 3.865604 14.242553 -1.341738 -6.660648 19.631935 0.143921 -0.648243 49.409145 -0.685089 -6.082775 0.353029 -1.51115 -0.03194 20.222769 3.684305 2.316629 18.787249 1e-06 -1e-06 10.751608 -0.47987 1.397903 0.0 -0.0 0.0 3.273804 0.305947 -0.58011 21.48679 11.830364 2.266131 8.162915 0.0 -0.0 18.399052 -3.798986 -4.940567 3e-06 0.0 -1e-06 5.135878 3.467409 -25.639517 0.292737 0.272906 42.826939 -2.685785 4.585471 2.19991 1.784824 -2.011368 -5.601722 0.0 -0.0 2e-06 7.202091 -4.353364 12.186833 -0.109551 -0.024944 1.807036 -4.792272 -10.445933 -6.773661 -1.420093 0.888833 -1.138126 0.0 -0.0 -1e-06 
0.0 0.0 0.0 0.0 -0.0 0.0 -24.051003 98.149643 195.625534 -3.143482 -6.078124 -4.940511 2.248981 0.349029 1.736883 -0.289181 1.142322 -4.001909 0.226388 -0.8194 11.012566 1.922177 1.611258 5.432876 -0.75239 -0.157249 -3.672371 1.335813 -2.192659 -8.742643 7.7e-05 -2.2e-05 6e-06 0.005765 0.032778 0.013002 0.673176 -3.686465 -10.662403 -0.670166 3.752391 -10.690829 -13.002252 -3.954402 14.043529 -58.199905 -10.94536 29.669247 -0.026781 -23.016832 -0.119832 9.91532 -3.599201 -8.283434 -5.882102 9.861279 0.70259 -10.936861 -0.360574 7.156197 0.0 8.774815 -0.0 -15.759647 18.213463 6.105677 -1.844031 2.498503 -2.507276 -10.16359 4.678941 4.621104 -20.975996 -1e-06 1e-06 -21.226254 2.451698 -3.593995 0.0 -6e-06 -0.0 -1.362681 2.240797 -0.746323 -21.334892 0.58491 3.008319 -13.821196 -1e-06 1e-06 -23.887129 -0.249075 -0.839485 -60.526112 2.510298 -1.190319 -0.294025 1.679686 0.833255 -14.218195 0.093215 1.300579 -34.212002 -0.287561 0.967166 -20.033176 0.964536 1.212838 0.0 -0.0 0.0 -3.440387 0.788233 0.501655 -15.928172 -3.167306 2.999703 -6.338817 -0.0 1e-06 -18.123419 3.648181 -4.905662 -4e-06 0.0 -2e-06 10.548316 11.750574 13.057925 59.814617 5.167021 1.151251 -0.280531 39.891521 -0.18304 -5.930436 6.375233 3.270186 2.24354 -5.255033 -3.180156 14.282877 -0.826594 6.952496 -0.0 -12.690593 -1e-06 15.757284 -17.813776 2.731341 1.665665 -1.95592 -2.878297 4.727794 -4.170584 4.993919 11.020511 1e-06 -0.0 12.109032 -3.735715 -2.866778 0.0 -0.0 0.0 1.291985 -1.928548 -1.498088 14.800115 0.567467 3.865604 14.242553 -1.341738 -6.660648 19.631935 0.143921 -0.648243 49.422905 -0.66593 -6.097739 0.353029 -1.51115 -0.03194 20.222769 3.684305 2.316629 18.787249 1e-06 -1e-06 10.751608 -0.47987 1.397903 0.0 -0.0 0.0 3.273804 0.305947 -0.58011 21.48679 11.830364 2.266131 8.162915 0.0 -0.0 18.399052 -3.798986 -4.940567 3e-06 0.0 -1e-06 4.949395 3.810267 -25.985804 0.291088 0.345558 29.523947 -2.052114 5.581369 3.120553 1.744767 -2.01491 -5.305419 0.0 -0.0 2e-06 7.066863 -4.849404 14.738102 -0.146316 0.001316 1.584859 -4.133285 -9.625005 -8.45775 -1.422634 0.930904 -1.414029 0.0 -0.0 -1e-06 
0.0 0.0 0.0 0.0 -0.0 0.0 -24.370327 97.461166 200.072433 -3.589605 -6.531955 -4.533228 2.55369 0.224331 1.577046 -0.238847 1.151692 -4.10669 0.514039 -0.654419 11.03523 1.564996 1.818217 5.506207 -0.815898 -0.275742 -3.579667 1.265413 -2.041031 -8.981796 7.7e-05 -2.2e-05 6e-06 0.013125 0.104467 0.047968 0.691637 -3.632752 -10.683759 -0.674773 3.841259 -10.708898 -12.889334 -3.607152 14.046437 -58.717354 -11.027595 29.551281 -0.233903 -22.408278 -0.088315 9.595231 -3.327739 -7.262492 -5.882102 9.861279 0.70259 -10.936861 -0.360574 7.156197 0.0 8.774815 -0.0 -15.644229 18.252439 6.190001 -1.844031 2.498503 -2.507276 -10.16359 4.678941 4.621104 -20.975996 -1e-06 1e-06 -21.226254 2.451698 -3.593995 0.0 -6e-06 -0.0 -1.362681 2.240797 -0.746323 -21.334892 0.58491 3.008319 -13.821196 -1e-06 1e-06 -23.887129 -0.249075 -0.839485 -60.530102 2.443419 -0.991069 -0.294025 1.679686 0.833255 -14.218195 0.093215 1.300579 -34.212002 -0.287561 0.967166 -20.033176 0.964536 1.212838 0.0 -0.0 0.0 -3.440387 0.788233 0.501655 -15.928172 -3.167306 2.999703 -6.338817 -0.0 1e-06 -18.123419 3.648181 -4.905662 -4e-06 0.0 -2e-06 10.115728 12.013578 12.918559 59.42197 5.907267 0.966735 -0.338325 40.878799 -0.210052 -6.380511 6.628794 3.15556 2.24354 -5.255033 -3.180156 14.282877 -0.826594 6.952496 -0.0 -12.690593 -1e-06 15.807764 -17.873312 2.785336 1.665665 -1.95592 -2.878297 4.727794 -4.170584 4.993919 11.020511 1e-06 -0.0 12.109032 -3.735715 -2.866778 0.0 -0.0 0.0 1.291985 -1.928548 -1.498088 14.800115 0.567467 3.865604 14.242553 -1.341738 -6.660648 19.631935 0.143921 -0.648243 49.688339 -0.772543 -6.06735 0.353029 -1.51115 -0.03194 20.222769 3.684305 2.316629 18.787249 1e-06 -1e-06 10.751608 -0.47987 1.397903 0.0 -0.0 0.0 3.273804 0.305947 -0.58011 21.48679 11.830364 2.266131 8.162915 0.0 -0.0 18.399052 -3.798986 -4.940567 3e-06 0.0 -1e-06 4.991371 4.027748 -25.239998 0.138707 0.350239 15.261544 -2.213822 5.89393 3.532165 1.670664 -2.109972 -4.847884 0.0 -0.0 2e-06 6.873912 -5.750293 17.253647 -0.152533 -0.095372 1.655984 -3.314833 -8.47309 -9.545916 -1.438575 0.871137 -2.188607 0.0 -0.0 -1e-06 
0.0 0.0 0.0 0.0 -0.0 0.0 -24.595936 96.762817 204.65152 -4.073679 -6.857714 -3.938696 2.701983 0.128621 1.161971 -0.14295 1.184565 -4.263735 0.947693 -0.768545 11.160622 1.328045 2.003561 5.432957 -0.889778 -0.332448 -3.548567 1.151055 -1.856455 -8.86966 7.7e-05 -2.2e-05 6e-06 0.007496 0.064059 0.067898 0.670279 -3.677969 -10.677547 -0.66543 3.806329 -10.691222 -13.063922 -3.258174 13.968616 -59.11824 -11.018752 29.420507 -0.404684 -21.564535 -0.031412 9.274382 -3.390566 -6.554501 -5.882102 9.861279 0.70259 -10.936861 -0.360574 7.156197 0.0 8.774815 -0.0 -15.53602 18.262157 6.23879 -1.844031 2.498503 -2.507276 -10.16359 4.678941 4.621104 -20.975996 -1e-06 1e-06 -21.226254 2.451698 -3.593995 0.0 -6e-06 -0.0 -1.362681 2.240797 -0.746323 -21.334892 0.58491 3.008319 -13.821196 -1e-06 1e-06 -23.887129 -0.249075 -0.839485 -60.567986 2.440989 -0.930536 -0.294025 1.679686 0.833255 -14.218195 0.093215 1.300579 -34.212002 -0.287561 0.967166 -20.033176 0.964536 1.212838 0.0 -0.0 0.0 -3.440387 0.788233 0.501655 -15.928172 -3.167306 2.999703 -6.338817 -0.0 1e-06 -18.123419 3.648181 -4.905662 -4e-06 0.0 -2e-06 10.361338 12.164227 12.852846 58.707848 6.383813 0.851306 -0.454014 41.286285 -0.254521 -6.629647 6.865047 2.649363 2.24354 -5.255033 -3.180156 14.282877 -0.826594 6.952496 -0.0 -12.690593 -1e-06 15.684167 -17.889509 2.863719 1.665665 -1.95592 -2.878297 4.727794 -4.170584 4.993919 11.020511 1e-06 -0.0 12.109032 -3.735715 -2.866778 0.0 -0.0 0.0 1.291985 -1.928548 -1.498088 14.800115 0.567467 3.865604 14.242553 -1.341738 -6.660648 19.631935 0.143921 -0.648243 49.757961 -0.733408 -6.040223 0.353029 -1.51115 -0.03194 20.222769 3.684305 2.316629 18.787249 1e-06 -1e-06 10.751608 -0.47987 1.397903 0.0 -0.0 0.0 3.273804 0.305947 -0.58011 21.48679 11.830364 2.266131 8.162915 0.0 -0.0 18.399052 -3.798986 -4.940567 3e-06 0.0 -1e-06 4.956735 4.123474 -24.855186 0.016971 0.277456 4.393813 -3.796256 6.187677 3.668744 1.574139 -2.194681 -4.939168 0.0 -0.0 2e-06 6.548269 -6.655734 19.522083 -0.127478 -0.185752 2.013149 -2.203651 -7.155623 -9.801699 -1.43038 0.782484 -3.299847 0.0 -0.0 -1e-06 
0.0 0.0 0.0 0.0 -0.0 0.0 -24.734619 96.091423 209.332245 -4.324122 -7.020367 -3.312181 2.68632 0.096964 0.771935 -0.080296 1.176303 -4.427795 1.260056 -0.890737 11.216547 1.258867 1.999848 5.190072 -0.856821 -0.348366 -3.523833 1.041544 -1.68686 -8.676541 7.7e-05 -2.2e-05 6e-06 0.001302 -0.01456 0.071853 0.664066 -3.749021 -10.656288 -0.671997 3.721161 -10.663511 -13.319907 -3.105528 13.912628 -59.292 -11.052088 29.891653 -0.435166 -20.699322 0.033168 8.87341 -3.409655 -6.350226 -5.882102 9.861279 0.70259 -10.936861 -0.360574 7.156197 0.0 8.774815 -0.0 -15.508377 18.23119 6.22309 -1.844031 2.498503 -2.507276 -10.16359 4.678941 4.621104 -20.975996 -1e-06 1e-06 -21.226254 2.451698 -3.593995 0.0 -6e-06 -0.0 -1.362681 2.240797 -0.746323 -21.334892 0.58491 3.008319 -13.821196 -1e-06 1e-06 -23.887129 -0.249075 -0.839485 -60.599312 2.432911 -0.942399 -0.294025 1.679686 0.833255 -14.218195 0.093215 1.300579 -34.212002 -0.287561 0.967166 -20.033176 0.964536 1.212838 0.0 -0.0 0.0 -3.440387 0.788233 0.501655 -15.928172 -3.167306 2.999703 -6.338817 -0.0 1e-06 -18.123419 3.648181 -4.905662 -4e-06 0.0 -2e-06 10.754326 12.186454 12.856083 58.48967 6.48893 0.462497 -0.480907 41.246052 -0.238369 -6.731936 7.300241 2.072397 2.24354 -5.255033 -3.180156 14.282877 -0.826594 6.952496 -0.0 -12.690593 -1e-06 15.63277 -17.927471 2.875514 1.665665 -1.95592 -2.878297 4.727794 -4.170584 4.993919 11.020511 1e-06 -0.0 12.109032 -3.735715 -2.866778 0.0 -0.0 0.0 1.291985 -1.928548 -1.498088 14.800115 0.567467 3.865604 14.242553 -1.341738 -6.660648 19.631935 0.143921 -0.648243 49.791157 -0.638031 -6.041419 0.353029 -1.51115 -0.03194 20.222769 3.684305 2.316629 18.787249 1e-06 -1e-06 10.751608 -0.47987 1.397903 0.0 -0.0 0.0 3.273804 0.305947 -0.58011 21.48679 11.830364 2.266131 8.162915 0.0 -0.0 18.399052 -3.798986 -4.940567 3e-06 0.0 -1e-06 4.26459 4.543304 -25.825323 0.025622 0.218068 1.128871 -5.609392 6.654441 2.805142 1.522148 -2.188437 -5.116558 0.0 -0.0 2e-06 5.834479 -7.479563 21.371536 -0.148111 -0.216903 3.133544 -0.932802 -5.764956 -9.304235 -1.408503 0.719659 -5.079267 0.0 -0.0 -1e-06 
0.0 0.0 0.0 0.0 -0.0 0.0 -24.767775 95.51963 214.190002 -3.847234 -7.169986 -2.617434 2.230296 0.221683 0.289492 -0.099805 1.21979 -4.637967 1.210901 -0.961603 11.126995 1.455698 1.854 4.86375 -0.87256 -0.360503 -3.493049 1.030619 -1.668597 -8.256462 7.7e-05 -2.2e-05 6e-06 -0.000894 -0.026442 0.066642 0.684522 -3.76376 -10.682508 -0.696186 3.711783 -10.692768 -13.705585 -3.075084 13.987765 -59.062252 -11.08987 30.291574 -0.395539 -19.969137 0.096256 8.210844 -3.317155 -6.03746 -5.882102 9.861279 0.70259 -10.936861 -0.360574 7.156197 0.0 8.774815 -0.0 -15.707189 18.331089 6.160724 -1.844031 2.498503 -2.507276 -10.16359 4.678941 4.621104 -20.975996 -1e-06 1e-06 -21.226254 2.451698 -3.593995 0.0 -6e-06 -0.0 -1.362681 2.240797 -0.746323 -21.334892 0.58491 3.008319 -13.821196 -1e-06 1e-06 -23.887129 -0.249075 -0.839485 -60.684769 2.46328 -1.032528 -0.294025 1.679686 0.833255 -14.218195 0.093215 1.300579 -34.212002 -0.287561 0.967166 -20.033176 0.964536 1.212838 0.0 -0.0 0.0 -3.440387 0.788233 0.501655 -15.928172 -3.167306 2.999703 -6.338817 -0.0 1e-06 -18.123419 3.648181 -4.905662 -4e-06 0.0 -2e-06 11.308028 12.056867 12.984395 58.812492 6.05017 0.252973 -0.527925 40.760197 -0.246359 -6.608395 7.624895 1.213326 2.24354 -5.255033 -3.180156 14.282877 -0.826594 6.952496 -0.0 -12.690593 -1e-06 15.727505 -17.954382 2.866777 1.665665 -1.95592 -2.878297 4.727794 -4.170584 4.993919 11.020511 1e-06 -0.0 12.109032 -3.735715 -2.866778 0.0 -0.0 0.0 1.291985 -1.928548 -1.498088 14.800115 0.567467 3.865604 14.242553 -1.341738 -6.660648 19.631935 0.143921 -0.648243 49.840954 -0.616004 -6.099748 0.353029 -1.51115 -0.03194 20.222769 3.684305 2.316629 18.787249 1e-06 -1e-06 10.751608 -0.47987 1.397903 0.0 -0.0 0.0 3.273804 0.305947 -0.58011 21.48679 11.830364 2.266131 8.162915 0.0 -0.0 18.399052 -3.798986 -4.940567 3e-06 0.0 -1e-06 2.943065 4.511003 -26.442308 0.02845 0.150383 3.096894 -5.45303 6.666153 2.423359 1.566443 -2.173574 -5.540694 0.0 -0.0 2e-06 4.34411 -7.86475 22.016195 -0.192675 -0.116796 6.432498 0.395676 -4.790197 -8.19309 -1.402562 0.745744 -8.187737 0.0 -0.0 -1e-06 
0.0 0.0 0.0 0.0 -0.0 0.0 -24.732031 95.281891 219.342728 -2.148528 -7.377698 -1.682392 0.917387 0.317252 -0.584185 -0.267706 1.408667 -4.988209 0.83239 -0.843712 11.098837 1.974047 1.65043 4.356491 -0.852564 -0.25561 -3.533551 0.844351 -1.743495 -7.185747 7.7e-05 -2.2e-05 6e-06 -0.000356 -0.028511 0.051962 0.688711 -3.762622 -10.698256 -0.698133 3.705112 -10.702258 -14.822783 -3.114286 14.063343 -57.961342 -11.077346 30.019457 -0.426709 -19.096603 0.125961 7.629106 -3.283911 -5.920018 -5.882102 9.861279 0.70259 -10.936861 -0.360574 7.156197 0.0 8.774815 -0.0 -15.870089 18.242283 6.112956 -1.844031 2.498503 -2.507276 -10.16359 4.678941 4.621104 -20.975996 -1e-06 1e-06 -21.226254 2.451698 -3.593995 0.0 -6e-06 -0.0 -1.362681 2.240797 -0.746323 -21.334892 0.58491 3.008319 -13.821196 -1e-06 1e-06 -23.887129 -0.249075 -0.839485 -60.746986 2.381161 -1.018124 -0.294025 1.679686 0.833255 -14.218195 0.093215 1.300579 -34.212002 -0.287561 0.967166 -20.033176 0.964536 1.212838 0.0 -0.0 0.0 -3.440387 0.788233 0.501655 -15.928172 -3.167306 2.999703 -6.338817 -0.0 1e-06 -18.123419 3.648181 -4.905662 -4e-06 0.0 -2e-06 12.787286 11.86173 13.236236 58.692841 4.964839 0.258265 -0.558859 39.397274 -0.348227 -6.059988 7.842807 -0.215326 2.24354 -5.255033 -3.180156 14.282877 -0.826594 6.952496 -0.0 -12.690593 -1e-06 15.910094 -17.785894 2.842158 1.665665 -1.95592 -2.878297 4.727794 -4.170584 4.993919 11.020511 1e-06 -0.0 12.109032 -3.735715 -2.866778 0.0 -0.0 0.0 1.291985 -1.928548 -1.498088 14.800115 0.567467 3.865604 14.242553 -1.341738 -6.660648 19.631935 0.143921 -0.648243 50.056263 -0.591379 -5.974481 0.353029 -1.51115 -0.03194 20.222769 3.684305 2.316629 18.787249 1e-06 -1e-06 10.751608 -0.47987 1.397903 0.0 -0.0 0.0 3.273804 0.305947 -0.58011 21.48679 11.830364 2.266131 8.162915 0.0 -0.0 18.399052 -3.798986 -4.940567 3e-06 0.0 -1e-06 0.684903 3.519597 -27.150471 -0.037981 0.027932 7.814067 -2.467264 6.742948 5.366826 1.73273 -2.079781 -6.126889 0.0 -0.0 2e-06 1.078137 -8.318172 20.702366 -0.123025 -0.033966 12.665399 1.728156 -3.156416 -5.955337 -1.450615 0.781424 -14.595857 0.0 -0.0 -1e-06 
0.0 0.0 0.0 0.0 -0.0 0.0 -24.698421 95.371704 224.644653 -0.118132 -7.257059 -1.074056 -0.454824 0.354245 -1.217032 -0.541638 1.620605 -5.296433 0.084766 -0.777001 11.06917 2.721995 1.423828 3.866121 -0.96206 -0.417652 -3.60416 0.98377 -1.888711 -6.567474 7.7e-05 -2.2e-05 6e-06 0.010547 -0.028651 0.021719 0.699906 -3.747845 -10.656942 -0.686935 3.690713 -10.677626 -15.726764 -3.385819 13.956578 -56.844696 -10.937651 29.951979 -0.329528 -18.183395 0.110397 7.586569 -3.406167 -6.791482 -5.882102 9.861279 0.70259 -10.936861 -0.360574 7.156197 0.0 8.774815 -0.0 -16.083801 18.221973 5.98847 -1.844031 2.498503 -2.507276 -10.16359 4.678941 4.621104 -20.975996 -1e-06 1e-06 -21.226254 2.451698 -3.593995 0.0 -6e-06 -0.0 -1.362681 2.240797 -0.746323 -21.334892 0.58491 3.008319 -13.821196 -1e-06 1e-06 -23.887129 -0.249075 -0.839485 -60.63765 2.266003 -0.943119 -0.294025 1.679686 0.833255 -14.218195 0.093215 1.300579 -34.212002 -0.287561 0.967166 -20.033176 0.964536 1.212838 0.0 -0.0 0.0 -3.440387 0.788233 0.501655 -15.928172 -3.167306 2.999703 -6.338817 -0.0 1e-06 -18.123419 3.648181 -4.905662 -4e-06 0.0 -2e-06 14.431172 11.386722 13.354041 59.034725 3.782391 -0.322457 -0.162826 36.816563 -0.064198 -5.220221 7.926015 -0.192322 2.24354 -5.255033 -3.180156 14.282877 -0.826594 6.952496 -0.0 -12.690593 -1e-06 15.775963 -17.767611 2.90936 1.665665 -1.95592 -2.878297 4.727794 -4.170584 4.993919 11.020511 1e-06 -0.0 12.109032 -3.735715 -2.866778 0.0 -0.0 0.0 1.291985 -1.928548 -1.498088 14.800115 0.567467 3.865604 14.242553 -1.341738 -6.660648 19.631935 0.143921 -0.648243 50.158653 -0.604754 -5.915868 0.353029 -1.51115 -0.03194 20.222769 3.684305 2.316629 18.787249 1e-06 -1e-06 10.751608 -0.47987 1.397903 0.0 -0.0 0.0 3.273804 0.305947 -0.58011 21.48679 11.830364 2.266131 8.162915 0.0 -0.0 18.399052 -3.798986 -4.940567 3e-06 0.0 -1e-06 -1.670025 1.813964 -28.136292 0.019271 -0.016533 13.192455 0.239986 6.991807 9.369682 1.769641 -2.022046 -4.916631 0.0 -0.0 2e-06 -2.618906 -9.228433 17.883495 -0.151919 0.113799 21.541788 2.308853 -1.472646 -0.863823 -1.526264 0.795715 -23.76178 0.0 -0.0 -1e-06 
0.0 0.0 0.0 0.0 -0.0 0.0 -24.658155 95.615173 230.003326 1.260169 -6.786567 -1.427582 -1.15346 0.298411 -1.049514 -0.795124 1.72027 -5.187435 -0.590076 -0.518758 10.800936 3.27764 1.134236 3.685148 -1.128616 -0.700899 -3.576748 1.188501 -2.002424 -6.880809 7.7e-05 -2.2e-05 6e-06 0.012892 -0.051587 0.020307 0.713329 -3.751928 -10.575248 -0.695238 3.647623 -10.597291 -14.985541 -3.885804 14.168001 -57.355751 -11.402576 29.451389 -0.269745 -17.657114 0.099635 7.81502 -3.260661 -7.0588 -5.882102 9.861279 0.70259 -10.936861 -0.360574 7.156197 0.0 8.774815 -0.0 -16.193651 18.279074 5.884047 -1.844031 2.498503 -2.507276 -10.16359 4.678941 4.621104 -20.975996 -1e-06 1e-06 -21.226254 2.451698 -3.593995 0.0 -6e-06 -0.0 -1.362681 2.240797 -0.746323 -21.334892 0.58491 3.008319 -13.821196 -1e-06 1e-06 -23.887129 -0.249075 -0.839485 -60.612007 2.319736 -1.166817 -0.294025 1.679686 0.833255 -14.218195 0.093215 1.300579 -34.212002 -0.287561 0.967166 -20.033176 0.964536 1.212838 0.0 -0.0 0.0 -3.440387 0.788233 0.501655 -15.928172 -3.167306 2.999703 -6.338817 -0.0 1e-06 -18.123419 3.648181 -4.905662 -4e-06 0.0 -2e-06 14.247725 11.119306 13.711548 61.31831 3.084941 -0.433209 0.0532 32.921371 0.061679 -4.176881 7.432561 0.10514 2.24354 -5.255033 -3.180156 14.282877 -0.826594 6.952496 -0.0 -12.690593 -1e-06 15.874128 -17.830017 2.800472 1.665665 -1.95592 -2.878297 4.727794 -4.170584 4.993919 11.020511 1e-06 -0.0 12.109032 -3.735715 -2.866778 0.0 -0.0 0.0 1.291985 -1.928548 -1.498088 14.800115 0.567467 3.865604 14.242553 -1.341738 -6.660648 19.631935 0.143921 -0.648243 50.199127 -0.493885 -6.082744 0.353029 -1.51115 -0.03194 20.222769 3.684305 2.316629 18.787249 1e-06 -1e-06 10.751608 -0.47987 1.397903 0.0 -0.0 0.0 3.273804 0.305947 -0.58011 21.48679 11.830364 2.266131 8.162915 0.0 -0.0 18.399052 -3.798986 -4.940567 3e-06 0.0 -1e-06 -3.345125 0.515005 -27.771544 0.023696 -0.085696 18.867239 1.543483 7.000468 7.98848 1.715757 -1.999769 -3.114442 0.0 -0.0 2e-06 -5.444199 -9.989248 13.619708 -0.135113 0.245908 33.526562 1.967176 -0.986927 8.321575 -1.640587 0.74593 -31.217113 0.0 -0.0 -1e-06 
0.0 0.0 0.0 0.0 -0.0 0.0 -24.466698 95.95459 234.934998 2.269909 -6.420059 -2.358001 -1.659322 0.303451 -0.458932 -0.907487 1.623737 -4.925463 -0.958026 -0.372544 10.695969 3.540802 1.277511 3.587612 -1.194713 -0.88573 -3.558745 1.23891 -2.027104 -7.176757 7.7e-05 -2.2e-05 6e-06 0.014117 -0.00533 0.042646 0.72023 -3.710058 -10.563748 -0.701089 3.695842 -10.556726 -14.013085 -4.320678 14.556934 -58.026829 -12.083313 28.937487 -0.198289 -18.127293 0.020594 8.04317 -3.11256 -7.829123 -5.882102 9.861279 0.70259 -10.936861 -0.360574 7.156197 0.0 8.774815 -0.0 -16.363062 18.270517 5.677744 -1.844031 2.498503 -2.507276 -10.16359 4.678941 4.621104 -20.975996 -1e-06 1e-06 -21.226254 2.451698 -3.593995 0.0 -6e-06 -0.0 -1.362681 2.240797 -0.746323 -21.334892 0.58491 3.008319 -13.821196 -1e-06 1e-06 -23.887129 -0.249075 -0.839485 -60.676376 2.36119 -1.337434 -0.294025 1.679686 0.833255 -14.218195 0.093215 1.300579 -34.212002 -0.287561 0.967166 -20.033176 0.964536 1.212838 0.0 -0.0 0.0 -3.440387 0.788233 0.501655 -15.928172 -3.167306 2.999703 -6.338817 -0.0 1e-06 -18.123419 3.648181 -4.905662 -4e-06 0.0 -2e-06 13.510767 11.264799 14.09602 63.269669 2.648995 1.223938 -0.058869 29.184278 -0.056715 -1.64647 5.66341 0.917615 2.24354 -5.255033 -3.180156 14.282877 -0.826594 6.952496 -0.0 -12.690593 -1e-06 16.190834 -17.712536 2.65234 1.665665 -1.95592 -2.878297 4.727794 -4.170584 4.993919 11.020511 1e-06 -0.0 12.109032 -3.735715 -2.866778 0.0 -0.0 0.0 1.291985 -1.928548 -1.498088 14.800115 0.567467 3.865604 14.242553 -1.341738 -6.660648 19.631935 0.143921 -0.648243 50.167171 -0.438865 -6.228843 0.353029 -1.51115 -0.03194 20.222769 3.684305 2.316629 18.787249 1e-06 -1e-06 10.751608 -0.47987 1.397903 0.0 -0.0 0.0 3.273804 0.305947 -0.58011 21.48679 11.830364 2.266131 8.162915 0.0 -0.0 18.399052 -3.798986 -4.940567 3e-06 0.0 -1e-06 -4.832415 -0.209427 -25.267824 -0.050857 0.00571 22.267944 3.454635 7.191036 5.1022 1.625532 -1.98114 -1.499213 0.0 -0.0 2e-06 -7.705058 -9.80217 7.867518 0.060628 0.218079 46.823975 2.338902 -1.107438 20.444065 -1.396698 0.624453 -24.812082 0.0 -0.0 -1e-06 
0.0 0.0 0.0 0.0 -0.0 0.0 -24.309788 96.428635 239.81633 3.444144 -6.614592 -3.250361 -2.2626 0.210054 0.141949 -0.994713 1.722419 -4.748101 -1.220438 -0.354229 10.76021 3.315586 1.518313 3.584232 -1.047492 -0.707951 -3.596511 1.314078 -1.762006 -7.739024 7.7e-05 -2.2e-05 6e-06 0.014815 0.046977 0.050363 0.726453 -3.674769 -10.578448 -0.706965 3.767026 -10.559441 -13.836464 -4.236722 14.60772 -57.470051 -12.696533 29.174788 -0.093418 -19.309566 0.02087 8.421566 -3.399943 -9.362309 -5.882102 9.861279 0.70259 -10.936861 -0.360574 7.156197 0.0 8.774815 -0.0 -16.312366 18.302551 5.706594 -1.844031 2.498503 -2.507276 -10.16359 4.678941 4.621104 -20.975996 -1e-06 1e-06 -21.226254 2.451698 -3.593995 0.0 -6e-06 -0.0 -1.362681 2.240797 -0.746323 -21.334892 0.58491 3.008319 -13.821196 -1e-06 1e-06 -23.887129 -0.249075 -0.839485 -60.445591 2.272681 -1.410134 -0.294025 1.679686 0.833255 -14.218195 0.093215 1.300579 -34.212002 -0.287561 0.967166 -20.033176 0.964536 1.212838 0.0 -0.0 0.0 -3.440387 0.788233 0.501655 -15.928172 -3.167306 2.999703 -6.338817 -0.0 1e-06 -18.123419 3.648181 -4.905662 -4e-06 0.0 -2e-06 13.477695 11.420114 14.510151 63.775425 2.445254 4.439691 -0.148381 26.463333 -0.070881 1.355249 3.825414 3.568372 2.24354 -5.255033 -3.180156 14.282877 -0.826594 6.952496 -0.0 -12.690593 -1e-06 16.340425 -17.681532 2.569074 1.665665 -1.95592 -2.878297 4.727794 -4.170584 4.993919 11.020511 1e-06 -0.0 12.109032 -3.735715 -2.866778 0.0 -0.0 0.0 1.291985 -1.928548 -1.498088 14.800115 0.567467 3.865604 14.242553 -1.341738 -6.660648 19.631935 0.143921 -0.648243 49.985817 -0.567116 -6.356001 0.353029 -1.51115 -0.03194 20.222769 3.684305 2.316629 18.787249 1e-06 -1e-06 10.751608 -0.47987 1.397903 0.0 -0.0 0.0 3.273804 0.305947 -0.58011 21.48679 11.830364 2.266131 8.162915 0.0 -0.0 18.399052 -3.798986 -4.940567 3e-06 0.0 -1e-06 -6.559042 -0.278846 -21.828611 0.127946 0.214456 23.789049 4.424696 7.576523 0.994997 1.612847 -2.01579 -1.176169 0.0 -0.0 2e-06 -9.403297 -8.588185 1.666996 0.051526 0.057338 58.362717 2.155532 -1.278571 27.09034 -1.25141 0.862949 -7.596404 0.0 -0.0 -1e-06 
0.0 0.0 0.0 0.0 -0.0 0.0 -24.252529 97.270035 244.467285 4.033144 -6.835969 -4.09305 -2.555133 0.151041 0.516893 -1.034033 1.502191 -4.644477 -1.15855 -0.503201 11.105515 2.994008 1.817237 3.884912 -0.910841 -0.487557 -3.590756 1.224459 -1.296358 -8.320242 7.7e-05 -2.2e-05 6e-06 0.018336 0.086822 0.052302 0.722028 -3.639726 -10.578829 -0.695641 3.813856 -10.565099 -14.148238 -4.018739 14.530765 -56.331779 -13.322805 29.260948 -0.165907 -20.11775 0.033256 9.407731 -3.799196 -10.415999 -5.882102 9.861279 0.70259 -10.936861 -0.360574 7.156197 0.0 8.774815 -0.0 -16.217815 18.512442 5.832613 -1.844031 2.498503 -2.507276 -10.16359 4.678941 4.621104 -20.975996 -1e-06 1e-06 -21.226254 2.451698 -3.593995 0.0 -6e-06 -0.0 -1.362681 2.240797 -0.746323 -21.334892 0.58491 3.008319 -13.821196 -1e-06 1e-06 -23.887129 -0.249075 -0.839485 -60.351715 2.289315 -1.374259 -0.294025 1.679686 0.833255 -14.218195 0.093215 1.300579 -34.212002 -0.287561 0.967166 -20.033176 0.964536 1.212838 0.0 -0.0 0.0 -3.440387 0.788233 0.501655 -15.928172 -3.167306 2.999703 -6.338817 -0.0 1e-06 -18.123419 3.648181 -4.905662 -4e-06 0.0 -2e-06 13.474785 11.396694 14.729187 64.031158 1.871256 6.527434 -0.127352 25.732105 -0.069495 2.456876 3.333224 5.056139 2.24354 -5.255033 -3.180156 14.282877 -0.826594 6.952496 -0.0 -12.690593 -1e-06 16.448431 -17.718786 2.47213 1.665665 -1.95592 -2.878297 4.727794 -4.170584 4.993919 11.020511 1e-06 -0.0 12.109032 -3.735715 -2.866778 0.0 -0.0 0.0 1.291985 -1.928548 -1.498088 14.800115 0.567467 3.865604 14.242553 -1.341738 -6.660648 19.631935 0.143921 -0.648243 50.091846 -0.600941 -6.37991 0.353029 -1.51115 -0.03194 20.222769 3.684305 2.316629 18.787249 1e-06 -1e-06 10.751608 -0.47987 1.397903 0.0 -0.0 0.0 3.273804 0.305947 -0.58011 21.48679 11.830364 2.266131 8.162915 0.0 -0.0 18.399052 -3.798986 -4.940567 3e-06 0.0 -1e-06 -7.613277 0.124918 -16.812967 0.210745 0.256656 21.895632 4.804773 7.916774 -1.365437 1.599113 -2.053247 -0.850898 0.0 -0.0 2e-06 -9.633157 -7.420984 -3.828444 0.024486 -0.166525 66.343163 0.65928 -2.660258 22.047962 -1.336538 0.905935 -4.897456 0.0 -0.0 -1e-06 
0.0 0.0 0.0 0.0 -0.0 0.0 -24.300041 98.237526 249.039108 3.803175 -6.783028 -4.969678 -2.46216 0.01211 0.866861 -0.923641 1.097806 -4.507309 -0.740236 -0.890458 11.33644 2.672862 2.021845 4.577168 -0.741223 -0.159166 -3.571926 0.984471 -0.758072 -8.426152 7.7e-05 -2.2e-05 6e-06 0.021965 0.097237 0.054241 0.710194 -3.631922 -10.573525 -0.675418 3.828682 -10.572746 -14.264112 -4.085245 14.56189 -55.570549 -13.935301 29.025425 -0.370462 -20.342413 0.057121 10.287989 -3.831198 -10.756112 -5.882102 9.861279 0.70259 -10.936861 -0.360574 7.156197 0.0 8.774815 -0.0 -16.038692 18.604551 5.968654 -1.844031 2.498503 -2.507276 -10.16359 4.678941 4.621104 -20.975996 -1e-06 1e-06 -21.226254 2.451698 -3.593995 0.0 -6e-06 -0.0 -1.362681 2.240797 -0.746323 -21.334892 0.58491 3.008319 -13.821196 -1e-06 1e-06 -23.887129 -0.249075 -0.839485 -60.285969 2.251793 -1.258292 -0.294025 1.679686 0.833255 -14.218195 0.093215 1.300579 -34.212002 -0.287561 0.967166 -20.033176 0.964536 1.212838 0.0 -0.0 0.0 -3.440387 0.788233 0.501655 -15.928172 -3.167306 2.999703 -6.338817 -0.0 1e-06 -18.123419 3.648181 -4.905662 -4e-06 0.0 -2e-06 13.010427 11.053684 14.774577 64.797966 0.795074 6.776968 -0.354584 26.696857 -0.124028 1.571118 3.961786 4.336726 2.24354 -5.255033 -3.180156 14.282877 -0.826594 6.952496 -0.0 -12.690593 -1e-06 16.509693 -17.770357 2.521559 1.665665 -1.95592 -2.878297 4.727794 -4.170584 4.993919 11.020511 1e-06 -0.0 12.109032 -3.735715 -2.866778 0.0 -0.0 0.0 1.291985 -1.928548 -1.498088 14.800115 0.567467 3.865604 14.242553 -1.341738 -6.660648 19.631935 0.143921 -0.648243 50.291767 -0.559435 -6.265248 0.353029 -1.51115 -0.03194 20.222769 3.684305 2.316629 18.787249 1e-06 -1e-06 10.751608 -0.47987 1.397903 0.0 -0.0 0.0 3.273804 0.305947 -0.58011 21.48679 11.830364 2.266131 8.162915 0.0 -0.0 18.399052 -3.798986 -4.940567 3e-06 0.0 -1e-06 -7.687861 0.707604 -10.909751 0.175394 0.165862 18.333607 4.883937 7.796656 -2.67586 1.606559 -2.037494 -0.706482 0.0 -0.0 2e-06 -8.450896 -6.897828 -8.628218 -0.009988 -0.334106 69.993645 -1.253015 -5.084822 16.412041 -1.404072 0.907048 -4.373198 0.0 -0.0 -1e-06 
0.0 0.0 0.0 0.0 -0.0 0.0 -24.451963 99.127541 253.576584 3.082771 -6.324628 -5.821191 -2.231211 -0.169294 1.239496 -0.747642 0.551195 -4.332496 -0.130101 -1.53853 11.371531 2.528157 2.027645 5.353923 -0.551469 0.230378 -3.557313 0.677739 -0.223931 -8.12343 7.7e-05 -2.2e-05 6e-06 0.023288 0.090929 0.058765 0.700336 -3.64402 -10.588015 -0.661208 3.829084 -10.597573 -13.966052 -4.492736 14.715549 -55.181572 -14.384961 28.863068 -0.551458 -20.761324 0.078854 10.628163 -3.533551 -10.767413 -5.882102 9.861279 0.70259 -10.936861 -0.360574 7.156197 0.0 8.774815 -0.0 -15.78197 18.547922 6.098045 -1.844031 2.498503 -2.507276 -10.16359 4.678941 4.621104 -20.975996 -1e-06 1e-06 -21.226254 2.451698 -3.593995 0.0 -6e-06 -0.0 -1.362681 2.240797 -0.746323 -21.334892 0.58491 3.008319 -13.821196 -1e-06 1e-06 -23.887129 -0.249075 -0.839485 -60.19006 2.255093 -1.149756 -0.294025 1.679686 0.833255 -14.218195 0.093215 1.300579 -34.212002 -0.287561 0.967166 -20.033176 0.964536 1.212838 0.0 -0.0 0.0 -3.440387 0.788233 0.501655 -15.928172 -3.167306 2.999703 -6.338817 -0.0 1e-06 -18.123419 3.648181 -4.905662 -4e-06 0.0 -2e-06 12.564795 10.389374 14.671195 65.682945 -0.652434 5.393719 -0.569276 28.601278 -0.164438 -0.066492 5.324941 1.687589 2.24354 -5.255033 -3.180156 14.282877 -0.826594 6.952496 -0.0 -12.690593 -1e-06 16.492014 -17.810175 2.652745 1.665665 -1.95592 -2.878297 4.727794 -4.170584 4.993919 11.020511 1e-06 -0.0 12.109032 -3.735715 -2.866778 0.0 -0.0 0.0 1.291985 -1.928548 -1.498088 14.800115 0.567467 3.865604 14.242553 -1.341738 -6.660648 19.631935 0.143921 -0.648243 50.369595 -0.541405 -6.137138 0.353029 -1.51115 -0.03194 20.222769 3.684305 2.316629 18.787249 1e-06 -1e-06 10.751608 -0.47987 1.397903 0.0 -0.0 0.0 3.273804 0.305947 -0.58011 21.48679 11.830364 2.266131 8.162915 0.0 -0.0 18.399052 -3.798986 -4.940567 3e-06 0.0 -1e-06 -7.088592 1.40242 -4.386871 0.117113 0.024274 13.473462 4.728669 7.009998 -3.174151 1.622974 -1.973206 -0.7749 0.0 -0.0 2e-06 -6.533915 -7.072501 -12.494275 -0.030157 -0.438402 69.409569 -2.374477 -6.982103 12.129642 -1.40738 0.869005 -4.521095 0.0 -0.0 -1e-06 
0.0 0.0 0.0 0.0 -0.0 0.0 -24.722769 99.727203 258.061768 2.242096 -5.601661 -6.346592 -2.022442 -0.285579 1.470949 -0.61225 -0.070867 -4.215671 0.521199 -2.231298 11.352784 2.671272 1.818934 5.794964 -0.378244 0.6426 -3.560611 0.400374 0.199317 -7.593791 7.7e-05 -2.2e-05 6e-06 0.023484 0.068995 0.052211 0.69755 -3.66971 -10.617566 -0.656184 3.810983 -10.632324 -13.469892 -5.122321 14.796947 -54.715897 -14.624223 28.832258 -0.673002 -21.972658 0.111996 10.458425 -3.18784 -10.7571 -5.882102 9.861279 0.70259 -10.936861 -0.360574 7.156197 0.0 8.774815 -0.0 -15.552787 18.495541 6.232909 -1.844031 2.498503 -2.507276 -10.16359 4.678941 4.621104 -20.975996 -1e-06 1e-06 -21.226254 2.451698 -3.593995 0.0 -6e-06 -0.0 -1.362681 2.240797 -0.746323 -21.334892 0.58491 3.008319 -13.821196 -1e-06 1e-06 -23.887129 -0.249075 -0.839485 -60.134686 2.296227 -1.088485 -0.294025 1.679686 0.833255 -14.218195 0.093215 1.300579 -34.212002 -0.287561 0.967166 -20.033176 0.964536 1.212838 0.0 -0.0 0.0 -3.440387 0.788233 0.501655 -15.928172 -3.167306 2.999703 -6.338817 -0.0 1e-06 -18.123419 3.648181 -4.905662 -4e-06 0.0 -2e-06 12.685951 9.581418 14.433913 66.000969 -2.214335 3.528828 -0.663555 30.781635 -0.17986 -1.135546 6.61293 -1.212062 2.24354 -5.255033 -3.180156 14.282877 -0.826594 6.952496 -0.0 -12.690593 -1e-06 16.41514 -17.864754 2.769121 1.665665 -1.95592 -2.878297 4.727794 -4.170584 4.993919 11.020511 1e-06 -0.0 12.109032 -3.735715 -2.866778 0.0 -0.0 0.0 1.291985 -1.928548 -1.498088 14.800115 0.567467 3.865604 14.242553 -1.341738 -6.660648 19.631935 0.143921 -0.648243 50.313824 -0.596819 -6.09977 0.353029 -1.51115 -0.03194 20.222769 3.684305 2.316629 18.787249 1e-06 -1e-06 10.751608 -0.47987 1.397903 0.0 -0.0 0.0 3.273804 0.305947 -0.58011 21.48679 11.830364 2.266131 8.162915 0.0 -0.0 18.399052 -3.798986 -4.940567 3e-06 0.0 -1e-06 -6.128438 2.125818 1.782176 0.072424 -0.040361 8.535838 4.359278 5.658216 -3.325929 1.640843 -1.880583 -0.931264 0.0 -0.0 2e-06 -4.474652 -7.584087 -15.853389 -0.084625 -0.502877 65.367783 -2.385107 -7.706937 9.098195 -1.395787 0.822338 -4.926538 0.0 -0.0 -1e-06 
0.0 0.0 0.0 0.0 -0.0 0.0 -25.1203 99.920509 262.529724 1.658077 -4.795864 -6.437047 -1.975272 -0.319831 1.541468 -0.573393 -0.637905 -4.186072 1.07 -2.771457 11.348 3.109194 1.429448 5.702776 -0.287246 1.053015 -3.57672 0.253874 0.462372 -7.203171 7.7e-05 -2.2e-05 6e-06 0.022247 0.036962 0.036389 0.697 -3.699982 -10.641467 -0.65662 3.777513 -10.648615 -12.827467 -5.808648 14.776119 -54.10775 -14.883983 28.735634 -0.709066 -23.972418 0.14502 10.235443 -2.922719 -11.019706 -5.882102 9.861279 0.70259 -10.936861 -0.360574 7.156197 0.0 8.774815 -0.0 -15.383442 18.490461 6.381679 -1.844031 2.498503 -2.507276 -10.16359 4.678941 4.621104 -20.975996 -1e-06 1e-06 -21.226254 2.451698 -3.593995 0.0 -6e-06 -0.0 -1.362681 2.240797 -0.746323 -21.334892 0.58491 3.008319 -13.821196 -1e-06 1e-06 -23.887129 -0.249075 -0.839485 -60.151569 2.38993 -1.046207 -0.294025 1.679686 0.833255 -14.218195 0.093215 1.300579 -34.212002 -0.287561 0.967166 -20.033176 0.964536 1.212838 0.0 -0.0 0.0 -3.440387 0.788233 0.501655 -15.928172 -3.167306 2.999703 -6.338817 -0.0 1e-06 -18.123419 3.648181 -4.905662 -4e-06 0.0 -2e-06 13.209831 8.806211 14.163895 65.838814 -3.469234 1.933807 -0.617536 32.626518 -0.157212 -1.652018 7.431865 -3.04414 2.24354 -5.255033 -3.180156 14.282877 -0.826594 6.952496 -0.0 -12.690593 -1e-06 16.37254 -17.938099 2.80926 1.665665 -1.95592 -2.878297 4.727794 -4.170584 4.993919 11.020511 1e-06 -0.0 12.109032 -3.735715 -2.866778 0.0 -0.0 0.0 1.291985 -1.928548 -1.498088 14.800115 0.567467 3.865604 14.242553 -1.341738 -6.660648 19.631935 0.143921 -0.648243 50.202209 -0.687181 -6.147686 0.353029 -1.51115 -0.03194 20.222769 3.684305 2.316629 18.787249 1e-06 -1e-06 10.751608 -0.47987 1.397903 0.0 -0.0 0.0 3.273804 0.305947 -0.58011 21.48679 11.830364 2.266131 8.162915 0.0 -0.0 18.399052 -3.798986 -4.940567 3e-06 0.0 -1e-06 -5.203886 2.753492 7.006799 0.026546 -0.008236 4.502388 3.841023 4.132359 -3.70127 1.655366 -1.821139 -0.989481 0.0 -0.0 2e-06 -2.783085 -8.049639 -18.947802 -0.151389 -0.475588 58.390755 -1.486875 -7.361789 7.094177 -1.400097 0.811718 -5.346096 0.0 -0.0 -1e-06 
0.0 0.0 0.0 0.0 -0.0 0.0 -25.581789 99.710236 266.868683 1.587056 -4.026776 -6.180496 -2.174524 -0.312774 1.490537 -0.609436 -1.068411 -4.202225 1.359358 -3.053813 11.392991 3.748234 1.001348 5.189692 -0.323471 1.312311 -3.584522 0.267547 0.583624 -7.208308 7.7e-05 -2.2e-05 6e-06 0.018686 0.015347 0.027608 0.688837 -3.719521 -10.64823 -0.654936 3.754513 -10.643204 -12.202968 -6.402369 14.669132 -53.337578 -15.352191 28.478193 -0.636568 -26.357452 0.139542 10.366049 -2.749731 -11.628372 -5.882102 9.861279 0.70259 -10.936861 -0.360574 7.156197 0.0 8.774815 -0.0 -15.292871 18.500828 6.494753 -1.844031 2.498503 -2.507276 -10.16359 4.678941 4.621104 -20.975996 -1e-06 1e-06 -21.226254 2.451698 -3.593995 0.0 -6e-06 -0.0 -1.362681 2.240797 -0.746323 -21.334892 0.58491 3.008319 -13.821196 -1e-06 1e-06 -23.887129 -0.249075 -0.839485 -60.147297 2.466493 -1.005642 -0.294025 1.679686 0.833255 -14.218195 0.093215 1.300579 -34.212002 -0.287561 0.967166 -20.033176 0.964536 1.212838 0.0 -0.0 0.0 -3.440387 0.788233 0.501655 -15.928172 -3.167306 2.999703 -6.338817 -0.0 1e-06 -18.123419 3.648181 -4.905662 -4e-06 0.0 -2e-06 13.827323 8.165755 13.907932 65.575531 -4.241253 0.753898 -0.433949 33.8479 -0.09914 -2.008949 7.775921 -3.600515 2.24354 -5.255033 -3.180156 14.282877 -0.826594 6.952496 -0.0 -12.690593 -1e-06 16.377739 -17.933331 2.795214 1.665665 -1.95592 -2.878297 4.727794 -4.170584 4.993919 11.020511 1e-06 -0.0 12.109032 -3.735715 -2.866778 0.0 -0.0 0.0 1.291985 -1.928548 -1.498088 14.800115 0.567467 3.865604 14.242553 -1.341738 -6.660648 19.631935 0.143921 -0.648243 50.179737 -0.758469 -6.166446 0.353029 -1.51115 -0.03194 20.222769 3.684305 2.316629 18.787249 1e-06 -1e-06 10.751608 -0.47987 1.397903 0.0 -0.0 0.0 3.273804 0.305947 -0.58011 21.48679 11.830364 2.266131 8.162915 0.0 -0.0 18.399052 -3.798986 -4.940567 3e-06 0.0 -1e-06 -4.794917 3.107242 10.633882 -0.014699 0.045406 2.400949 3.43191 3.03004 -4.687721 1.670948 -1.814307 -0.981013 0.0 -0.0 2e-06 -1.832854 -8.291296 -21.515854 -0.146324 -0.329011 48.962208 -0.303808 -6.793267 6.115334 -1.416451 0.847681 -5.685276 0.0 -0.0 -1e-06 
0.0 0.0 0.0 0.0 -0.0 0.0 -26.052618 99.223862 271.082672 1.946408 -3.389889 -5.735183 -2.491694 -0.314011 1.334676 -0.663041 -1.338978 -4.253947 1.313336 -3.136775 11.525615 4.377174 0.670758 4.529916 -0.379414 1.350614 -3.560726 0.351306 0.673265 -7.513101 7.7e-05 -2.2e-05 6e-06 0.009821 0.024555 0.032564 0.680233 -3.711573 -10.651893 -0.664103 3.766132 -10.640981 -11.745585 -6.808064 14.506186 -52.501209 -16.031094 27.981762 -0.467458 -28.595802 0.073079 10.870256 -2.685033 -12.225523 -5.882102 9.861279 0.70259 -10.936861 -0.360574 7.156197 0.0 8.774815 -0.0 -15.259773 18.516342 6.548496 -1.844031 2.498503 -2.507276 -10.16359 4.678941 4.621104 -20.975996 -1e-06 1e-06 -21.226254 2.451698 -3.593995 0.0 -6e-06 -0.0 -1.362681 2.240797 -0.746323 -21.334892 0.58491 3.008319 -13.821196 -1e-06 1e-06 -23.887129 -0.249075 -0.839485 -60.17622 2.478478 -1.006025 -0.294025 1.679686 0.833255 -14.218195 0.093215 1.300579 -34.212002 -0.287561 0.967166 -20.033176 0.964536 1.212838 0.0 -0.0 0.0 -3.440387 0.788233 0.501655 -15.928172 -3.167306 2.999703 -6.338817 -0.0 1e-06 -18.123419 3.648181 -4.905662 -4e-06 0.0 -2e-06 14.354053 7.736305 13.711325 65.423584 -4.603371 0.103366 -0.248961 34.42548 -0.014624 -2.257046 7.859793 -3.292008 2.24354 -5.255033 -3.180156 14.282877 -0.826594 6.952496 -0.0 -12.690593 -1e-06 16.427567 -17.845984 2.758987 1.665665 -1.95592 -2.878297 4.727794 -4.170584 4.993919 11.020511 1e-06 -0.0 12.109032 -3.735715 -2.866778 0.0 -0.0 0.0 1.291985 -1.928548 -1.498088 14.800115 0.567467 3.865604 14.242553 -1.341738 -6.660648 19.631935 0.143921 -0.648243 50.337906 -0.756804 -6.101527 0.353029 -1.51115 -0.03194 20.222769 3.684305 2.316629 18.787249 1e-06 -1e-06 10.751608 -0.47987 1.397903 0.0 -0.0 0.0 3.273804 0.305947 -0.58011 21.48679 11.830364 2.266131 8.162915 0.0 -0.0 18.399052 -3.798986 -4.940567 3e-06 0.0 -1e-06 -4.903742 3.171348 13.204803 -0.03841 0.122716 1.766201 3.178884 2.465552 -6.122481 1.685591 -1.86342 -1.150986 0.0 -0.0 2e-06 -1.546145 -8.4078 -23.136061 -0.041497 -0.12902 37.165657 0.412993 -6.517391 6.552544 -1.440058 0.918193 -5.767117 0.0 -0.0 -1e-06 
0.0 0.0 0.0 0.0 -0.0 0.0 -26.582401 98.583733 275.36615 2.388904 -2.86513 -5.197651 -2.701165 -0.336039 1.107865 -0.665499 -1.393719 -4.363801 1.064447 -3.169256 11.723459 4.841991 0.481819 3.820311 -0.407854 1.206804 -3.500533 0.417969 0.609208 -7.848222 7.7e-05 -2.2e-05 6e-06 -0.001375 0.026111 0.031352 0.680231 -3.719227 -10.688009 -0.687356 3.778515 -10.682508 -11.380665 -7.082649 14.35186 -52.054008 -16.894264 27.202431 -0.246771 -30.104898 0.086563 11.655471 -2.793627 -12.595377 -5.882102 9.861279 0.70259 -10.936861 -0.360574 7.156197 0.0 8.774815 -0.0 -15.256868 18.547981 6.481791 -1.844031 2.498503 -2.507276 -10.16359 4.678941 4.621104 -20.975996 -1e-06 1e-06 -21.226254 2.451698 -3.593995 0.0 -6e-06 -0.0 -1.362681 2.240797 -0.746323 -21.334892 0.58491 3.008319 -13.821196 -1e-06 1e-06 -23.887129 -0.249075 -0.839485 -60.230366 2.569249 -1.285682 -0.294025 1.679686 0.833255 -14.218195 0.093215 1.300579 -34.212002 -0.287561 0.967166 -20.033176 0.964536 1.212838 0.0 -0.0 0.0 -3.440387 0.788233 0.501655 -15.928172 -3.167306 2.999703 -6.338817 -0.0 1e-06 -18.123419 3.648181 -4.905662 -4e-06 0.0 -2e-06 14.620881 7.541071 13.645287 65.481812 -4.667277 -0.031518 -0.179128 34.383106 0.108715 -2.213805 7.776474 -2.446931 2.24354 -5.255033 -3.180156 14.282877 -0.826594 6.952496 -0.0 -12.690593 -1e-06 16.47196 -17.826931 2.699816 1.665665 -1.95592 -2.878297 4.727794 -4.170584 4.993919 11.020511 1e-06 -0.0 12.109032 -3.735715 -2.866778 0.0 -0.0 0.0 1.291985 -1.928548 -1.498088 14.800115 0.567467 3.865604 14.242553 -1.341738 -6.660648 19.631935 0.143921 -0.648243 50.512661 -0.773746 -6.076201 0.353029 -1.51115 -0.03194 20.222769 3.684305 2.316629 18.787249 1e-06 -1e-06 10.751608 -0.47987 1.397903 0.0 -0.0 0.0 3.273804 0.305947 -0.58011 21.48679 11.830364 2.266131 8.162915 0.0 -0.0 18.399052 -3.798986 -4.940567 3e-06 0.0 -1e-06 -5.111876 3.040571 15.465165 0.013444 0.275402 1.665695 2.952459 2.048396 -7.522965 1.72578 -1.911139 -1.461047 0.0 -0.0 2e-06 -1.395378 -8.655244 -23.673822 0.041071 -0.014765 23.419943 1.106646 -6.347985 7.215836 -1.445841 1.024684 -5.283922 0.0 -0.0 -1e-06 
0.0 0.0 0.0 0.0 -0.0 0.0 -27.220518 97.750053 279.758728 2.904176 -2.381002 -4.769549 -2.891769 -0.264611 0.894294 -0.731657 -1.395876 -4.498644 0.831082 -3.136103 11.911529 5.20173 0.493507 3.275909 -0.35383 0.929942 -3.472564 0.381463 0.395495 -8.044302 7.7e-05 -2.2e-05 6e-06 -6.4e-05 0.077751 0.030193 0.68693 -3.667504 -10.716726 -0.691907 3.832673 -10.71538 -11.350138 -7.25146 14.143359 -51.794605 -17.601423 26.559078 -0.059426 -30.98737 0.039703 12.302279 -2.996255 -12.552701 -5.882102 9.861279 0.70259 -10.936861 -0.360574 7.156197 0.0 8.774815 -0.0 -15.292583 18.56278 6.486215 -1.844031 2.498503 -2.507276 -10.16359 4.678941 4.621104 -20.975996 -1e-06 1e-06 -21.226254 2.451698 -3.593995 0.0 -6e-06 -0.0 -1.362681 2.240797 -0.746323 -21.334892 0.58491 3.008319 -13.821196 -1e-06 1e-06 -23.887129 -0.249075 -0.839485 -60.272861 2.595314 -1.428329 -0.294025 1.679686 0.833255 -14.218195 0.093215 1.300579 -34.212002 -0.287561 0.967166 -20.033176 0.964536 1.212838 0.0 -0.0 0.0 -3.440387 0.788233 0.501655 -15.928172 -3.167306 2.999703 -6.338817 -0.0 1e-06 -18.123419 3.648181 -4.905662 -4e-06 0.0 -2e-06 14.773848 7.459358 13.416961 65.632553 -4.780849 0.115108 -0.0539 33.785316 0.167015 -1.773088 7.756714 -0.50005 2.24354 -5.255033 -3.180156 14.282877 -0.826594 6.952496 -0.0 -12.690593 -1e-06 16.422369 -17.798513 2.668287 1.665665 -1.95592 -2.878297 4.727794 -4.170584 4.993919 11.020511 1e-06 -0.0 12.109032 -3.735715 -2.866778 0.0 -0.0 0.0 1.291985 -1.928548 -1.498088 14.800115 0.567467 3.865604 14.242553 -1.341738 -6.660648 19.631935 0.143921 -0.648243 50.673767 -0.732413 -6.126643 0.353029 -1.51115 -0.03194 20.222769 3.684305 2.316629 18.787249 1e-06 -1e-06 10.751608 -0.47987 1.397903 0.0 -0.0 0.0 3.273804 0.305947 -0.58011 21.48679 11.830364 2.266131 8.162915 0.0 -0.0 18.399052 -3.798986 -4.940567 3e-06 0.0 -1e-06 -5.204192 3.157413 17.943047 0.023735 0.325771 1.637776 2.747707 1.463045 -8.748564 1.754237 -1.934263 -2.115416 0.0 -0.0 2e-06 -1.352798 -9.0554 -23.701992 0.148511 -0.022186 10.713249 2.838898 -5.848103 6.578106 -1.404456 1.083129 -5.15689 0.0 -0.0 -1e-06 
0.0 0.0 0.0 0.0 -0.0 0.0 -27.969208 96.879173 284.236115 3.30119 -2.007844 -4.334725 -2.989581 -0.125477 0.590904 -0.802916 -1.403122 -4.628484 0.620027 -3.007879 12.065871 5.505991 0.4708 2.864813 -0.307612 0.773114 -3.481427 0.339308 0.175436 -7.891102 7.7e-05 -2.2e-05 6e-06 0.003923 0.094201 0.01276 0.682312 -3.650256 -10.735461 -0.679199 3.851215 -10.732437 -11.767985 -7.281874 13.785346 -51.489922 -18.016382 26.29055 -0.120464 -31.113373 0.031008 12.587384 -3.246855 -12.20498 -5.882102 9.861279 0.70259 -10.936861 -0.360574 7.156197 0.0 8.774815 -0.0 -15.289082 18.514574 6.516989 -1.844031 2.498503 -2.507276 -10.16359 4.678941 4.621104 -20.975996 -1e-06 1e-06 -21.226254 2.451698 -3.593995 0.0 -6e-06 -0.0 -1.362681 2.240797 -0.746323 -21.334892 0.58491 3.008319 -13.821196 -1e-06 1e-06 -23.887129 -0.249075 -0.839485 -60.317204 2.610276 -1.381455 -0.294025 1.679686 0.833255 -14.218195 0.093215 1.300579 -34.212002 -0.287561 0.967166 -20.033176 0.964536 1.212838 0.0 -0.0 0.0 -3.440387 0.788233 0.501655 -15.928172 -3.167306 2.999703 -6.338817 -0.0 1e-06 -18.123419 3.648181 -4.905662 -4e-06 0.0 -2e-06 15.336364 7.481589 13.337737 65.414459 -4.819859 0.298386 -0.063517 32.82037 0.134474 -1.276634 7.602783 1.427704 2.24354 -5.255033 -3.180156 14.282877 -0.826594 6.952496 -0.0 -12.690593 -1e-06 16.327028 -17.749481 2.636607 1.665665 -1.95592 -2.878297 4.727794 -4.170584 4.993919 11.020511 1e-06 -0.0 12.109032 -3.735715 -2.866778 0.0 -0.0 0.0 1.291985 -1.928548 -1.498088 14.800115 0.567467 3.865604 14.242553 -1.341738 -6.660648 19.631935 0.143921 -0.648243 50.381504 -0.758769 -6.304008 0.353029 -1.51115 -0.03194 20.222769 3.684305 2.316629 18.787249 1e-06 -1e-06 10.751608 -0.47987 1.397903 0.0 -0.0 0.0 3.273804 0.305947 -0.58011 21.48679 11.830364 2.266131 8.162915 0.0 -0.0 18.399052 -3.798986 -4.940567 3e-06 0.0 -1e-06 -4.929954 3.354083 20.52809 -0.027972 0.300877 1.580169 2.319259 0.518588 -9.175826 1.790911 -1.878411 -3.158483 0.0 -0.0 2e-06 -1.00617 -9.419504 -24.304607 0.141502 0.001674 2.572669 4.981629 -6.358989 4.270557 -1.34664 1.106095 -5.024587 0.0 -0.0 -1e-06 
0.0 0.0 0.0 0.0 -0.0 0.0 -28.824347 96.059555 288.830719 3.542099 -1.69279 -4.00087 -3.045405 -0.05134 0.305755 -0.859626 -1.485089 -4.726577 0.477196 -2.859121 12.130668 5.743099 0.413275 2.541084 -0.274145 0.819881 -3.451098 0.287181 0.02528 -7.722522 7.7e-05 -2.2e-05 6e-06 0.002655 0.086276 0.021814 0.673316 -3.6619 -10.720407 -0.672064 3.847828 -10.700799 -12.171905 -7.304766 13.661263 -51.613884 -18.210453 25.872265 -0.333808 -30.448229 0.040488 12.668628 -3.564156 -11.563912 -5.882102 9.861279 0.70259 -10.936861 -0.360574 7.156197 0.0 8.774815 -0.0 -15.332689 18.430208 6.51466 -1.844031 2.498503 -2.507276 -10.16359 4.678941 4.621104 -20.975996 -1e-06 1e-06 -21.226254 2.451698 -3.593995 0.0 -6e-06 -0.0 -1.362681 2.240797 -0.746323 -21.334892 0.58491 3.008319 -13.821196 -1e-06 1e-06 -23.887129 -0.249075 -0.839485 -60.528896 2.611861 -1.223525 -0.294025 1.679686 0.833255 -14.218195 0.093215 1.300579 -34.212002 -0.287561 0.967166 -20.033176 0.964536 1.212838 0.0 -0.0 0.0 -3.440387 0.788233 0.501655 -15.928172 -3.167306 2.999703 -6.338817 -0.0 1e-06 -18.123419 3.648181 -4.905662 -4e-06 0.0 -2e-06 15.98141 7.583827 13.511278 65.135536 -4.574271 0.239214 -0.159692 31.482723 0.096429 -1.138691 7.405598 2.506865 2.24354 -5.255033 -3.180156 14.282877 -0.826594 6.952496 -0.0 -12.690593 -1e-06 16.343559 -17.673204 2.560808 1.665665 -1.95592 -2.878297 4.727794 -4.170584 4.993919 11.020511 1e-06 -0.0 12.109032 -3.735715 -2.866778 0.0 -0.0 0.0 1.291985 -1.928548 -1.498088 14.800115 0.567467 3.865604 14.242553 -1.341738 -6.660648 19.631935 0.143921 -0.648243 50.065163 -0.636179 -6.390985 0.353029 -1.51115 -0.03194 20.222769 3.684305 2.316629 18.787249 1e-06 -1e-06 10.751608 -0.47987 1.397903 0.0 -0.0 0.0 3.273804 0.305947 -0.58011 21.48679 11.830364 2.266131 8.162915 0.0 -0.0 18.399052 -3.798986 -4.940567 3e-06 0.0 -1e-06 -4.296507 3.520751 23.175423 -0.057386 0.185685 1.783966 1.631221 -0.643498 -8.313971 1.826701 -1.839964 -5.131681 0.0 -0.0 2e-06 -0.40499 -10.020919 -25.41081 0.108588 0.05392 1.032085 5.727144 -7.218738 1.670013 -1.327817 1.09965 -5.140791 0.0 -0.0 -1e-06 
0.0 0.0 0.0 0.0 -0.0 0.0 -29.818886 95.383659 293.723053 3.136428 -1.431851 -3.496915 -2.738964 0.059341 -0.209457 -0.814268 -1.66218 -4.84472 0.536093 -2.777768 12.154119 5.830652 0.36815 2.171224 -0.289815 0.863702 -3.441406 0.421909 -0.167981 -7.320529 7.7e-05 -2.2e-05 6e-06 -0.004329 0.096283 0.041755 0.669886 -3.652796 -10.675451 -0.68168 3.857334 -10.643582 -12.867267 -7.282188 13.742749 -51.826763 -18.00061 25.564333 -0.383609 -29.387108 0.04583 12.567885 -3.782199 -11.046106 -5.882102 9.861279 0.70259 -10.936861 -0.360574 7.156197 0.0 8.774815 -0.0 -15.459616 18.305 6.435789 -1.844031 2.498503 -2.507276 -10.16359 4.678941 4.621104 -20.975996 -1e-06 1e-06 -21.226254 2.451698 -3.593995 0.0 -6e-06 -0.0 -1.362681 2.240797 -0.746323 -21.334892 0.58491 3.008319 -13.821196 -1e-06 1e-06 -23.887129 -0.249075 -0.839485 -60.626236 2.532772 -1.141284 -0.294025 1.679686 0.833255 -14.218195 0.093215 1.300579 -34.212002 -0.287561 0.967166 -20.033176 0.964536 1.212838 0.0 -0.0 0.0 -3.440387 0.788233 0.501655 -15.928172 -3.167306 2.999703 -6.338817 -0.0 1e-06 -18.123419 3.648181 -4.905662 -4e-06 0.0 -2e-06 16.757172 7.6699 13.520918 64.573929 -4.558655 0.295393 -0.31091 30.16316 0.100768 -1.156397 7.188568 2.81512 2.24354 -5.255033 -3.180156 14.282877 -0.826594 6.952496 -0.0 -12.690593 -1e-06 16.349752 -17.559803 2.501139 1.665665 -1.95592 -2.878297 4.727794 -4.170584 4.993919 11.020511 1e-06 -0.0 12.109032 -3.735715 -2.866778 0.0 -0.0 0.0 1.291985 -1.928548 -1.498088 14.800115 0.567467 3.865604 14.242553 -1.341738 -6.660648 19.631935 0.143921 -0.648243 49.986996 -0.497984 -6.281793 0.353029 -1.51115 -0.03194 20.222769 3.684305 2.316629 18.787249 1e-06 -1e-06 10.751608 -0.47987 1.397903 0.0 -0.0 0.0 3.273804 0.305947 -0.58011 21.48679 11.830364 2.266131 8.162915 0.0 -0.0 18.399052 -3.798986 -4.940567 3e-06 0.0 -1e-06 -2.674476 3.922133 24.783062 0.018447 -0.083347 3.815797 0.929206 -2.096055 -6.534066 1.874393 -1.834523 -8.663207 0.0 -0.0 2e-06 0.479065 -10.026291 -25.857056 0.149561 0.042315 3.469751 3.896957 -7.677669 1.624541 -1.346676 1.144558 -5.697578 0.0 -0.0 -1e-06 
0.0 0.0 0.0 0.0 -0.0 0.0 -30.971695 95.094658 298.922791 1.28442 -1.230136 -2.320391 -1.400527 0.060817 -1.228601 -0.672657 -1.570534 -5.208334 0.989885 -2.955157 12.253876 5.743529 0.518416 1.613314 -0.408965 0.836451 -3.461383 0.549854 -0.535126 -6.206315 7.7e-05 -2.2e-05 6e-06 -0.02012 0.084521 0.018392 0.653073 -3.650506 -10.631677 -0.692695 3.830299 -10.614348 -14.925205 -7.000493 13.476423 -50.924152 -17.032488 25.760366 -0.290746 -28.119268 -0.038936 12.180669 -4.178582 -10.769816 -5.882102 9.861279 0.70259 -10.936861 -0.360574 7.156197 0.0 8.774815 -0.0 -15.514177 18.260559 6.347012 -1.844031 2.498503 -2.507276 -10.16359 4.678941 4.621104 -20.975996 -1e-06 1e-06 -21.226254 2.451698 -3.593995 0.0 -6e-06 -0.0 -1.362681 2.240797 -0.746323 -21.334892 0.58491 3.008319 -13.821196 -1e-06 1e-06 -23.887129 -0.249075 -0.839485 -60.504036 2.36147 -1.171905 -0.294025 1.679686 0.833255 -14.218195 0.093215 1.300579 -34.212002 -0.287561 0.967166 -20.033176 0.964536 1.212838 0.0 -0.0 0.0 -3.440387 0.788233 0.501655 -15.928172 -3.167306 2.999703 -6.338817 -0.0 1e-06 -18.123419 3.648181 -4.905662 -4e-06 0.0 -2e-06 18.237673 7.687397 13.108885 63.192657 -5.120642 -0.114858 -0.325154 29.077017 0.125498 -0.97758 6.888377 3.434319 2.24354 -5.255033 -3.180156 14.282877 -0.826594 6.952496 -0.0 -12.690593 -1e-06 16.302546 -17.511654 2.473613 1.665665 -1.95592 -2.878297 4.727794 -4.170584 4.993919 11.020511 1e-06 -0.0 12.109032 -3.735715 -2.866778 0.0 -0.0 0.0 1.291985 -1.928548 -1.498088 14.800115 0.567467 3.865604 14.242553 -1.341738 -6.660648 19.631935 0.143921 -0.648243 50.208138 -0.423838 -6.237258 0.353029 -1.51115 -0.03194 20.222769 3.684305 2.316629 18.787249 1e-06 -1e-06 10.751608 -0.47987 1.397903 0.0 -0.0 0.0 3.273804 0.305947 -0.58011 21.48679 11.830364 2.266131 8.162915 0.0 -0.0 18.399052 -3.798986 -4.940567 3e-06 0.0 -1e-06 1.111213 4.951658 23.799501 0.099575 -0.348557 9.404705 0.170686 -4.488651 -4.323831 1.9722 -1.742282 -14.55658 0.0 -0.0 2e-06 2.521798 -8.409433 -27.037483 0.116724 -0.04626 8.118233 -0.291521 -8.122831 6.558718 -1.388296 1.142352 -5.923077 0.0 -0.0 -1e-06 
0.0 0.0 0.0 0.0 -0.0 0.0 -32.289894 95.044418 304.342834 -0.709617 -1.09125 -1.473746 -0.248261 0.023574 -1.877558 -0.424946 -1.76299 -5.512938 1.823215 -3.024105 12.120552 5.439201 0.705771 1.298651 -0.598575 1.185544 -3.557293 0.628227 -0.748312 -5.70051 7.7e-05 -2.2e-05 6e-06 -0.025408 0.054739 -0.020198 0.681517 -3.68186 -10.677819 -0.729857 3.801332 -10.671824 -16.293013 -6.6936 13.309691 -51.207031 -15.745618 25.708868 -0.170776 -26.327492 -0.102374 11.679532 -4.520103 -10.526246 -5.882102 9.861279 0.70259 -10.936861 -0.360574 7.156197 0.0 8.774815 -0.0 -15.764713 18.134075 6.099194 -1.844031 2.498503 -2.507276 -10.16359 4.678941 4.621104 -20.975996 -1e-06 1e-06 -21.226254 2.451698 -3.593995 0.0 -6e-06 -0.0 -1.362681 2.240797 -0.746323 -21.334892 0.58491 3.008319 -13.821196 -1e-06 1e-06 -23.887129 -0.249075 -0.839485 -60.364521 2.131856 -1.091166 -0.294025 1.679686 0.833255 -14.218195 0.093215 1.300579 -34.212002 -0.287561 0.967166 -20.033176 0.964536 1.212838 0.0 -0.0 0.0 -3.440387 0.788233 0.501655 -15.928172 -3.167306 2.999703 -6.338817 -0.0 1e-06 -18.123419 3.648181 -4.905662 -4e-06 0.0 -2e-06 18.754131 7.961177 12.994422 62.570686 -5.243484 -0.513717 -0.294257 27.797646 0.076478 -1.003551 6.599602 3.684408 2.24354 -5.255033 -3.180156 14.282877 -0.826594 6.952496 -0.0 -12.690593 -1e-06 16.371557 -17.510651 2.395555 1.665665 -1.95592 -2.878297 4.727794 -4.170584 4.993919 11.020511 1e-06 -0.0 12.109032 -3.735715 -2.866778 0.0 -0.0 0.0 1.291985 -1.928548 -1.498088 14.800115 0.567467 3.865604 14.242553 -1.341738 -6.660648 19.631935 0.143921 -0.648243 50.38662 -0.375986 -6.152852 0.353029 -1.51115 -0.03194 20.222769 3.684305 2.316629 18.787249 1e-06 -1e-06 10.751608 -0.47987 1.397903 0.0 -0.0 0.0 3.273804 0.305947 -0.58011 21.48679 11.830364 2.266131 8.162915 0.0 -0.0 18.399052 -3.798986 -4.940567 3e-06 0.0 -1e-06 4.942586 5.596074 21.23632 0.042653 -0.474034 17.931479 -0.434598 -6.105667 0.685666 2.103662 -1.615162 -22.645184 0.0 -0.0 2e-06 4.55607 -6.441513 -28.127625 0.012202 -0.117504 13.830356 -2.90158 -9.104729 10.464276 -1.39499 1.083665 -4.711703 0.0 -0.0 -1e-06 
0.0 0.0 0.0 0.0 -0.0 0.0 -33.573471 95.345612 309.557312 -2.193768 -1.151352 -1.550288 0.508403 0.053611 -1.704793 -0.136447 -2.020462 -5.546102 2.444936 -2.910494 11.626725 5.076763 0.921395 1.625754 -0.599116 1.072752 -3.561681 0.69723 -0.738334 -6.198933 7.7e-05 -2.2e-05 6e-06 -0.011117 0.087847 -0.024626 0.711529 -3.628746 -10.651981 -0.731497 3.811403 -10.65246 -15.401297 -6.617276 13.681581 -53.887543 -14.83546 25.897152 0.102113 -24.191288 -0.185325 10.687533 -4.211894 -11.107455 -5.882102 9.861279 0.70259 -10.936861 -0.360574 7.156197 0.0 8.774815 -0.0 -15.829416 18.144114 5.927959 -1.844031 2.498503 -2.507276 -10.16359 4.678941 4.621104 -20.975996 -1e-06 1e-06 -21.226254 2.451698 -3.593995 0.0 -6e-06 -0.0 -1.362681 2.240797 -0.746323 -21.334892 0.58491 3.008319 -13.821196 -1e-06 1e-06 -23.887129 -0.249075 -0.839485 -60.036816 2.085183 -1.286556 -0.294025 1.679686 0.833255 -14.218195 0.093215 1.300579 -34.212002 -0.287561 0.967166 -20.033176 0.964536 1.212838 0.0 -0.0 0.0 -3.440387 0.788233 0.501655 -15.928172 -3.167306 2.999703 -6.338817 -0.0 1e-06 -18.123419 3.648181 -4.905662 -4e-06 0.0 -2e-06 17.538807 8.39201 13.25163 63.676224 -4.624587 -0.63741 -0.239897 26.693356 0.058407 -1.338504 6.086496 2.862088 2.24354 -5.255033 -3.180156 14.282877 -0.826594 6.952496 -0.0 -12.690593 -1e-06 16.434206 -17.64015 2.321614 1.665665 -1.95592 -2.878297 4.727794 -4.170584 4.993919 11.020511 1e-06 -0.0 12.109032 -3.735715 -2.866778 0.0 -0.0 0.0 1.291985 -1.928548 -1.498088 14.800115 0.567467 3.865604 14.242553 -1.341738 -6.660648 19.631935 0.143921 -0.648243 50.214783 -0.388836 -6.23244 0.353029 -1.51115 -0.03194 20.222769 3.684305 2.316629 18.787249 1e-06 -1e-06 10.751608 -0.47987 1.397903 0.0 -0.0 0.0 3.273804 0.305947 -0.58011 21.48679 11.830364 2.266131 8.162915 0.0 -0.0 18.399052 -3.798986 -4.940567 3e-06 0.0 -1e-06 7.861711 5.878675 17.230515 -0.055667 -0.666552 29.306671 -1.298645 -7.128902 10.102588 2.214907 -1.429279 -28.976416 0.0 -0.0 2e-06 6.190924 -5.155712 -27.29138 0.0047 -0.223825 18.658812 -4.61823 -9.691228 10.001922 -1.379374 1.094532 -2.830522 0.0 -0.0 -1e-06 
0.0 0.0 0.0 0.0 -0.0 0.0 -34.841133 95.688087 314.45871 -3.451861 -0.798323 -2.245046 1.140023 -0.005636 -1.004495 0.062599 -1.947448 -5.285816 2.837751 -3.066321 11.125228 4.994491 0.905046 1.999416 -0.574411 0.792149 -3.536505 0.728814 -0.33349 -7.017447 7.7e-05 -2.2e-05 6e-06 0.00483 0.105285 -0.020093 0.735919 -3.618442 -10.668687 -0.725059 3.830923 -10.655923 -13.664698 -6.797731 13.904696 -56.770279 -14.190916 26.865995 0.113981 -22.424374 -0.211063 9.088807 -3.778854 -11.101374 -5.882102 9.861279 0.70259 -10.936861 -0.360574 7.156197 0.0 8.774815 -0.0 -15.890774 17.883446 5.783406 -1.844031 2.498503 -2.507276 -10.16359 4.678941 4.621104 -20.975996 -1e-06 1e-06 -21.226254 2.451698 -3.593995 0.0 -6e-06 -0.0 -1.362681 2.240797 -0.746323 -21.334892 0.58491 3.008319 -13.821196 -1e-06 1e-06 -23.887129 -0.249075 -0.839485 -59.859089 1.992273 -1.361688 -0.294025 1.679686 0.833255 -14.218195 0.093215 1.300579 -34.212002 -0.287561 0.967166 -20.033176 0.964536 1.212838 0.0 -0.0 0.0 -3.440387 0.788233 0.501655 -15.928172 -3.167306 2.999703 -6.338817 -0.0 1e-06 -18.123419 3.648181 -4.905662 -4e-06 0.0 -2e-06 15.852342 8.866899 13.417267 65.045631 -3.894481 0.10503 -0.40323 26.487206 0.040197 -1.515071 5.872051 1.114088 2.24354 -5.255033 -3.180156 14.282877 -0.826594 6.952496 -0.0 -12.690593 -1e-06 16.444599 -17.704536 2.389579 1.665665 -1.95592 -2.878297 4.727794 -4.170584 4.993919 11.020511 1e-06 -0.0 12.109032 -3.735715 -2.866778 0.0 -0.0 0.0 1.291985 -1.928548 -1.498088 14.800115 0.567467 3.865604 14.242553 -1.341738 -6.660648 19.631935 0.143921 -0.648243 50.169777 -0.407028 -6.220263 0.353029 -1.51115 -0.03194 20.222769 3.684305 2.316629 18.787249 1e-06 -1e-06 10.751608 -0.47987 1.397903 0.0 -0.0 0.0 3.273804 0.305947 -0.58011 21.48679 11.830364 2.266131 8.162915 0.0 -0.0 18.399052 -3.798986 -4.940567 3e-06 0.0 -1e-06 10.342464 5.359092 11.584305 -0.13178 -0.676867 42.311699 -3.269814 -7.013241 20.750084 1.981347 -1.387463 -23.304312 0.0 -0.0 2e-06 7.831978 -5.057498 -25.149429 0.024389 -0.188447 22.781799 -5.641705 -10.715508 4.549195 -1.407003 1.093219 -1.83784 0.0 -0.0 -1e-06 
0.0 0.0 0.0 0.0 -0.0 0.0 -35.98777 95.990532 319.058289 -4.532942 -0.092832 -2.998652 1.751837 -0.055321 -0.29952 0.167518 -1.728578 -4.996592 3.085998 -3.22308 10.90394 4.966965 0.684943 2.198684 -0.478974 0.666226 -3.593654 0.779391 -0.300164 -7.764653 7.7e-05 -2.2e-05 6e-06 -0.002451 0.087808 -0.029851 0.729625 -3.641138 -10.683481 -0.734746 3.816723 -10.645748 -12.823819 -6.847172 14.119555 -58.068604 -14.229503 28.702818 -0.065514 -20.996563 -0.18088 7.194108 -3.457449 -10.233767 -5.882102 9.861279 0.70259 -10.936861 -0.360574 7.156197 0.0 8.774815 -0.0 -15.993483 17.765574 5.808075 -1.844031 2.498503 -2.507276 -10.16359 4.678941 4.621104 -20.975996 -1e-06 1e-06 -21.226254 2.451698 -3.593995 0.0 -6e-06 -0.0 -1.362681 2.240797 -0.746323 -21.334892 0.58491 3.008319 -13.821196 -1e-06 1e-06 -23.887129 -0.249075 -0.839485 -60.059315 2.0554 -1.297006 -0.294025 1.679686 0.833255 -14.218195 0.093215 1.300579 -34.212002 -0.287561 0.967166 -20.033176 0.964536 1.212838 0.0 -0.0 0.0 -3.440387 0.788233 0.501655 -15.928172 -3.167306 2.999703 -6.338817 -0.0 1e-06 -18.123419 3.648181 -4.905662 -4e-06 0.0 -2e-06 14.827746 9.191513 13.538514 65.228386 -3.214078 0.890002 -0.456336 27.218773 -0.069468 -1.621615 6.207592 -0.144332 2.24354 -5.255033 -3.180156 14.282877 -0.826594 6.952496 -0.0 -12.690593 -1e-06 16.448936 -17.707237 2.485608 1.665665 -1.95592 -2.878297 4.727794 -4.170584 4.993919 11.020511 1e-06 -0.0 12.109032 -3.735715 -2.866778 0.0 -0.0 0.0 1.291985 -1.928548 -1.498088 14.800115 0.567467 3.865604 14.242553 -1.341738 -6.660648 19.631935 0.143921 -0.648243 50.335365 -0.379398 -6.067203 0.353029 -1.51115 -0.03194 20.222769 3.684305 2.316629 18.787249 1e-06 -1e-06 10.751608 -0.47987 1.397903 0.0 -0.0 0.0 3.273804 0.305947 -0.58011 21.48679 11.830364 2.266131 8.162915 0.0 -0.0 18.399052 -3.798986 -4.940567 3e-06 0.0 -1e-06 11.971024 4.238232 5.097015 -0.032097 -0.707925 54.254349 -5.419261 -4.542076 28.257435 1.76217 -1.765288 -7.779629 0.0 -0.0 2e-06 9.349177 -5.769071 -22.039541 -0.065399 -0.173746 24.607136 -6.157626 -11.292046 0.138114 -1.419462 1.050523 -1.238585 0.0 -0.0 -1e-06 
0.0 0.0 0.0 0.0 -0.0 0.0 -36.910259 96.682098 323.561279 -4.957332 0.418378 -3.650825 2.12387 0.013869 0.075149 0.191143 -1.481118 -4.75151 2.930176 -3.108514 11.016419 4.951218 0.456989 2.492698 -0.43801 0.457988 -3.576159 0.816924 -0.435772 -8.293531 7.7e-05 -2.2e-05 6e-06 -0.015806 0.020761 -0.02394 0.708982 -3.703112 -10.663033 -0.741911 3.747528 -10.6217 -13.203016 -6.551943 14.303107 -57.850243 -14.483356 30.398132 -0.229023 -19.812506 -0.118866 6.254938 -3.520295 -9.593253 -5.882102 9.861279 0.70259 -10.936861 -0.360574 7.156197 0.0 8.774815 -0.0 -16.158665 17.856619 5.843359 -1.844031 2.498503 -2.507276 -10.16359 4.678941 4.621104 -20.975996 -1e-06 1e-06 -21.226254 2.451698 -3.593995 0.0 -6e-06 -0.0 -1.362681 2.240797 -0.746323 -21.334892 0.58491 3.008319 -13.821196 -1e-06 1e-06 -23.887129 -0.249075 -0.839485 -60.296253 2.22336 -1.323971 -0.294025 1.679686 0.833255 -14.218195 0.093215 1.300579 -34.212002 -0.287561 0.967166 -20.033176 0.964536 1.212838 0.0 -0.0 0.0 -3.440387 0.788233 0.501655 -15.928172 -3.167306 2.999703 -6.338817 -0.0 1e-06 -18.123419 3.648181 -4.905662 -4e-06 0.0 -2e-06 14.849622 9.26492 13.653303 63.910858 -2.397323 1.603646 -0.396094 28.11367 -0.147548 -2.190069 6.752916 -0.177122 2.24354 -5.255033 -3.180156 14.282877 -0.826594 6.952496 -0.0 -12.690593 -1e-06 16.507244 -17.723017 2.539448 1.665665 -1.95592 -2.878297 4.727794 -4.170584 4.993919 11.020511 1e-06 -0.0 12.109032 -3.735715 -2.866778 0.0 -0.0 0.0 1.291985 -1.928548 -1.498088 14.800115 0.567467 3.865604 14.242553 -1.341738 -6.660648 19.631935 0.143921 -0.648243 50.377438 -0.444831 -6.059599 0.353029 -1.51115 -0.03194 20.222769 3.684305 2.316629 18.787249 1e-06 -1e-06 10.751608 -0.47987 1.397903 0.0 -0.0 0.0 3.273804 0.305947 -0.58011 21.48679 11.830364 2.266131 8.162915 0.0 -0.0 18.399052 -3.798986 -4.940567 3e-06 0.0 -1e-06 12.324547 3.663259 -1.146214 -0.060648 -0.549076 63.352703 -4.87332 -3.409369 23.187462 1.737807 -1.846485 -5.108603 0.0 -0.0 2e-06 10.026688 -6.476819 -17.681808 -0.171385 -0.207288 23.564905 -6.318682 -11.582591 -2.6116 -1.412493 1.028029 -0.881359 0.0 -0.0 -1e-06 
0.0 0.0 0.0 0.0 -0.0 0.0 -37.636776 97.682213 328.044739 -4.650404 0.450167 -4.390192 2.208731 0.161636 0.346765 0.054414 -1.096504 -4.569649 2.42363 -2.838005 11.266725 4.955916 0.420214 3.147908 -0.486053 0.267294 -3.535645 0.839866 -0.806337 -8.280253 7.7e-05 -2.2e-05 6e-06 -0.020365 -0.02428 -0.012062 0.685933 -3.739145 -10.629013 -0.728818 3.696064 -10.602185 -13.722643 -6.07414 14.344514 -57.533417 -14.251255 30.262753 -0.365536 -19.11788 -0.043486 6.615237 -3.842215 -9.235303 -5.882102 9.861279 0.70259 -10.936861 -0.360574 7.156197 0.0 8.774815 -0.0 -16.207632 17.951294 5.866568 -1.844031 2.498503 -2.507276 -10.16359 4.678941 4.621104 -20.975996 -1e-06 1e-06 -21.226254 2.451698 -3.593995 0.0 -6e-06 -0.0 -1.362681 2.240797 -0.746323 -21.334892 0.58491 3.008319 -13.821196 -1e-06 1e-06 -23.887129 -0.249075 -0.839485 -60.228569 2.319201 -1.284322 -0.294025 1.679686 0.833255 -14.218195 0.093215 1.300579 -34.212002 -0.287561 0.967166 -20.033176 0.964536 1.212838 0.0 -0.0 0.0 -3.440387 0.788233 0.501655 -15.928172 -3.167306 2.999703 -6.338817 -0.0 1e-06 -18.123419 3.648181 -4.905662 -4e-06 0.0 -2e-06 15.063854 9.392838 13.84559 62.358124 -1.182743 1.827242 -0.337011 28.497543 -0.163877 -3.088005 6.78418 0.786043 2.24354 -5.255033 -3.180156 14.282877 -0.826594 6.952496 -0.0 -12.690593 -1e-06 16.48085 -17.700834 2.557057 1.665665 -1.95592 -2.878297 4.727794 -4.170584 4.993919 11.020511 1e-06 -0.0 12.109032 -3.735715 -2.866778 0.0 -0.0 0.0 1.291985 -1.928548 -1.498088 14.800115 0.567467 3.865604 14.242553 -1.341738 -6.660648 19.631935 0.143921 -0.648243 50.238766 -0.468535 -6.098361 0.353029 -1.51115 -0.03194 20.222769 3.684305 2.316629 18.787249 1e-06 -1e-06 10.751608 -0.47987 1.397903 0.0 -0.0 0.0 3.273804 0.305947 -0.58011 21.48679 11.830364 2.266131 8.162915 0.0 -0.0 18.399052 -3.798986 -4.940567 3e-06 0.0 -1e-06 11.325297 3.582042 -6.687504 -0.089141 -0.254328 68.205406 -3.579502 -2.746424 15.999369 1.738997 -1.84056 -5.227874 0.0 -0.0 2e-06 9.746145 -6.577608 -11.969157 -0.176814 -0.230233 19.981716 -6.174623 -11.774771 -3.856772 -1.406152 1.03253 -0.704049 0.0 -0.0 -1e-06 
0.0 0.0 0.0 0.0 -0.0 0.0 -38.28265 98.597176 332.457123 -3.917239 -0.000255 -5.244904 2.185807 0.370073 0.815241 -0.102702 -0.60642 -4.374012 1.69184 -2.413411 11.20918 4.70987 0.504805 4.082875 -0.553447 0.227391 -3.493555 0.90612 -1.216813 -8.068116 7.7e-05 -2.2e-05 6e-06 -0.015586 -0.015758 0.000414 0.675624 -3.726232 -10.619411 -0.710178 3.70029 -10.604879 -13.567355 -5.617272 14.298141 -58.042294 -13.404222 28.809748 -0.345778 -19.056183 0.006999 7.779234 -4.173539 -9.573877 -5.882102 9.861279 0.70259 -10.936861 -0.360574 7.156197 0.0 8.774815 -0.0 -16.106388 17.991234 5.895839 -1.844031 2.498503 -2.507276 -10.16359 4.678941 4.621104 -20.975996 -1e-06 1e-06 -21.226254 2.451698 -3.593995 0.0 -6e-06 -0.0 -1.362681 2.240797 -0.746323 -21.334892 0.58491 3.008319 -13.821196 -1e-06 1e-06 -23.887129 -0.249075 -0.839485 -60.028984 2.37537 -1.355683 -0.294025 1.679686 0.833255 -14.218195 0.093215 1.300579 -34.212002 -0.287561 0.967166 -20.033176 0.964536 1.212838 0.0 -0.0 0.0 -3.440387 0.788233 0.501655 -15.928172 -3.167306 2.999703 -6.338817 -0.0 1e-06 -18.123419 3.648181 -4.905662 -4e-06 0.0 -2e-06 14.310143 9.805486 13.936334 61.962849 0.177213 1.347494 -0.278402 28.607376 -0.152821 -3.859801 6.280931 1.752351 2.24354 -5.255033 -3.180156 14.282877 -0.826594 6.952496 -0.0 -12.690593 -1e-06 16.348019 -17.671427 2.553252 1.665665 -1.95592 -2.878297 4.727794 -4.170584 4.993919 11.020511 1e-06 -0.0 12.109032 -3.735715 -2.866778 0.0 -0.0 0.0 1.291985 -1.928548 -1.498088 14.800115 0.567467 3.865604 14.242553 -1.341738 -6.660648 19.631935 0.143921 -0.648243 49.906609 -0.546112 -6.211959 0.353029 -1.51115 -0.03194 20.222769 3.684305 2.316629 18.787249 1e-06 -1e-06 10.751608 -0.47987 1.397903 0.0 -0.0 0.0 3.273804 0.305947 -0.58011 21.48679 11.830364 2.266131 8.162915 0.0 -0.0 18.399052 -3.798986 -4.940567 3e-06 0.0 -1e-06 9.461555 3.824246 -11.375127 -0.065521 -0.030203 69.164566 -2.956254 -1.918922 10.5198 1.767246 -1.849311 -5.486213 0.0 -0.0 2e-06 8.982982 -6.265316 -5.433523 -0.123229 -0.232635 14.84119 -5.929679 -11.772179 -4.267517 -1.401877 1.005496 -0.683215 0.0 -0.0 -1e-06 
0.0 0.0 0.0 0.0 -0.0 0.0 -38.888332 99.207977 336.772491 -3.033134 -0.812253 -5.884931 2.117842 0.537668 1.290806 -0.189416 -0.061658 -4.193975 0.957034 -1.887592 11.008582 4.031912 0.79397 4.730874 -0.631013 0.125893 -3.507121 0.993549 -1.519554 -7.840012 7.7e-05 -2.2e-05 6e-06 -0.012788 -0.000213 0.003179 0.67232 -3.713054 -10.639708 -0.703037 3.71689 -10.634881 -13.354697 -5.169858 14.204496 -58.572643 -12.231083 27.320726 -0.206947 -19.785717 0.02252 8.889483 -4.403861 -10.487397 -5.882102 9.861279 0.70259 -10.936861 -0.360574 7.156197 0.0 8.774815 -0.0 -15.992221 17.968901 5.912535 -1.844031 2.498503 -2.507276 -10.16359 4.678941 4.621104 -20.975996 -1e-06 1e-06 -21.226254 2.451698 -3.593995 0.0 -6e-06 -0.0 -1.362681 2.240797 -0.746323 -21.334892 0.58491 3.008319 -13.821196 -1e-06 1e-06 -23.887129 -0.249075 -0.839485 -59.891052 2.369865 -1.433978 -0.294025 1.679686 0.833255 -14.218195 0.093215 1.300579 -34.212002 -0.287561 0.967166 -20.033176 0.964536 1.212838 0.0 -0.0 0.0 -3.440387 0.788233 0.501655 -15.928172 -3.167306 2.999703 -6.338817 -0.0 1e-06 -18.123419 3.648181 -4.905662 -4e-06 0.0 -2e-06 13.04873 10.422461 13.941088 62.046642 1.383384 0.470643 -0.218871 29.380234 -0.148053 -4.30103 5.93675 2.085981 2.24354 -5.255033 -3.180156 14.282877 -0.826594 6.952496 -0.0 -12.690593 -1e-06 16.154408 -17.660295 2.617361 1.665665 -1.95592 -2.878297 4.727794 -4.170584 4.993919 11.020511 1e-06 -0.0 12.109032 -3.735715 -2.866778 0.0 -0.0 0.0 1.291985 -1.928548 -1.498088 14.800115 0.567467 3.865604 14.242553 -1.341738 -6.660648 19.631935 0.143921 -0.648243 49.643555 -0.626736 -6.264828 0.353029 -1.51115 -0.03194 20.222769 3.684305 2.316629 18.787249 1e-06 -1e-06 10.751608 -0.47987 1.397903 0.0 -0.0 0.0 3.273804 0.305947 -0.58011 21.48679 11.830364 2.266131 8.162915 0.0 -0.0 18.399052 -3.798986 -4.940567 3e-06 0.0 -1e-06 7.272566 4.097533 -15.395243 0.027577 0.178841 66.729401 -2.98961 -0.831958 6.58923 1.784388 -1.859892 -5.722305 0.0 -0.0 2e-06 8.09799 -5.825375 0.914247 -0.070103 -0.247671 9.393732 -5.697007 -11.390658 -4.257166 -1.40033 0.949688 -0.797516 0.0 -0.0 -1e-06 
0.0 0.0 0.0 0.0 -0.0 0.0 -39.452785 99.433151 340.997375 -2.283447 -1.922148 -6.062648 2.086571 0.60762 1.555778 -0.195656 0.528365 -4.090756 0.393787 -1.368734 10.886258 2.992815 1.28441 4.8697 -0.685367 0.031462 -3.569305 1.015238 -1.706347 -7.735924 7.7e-05 -2.2e-05 6e-06 -0.013683 -0.004585 0.0017 0.669872 -3.722165 -10.657151 -0.704577 3.715573 -10.657946 -13.447669 -4.668129 14.052433 -58.597225 -11.127655 26.487286 -0.063786 -20.968351 0.004515 9.380657 -4.400998 -11.248031 -5.882102 9.861279 0.70259 -10.936861 -0.360574 7.156197 0.0 8.774815 -0.0 -15.979166 17.971315 5.920025 -1.844031 2.498503 -2.507276 -10.16359 4.678941 4.621104 -20.975996 -1e-06 1e-06 -21.226254 2.451698 -3.593995 0.0 -6e-06 -0.0 -1.362681 2.240797 -0.746323 -21.334892 0.58491 3.008319 -13.821196 -1e-06 1e-06 -23.887129 -0.249075 -0.839485 -60.028 2.362463 -1.422933 -0.294025 1.679686 0.833255 -14.218195 0.093215 1.300579 -34.212002 -0.287561 0.967166 -20.033176 0.964536 1.212838 0.0 -0.0 0.0 -3.440387 0.788233 0.501655 -15.928172 -3.167306 2.999703 -6.338817 -0.0 1e-06 -18.123419 3.648181 -4.905662 -4e-06 0.0 -2e-06 11.882335 11.11966 13.817727 61.81509 2.351286 -0.26209 -0.148204 31.163845 -0.169313 -4.468006 6.070885 1.693531 2.24354 -5.255033 -3.180156 14.282877 -0.826594 6.952496 -0.0 -12.690593 -1e-06 15.959435 -17.687012 2.756473 1.665665 -1.95592 -2.878297 4.727794 -4.170584 4.993919 11.020511 1e-06 -0.0 12.109032 -3.735715 -2.866778 0.0 -0.0 0.0 1.291985 -1.928548 -1.498088 14.800115 0.567467 3.865604 14.242553 -1.341738 -6.660648 19.631935 0.143921 -0.648243 49.607777 -0.662155 -6.194531 0.353029 -1.51115 -0.03194 20.222769 3.684305 2.316629 18.787249 1e-06 -1e-06 10.751608 -0.47987 1.397903 0.0 -0.0 0.0 3.273804 0.305947 -0.58011 21.48679 11.830364 2.266131 8.162915 0.0 -0.0 18.399052 -3.798986 -4.940567 3e-06 0.0 -1e-06 5.256636 4.18217 -19.052372 0.165141 0.327192 61.209457 -3.47006 0.483006 3.580021 1.801374 -1.87674 -5.868177 0.0 -0.0 2e-06 7.349497 -5.474633 6.242043 -0.037411 -0.23327 4.803994 -5.479002 -10.71084 -4.340657 -1.402312 0.906597 -1.006621 0.0 -0.0 -1e-06 
0.0 0.0 0.0 0.0 -0.0 0.0 -39.936657 99.296173 345.077545 -1.911187 -3.225688 -5.915545 2.19244 0.57152 1.647642 -0.152492 1.08909 -4.057866 0.117489 -0.947864 10.915624 1.794382 1.815587 4.708712 -0.691432 0.058557 -3.634637 0.883109 -1.776135 -7.840021 7.7e-05 -2.2e-05 6e-06 -0.009648 0.008088 -0.000358 0.667715 -3.71192 -10.654378 -0.69661 3.729414 -10.666621 -13.811766 -4.092498 13.954852 -58.291527 -10.433479 26.236473 -0.002088 -21.884382 -0.024152 9.476322 -4.27098 -11.556504 -5.882102 9.861279 0.70259 -10.936861 -0.360574 7.156197 0.0 8.774815 -0.0 -16.015745 17.992199 5.89988 -1.844031 2.498503 -2.507276 -10.16359 4.678941 4.621104 -20.975996 -1e-06 1e-06 -21.226254 2.451698 -3.593995 0.0 -6e-06 -0.0 -1.362681 2.240797 -0.746323 -21.334892 0.58491 3.008319 -13.821196 -1e-06 1e-06 -23.887129 -0.249075 -0.839485 -60.241642 2.366975 -1.333185 -0.294025 1.679686 0.833255 -14.218195 0.093215 1.300579 -34.212002 -0.287561 0.967166 -20.033176 0.964536 1.212838 0.0 -0.0 0.0 -3.440387 0.788233 0.501655 -15.928172 -3.167306 2.999703 -6.338817 -0.0 1e-06 -18.123419 3.648181 -4.905662 -4e-06 0.0 -2e-06 11.023647 11.815974 13.702501 61.099552 3.345148 -0.691423 -0.095606 33.512875 -0.21651 -4.63109 6.498823 1.291982 2.24354 -5.255033 -3.180156 14.282877 -0.826594 6.952496 -0.0 -12.690593 -1e-06 15.789268 -17.727472 2.857931 1.665665 -1.95592 -2.878297 4.727794 -4.170584 4.993919 11.020511 1e-06 -0.0 12.109032 -3.735715 -2.866778 0.0 -0.0 0.0 1.291985 -1.928548 -1.498088 14.800115 0.567467 3.865604 14.242553 -1.341738 -6.660648 19.631935 0.143921 -0.648243 49.654022 -0.653209 -6.079359 0.353029 -1.51115 -0.03194 20.222769 3.684305 2.316629 18.787249 1e-06 -1e-06 10.751608 -0.47987 1.397903 0.0 -0.0 0.0 3.273804 0.305947 -0.58011 21.48679 11.830364 2.266131 8.162915 0.0 -0.0 18.399052 -3.798986 -4.940567 3e-06 0.0 -1e-06 3.854568 4.025205 -21.977163 0.266521 0.344068 52.889622 -3.852619 2.238971 1.876942 1.814221 -1.927016 -5.886693 0.0 -0.0 2e-06 6.895973 -5.192621 10.017374 -0.032644 -0.162236 2.342436 -5.171184 -9.969918 -5.116942 -1.408735 0.888732 -1.127501 0.0 -0.0 -1e-06 
0.0 0.0 0.0 0.0 -0.0 0.0 -40.306355 98.864487 349.068665 -2.010873 -4.591745 -5.594556 2.479972 0.44797 1.617006 -0.092139 1.472833 -4.059849 0.16488 -0.592888 11.022194 0.596852 2.281454 4.568909 -0.654932 0.151469 -3.665758 0.635766 -1.665613 -8.094906 7.7e-05 -2.2e-05 6e-06 0.000284 0.044173 -9.4e-05 0.671727 -3.676014 -10.64613 -0.682575 3.765344 -10.672572 -14.17887 -3.516469 13.910823 -58.121967 -10.117065 26.416899 -0.027337 -22.122854 -0.039966 9.442639 -4.085886 -11.398727 -5.882102 9.861279 0.70259 -10.936861 -0.360574 7.156197 0.0 8.774815 -0.0 -16.012445 18.018372 5.875133 -1.844031 2.498503 -2.507276 -10.16359 4.678941 4.621104 -20.975996 -1e-06 1e-06 -21.226254 2.451698 -3.593995 0.0 -6e-06 -0.0 -1.362681 2.240797 -0.746323 -21.334892 0.58491 3.008319 -13.821196 -1e-06 1e-06 -23.887129 -0.249075 -0.839485 -60.356663 2.388266 -1.273919 -0.294025 1.679686 0.833255 -14.218195 0.093215 1.300579 -34.212002 -0.287561 0.967166 -20.033176 0.964536 1.212838 0.0 -0.0 0.0 -3.440387 0.788233 0.501655 -15.928172 -3.167306 2.999703 -6.338817 -0.0 1e-06 -18.123419 3.648181 -4.905662 -4e-06 0.0 -2e-06 10.277549 12.474755 13.591331 60.270561 4.446448 -0.838808 -0.162032 35.924824 -0.255217 -4.873714 6.966112 1.263232 2.24354 -5.255033 -3.180156 14.282877 -0.826594 6.952496 -0.0 -12.690593 -1e-06 15.666387 -17.759485 2.889206 1.665665 -1.95592 -2.878297 4.727794 -4.170584 4.993919 11.020511 1e-06 -0.0 12.109032 -3.735715 -2.866778 0.0 -0.0 0.0 1.291985 -1.928548 -1.498088 14.800115 0.567467 3.865604 14.242553 -1.341738 -6.660648 19.631935 0.143921 -0.648243 49.643116 -0.638677 -6.01552 0.353029 -1.51115 -0.03194 20.222769 3.684305 2.316629 18.787249 1e-06 -1e-06 10.751608 -0.47987 1.397903 0.0 -0.0 0.0 3.273804 0.305947 -0.58011 21.48679 11.830364 2.266131 8.162915 0.0 -0.0 18.399052 -3.798986 -4.940567 3e-06 0.0 -1e-06 3.17965 4.018562 -23.734449 0.3181 0.338677 41.740509 -3.565468 4.144789 1.788086 1.796737 -1.977406 -5.854999 0.0 -0.0 2e-06 6.835833 -5.036159 12.74093 -0.054719 -0.08449 1.68808 -4.829756 -9.144538 -6.610279 -1.414644 0.90303 -1.159342 0.0 -0.0 -1e-06 
0.0 0.0 0.0 0.0 -0.0 0.0 -40.602455 98.197617 353.170197 -2.501817 -5.796328 -5.177806 2.903584 0.314378 1.543469 -0.039176 1.560576 -4.104342 0.455019 -0.282083 11.077306 -0.396742 2.671555 4.584806 -0.653652 0.160933 -3.683182 0.397283 -1.393579 -8.319785 7.7e-05 -2.2e-05 6e-06 0.010758 0.059609 0.00351 0.689125 -3.666469 -10.673829 -0.680336 3.786479 -10.695713 -14.330625 -3.030802 13.926904 -58.320091 -10.024002 26.66048 -0.151973 -21.795198 -0.031873 9.328792 -3.811071 -10.630196 -5.882102 9.861279 0.70259 -10.936861 -0.360574 7.156197 0.0 8.774815 -0.0 -15.913204 18.03154 5.928196 -1.844031 2.498503 -2.507276 -10.16359 4.678941 4.621104 -20.975996 -1e-06 1e-06 -21.226254 2.451698 -3.593995 0.0 -6e-06 -0.0 -1.362681 2.240797 -0.746323 -21.334892 0.58491 3.008319 -13.821196 -1e-06 1e-06 -23.887129 -0.249075 -0.839485 -60.424477 2.427666 -1.184518 -0.294025 1.679686 0.833255 -14.218195 0.093215 1.300579 -34.212002 -0.287561 0.967166 -20.033176 0.964536 1.212838 0.0 -0.0 0.0 -3.440387 0.788233 0.501655 -15.928172 -3.167306 2.999703 -6.338817 -0.0 1e-06 -18.123419 3.648181 -4.905662 -4e-06 0.0 -2e-06 9.618493 12.970778 13.393906 59.622929 5.455599 -0.794483 -0.402053 38.07547 -0.317905 -5.189062 7.330417 1.355301 2.24354 -5.255033 -3.180156 14.282877 -0.826594 6.952496 -0.0 -12.690593 -1e-06 15.6239 -17.759546 2.904076 1.665665 -1.95592 -2.878297 4.727794 -4.170584 4.993919 11.020511 1e-06 -0.0 12.109032 -3.735715 -2.866778 0.0 -0.0 0.0 1.291985 -1.928548 -1.498088 14.800115 0.567467 3.865604 14.242553 -1.341738 -6.660648 19.631935 0.143921 -0.648243 49.641811 -0.621264 -5.984307 0.353029 -1.51115 -0.03194 20.222769 3.684305 2.316629 18.787249 1e-06 -1e-06 10.751608 -0.47987 1.397903 0.0 -0.0 0.0 3.273804 0.305947 -0.58011 21.48679 11.830364 2.266131 8.162915 0.0 -0.0 18.399052 -3.798986 -4.940567 3e-06 0.0 -1e-06 2.992505 4.488421 -24.058325 0.320188 0.432161 28.100916 -2.908633 5.380911 2.345438 1.765974 -1.991673 -5.427584 0.0 -0.0 2e-06 7.044159 -5.150529 15.128307 -0.095944 -0.07468 1.672184 -4.426559 -8.176833 -8.302341 -1.418264 0.952543 -1.419246 0.0 -0.0 -1e-06 
0.0 0.0 0.0 0.0 -0.0 0.0 -40.917896 97.385147 357.604614 -3.185668 -6.749091 -4.748876 3.289351 0.182536 1.435237 0.032069 1.523762 -4.207335 0.862919 -0.224791 11.175323 -1.070312 2.95111 4.520454 -0.731701 0.199972 -3.605827 0.105151 -1.005432 -8.421044 7.7e-05 -2.2e-05 6e-06 0.021819 0.129321 0.025426 0.706762 -3.614048 -10.710248 -0.676983 3.872159 -10.725707 -14.349218 -2.59972 13.953215 -58.778667 -9.957171 26.652554 -0.252707 -21.224216 -0.011155 9.082077 -3.456109 -9.568252 -5.882102 9.861279 0.70259 -10.936861 -0.360574 7.156197 0.0 8.774815 -0.0 -15.802729 18.089354 6.003027 -1.844031 2.498503 -2.507276 -10.16359 4.678941 4.621104 -20.975996 -1e-06 1e-06 -21.226254 2.451698 -3.593995 0.0 -6e-06 -0.0 -1.362681 2.240797 -0.746323 -21.334892 0.58491 3.008319 -13.821196 -1e-06 1e-06 -23.887129 -0.249075 -0.839485 -60.449162 2.3843 -1.018202 -0.294025 1.679686 0.833255 -14.218195 0.093215 1.300579 -34.212002 -0.287561 0.967166 -20.033176 0.964536 1.212838 0.0 -0.0 0.0 -3.440387 0.788233 0.501655 -15.928172 -3.167306 2.999703 -6.338817 -0.0 1e-06 -18.123419 3.648181 -4.905662 -4e-06 0.0 -2e-06 9.232247 13.304885 13.109776 59.079826 6.239193 -0.872779 -0.508967 40.001949 -0.364024 -5.712469 7.702423 1.397292 2.24354 -5.255033 -3.180156 14.282877 -0.826594 6.952496 -0.0 -12.690593 -1e-06 15.693717 -17.838249 2.940694 1.665665 -1.95592 -2.878297 4.727794 -4.170584 4.993919 11.020511 1e-06 -0.0 12.109032 -3.735715 -2.866778 0.0 -0.0 0.0 1.291985 -1.928548 -1.498088 14.800115 0.567467 3.865604 14.242553 -1.341738 -6.660648 19.631935 0.143921 -0.648243 49.943623 -0.758415 -5.963152 0.353029 -1.51115 -0.03194 20.222769 3.684305 2.316629 18.787249 1e-06 -1e-06 10.751608 -0.47987 1.397903 0.0 -0.0 0.0 3.273804 0.305947 -0.58011 21.48679 11.830364 2.266131 8.162915 0.0 -0.0 18.399052 -3.798986 -4.940567 3e-06 0.0 -1e-06 2.958741 5.058846 -23.641096 0.167256 0.434336 14.045349 -3.035879 5.893389 2.316552 1.670679 -2.111148 -4.995986 0.0 -0.0 2e-06 7.161568 -5.783568 17.484652 -0.105463 -0.172498 1.97109 -3.858 -6.882245 -9.77006 -1.434916 0.88659 -2.181348 0.0 -0.0 -1e-06 
0.0 0.0 0.0 0.0 -0.0 0.0 -41.173557 96.539757 362.21283 -3.724591 -7.494904 -4.095927 3.40089 0.089326 1.079568 0.127217 1.483099 -4.350585 1.286903 -0.397147 11.334354 -1.533336 3.161118 4.266702 -0.805722 0.276382 -3.570032 -0.199195 -0.689039 -8.216548 7.7e-05 -2.2e-05 6e-06 0.017458 0.09022 0.04114 0.680172 -3.659598 -10.708344 -0.660202 3.839653 -10.707829 -14.569265 -2.320567 13.896015 -59.141418 -9.83672 26.60133 -0.282266 -20.316319 0.002698 8.674712 -3.307323 -8.804811 -5.882102 9.861279 0.70259 -10.936861 -0.360574 7.156197 0.0 8.774815 -0.0 -15.728779 18.1436 6.04087 -1.844031 2.498503 -2.507276 -10.16359 4.678941 4.621104 -20.975996 -1e-06 1e-06 -21.226254 2.451698 -3.593995 0.0 -6e-06 -0.0 -1.362681 2.240797 -0.746323 -21.334892 0.58491 3.008319 -13.821196 -1e-06 1e-06 -23.887129 -0.249075 -0.839485 -60.538086 2.441852 -1.060712 -0.294025 1.679686 0.833255 -14.218195 0.093215 1.300579 -34.212002 -0.287561 0.967166 -20.033176 0.964536 1.212838 0.0 -0.0 0.0 -3.440387 0.788233 0.501655 -15.928172 -3.167306 2.999703 -6.338817 -0.0 1e-06 -18.123419 3.648181 -4.905662 -4e-06 0.0 -2e-06 9.508681 13.468516 12.913649 58.365379 6.761288 -1.076374 -0.641838 41.579121 -0.452271 -6.118887 8.101564 0.948122 2.24354 -5.255033 -3.180156 14.282877 -0.826594 6.952496 -0.0 -12.690593 -1e-06 15.600108 -17.835062 2.954981 1.665665 -1.95592 -2.878297 4.727794 -4.170584 4.993919 11.020511 1e-06 -0.0 12.109032 -3.735715 -2.866778 0.0 -0.0 0.0 1.291985 -1.928548 -1.498088 14.800115 0.567467 3.865604 14.242553 -1.341738 -6.660648 19.631935 0.143921 -0.648243 49.977127 -0.783566 -6.002274 0.353029 -1.51115 -0.03194 20.222769 3.684305 2.316629 18.787249 1e-06 -1e-06 10.751608 -0.47987 1.397903 0.0 -0.0 0.0 3.273804 0.305947 -0.58011 21.48679 11.830364 2.266131 8.162915 0.0 -0.0 18.399052 -3.798986 -4.940567 3e-06 0.0 -1e-06 2.644416 5.54932 -23.888382 0.030363 0.365422 3.597962 -4.307653 6.245995 2.313183 1.54319 -2.213461 -5.124339 0.0 -0.0 2e-06 6.924154 -6.461198 19.608227 -0.081238 -0.23409 2.425657 -2.939538 -5.414976 -10.722061 -1.426377 0.794527 -3.228116 0.0 -0.0 -1e-06 
0.0 0.0 0.0 0.0 -0.0 0.0 -41.379379 95.748611 366.802094 -4.15026 -7.978979 -3.3504 3.391775 0.056696 0.731712 0.191033 1.373336 -4.485399 1.625488 -0.529146 11.414772 -1.777472 3.187135 3.865247 -0.769493 0.330789 -3.548856 -0.486611 -0.476893 -8.029556 7.7e-05 -2.2e-05 6e-06 0.011018 0.017529 0.044414 0.664786 -3.72302 -10.672533 -0.65849 3.758811 -10.659637 -14.805674 -2.298503 13.840385 -59.318474 -9.802008 27.014349 -0.262293 -19.396814 0.022921 8.210258 -3.220031 -8.734249 -5.882102 9.861279 0.70259 -10.936861 -0.360574 7.156197 0.0 8.774815 -0.0 -15.75552 18.105997 6.019807 -1.844031 2.498503 -2.507276 -10.16359 4.678941 4.621104 -20.975996 -1e-06 1e-06 -21.226254 2.451698 -3.593995 0.0 -6e-06 -0.0 -1.362681 2.240797 -0.746323 -21.334892 0.58491 3.008319 -13.821196 -1e-06 1e-06 -23.887129 -0.249075 -0.839485 -60.626564 2.448747 -1.090319 -0.294025 1.679686 0.833255 -14.218195 0.093215 1.300579 -34.212002 -0.287561 0.967166 -20.033176 0.964536 1.212838 0.0 -0.0 0.0 -3.440387 0.788233 0.501655 -15.928172 -3.167306 2.999703 -6.338817 -0.0 1e-06 -18.123419 3.648181 -4.905662 -4e-06 0.0 -2e-06 10.057687 13.451289 12.810697 58.043598 6.958445 -1.695507 -0.581039 42.526608 -0.402553 -6.307364 8.682471 0.504987 2.24354 -5.255033 -3.180156 14.282877 -0.826594 6.952496 -0.0 -12.690593 -1e-06 15.509915 -17.85013 2.942905 1.665665 -1.95592 -2.878297 4.727794 -4.170584 4.993919 11.020511 1e-06 -0.0 12.109032 -3.735715 -2.866778 0.0 -0.0 0.0 1.291985 -1.928548 -1.498088 14.800115 0.567467 3.865604 14.242553 -1.341738 -6.660648 19.631935 0.143921 -0.648243 49.974636 -0.691853 -6.045198 0.353029 -1.51115 -0.03194 20.222769 3.684305 2.316629 18.787249 1e-06 -1e-06 10.751608 -0.47987 1.397903 0.0 -0.0 0.0 3.273804 0.305947 -0.58011 21.48679 11.830364 2.266131 8.162915 0.0 -0.0 18.399052 -3.798986 -4.940567 3e-06 0.0 -1e-06 1.930666 6.226432 -25.864521 0.038212 0.314741 1.035032 -5.765702 7.101912 0.960875 1.475734 -2.203679 -5.307337 0.0 -0.0 2e-06 6.414535 -7.131584 21.524136 -0.126838 -0.240041 3.206586 -1.856059 -3.834089 -10.596949 -1.40503 0.730789 -4.950492 0.0 -0.0 -1e-06 
0.0 0.0 0.0 0.0 -0.0 0.0 -41.511005 95.097801 371.548187 -3.910967 -8.433228 -2.611721 2.964779 0.197874 0.3 0.177027 1.354821 -4.696226 1.622981 -0.651427 11.399793 -1.72455 3.138152 3.478777 -0.795801 0.242349 -3.510895 -0.628152 -0.371173 -7.70935 7.7e-05 -2.2e-05 6e-06 0.011964 -0.005168 0.036115 0.686907 -3.743788 -10.68543 -0.678401 3.733859 -10.670647 -14.982079 -2.375267 13.892071 -59.236755 -9.759911 27.641159 -0.258255 -18.810722 0.072562 7.516428 -2.998319 -8.54267 -5.882102 9.861279 0.70259 -10.936861 -0.360574 7.156197 0.0 8.774815 -0.0 -15.947433 18.197601 6.001667 -1.844031 2.498503 -2.507276 -10.16359 4.678941 4.621104 -20.975996 -1e-06 1e-06 -21.226254 2.451698 -3.593995 0.0 -6e-06 -0.0 -1.362681 2.240797 -0.746323 -21.334892 0.58491 3.008319 -13.821196 -1e-06 1e-06 -23.887129 -0.249075 -0.839485 -60.771126 2.449646 -1.141522 -0.294025 1.679686 0.833255 -14.218195 0.093215 1.300579 -34.212002 -0.287561 0.967166 -20.033176 0.964536 1.212838 0.0 -0.0 0.0 -3.440387 0.788233 0.501655 -15.928172 -3.167306 2.999703 -6.338817 -0.0 1e-06 -18.123419 3.648181 -4.905662 -4e-06 0.0 -2e-06 10.763685 13.287103 12.887431 58.216675 6.713729 -2.086234 -0.407827 42.61441 -0.2319 -6.293965 9.140028 0.152261 2.24354 -5.255033 -3.180156 14.282877 -0.826594 6.952496 -0.0 -12.690593 -1e-06 15.570202 -17.868689 2.92801 1.665665 -1.95592 -2.878297 4.727794 -4.170584 4.993919 11.020511 1e-06 -0.0 12.109032 -3.735715 -2.866778 0.0 -0.0 0.0 1.291985 -1.928548 -1.498088 14.800115 0.567467 3.865604 14.242553 -1.341738 -6.660648 19.631935 0.143921 -0.648243 49.951508 -0.648197 -6.091449 0.353029 -1.51115 -0.03194 20.222769 3.684305 2.316629 18.787249 1e-06 -1e-06 10.751608 -0.47987 1.397903 0.0 -0.0 0.0 3.273804 0.305947 -0.58011 21.48679 11.830364 2.266131 8.162915 0.0 -0.0 18.399052 -3.798986 -4.940567 3e-06 0.0 -1e-06 0.820439 6.349784 -26.99869 0.058114 0.282147 2.918086 -5.620562 7.451453 0.165497 1.515415 -2.16821 -5.635311 0.0 -0.0 2e-06 5.127073 -7.456874 22.624115 -0.172404 -0.151473 5.572169 -0.670686 -2.535907 -9.568539 -1.394071 0.756305 -7.900919 0.0 -0.0 -1e-06 
0.0 0.0 0.0 0.0 -0.0 0.0 -41.599121 94.786041 376.695251 -2.496969 -8.971722 -1.723701 1.724193 0.308593 -0.504477 0.01365 1.539847 -5.036283 1.281221 -0.558096 11.367599 -1.291672 3.004674 3.075208 -0.819584 0.226198 -3.543165 -0.879175 -0.341917 -6.741044 7.7e-05 -2.2e-05 6e-06 0.013564 -0.025592 0.02871 0.702024 -3.758322 -10.701697 -0.68905 3.7064 -10.677595 -15.628596 -2.465298 13.988595 -58.496159 -9.710463 28.007854 -0.354249 -18.3519 0.107517 6.652019 -2.713686 -7.789809 -5.882102 9.861279 0.70259 -10.936861 -0.360574 7.156197 0.0 8.774815 -0.0 -16.035616 18.177124 6.065864 -1.844031 2.498503 -2.507276 -10.16359 4.678941 4.621104 -20.975996 -1e-06 1e-06 -21.226254 2.451698 -3.593995 0.0 -6e-06 -0.0 -1.362681 2.240797 -0.746323 -21.334892 0.58491 3.008319 -13.821196 -1e-06 1e-06 -23.887129 -0.249075 -0.839485 -61.003242 2.397759 -1.100689 -0.294025 1.679686 0.833255 -14.218195 0.093215 1.300579 -34.212002 -0.287561 0.967166 -20.033176 0.964536 1.212838 0.0 -0.0 0.0 -3.440387 0.788233 0.501655 -15.928172 -3.167306 2.999703 -6.338817 -0.0 1e-06 -18.123419 3.648181 -4.905662 -4e-06 0.0 -2e-06 12.161245 13.057361 13.1354 58.046104 5.885285 -1.604149 -0.457508 41.507923 -0.305706 -5.902977 9.42016 -0.681888 2.24354 -5.255033 -3.180156 14.282877 -0.826594 6.952496 -0.0 -12.690593 -1e-06 15.759168 -17.73768 2.928734 1.665665 -1.95592 -2.878297 4.727794 -4.170584 4.993919 11.020511 1e-06 -0.0 12.109032 -3.735715 -2.866778 0.0 -0.0 0.0 1.291985 -1.928548 -1.498088 14.800115 0.567467 3.865604 14.242553 -1.341738 -6.660648 19.631935 0.143921 -0.648243 50.085342 -0.596647 -5.956402 0.353029 -1.51115 -0.03194 20.222769 3.684305 2.316629 18.787249 1e-06 -1e-06 10.751608 -0.47987 1.397903 0.0 -0.0 0.0 3.273804 0.305947 -0.58011 21.48679 11.830364 2.266131 8.162915 0.0 -0.0 18.399052 -3.798986 -4.940567 3e-06 0.0 -1e-06 -1.020154 5.560403 -27.914265 -0.000453 0.171747 7.92396 -2.685959 7.411366 2.369783 1.711949 -2.081666 -6.233886 0.0 -0.0 2e-06 2.104607 -7.797237 21.80249 -0.076345 -0.10642 11.072926 0.529167 -0.454115 -7.702384 -1.430263 0.780267 -13.860754 0.0 -0.0 -1e-06 
0.0 0.0 0.0 0.0 -0.0 0.0 -41.641869 94.90284 381.930756 -0.470306 -9.323324 -1.037927 0.192118 0.35171 -1.273327 -0.262683 1.759829 -5.370024 0.53074 -0.507032 11.358277 -0.579337 2.832843 2.593572 -0.904203 0.051822 -3.595269 -0.886891 -0.374738 -5.967655 7.7e-05 -2.2e-05 6e-06 0.02774 -0.030871 0.006937 0.717007 -3.749532 -10.664162 -0.67514 3.68762 -10.662455 -16.468727 -2.720313 13.786122 -57.357559 -9.444393 28.930401 -0.331596 -17.845385 0.098147 6.109063 -2.843748 -8.054228 -5.882102 9.861279 0.70259 -10.936861 -0.360574 7.156197 0.0 8.774815 -0.0 -16.18355 18.237806 6.073018 -1.844031 2.498503 -2.507276 -10.16359 4.678941 4.621104 -20.975996 -1e-06 1e-06 -21.226254 2.451698 -3.593995 0.0 -6e-06 -0.0 -1.362681 2.240797 -0.746323 -21.334892 0.58491 3.008319 -13.821196 -1e-06 1e-06 -23.887129 -0.249075 -0.839485 -60.972916 2.322323 -0.91118 -0.294025 1.679686 0.833255 -14.218195 0.093215 1.300579 -34.212002 -0.287561 0.967166 -20.033176 0.964536 1.212838 0.0 -0.0 0.0 -3.440387 0.788233 0.501655 -15.928172 -3.167306 2.999703 -6.338817 -0.0 1e-06 -18.123419 3.648181 -4.905662 -4e-06 0.0 -2e-06 14.093882 12.591619 13.209525 57.79258 4.799708 -1.309956 -0.137949 39.190609 -0.038005 -5.090951 9.621911 0.033287 2.24354 -5.255033 -3.180156 14.282877 -0.826594 6.952496 -0.0 -12.690593 -1e-06 15.591905 -17.707247 3.03287 1.665665 -1.95592 -2.878297 4.727794 -4.170584 4.993919 11.020511 1e-06 -0.0 12.109032 -3.735715 -2.866778 0.0 -0.0 0.0 1.291985 -1.928548 -1.498088 14.800115 0.567467 3.865604 14.242553 -1.341738 -6.660648 19.631935 0.143921 -0.648243 50.189621 -0.618395 -5.823333 0.353029 -1.51115 -0.03194 20.222769 3.684305 2.316629 18.787249 1e-06 -1e-06 10.751608 -0.47987 1.397903 0.0 -0.0 0.0 3.273804 0.305947 -0.58011 21.48679 11.830364 2.266131 8.162915 0.0 -0.0 18.399052 -3.798986 -4.940567 3e-06 0.0 -1e-06 -3.135431 3.920996 -28.92898 0.06804 0.12956 12.990808 0.773542 7.579768 8.159656 1.778348 -2.005701 -5.330472 0.0 -0.0 2e-06 -1.759916 -8.506375 19.180124 -0.075143 0.024621 19.416166 1.316967 1.819985 -3.387165 -1.494087 0.788655 -22.741209 0.0 -0.0 -1e-06 
0.0 0.0 0.0 0.0 -0.0 0.0 -41.715435 95.206329 387.226318 1.100625 -9.289793 -1.342596 -0.704241 0.311223 -1.238219 -0.56584 1.863798 -5.307043 -0.392304 -0.335025 11.122414 0.137538 2.504754 2.430813 -1.022709 -0.222514 -3.528897 -0.807834 -0.410386 -6.239989 7.7e-05 -2.2e-05 6e-06 0.031819 -0.041732 0.009739 0.732689 -3.741423 -10.584022 -0.682339 3.655694 -10.598754 -15.735033 -3.219279 13.964293 -57.752911 -9.862181 28.980476 -0.345441 -17.604502 0.109362 5.99369 -2.990882 -8.130662 -5.882102 9.861279 0.70259 -10.936861 -0.360574 7.156197 0.0 8.774815 -0.0 -16.182005 18.268896 6.020504 -1.844031 2.498503 -2.507276 -10.16359 4.678941 4.621104 -20.975996 -1e-06 1e-06 -21.226254 2.451698 -3.593995 0.0 -6e-06 -0.0 -1.362681 2.240797 -0.746323 -21.334892 0.58491 3.008319 -13.821196 -1e-06 1e-06 -23.887129 -0.249075 -0.839485 -60.872059 2.406754 -1.057807 -0.294025 1.679686 0.833255 -14.218195 0.093215 1.300579 -34.212002 -0.287561 0.967166 -20.033176 0.964536 1.212838 0.0 -0.0 0.0 -3.440387 0.788233 0.501655 -15.928172 -3.167306 2.999703 -6.338817 -0.0 1e-06 -18.123419 3.648181 -4.905662 -4e-06 0.0 -2e-06 14.24087 12.26757 13.499642 59.623161 4.08846 -0.973758 0.113402 35.83754 0.118339 -4.185854 9.356102 1.205083 2.24354 -5.255033 -3.180156 14.282877 -0.826594 6.952496 -0.0 -12.690593 -1e-06 15.66884 -17.754066 2.920379 1.665665 -1.95592 -2.878297 4.727794 -4.170584 4.993919 11.020511 1e-06 -0.0 12.109032 -3.735715 -2.866778 0.0 -0.0 0.0 1.291985 -1.928548 -1.498088 14.800115 0.567467 3.865604 14.242553 -1.341738 -6.660648 19.631935 0.143921 -0.648243 50.191067 -0.513825 -5.95877 0.353029 -1.51115 -0.03194 20.222769 3.684305 2.316629 18.787249 1e-06 -1e-06 10.751608 -0.47987 1.397903 0.0 -0.0 0.0 3.273804 0.305947 -0.58011 21.48679 11.830364 2.266131 8.162915 0.0 -0.0 18.399052 -3.798986 -4.940567 3e-06 0.0 -1e-06 -4.729367 2.697169 -28.703918 0.093033 0.04682 18.620123 2.155499 7.71975 8.232177 1.722553 -2.005127 -3.325304 0.0 -0.0 2e-06 -4.966686 -9.059614 14.906847 -0.070114 0.166635 31.377722 1.620978 2.900265 4.969898 -1.599156 0.739292 -30.90831 0.0 -0.0 -1e-06 
0.0 0.0 0.0 0.0 -0.0 0.0 -41.720612 95.591072 392.147614 2.114743 -9.21206 -2.29734 -1.2774 0.304587 -0.654944 -0.728995 1.691433 -5.022754 -0.895495 -0.249885 11.012341 0.569015 2.532345 2.337311 -1.087952 -0.408874 -3.499226 -0.80278 -0.478216 -6.60237 7.7e-05 -2.2e-05 6e-06 0.038142 -0.01021 0.030702 0.746867 -3.70584 -10.555458 -0.685098 3.679451 -10.548162 -14.578383 -3.841443 14.310533 -58.684772 -10.484221 28.273987 -0.319255 -18.394352 0.07506 6.39574 -3.1462 -8.994922 -5.882102 9.861279 0.70259 -10.936861 -0.360574 7.156197 0.0 8.774815 -0.0 -16.346519 18.234547 5.806537 -1.844031 2.498503 -2.507276 -10.16359 4.678941 4.621104 -20.975996 -1e-06 1e-06 -21.226254 2.451698 -3.593995 0.0 -6e-06 -0.0 -1.362681 2.240797 -0.746323 -21.334892 0.58491 3.008319 -13.821196 -1e-06 1e-06 -23.887129 -0.249075 -0.839485 -60.844711 2.446764 -1.20149 -0.294025 1.679686 0.833255 -14.218195 0.093215 1.300579 -34.212002 -0.287561 0.967166 -20.033176 0.964536 1.212838 0.0 -0.0 0.0 -3.440387 0.788233 0.501655 -15.928172 -3.167306 2.999703 -6.338817 -0.0 1e-06 -18.123419 3.648181 -4.905662 -4e-06 0.0 -2e-06 13.355002 12.251223 13.744869 61.609379 3.529926 0.7146 -0.096904 32.881298 -0.064342 -2.335551 7.917098 1.911822 2.24354 -5.255033 -3.180156 14.282877 -0.826594 6.952496 -0.0 -12.690593 -1e-06 16.007359 -17.650757 2.779738 1.665665 -1.95592 -2.878297 4.727794 -4.170584 4.993919 11.020511 1e-06 -0.0 12.109032 -3.735715 -2.866778 0.0 -0.0 0.0 1.291985 -1.928548 -1.498088 14.800115 0.567467 3.865604 14.242553 -1.341738 -6.660648 19.631935 0.143921 -0.648243 50.228191 -0.444215 -6.077018 0.353029 -1.51115 -0.03194 20.222769 3.684305 2.316629 18.787249 1e-06 -1e-06 10.751608 -0.47987 1.397903 0.0 -0.0 0.0 3.273804 0.305947 -0.58011 21.48679 11.830364 2.266131 8.162915 0.0 -0.0 18.399052 -3.798986 -4.940567 3e-06 0.0 -1e-06 -5.9857 2.143144 -26.387262 -0.016309 0.102482 22.21669 4.166298 7.936371 5.854446 1.636259 -1.993411 -1.573388 0.0 -0.0 2e-06 -7.397178 -8.745201 8.819787 0.109067 0.143395 45.325024 3.070709 2.734061 16.990126 -1.368829 0.597049 -25.927256 0.0 -0.0 -1e-06 
0.0 0.0 0.0 0.0 -0.0 0.0 -41.740227 96.052567 396.817017 3.144194 -9.49162 -3.125717 -1.908297 0.157364 -0.010149 -0.852766 1.757013 -4.784766 -1.204395 -0.381349 11.003442 0.586235 2.616785 2.240877 -0.921919 -0.313007 -3.567337 -0.786066 -0.331742 -7.300378 7.7e-05 -2.2e-05 6e-06 0.041691 0.046283 0.037652 0.762159 -3.664817 -10.569696 -0.694142 3.75307 -10.553072 -14.139357 -4.14172 14.428103 -58.416538 -11.355698 28.462151 -0.211704 -19.770874 0.081495 6.975977 -3.56739 -10.972707 -5.882102 9.861279 0.70259 -10.936861 -0.360574 7.156197 0.0 8.774815 -0.0 -16.319685 18.255747 5.780717 -1.844031 2.498503 -2.507276 -10.16359 4.678941 4.621104 -20.975996 -1e-06 1e-06 -21.226254 2.451698 -3.593995 0.0 -6e-06 -0.0 -1.362681 2.240797 -0.746323 -21.334892 0.58491 3.008319 -13.821196 -1e-06 1e-06 -23.887129 -0.249075 -0.839485 -60.602917 2.30235 -1.295303 -0.294025 1.679686 0.833255 -14.218195 0.093215 1.300579 -34.212002 -0.287561 0.967166 -20.033176 0.964536 1.212838 0.0 -0.0 0.0 -3.440387 0.788233 0.501655 -15.928172 -3.167306 2.999703 -6.338817 -0.0 1e-06 -18.123419 3.648181 -4.905662 -4e-06 0.0 -2e-06 13.095772 12.216016 14.049623 62.334778 3.075509 3.243433 -0.433008 31.11644 -0.209153 -0.197002 6.499812 3.485735 2.24354 -5.255033 -3.180156 14.282877 -0.826594 6.952496 -0.0 -12.690593 -1e-06 16.207075 -17.684631 2.749262 1.665665 -1.95592 -2.878297 4.727794 -4.170584 4.993919 11.020511 1e-06 -0.0 12.109032 -3.735715 -2.866778 0.0 -0.0 0.0 1.291985 -1.928548 -1.498088 14.800115 0.567467 3.865604 14.242553 -1.341738 -6.660648 19.631935 0.143921 -0.648243 50.099133 -0.564054 -6.202841 0.353029 -1.51115 -0.03194 20.222769 3.684305 2.316629 18.787249 1e-06 -1e-06 10.751608 -0.47987 1.397903 0.0 -0.0 0.0 3.273804 0.305947 -0.58011 21.48679 11.830364 2.266131 8.162915 0.0 -0.0 18.399052 -3.798986 -4.940567 3e-06 0.0 -1e-06 -7.367047 2.082927 -23.430922 0.153598 0.295219 24.1828 5.064827 8.413599 1.68946 1.627371 -2.010795 -1.265135 0.0 -0.0 2e-06 -9.052446 -7.427366 2.009692 0.08697 0.011884 57.407162 3.700261 1.573351 25.314631 -1.143627 0.843527 -7.549883 0.0 -0.0 -1e-06 
0.0 0.0 0.0 0.0 -0.0 0.0 -41.861923 96.892174 401.29776 3.643379 -9.643395 -3.908423 -2.339383 0.035365 0.463548 -0.948818 1.462392 -4.620096 -1.146611 -0.642742 11.294413 0.617099 2.730241 2.465338 -0.810284 -0.168 -3.590529 -0.879818 -0.066349 -8.170242 7.7e-05 -2.2e-05 6e-06 0.044639 0.073921 0.043543 0.774337 -3.643271 -10.584806 -0.700168 3.789791 -10.57211 -14.093704 -4.316805 14.426977 -57.354916 -12.684388 29.327156 -0.344726 -20.516026 0.086995 8.033731 -3.888674 -12.078418 -5.882102 9.861279 0.70259 -10.936861 -0.360574 7.156197 0.0 8.774815 -0.0 -16.228765 18.491007 5.883113 -1.844031 2.498503 -2.507276 -10.16359 4.678941 4.621104 -20.975996 -1e-06 1e-06 -21.226254 2.451698 -3.593995 0.0 -6e-06 -0.0 -1.362681 2.240797 -0.746323 -21.334892 0.58491 3.008319 -13.821196 -1e-06 1e-06 -23.887129 -0.249075 -0.839485 -60.518112 2.347895 -1.33585 -0.294025 1.679686 0.833255 -14.218195 0.093215 1.300579 -34.212002 -0.287561 0.967166 -20.033176 0.964536 1.212838 0.0 -0.0 0.0 -3.440387 0.788233 0.501655 -15.928172 -3.167306 2.999703 -6.338817 -0.0 1e-06 -18.123419 3.648181 -4.905662 -4e-06 0.0 -2e-06 13.047639 12.125117 14.192424 62.673885 2.492113 4.934196 -0.558559 30.668802 -0.270134 0.559622 6.078754 4.24159 2.24354 -5.255033 -3.180156 14.282877 -0.826594 6.952496 -0.0 -12.690593 -1e-06 16.350555 -17.722849 2.651668 1.665665 -1.95592 -2.878297 4.727794 -4.170584 4.993919 11.020511 1e-06 -0.0 12.109032 -3.735715 -2.866778 0.0 -0.0 0.0 1.291985 -1.928548 -1.498088 14.800115 0.567467 3.865604 14.242553 -1.341738 -6.660648 19.631935 0.143921 -0.648243 50.224998 -0.583671 -6.233713 0.353029 -1.51115 -0.03194 20.222769 3.684305 2.316629 18.787249 1e-06 -1e-06 10.751608 -0.47987 1.397903 0.0 -0.0 0.0 3.273804 0.305947 -0.58011 21.48679 11.830364 2.266131 8.162915 0.0 -0.0 18.399052 -3.798986 -4.940567 3e-06 0.0 -1e-06 -8.177724 2.312921 -18.867584 0.25739 0.342217 22.815973 5.230863 8.833485 -0.825048 1.608749 -2.040914 -0.991141 0.0 -0.0 2e-06 -9.259308 -6.075513 -3.994979 0.068872 -0.191665 65.826393 2.270836 0.019538 20.080816 -1.23706 0.895719 -4.664034 0.0 -0.0 -1e-06 
0.0 0.0 0.0 0.0 -0.0 0.0 -42.054482 97.893509 405.671692 3.215864 -9.523679 -4.762865 -2.316704 -0.132998 0.930338 -0.867454 1.002621 -4.464471 -0.671896 -1.035893 11.566074 0.645424 2.776105 3.220077 -0.7302 0.025486 -3.581432 -1.023461 0.230027 -8.446927 7.7e-05 -2.2e-05 6e-06 0.04212 0.074309 0.042368 0.761505 -3.645735 -10.587258 -0.690567 3.794678 -10.587395 -13.883182 -4.658854 14.547799 -56.518566 -14.278378 29.66357 -0.71912 -20.617649 0.147921 9.2009 -3.681483 -11.508316 -5.882102 9.861279 0.70259 -10.936861 -0.360574 7.156197 0.0 8.774815 -0.0 -16.091963 18.655909 5.994961 -1.844031 2.498503 -2.507276 -10.16359 4.678941 4.621104 -20.975996 -1e-06 1e-06 -21.226254 2.451698 -3.593995 0.0 -6e-06 -0.0 -1.362681 2.240797 -0.746323 -21.334892 0.58491 3.008319 -13.821196 -1e-06 1e-06 -23.887129 -0.249075 -0.839485 -60.436371 2.349964 -1.268023 -0.294025 1.679686 0.833255 -14.218195 0.093215 1.300579 -34.212002 -0.287561 0.967166 -20.033176 0.964536 1.212838 0.0 -0.0 0.0 -3.440387 0.788233 0.501655 -15.928172 -3.167306 2.999703 -6.338817 -0.0 1e-06 -18.123419 3.648181 -4.905662 -4e-06 0.0 -2e-06 12.718143 11.868919 14.311253 63.296661 1.706189 5.282376 -0.690747 31.125206 -0.292238 0.099245 6.128486 3.56259 2.24354 -5.255033 -3.180156 14.282877 -0.826594 6.952496 -0.0 -12.690593 -1e-06 16.45566 -17.789528 2.636857 1.665665 -1.95592 -2.878297 4.727794 -4.170584 4.993919 11.020511 1e-06 -0.0 12.109032 -3.735715 -2.866778 0.0 -0.0 0.0 1.291985 -1.928548 -1.498088 14.800115 0.567467 3.865604 14.242553 -1.341738 -6.660648 19.631935 0.143921 -0.648243 50.47274 -0.53512 -6.123244 0.353029 -1.51115 -0.03194 20.222769 3.684305 2.316629 18.787249 1e-06 -1e-06 10.751608 -0.47987 1.397903 0.0 -0.0 0.0 3.273804 0.305947 -0.58011 21.48679 11.830364 2.266131 8.162915 0.0 -0.0 18.399052 -3.798986 -4.940567 3e-06 0.0 -1e-06 -7.92776 2.782595 -13.255424 0.213025 0.250444 19.662071 5.136082 8.60051 -2.413414 1.612128 -2.004332 -0.861557 0.0 -0.0 2e-06 -7.86095 -5.140386 -9.129067 0.033208 -0.310701 69.815269 0.41426 -2.617547 13.997849 -1.340022 0.908086 -4.182163 0.0 -0.0 -1e-06 
0.0 0.0 0.0 0.0 -0.0 0.0 -42.286865 98.842758 409.973206 2.304333 -9.059952 -5.669192 -2.107962 -0.304966 1.419209 -0.680833 0.457369 -4.290473 0.003947 -1.590842 11.642137 0.795566 2.655204 4.327001 -0.602573 0.267909 -3.57964 -1.146966 0.534102 -8.25807 7.7e-05 -2.2e-05 6e-06 0.037288 0.072072 0.041854 0.743255 -3.651008 -10.595004 -0.679563 3.795719 -10.601749 -13.216235 -5.186721 14.666773 -56.26799 -15.509027 29.043556 -0.918864 -21.251747 0.189435 10.333193 -3.290538 -10.873486 -5.882102 9.861279 0.70259 -10.936861 -0.360574 7.156197 0.0 8.774815 -0.0 -15.835914 18.705507 6.152394 -1.844031 2.498503 -2.507276 -10.16359 4.678941 4.621104 -20.975996 -1e-06 1e-06 -21.226254 2.451698 -3.593995 0.0 -6e-06 -0.0 -1.362681 2.240797 -0.746323 -21.334892 0.58491 3.008319 -13.821196 -1e-06 1e-06 -23.887129 -0.249075 -0.839485 -60.33083 2.375697 -1.194444 -0.294025 1.679686 0.833255 -14.218195 0.093215 1.300579 -34.212002 -0.287561 0.967166 -20.033176 0.964536 1.212838 0.0 -0.0 0.0 -3.440387 0.788233 0.501655 -15.928172 -3.167306 2.999703 -6.338817 -0.0 1e-06 -18.123419 3.648181 -4.905662 -4e-06 0.0 -2e-06 12.274046 11.376293 14.348838 64.032066 0.650311 4.72478 -0.771013 32.038616 -0.269617 -0.587487 6.319211 1.938721 2.24354 -5.255033 -3.180156 14.282877 -0.826594 6.952496 -0.0 -12.690593 -1e-06 16.483538 -17.843575 2.685309 1.665665 -1.95592 -2.878297 4.727794 -4.170584 4.993919 11.020511 1e-06 -0.0 12.109032 -3.735715 -2.866778 0.0 -0.0 0.0 1.291985 -1.928548 -1.498088 14.800115 0.567467 3.865604 14.242553 -1.341738 -6.660648 19.631935 0.143921 -0.648243 50.578705 -0.517788 -6.034209 0.353029 -1.51115 -0.03194 20.222769 3.684305 2.316629 18.787249 1e-06 -1e-06 10.751608 -0.47987 1.397903 0.0 -0.0 0.0 3.273804 0.305947 -0.58011 21.48679 11.830364 2.266131 8.162915 0.0 -0.0 18.399052 -3.798986 -4.940567 3e-06 0.0 -1e-06 -7.139618 3.332599 -6.87627 0.130715 0.099038 15.095468 5.016378 7.745507 -3.190662 1.623086 -1.951157 -0.876569 0.0 -0.0 2e-06 -5.846263 -4.970694 -13.194694 0.018298 -0.362883 69.684204 -0.83089 -4.729671 9.348535 -1.378592 0.884369 -4.273534 0.0 -0.0 -1e-06 
0.0 0.0 0.0 0.0 -0.0 0.0 -42.567776 99.534912 414.182526 1.29109 -8.345839 -6.296185 -1.870875 -0.394838 1.713734 -0.517317 -0.107914 -4.168708 0.708736 -2.188452 11.661905 1.172967 2.36935 5.265265 -0.470441 0.539237 -3.588788 -1.203305 0.756769 -7.839216 7.7e-05 -2.2e-05 6e-06 0.032944 0.055518 0.039783 0.72989 -3.667377 -10.611472 -0.672543 3.778665 -10.618681 -12.606795 -5.738947 14.598372 -55.796204 -16.151392 27.928766 -0.97006 -23.179529 0.21641 11.35491 -3.202539 -10.828197 -5.882102 9.861279 0.70259 -10.936861 -0.360574 7.156197 0.0 8.774815 -0.0 -15.561302 18.731115 6.333114 -1.844031 2.498503 -2.507276 -10.16359 4.678941 4.621104 -20.975996 -1e-06 1e-06 -21.226254 2.451698 -3.593995 0.0 -6e-06 -0.0 -1.362681 2.240797 -0.746323 -21.334892 0.58491 3.008319 -13.821196 -1e-06 1e-06 -23.887129 -0.249075 -0.839485 -60.253124 2.421375 -1.137458 -0.294025 1.679686 0.833255 -14.218195 0.093215 1.300579 -34.212002 -0.287561 0.967166 -20.033176 0.964536 1.212838 0.0 -0.0 0.0 -3.440387 0.788233 0.501655 -15.928172 -3.167306 2.999703 -6.338817 -0.0 1e-06 -18.123419 3.648181 -4.905662 -4e-06 0.0 -2e-06 12.334122 10.681081 14.217741 64.190483 -0.712142 3.852032 -0.747869 33.178707 -0.21637 -1.056317 6.656366 0.387265 2.24354 -5.255033 -3.180156 14.282877 -0.826594 6.952496 -0.0 -12.690593 -1e-06 16.37207 -17.863791 2.770876 1.665665 -1.95592 -2.878297 4.727794 -4.170584 4.993919 11.020511 1e-06 -0.0 12.109032 -3.735715 -2.866778 0.0 -0.0 0.0 1.291985 -1.928548 -1.498088 14.800115 0.567467 3.865604 14.242553 -1.341738 -6.660648 19.631935 0.143921 -0.648243 50.455135 -0.566451 -6.027832 0.353029 -1.51115 -0.03194 20.222769 3.684305 2.316629 18.787249 1e-06 -1e-06 10.751608 -0.47987 1.397903 0.0 -0.0 0.0 3.273804 0.305947 -0.58011 21.48679 11.830364 2.266131 8.162915 0.0 -0.0 18.399052 -3.798986 -4.940567 3e-06 0.0 -1e-06 -5.977293 3.86938 -0.489656 0.070093 0.005148 9.776727 4.641354 6.345973 -3.549004 1.638975 -1.883898 -1.007222 0.0 -0.0 2e-06 -3.82746 -5.41934 -16.486689 -0.027952 -0.403538 66.054588 -1.15378 -5.426029 6.040201 -1.390061 0.849978 -4.637737 0.0 -0.0 -1e-06 
0.0 0.0 0.0 0.0 -0.0 0.0 -42.926815 99.828041 418.350739 0.575686 -7.443521 -6.503237 -1.788958 -0.388732 1.776413 -0.452729 -0.616339 -4.140211 1.289664 -2.694705 11.688288 1.782204 1.982743 5.756144 -0.406644 0.764542 -3.60497 -1.14907 0.80149 -7.533301 7.7e-05 -2.2e-05 6e-06 0.031038 0.026328 0.033259 0.721882 -3.694903 -10.632521 -0.666503 3.748307 -10.631893 -12.13896 -6.274029 14.435193 -54.89822 -16.615858 27.156458 -0.905415 -26.103354 0.216924 12.251388 -3.284758 -11.313847 -5.882102 9.861279 0.70259 -10.936861 -0.360574 7.156197 0.0 8.774815 -0.0 -15.357868 18.782173 6.496264 -1.844031 2.498503 -2.507276 -10.16359 4.678941 4.621104 -20.975996 -1e-06 1e-06 -21.226254 2.451698 -3.593995 0.0 -6e-06 -0.0 -1.362681 2.240797 -0.746323 -21.334892 0.58491 3.008319 -13.821196 -1e-06 1e-06 -23.887129 -0.249075 -0.839485 -60.194752 2.508179 -1.094682 -0.294025 1.679686 0.833255 -14.218195 0.093215 1.300579 -34.212002 -0.287561 0.967166 -20.033176 0.964536 1.212838 0.0 -0.0 0.0 -3.440387 0.788233 0.501655 -15.928172 -3.167306 2.999703 -6.338817 -0.0 1e-06 -18.123419 3.648181 -4.905662 -4e-06 0.0 -2e-06 12.871338 9.893017 13.976754 63.836819 -2.13672 3.014979 -0.609382 34.242729 -0.141723 -1.390607 7.131932 -0.6799 2.24354 -5.255033 -3.180156 14.282877 -0.826594 6.952496 -0.0 -12.690593 -1e-06 16.262342 -17.867832 2.836565 1.665665 -1.95592 -2.878297 4.727794 -4.170584 4.993919 11.020511 1e-06 -0.0 12.109032 -3.735715 -2.866778 0.0 -0.0 0.0 1.291985 -1.928548 -1.498088 14.800115 0.567467 3.865604 14.242553 -1.341738 -6.660648 19.631935 0.143921 -0.648243 50.225426 -0.657463 -6.064799 0.353029 -1.51115 -0.03194 20.222769 3.684305 2.316629 18.787249 1e-06 -1e-06 10.751608 -0.47987 1.397903 0.0 -0.0 0.0 3.273804 0.305947 -0.58011 21.48679 11.830364 2.266131 8.162915 0.0 -0.0 18.399052 -3.798986 -4.940567 3e-06 0.0 -1e-06 -5.01619 4.363535 4.805267 0.035231 0.009684 5.427341 4.182769 4.721312 -3.965153 1.654848 -1.819355 -1.075534 0.0 -0.0 2e-06 -2.225905 -6.029566 -19.359055 -0.095136 -0.387622 59.527962 -0.524414 -5.133368 3.763297 -1.414003 0.859935 -5.017142 0.0 -0.0 -1e-06 
0.0 0.0 0.0 0.0 -0.0 0.0 -43.339855 99.701202 422.460999 0.441727 -6.445735 -6.380897 -1.984295 -0.325822 1.665279 -0.4857 -1.030692 -4.164802 1.585249 -3.027846 11.758792 2.568577 1.533236 5.797065 -0.455085 0.888622 -3.598327 -1.014152 0.709378 -7.549141 7.7e-05 -2.2e-05 6e-06 0.028664 -0.000725 0.033055 0.711496 -3.722834 -10.643182 -0.659862 3.723045 -10.632882 -11.720817 -6.778875 14.274471 -53.831303 -17.293938 26.771378 -0.737734 -29.199684 0.178611 13.051478 -3.268392 -12.004272 -5.882102 9.861279 0.70259 -10.936861 -0.360574 7.156197 0.0 8.774815 -0.0 -15.260853 18.84371 6.61113 -1.844031 2.498503 -2.507276 -10.16359 4.678941 4.621104 -20.975996 -1e-06 1e-06 -21.226254 2.451698 -3.593995 0.0 -6e-06 -0.0 -1.362681 2.240797 -0.746323 -21.334892 0.58491 3.008319 -13.821196 -1e-06 1e-06 -23.887129 -0.249075 -0.839485 -60.129604 2.603063 -1.049482 -0.294025 1.679686 0.833255 -14.218195 0.093215 1.300579 -34.212002 -0.287561 0.967166 -20.033176 0.964536 1.212838 0.0 -0.0 0.0 -3.440387 0.788233 0.501655 -15.928172 -3.167306 2.999703 -6.338817 -0.0 1e-06 -18.123419 3.648181 -4.905662 -4e-06 0.0 -2e-06 13.554585 9.131747 13.730216 63.402634 -3.268443 2.374618 -0.388236 34.902462 -0.077659 -1.653995 7.570835 -0.957289 2.24354 -5.255033 -3.180156 14.282877 -0.826594 6.952496 -0.0 -12.690593 -1e-06 16.257339 -17.854961 2.849519 1.665665 -1.95592 -2.878297 4.727794 -4.170584 4.993919 11.020511 1e-06 -0.0 12.109032 -3.735715 -2.866778 0.0 -0.0 0.0 1.291985 -1.928548 -1.498088 14.800115 0.567467 3.865604 14.242553 -1.341738 -6.660648 19.631935 0.143921 -0.648243 50.130947 -0.738057 -6.071924 0.353029 -1.51115 -0.03194 20.222769 3.684305 2.316629 18.787249 1e-06 -1e-06 10.751608 -0.47987 1.397903 0.0 -0.0 0.0 3.273804 0.305947 -0.58011 21.48679 11.830364 2.266131 8.162915 0.0 -0.0 18.399052 -3.798986 -4.940567 3e-06 0.0 -1e-06 -4.622988 4.730169 8.7041 0.004678 0.058719 2.838811 3.78941 3.302966 -5.013647 1.668206 -1.79329 -1.004069 0.0 -0.0 2e-06 -1.370968 -6.464642 -21.655275 -0.094708 -0.258251 50.449207 0.642834 -4.698299 2.597154 -1.43627 0.912444 -5.334474 0.0 -0.0 -1e-06 
0.0 0.0 0.0 0.0 -0.0 0.0 -43.756447 99.249153 426.507843 0.785824 -5.420094 -6.058194 -2.318164 -0.273529 1.426667 -0.552802 -1.360882 -4.21112 1.535543 -3.160422 11.890577 3.33769 1.089888 5.543175 -0.534592 0.833886 -3.549671 -0.861005 0.588429 -7.750868 7.7e-05 -2.2e-05 6e-06 0.020459 -0.00788 0.045907 0.699389 -3.735559 -10.648002 -0.663862 3.721831 -10.632589 -11.348249 -7.228611 14.170813 -52.887562 -18.229347 26.453596 -0.567224 -31.800385 0.141363 13.776208 -3.161593 -12.51176 -5.882102 9.861279 0.70259 -10.936861 -0.360574 7.156197 0.0 8.774815 -0.0 -15.244538 18.85676 6.625747 -1.844031 2.498503 -2.507276 -10.16359 4.678941 4.621104 -20.975996 -1e-06 1e-06 -21.226254 2.451698 -3.593995 0.0 -6e-06 -0.0 -1.362681 2.240797 -0.746323 -21.334892 0.58491 3.008319 -13.821196 -1e-06 1e-06 -23.887129 -0.249075 -0.839485 -60.094402 2.652595 -1.057199 -0.294025 1.679686 0.833255 -14.218195 0.093215 1.300579 -34.212002 -0.287561 0.967166 -20.033176 0.964536 1.212838 0.0 -0.0 0.0 -3.440387 0.788233 0.501655 -15.928172 -3.167306 2.999703 -6.338817 -0.0 1e-06 -18.123419 3.648181 -4.905662 -4e-06 0.0 -2e-06 14.079808 8.516412 13.498045 63.217369 -4.024289 2.093159 -0.207429 34.971245 -0.010883 -1.773939 7.839364 -0.6479 2.24354 -5.255033 -3.180156 14.282877 -0.826594 6.952496 -0.0 -12.690593 -1e-06 16.329355 -17.817043 2.81492 1.665665 -1.95592 -2.878297 4.727794 -4.170584 4.993919 11.020511 1e-06 -0.0 12.109032 -3.735715 -2.866778 0.0 -0.0 0.0 1.291985 -1.928548 -1.498088 14.800115 0.567467 3.865604 14.242553 -1.341738 -6.660648 19.631935 0.143921 -0.648243 50.241096 -0.757658 -6.037442 0.353029 -1.51115 -0.03194 20.222769 3.684305 2.316629 18.787249 1e-06 -1e-06 10.751608 -0.47987 1.397903 0.0 -0.0 0.0 3.273804 0.305947 -0.58011 21.48679 11.830364 2.266131 8.162915 0.0 -0.0 18.399052 -3.798986 -4.940567 3e-06 0.0 -1e-06 -4.751526 4.77396 11.4762 -0.019735 0.116962 1.930277 3.50965 2.383606 -6.845884 1.674162 -1.822293 -0.92885 0.0 -0.0 2e-06 -1.160407 -6.734546 -22.974501 -0.012088 -0.096484 38.867989 1.431879 -4.761156 2.957205 -1.452383 0.98269 -5.507383 0.0 -0.0 -1e-06 
0.0 0.0 0.0 0.0 -0.0 0.0 -44.227741 98.581123 430.618011 1.324834 -4.394168 -5.667675 -2.594907 -0.254871 1.165162 -0.602822 -1.531493 -4.304107 1.249859 -3.177868 12.062133 3.914943 0.758248 5.118341 -0.544612 0.629357 -3.480618 -0.725706 0.392291 -7.967154 7.7e-05 -2.2e-05 6e-06 0.00857 0.000492 0.063247 0.695323 -3.734935 -10.675739 -0.683757 3.739111 -10.659904 -11.054362 -7.619711 14.159414 -52.293793 -19.296129 26.129385 -0.431506 -33.61599 0.121667 14.370206 -3.147788 -12.660355 -5.882102 9.861279 0.70259 -10.936861 -0.360574 7.156197 0.0 8.774815 -0.0 -15.268929 18.78367 6.550929 -1.844031 2.498503 -2.507276 -10.16359 4.678941 4.621104 -20.975996 -1e-06 1e-06 -21.226254 2.451698 -3.593995 0.0 -6e-06 -0.0 -1.362681 2.240797 -0.746323 -21.334892 0.58491 3.008319 -13.821196 -1e-06 1e-06 -23.887129 -0.249075 -0.839485 -60.148087 2.651705 -1.139433 -0.294025 1.679686 0.833255 -14.218195 0.093215 1.300579 -34.212002 -0.287561 0.967166 -20.033176 0.964536 1.212838 0.0 -0.0 0.0 -3.440387 0.788233 0.501655 -15.928172 -3.167306 2.999703 -6.338817 -0.0 1e-06 -18.123419 3.648181 -4.905662 -4e-06 0.0 -2e-06 14.313102 8.081761 13.272473 63.414402 -4.519479 2.072726 -0.119513 34.465538 0.075124 -1.707898 7.975743 0.140674 2.24354 -5.255033 -3.180156 14.282877 -0.826594 6.952496 -0.0 -12.690593 -1e-06 16.402008 -17.821102 2.777576 1.665665 -1.95592 -2.878297 4.727794 -4.170584 4.993919 11.020511 1e-06 -0.0 12.109032 -3.735715 -2.866778 0.0 -0.0 0.0 1.291985 -1.928548 -1.498088 14.800115 0.567467 3.865604 14.242553 -1.341738 -6.660648 19.631935 0.143921 -0.648243 50.550694 -0.711226 -6.001179 0.353029 -1.51115 -0.03194 20.222769 3.684305 2.316629 18.787249 1e-06 -1e-06 10.751608 -0.47987 1.397903 0.0 -0.0 0.0 3.273804 0.305947 -0.58011 21.48679 11.830364 2.266131 8.162915 0.0 -0.0 18.399052 -3.798986 -4.940567 3e-06 0.0 -1e-06 -5.065279 4.539608 13.889071 -0.007477 0.201947 1.725582 3.236747 1.826523 -8.800414 1.67646 -1.885431 -0.992234 0.0 -0.0 2e-06 -1.21768 -7.00301 -23.176689 0.090692 -0.028893 25.309801 1.87806 -4.87677 3.945507 -1.456218 1.06924 -5.303792 0.0 -0.0 -1e-06 
0.0 0.0 0.0 0.0 -0.0 0.0 -44.829483 97.789612 434.93158 1.867726 -3.404462 -5.220932 -2.750522 -0.194104 0.882807 -0.667149 -1.541509 -4.472977 0.894942 -3.200998 12.245235 4.383785 0.613197 4.641391 -0.548963 0.309936 -3.471636 -0.631252 -0.024061 -8.031001 7.7e-05 -2.2e-05 6e-06 0.005263 0.053281 0.058432 0.707216 -3.68493 -10.729144 -0.702641 3.798495 -10.716078 -10.92345 -7.937061 14.035153 -52.044373 -20.170929 26.251974 -0.218024 -34.620647 0.044997 14.593889 -3.158844 -12.517962 -5.882102 9.861279 0.70259 -10.936861 -0.360574 7.156197 0.0 8.774815 -0.0 -15.288721 18.714781 6.528435 -1.844031 2.498503 -2.507276 -10.16359 4.678941 4.621104 -20.975996 -1e-06 1e-06 -21.226254 2.451698 -3.593995 0.0 -6e-06 -0.0 -1.362681 2.240797 -0.746323 -21.334892 0.58491 3.008319 -13.821196 -1e-06 1e-06 -23.887129 -0.249075 -0.839485 -60.138107 2.62697 -1.300073 -0.294025 1.679686 0.833255 -14.218195 0.093215 1.300579 -34.212002 -0.287561 0.967166 -20.033176 0.964536 1.212838 0.0 -0.0 0.0 -3.440387 0.788233 0.501655 -15.928172 -3.167306 2.999703 -6.338817 -0.0 1e-06 -18.123419 3.648181 -4.905662 -4e-06 0.0 -2e-06 14.520984 7.790907 13.034326 63.708782 -4.935252 2.124249 -0.00778 33.56765 0.161217 -1.520618 8.013711 1.703031 2.24354 -5.255033 -3.180156 14.282877 -0.826594 6.952496 -0.0 -12.690593 -1e-06 16.409143 -17.851402 2.747976 1.665665 -1.95592 -2.878297 4.727794 -4.170584 4.993919 11.020511 1e-06 -0.0 12.109032 -3.735715 -2.866778 0.0 -0.0 0.0 1.291985 -1.928548 -1.498088 14.800115 0.567467 3.865604 14.242553 -1.341738 -6.660648 19.631935 0.143921 -0.648243 50.793716 -0.686536 -6.045038 0.353029 -1.51115 -0.03194 20.222769 3.684305 2.316629 18.787249 1e-06 -1e-06 10.751608 -0.47987 1.397903 0.0 -0.0 0.0 3.273804 0.305947 -0.58011 21.48679 11.830364 2.266131 8.162915 0.0 -0.0 18.399052 -3.798986 -4.940567 3e-06 0.0 -1e-06 -5.246115 4.362937 16.266802 0.024332 0.221441 1.731665 3.052032 1.042632 -10.586031 1.69346 -1.906124 -1.267777 0.0 -0.0 2e-06 -1.197334 -7.232224 -23.032183 0.183885 -0.067564 12.476015 2.688784 -5.201257 3.378027 -1.406177 1.133812 -5.18542 0.0 -0.0 -1e-06 
0.0 0.0 0.0 0.0 -0.0 0.0 -45.550549 96.977684 439.454742 1.981181 -2.662603 -4.579184 -2.561662 -0.127765 0.46232 -0.685197 -1.450549 -4.676502 0.685408 -3.16094 12.424713 4.69099 0.518995 4.061577 -0.598414 0.085877 -3.49371 -0.641785 -0.513375 -7.760171 7.7e-05 -2.2e-05 6e-06 0.011908 0.076942 0.02021 0.705628 -3.661226 -10.760254 -0.687904 3.826948 -10.756374 -11.291324 -7.996864 13.558595 -51.854122 -20.677038 26.71307 -0.238595 -34.673634 0.123344 14.536553 -3.223338 -12.058355 -5.882102 9.861279 0.70259 -10.936861 -0.360574 7.156197 0.0 8.774815 -0.0 -15.291598 18.707375 6.482515 -1.844031 2.498503 -2.507276 -10.16359 4.678941 4.621104 -20.975996 -1e-06 1e-06 -21.226254 2.451698 -3.593995 0.0 -6e-06 -0.0 -1.362681 2.240797 -0.746323 -21.334892 0.58491 3.008319 -13.821196 -1e-06 1e-06 -23.887129 -0.249075 -0.839485 -60.209492 2.6357 -1.462397 -0.294025 1.679686 0.833255 -14.218195 0.093215 1.300579 -34.212002 -0.287561 0.967166 -20.033176 0.964536 1.212838 0.0 -0.0 0.0 -3.440387 0.788233 0.501655 -15.928172 -3.167306 2.999703 -6.338817 -0.0 1e-06 -18.123419 3.648181 -4.905662 -4e-06 0.0 -2e-06 15.286756 7.72107 13.010721 63.417679 -5.291975 2.101382 -0.023645 32.463085 0.178171 -1.272052 7.815503 3.432588 2.24354 -5.255033 -3.180156 14.282877 -0.826594 6.952496 -0.0 -12.690593 -1e-06 16.355333 -17.85515 2.678934 1.665665 -1.95592 -2.878297 4.727794 -4.170584 4.993919 11.020511 1e-06 -0.0 12.109032 -3.735715 -2.866778 0.0 -0.0 0.0 1.291985 -1.928548 -1.498088 14.800115 0.567467 3.865604 14.242553 -1.341738 -6.660648 19.631935 0.143921 -0.648243 50.52058 -0.833656 -6.309325 0.353029 -1.51115 -0.03194 20.222769 3.684305 2.316629 18.787249 1e-06 -1e-06 10.751608 -0.47987 1.397903 0.0 -0.0 0.0 3.273804 0.305947 -0.58011 21.48679 11.830364 2.266131 8.162915 0.0 -0.0 18.399052 -3.798986 -4.940567 3e-06 0.0 -1e-06 -4.833361 4.141423 18.600441 0.023606 0.243403 1.674653 2.850516 0.076829 -11.902388 1.754348 -1.820893 -1.647614 0.0 -0.0 2e-06 -0.336358 -7.476231 -23.879318 0.08473 -0.031158 4.119967 3.510171 -6.506244 1.10338 -1.345271 1.140424 -5.047532 0.0 -0.0 -1e-06 
0.0 0.0 0.0 0.0 -0.0 0.0 -46.319813 96.105812 444.194733 2.24746 -2.168624 -4.171284 -2.492097 -0.064402 0.156251 -0.732463 -1.467819 -4.804792 0.536601 -2.967873 12.49856 4.74889 0.548242 3.658429 -0.56681 -0.017913 -3.466995 -0.702498 -0.802756 -7.638985 7.7e-05 -2.2e-05 6e-06 0.016535 0.07417 0.011996 0.693877 -3.662869 -10.747682 -0.666199 3.824713 -10.726232 -11.766614 -7.897175 13.38603 -52.034706 -20.898952 26.642048 -0.540269 -33.939533 0.207106 14.414382 -3.536739 -11.215545 -5.882102 9.861279 0.70259 -10.936861 -0.360574 7.156197 0.0 8.774815 -0.0 -15.316608 18.682236 6.471131 -1.844031 2.498503 -2.507276 -10.16359 4.678941 4.621104 -20.975996 -1e-06 1e-06 -21.226254 2.451698 -3.593995 0.0 -6e-06 -0.0 -1.362681 2.240797 -0.746323 -21.334892 0.58491 3.008319 -13.821196 -1e-06 1e-06 -23.887129 -0.249075 -0.839485 -60.426765 2.660357 -1.293069 -0.294025 1.679686 0.833255 -14.218195 0.093215 1.300579 -34.212002 -0.287561 0.967166 -20.033176 0.964536 1.212838 0.0 -0.0 0.0 -3.440387 0.788233 0.501655 -15.928172 -3.167306 2.999703 -6.338817 -0.0 1e-06 -18.123419 3.648181 -4.905662 -4e-06 0.0 -2e-06 15.915596 7.800042 13.189819 63.267673 -5.278447 2.065558 -0.046599 31.036205 0.169817 -1.142649 7.609093 4.692592 2.24354 -5.255033 -3.180156 14.282877 -0.826594 6.952496 -0.0 -12.690593 -1e-06 16.418085 -17.757935 2.521027 1.665665 -1.95592 -2.878297 4.727794 -4.170584 4.993919 11.020511 1e-06 -0.0 12.109032 -3.735715 -2.866778 0.0 -0.0 0.0 1.291985 -1.928548 -1.498088 14.800115 0.567467 3.865604 14.242553 -1.341738 -6.660648 19.631935 0.143921 -0.648243 50.126747 -0.705585 -6.505493 0.353029 -1.51115 -0.03194 20.222769 3.684305 2.316629 18.787249 1e-06 -1e-06 10.751608 -0.47987 1.397903 0.0 -0.0 0.0 3.273804 0.305947 -0.58011 21.48679 11.830364 2.266131 8.162915 0.0 -0.0 18.399052 -3.798986 -4.940567 3e-06 0.0 -1e-06 -4.489989 4.058961 21.171064 0.003085 0.157658 1.670835 2.439276 -0.77466 -12.282979 1.787947 -1.782054 -2.798914 0.0 -0.0 2e-06 0.618734 -8.451898 -25.526218 0.003659 0.043925 2.754231 4.193536 -7.645214 -2.10701 -1.334194 1.090932 -5.199247 0.0 -0.0 -1e-06 
0.0 0.0 0.0 0.0 -0.0 0.0 -47.215103 95.346703 449.179352 2.569756 -1.723348 -3.807289 -2.491575 0.029378 -0.270326 -0.743264 -1.623 -4.897316 0.392969 -2.757255 12.478276 4.622061 0.58755 3.247242 -0.618021 -0.127331 -3.431165 -0.66068 -1.052563 -7.414032 7.7e-05 -2.2e-05 6e-06 0.010845 0.062489 0.028248 0.689494 -3.677327 -10.711515 -0.672389 3.814151 -10.673923 -12.340581 -7.836653 13.568079 -52.472301 -20.542395 26.576242 -0.60188 -32.772549 0.193442 14.122933 -3.892092 -10.719728 -5.882102 9.861279 0.70259 -10.936861 -0.360574 7.156197 0.0 8.774815 -0.0 -15.46167 18.518206 6.384855 -1.844031 2.498503 -2.507276 -10.16359 4.678941 4.621104 -20.975996 -1e-06 1e-06 -21.226254 2.451698 -3.593995 0.0 -6e-06 -0.0 -1.362681 2.240797 -0.746323 -21.334892 0.58491 3.008319 -13.821196 -1e-06 1e-06 -23.887129 -0.249075 -0.839485 -60.539772 2.644042 -1.179301 -0.294025 1.679686 0.833255 -14.218195 0.093215 1.300579 -34.212002 -0.287561 0.967166 -20.033176 0.964536 1.212838 0.0 -0.0 0.0 -3.440387 0.788233 0.501655 -15.928172 -3.167306 2.999703 -6.338817 -0.0 1e-06 -18.123419 3.648181 -4.905662 -4e-06 0.0 -2e-06 16.418608 7.76684 13.404367 63.211777 -5.188931 2.203932 -0.194071 29.662207 0.115902 -1.030417 7.476369 5.133965 2.24354 -5.255033 -3.180156 14.282877 -0.826594 6.952496 -0.0 -12.690593 -1e-06 16.49588 -17.66144 2.391851 1.665665 -1.95592 -2.878297 4.727794 -4.170584 4.993919 11.020511 1e-06 -0.0 12.109032 -3.735715 -2.866778 0.0 -0.0 0.0 1.291985 -1.928548 -1.498088 14.800115 0.567467 3.865604 14.242553 -1.341738 -6.660648 19.631935 0.143921 -0.648243 50.004269 -0.509015 -6.470029 0.353029 -1.51115 -0.03194 20.222769 3.684305 2.316629 18.787249 1e-06 -1e-06 10.751608 -0.47987 1.397903 0.0 -0.0 0.0 3.273804 0.305947 -0.58011 21.48679 11.830364 2.266131 8.162915 0.0 -0.0 18.399052 -3.798986 -4.940567 3e-06 0.0 -1e-06 -3.969195 4.172529 23.507244 0.047352 0.002128 2.436137 1.80617 -1.8925 -11.118432 1.820686 -1.796079 -5.443101 0.0 -0.0 2e-06 1.081066 -9.393657 -26.36101 0.081117 0.055107 5.671417 3.246819 -8.415327 -3.283504 -1.352404 1.117375 -5.684949 0.0 -0.0 -1e-06 
0.0 0.0 0.0 0.0 -0.0 0.0 -48.28651 94.947227 454.338165 1.816371 -1.270879 -2.83359 -1.625926 0.141978 -1.218908 -0.669018 -1.735551 -5.217691 0.388335 -2.659 12.546358 4.310783 0.7456 2.565521 -0.713207 -0.260786 -3.457022 -0.607002 -1.440108 -6.439715 7.7e-05 -2.2e-05 6e-06 0.001789 0.065133 0.032384 0.675442 -3.666171 -10.649155 -0.675241 3.806396 -10.605356 -14.203986 -7.606265 13.529872 -51.761486 -19.37393 27.192856 -0.392438 -31.170036 0.041958 13.323449 -4.277369 -10.671699 -5.882102 9.861279 0.70259 -10.936861 -0.360574 7.156197 0.0 8.774815 -0.0 -15.594227 18.445686 6.290181 -1.844031 2.498503 -2.507276 -10.16359 4.678941 4.621104 -20.975996 -1e-06 1e-06 -21.226254 2.451698 -3.593995 0.0 -6e-06 -0.0 -1.362681 2.240797 -0.746323 -21.334892 0.58491 3.008319 -13.821196 -1e-06 1e-06 -23.887129 -0.249075 -0.839485 -60.392479 2.502597 -1.244679 -0.294025 1.679686 0.833255 -14.218195 0.093215 1.300579 -34.212002 -0.287561 0.967166 -20.033176 0.964536 1.212838 0.0 -0.0 0.0 -3.440387 0.788233 0.501655 -15.928172 -3.167306 2.999703 -6.338817 -0.0 1e-06 -18.123419 3.648181 -4.905662 -4e-06 0.0 -2e-06 17.794838 7.632149 13.143058 62.278786 -5.818735 2.164768 -0.289945 28.765715 0.06635 -0.904092 7.308282 5.334625 2.24354 -5.255033 -3.180156 14.282877 -0.826594 6.952496 -0.0 -12.690593 -1e-06 16.479418 -17.557714 2.348893 1.665665 -1.95592 -2.878297 4.727794 -4.170584 4.993919 11.020511 1e-06 -0.0 12.109032 -3.735715 -2.866778 0.0 -0.0 0.0 1.291985 -1.928548 -1.498088 14.800115 0.567467 3.865604 14.242553 -1.341738 -6.660648 19.631935 0.143921 -0.648243 50.131336 -0.461389 -6.337761 0.353029 -1.51115 -0.03194 20.222769 3.684305 2.316629 18.787249 1e-06 -1e-06 10.751608 -0.47987 1.397903 0.0 -0.0 0.0 3.273804 0.305947 -0.58011 21.48679 11.830364 2.266131 8.162915 0.0 -0.0 18.399052 -3.798986 -4.940567 3e-06 0.0 -1e-06 -1.58145 4.893519 23.811644 0.1096 -0.242742 6.083206 0.709826 -3.897372 -8.80844 1.885178 -1.8047 -10.277662 0.0 -0.0 2e-06 2.123907 -8.983924 -27.039532 0.134012 -0.029026 10.031224 -0.128881 -8.852424 0.080617 -1.383238 1.145562 -6.225756 0.0 -0.0 -1e-06 
0.0 0.0 0.0 0.0 -0.0 0.0 -49.495415 94.942413 459.623474 0.042719 -1.064437 -1.58767 -0.276727 0.067003 -2.317014 -0.4477 -1.554236 -5.66929 0.993744 -2.834227 12.536875 3.539058 1.17458 1.872423 -0.926439 -0.165544 -3.561723 -0.602839 -1.885439 -5.350863 7.7e-05 -2.2e-05 6e-06 -0.009922 0.053442 -0.025656 0.686021 -3.674088 -10.667753 -0.705171 3.789397 -10.648284 -16.805357 -7.002367 13.284713 -50.798237 -17.600712 27.736652 -0.318719 -28.833681 -0.062394 12.260802 -4.832421 -10.848295 -5.882102 9.861279 0.70259 -10.936861 -0.360574 7.156197 0.0 8.774815 -0.0 -15.732026 18.420652 6.182315 -1.844031 2.498503 -2.507276 -10.16359 4.678941 4.621104 -20.975996 -1e-06 1e-06 -21.226254 2.451698 -3.593995 0.0 -6e-06 -0.0 -1.362681 2.240797 -0.746323 -21.334892 0.58491 3.008319 -13.821196 -1e-06 1e-06 -23.887129 -0.249075 -0.839485 -60.287224 2.276684 -1.279718 -0.294025 1.679686 0.833255 -14.218195 0.093215 1.300579 -34.212002 -0.287561 0.967166 -20.033176 0.964536 1.212838 0.0 -0.0 0.0 -3.440387 0.788233 0.501655 -15.928172 -3.167306 2.999703 -6.338817 -0.0 1e-06 -18.123419 3.648181 -4.905662 -4e-06 0.0 -2e-06 19.178129 7.734368 13.023468 61.156231 -6.342288 1.36038 -0.292542 27.774027 0.048324 -0.670938 7.105664 5.906277 2.24354 -5.255033 -3.180156 14.282877 -0.826594 6.952496 -0.0 -12.690593 -1e-06 16.400242 -17.52883 2.338895 1.665665 -1.95592 -2.878297 4.727794 -4.170584 4.993919 11.020511 1e-06 -0.0 12.109032 -3.735715 -2.866778 0.0 -0.0 0.0 1.291985 -1.928548 -1.498088 14.800115 0.567467 3.865604 14.242553 -1.341738 -6.660648 19.631935 0.143921 -0.648243 50.35318 -0.42234 -6.264676 0.353029 -1.51115 -0.03194 20.222769 3.684305 2.316629 18.787249 1e-06 -1e-06 10.751608 -0.47987 1.397903 0.0 -0.0 0.0 3.273804 0.305947 -0.58011 21.48679 11.830364 2.266131 8.162915 0.0 -0.0 18.399052 -3.798986 -4.940567 3e-06 0.0 -1e-06 2.552719 6.294771 21.746984 0.123645 -0.383026 13.485013 -0.470261 -7.226583 -4.484643 2.033287 -1.669394 -19.087822 0.0 -0.0 2e-06 4.008124 -6.947468 -28.36376 0.016869 -0.146906 15.082805 -3.556176 -9.668179 6.725463 -1.392719 1.104045 -4.912987 0.0 -0.0 -1e-06 
0.0 0.0 0.0 0.0 -0.0 0.0 -50.776707 95.182594 464.87738 -1.360997 -1.148666 -1.375322 0.511672 0.048879 -2.396468 -0.167248 -1.807367 -5.713989 1.702883 -2.78177 11.961256 2.926234 1.481072 1.762322 -1.059243 -0.024947 -3.605528 -0.647627 -1.72128 -5.552209 7.7e-05 -2.2e-05 6e-06 -0.004266 0.058908 -0.038435 0.743956 -3.670255 -10.699601 -0.751226 3.795199 -10.689775 -16.368065 -6.894166 13.381897 -53.419281 -15.833469 27.616632 -0.122009 -25.423281 -0.134857 10.745774 -4.730077 -10.9745 -5.882102 9.861279 0.70259 -10.936861 -0.360574 7.156197 0.0 8.774815 -0.0 -15.915877 18.184069 5.992119 -1.844031 2.498503 -2.507276 -10.16359 4.678941 4.621104 -20.975996 -1e-06 1e-06 -21.226254 2.451698 -3.593995 0.0 -6e-06 -0.0 -1.362681 2.240797 -0.746323 -21.334892 0.58491 3.008319 -13.821196 -1e-06 1e-06 -23.887129 -0.249075 -0.839485 -60.299545 2.124466 -1.220878 -0.294025 1.679686 0.833255 -14.218195 0.093215 1.300579 -34.212002 -0.287561 0.967166 -20.033176 0.964536 1.212838 0.0 -0.0 0.0 -3.440387 0.788233 0.501655 -15.928172 -3.167306 2.999703 -6.338817 -0.0 1e-06 -18.123419 3.648181 -4.905662 -4e-06 0.0 -2e-06 18.101505 8.147942 13.225054 62.318413 -5.695879 0.98829 -0.333863 26.458096 -0.009647 -0.690205 6.445233 5.001012 2.24354 -5.255033 -3.180156 14.282877 -0.826594 6.952496 -0.0 -12.690593 -1e-06 16.416157 -17.537485 2.242467 1.665665 -1.95592 -2.878297 4.727794 -4.170584 4.993919 11.020511 1e-06 -0.0 12.109032 -3.735715 -2.866778 0.0 -0.0 0.0 1.291985 -1.928548 -1.498088 14.800115 0.567467 3.865604 14.242553 -1.341738 -6.660648 19.631935 0.143921 -0.648243 50.232475 -0.401161 -6.219863 0.353029 -1.51115 -0.03194 20.222769 3.684305 2.316629 18.787249 1e-06 -1e-06 10.751608 -0.47987 1.397903 0.0 -0.0 0.0 3.273804 0.305947 -0.58011 21.48679 11.830364 2.266131 8.162915 0.0 -0.0 18.399052 -3.798986 -4.940567 3e-06 0.0 -1e-06 5.706361 6.705225 18.537817 -0.007359 -0.474879 23.753101 -1.397928 -8.880949 3.109598 2.161447 -1.519229 -26.991074 0.0 -0.0 2e-06 5.61383 -5.449482 -28.184549 -0.071951 -0.170513 20.424915 -4.8174 -10.818136 6.324117 -1.395023 1.034501 -3.405735 0.0 -0.0 -1e-06 
0.0 0.0 0.0 0.0 -0.0 0.0 -52.00219 95.61454 469.774536 -2.597784 -1.147277 -1.888014 1.147151 0.049633 -1.717705 0.023429 -1.917026 -5.51567 2.212544 -2.835638 11.253798 2.675968 1.670287 1.984571 -1.000317 -0.42818 -3.558729 -0.719864 -1.524179 -6.187921 7.7e-05 -2.2e-05 6e-06 0.013987 0.11173 -0.048253 0.773387 -3.599269 -10.668695 -0.745539 3.825264 -10.660646 -14.178126 -7.189615 14.045475 -57.269886 -14.857625 28.501616 0.227726 -22.289053 -0.191696 8.354836 -3.631829 -12.321833 -5.882102 9.861279 0.70259 -10.936861 -0.360574 7.156197 0.0 8.774815 -0.0 -15.97377 18.125801 5.861523 -1.844031 2.498503 -2.507276 -10.16359 4.678941 4.621104 -20.975996 -1e-06 1e-06 -21.226254 2.451698 -3.593995 0.0 -6e-06 -0.0 -1.362681 2.240797 -0.746323 -21.334892 0.58491 3.008319 -13.821196 -1e-06 1e-06 -23.887129 -0.249075 -0.839485 -60.151974 2.09972 -1.404605 -0.294025 1.679686 0.833255 -14.218195 0.093215 1.300579 -34.212002 -0.287561 0.967166 -20.033176 0.964536 1.212838 0.0 -0.0 0.0 -3.440387 0.788233 0.501655 -15.928172 -3.167306 2.999703 -6.338817 -0.0 1e-06 -18.123419 3.648181 -4.905662 -4e-06 0.0 -2e-06 16.036701 8.707869 13.460599 64.365791 -4.527018 0.793749 -0.359783 25.970411 0.038536 -0.681907 5.586391 3.351588 2.24354 -5.255033 -3.180156 14.282877 -0.826594 6.952496 -0.0 -12.690593 -1e-06 16.420687 -17.670633 2.297928 1.665665 -1.95592 -2.878297 4.727794 -4.170584 4.993919 11.020511 1e-06 -0.0 12.109032 -3.735715 -2.866778 0.0 -0.0 0.0 1.291985 -1.928548 -1.498088 14.800115 0.567467 3.865604 14.242553 -1.341738 -6.660648 19.631935 0.143921 -0.648243 50.065125 -0.43419 -6.354173 0.353029 -1.51115 -0.03194 20.222769 3.684305 2.316629 18.787249 1e-06 -1e-06 10.751608 -0.47987 1.397903 0.0 -0.0 0.0 3.273804 0.305947 -0.58011 21.48679 11.830364 2.266131 8.162915 0.0 -0.0 18.399052 -3.798986 -4.940567 3e-06 0.0 -1e-06 8.378908 6.255675 13.450944 -0.117142 -0.54543 36.781643 -4.010524 -9.713679 13.793199 2.111275 -1.393964 -26.844297 0.0 -0.0 2e-06 7.195435 -4.96715 -26.033249 -0.018275 -0.26218 23.834553 -6.114785 -11.261279 3.878287 -1.392831 1.039251 -1.797693 0.0 -0.0 -1e-06 
0.0 0.0 0.0 0.0 -0.0 0.0 -53.310097 95.844894 474.558655 -3.997024 -0.518551 -2.504117 1.836116 -0.11486 -0.969372 0.150661 -1.748369 -5.228862 2.66788 -3.176573 10.892241 2.788781 1.385225 1.960332 -0.883308 -0.504668 -3.544321 -0.747021 -1.128754 -6.982546 7.7e-05 -2.2e-05 6e-06 0.01484 0.113088 -0.043408 0.773227 -3.608712 -10.648892 -0.74488 3.833766 -10.62143 -12.816769 -7.369397 14.379915 -59.152763 -14.41284 30.915041 0.085665 -20.064182 -0.140421 5.423433 -2.813207 -11.865544 -5.882102 9.861279 0.70259 -10.936861 -0.360574 7.156197 0.0 8.774815 -0.0 -16.216894 17.929935 5.821989 -1.844031 2.498503 -2.507276 -10.16359 4.678941 4.621104 -20.975996 -1e-06 1e-06 -21.226254 2.451698 -3.593995 0.0 -6e-06 -0.0 -1.362681 2.240797 -0.746323 -21.334892 0.58491 3.008319 -13.821196 -1e-06 1e-06 -23.887129 -0.249075 -0.839485 -60.373798 2.037006 -1.225101 -0.294025 1.679686 0.833255 -14.218195 0.093215 1.300579 -34.212002 -0.287561 0.967166 -20.033176 0.964536 1.212838 0.0 -0.0 0.0 -3.440387 0.788233 0.501655 -15.928172 -3.167306 2.999703 -6.338817 -0.0 1e-06 -18.123419 3.648181 -4.905662 -4e-06 0.0 -2e-06 14.874897 9.08993 13.4462 64.99205 -3.614092 1.231628 -0.510559 26.83643 -0.057893 -0.585372 5.481498 1.415494 2.24354 -5.255033 -3.180156 14.282877 -0.826594 6.952496 -0.0 -12.690593 -1e-06 16.422663 -17.730801 2.449989 1.665665 -1.95592 -2.878297 4.727794 -4.170584 4.993919 11.020511 1e-06 -0.0 12.109032 -3.735715 -2.866778 0.0 -0.0 0.0 1.291985 -1.928548 -1.498088 14.800115 0.567467 3.865604 14.242553 -1.341738 -6.660648 19.631935 0.143921 -0.648243 50.247227 -0.414258 -6.192279 0.353029 -1.51115 -0.03194 20.222769 3.684305 2.316629 18.787249 1e-06 -1e-06 10.751608 -0.47987 1.397903 0.0 -0.0 0.0 3.273804 0.305947 -0.58011 21.48679 11.830364 2.266131 8.162915 0.0 -0.0 18.399052 -3.798986 -4.940567 3e-06 0.0 -1e-06 10.821548 4.616455 6.867913 -0.017305 -0.570372 49.803268 -8.536569 -8.27225 22.953808 1.761487 -1.636887 -11.524269 0.0 -0.0 2e-06 9.139123 -5.389858 -23.089233 -0.071739 -0.20332 26.01096 -6.535754 -11.967373 -0.621624 -1.410458 1.023625 -1.214651 0.0 -0.0 -1e-06 
0.0 0.0 0.0 0.0 -0.0 0.0 -54.444527 96.460899 479.127594 -4.862234 -0.042567 -2.946287 2.299861 -0.119857 -0.578809 0.214913 -1.550093 -5.018923 2.845372 -3.209601 10.990416 2.96861 1.021801 1.936547 -0.813287 -0.545756 -3.540484 -0.681228 -1.126346 -7.437751 7.7e-05 -2.2e-05 6e-06 0.000512 0.044375 -0.035276 0.747567 -3.678088 -10.636715 -0.748548 3.766994 -10.60085 -13.18031 -7.122655 14.53924 -58.827572 -14.302715 32.888107 -0.216669 -18.5079 -0.034428 3.344789 -2.646151 -11.093272 -5.882102 9.861279 0.70259 -10.936861 -0.360574 7.156197 0.0 8.774815 -0.0 -16.482002 17.902748 5.771251 -1.844031 2.498503 -2.507276 -10.16359 4.678941 4.621104 -20.975996 -1e-06 1e-06 -21.226254 2.451698 -3.593995 0.0 -6e-06 -0.0 -1.362681 2.240797 -0.746323 -21.334892 0.58491 3.008319 -13.821196 -1e-06 1e-06 -23.887129 -0.249075 -0.839485 -60.665897 2.167371 -1.18441 -0.294025 1.679686 0.833255 -14.218195 0.093215 1.300579 -34.212002 -0.287561 0.967166 -20.033176 0.964536 1.212838 0.0 -0.0 0.0 -3.440387 0.788233 0.501655 -15.928172 -3.167306 2.999703 -6.338817 -0.0 1e-06 -18.123419 3.648181 -4.905662 -4e-06 0.0 -2e-06 15.227277 9.160951 13.455298 63.472916 -2.585815 1.402876 -0.363451 28.237749 -0.151482 -1.063445 5.94208 1.027969 2.24354 -5.255033 -3.180156 14.282877 -0.826594 6.952496 -0.0 -12.690593 -1e-06 16.485254 -17.708235 2.525184 1.665665 -1.95592 -2.878297 4.727794 -4.170584 4.993919 11.020511 1e-06 -0.0 12.109032 -3.735715 -2.866778 0.0 -0.0 0.0 1.291985 -1.928548 -1.498088 14.800115 0.567467 3.865604 14.242553 -1.341738 -6.660648 19.631935 0.143921 -0.648243 50.409409 -0.456161 -6.05581 0.353029 -1.51115 -0.03194 20.222769 3.684305 2.316629 18.787249 1e-06 -1e-06 10.751608 -0.47987 1.397903 0.0 -0.0 0.0 3.273804 0.305947 -0.58011 21.48679 11.830364 2.266131 8.162915 0.0 -0.0 18.399052 -3.798986 -4.940567 3e-06 0.0 -1e-06 11.867317 3.152083 0.272918 0.007256 -0.493201 60.057655 -8.866701 -6.309647 20.792496 1.712878 -1.788382 -5.806909 0.0 -0.0 2e-06 10.440271 -5.807881 -18.831461 -0.195832 -0.233744 24.880419 -6.842861 -12.482527 -3.376156 -1.406 1.008704 -1.002935 0.0 -0.0 -1e-06 
0.0 0.0 0.0 0.0 -0.0 0.0 -55.339558 97.433769 483.529175 -4.75369 -0.156795 -3.494098 2.388751 -0.042876 -0.336259 0.092232 -1.206986 -4.87615 2.542784 -2.972528 11.262184 3.220273 0.904198 2.437887 -0.84276 -0.635175 -3.509737 -0.583491 -1.383204 -7.459495 7.7e-05 -2.2e-05 6e-06 -0.010109 -0.018366 -0.016606 0.713429 -3.733227 -10.609649 -0.736024 3.69837 -10.578897 -13.688574 -6.583594 14.536156 -58.311073 -13.744018 32.466854 -0.390415 -17.855146 0.040126 3.497241 -2.79662 -10.794337 -5.882102 9.861279 0.70259 -10.936861 -0.360574 7.156197 0.0 8.774815 -0.0 -16.545176 17.933722 5.750429 -1.844031 2.498503 -2.507276 -10.16359 4.678941 4.621104 -20.975996 -1e-06 1e-06 -21.226254 2.451698 -3.593995 0.0 -6e-06 -0.0 -1.362681 2.240797 -0.746323 -21.334892 0.58491 3.008319 -13.821196 -1e-06 1e-06 -23.887129 -0.249075 -0.839485 -60.568398 2.288967 -1.194782 -0.294025 1.679686 0.833255 -14.218195 0.093215 1.300579 -34.212002 -0.287561 0.967166 -20.033176 0.964536 1.212838 0.0 -0.0 0.0 -3.440387 0.788233 0.501655 -15.928172 -3.167306 2.999703 -6.338817 -0.0 1e-06 -18.123419 3.648181 -4.905662 -4e-06 0.0 -2e-06 15.686351 9.25815 13.567 61.695816 -1.072836 1.469745 -0.234005 29.271585 -0.158731 -1.838926 6.204182 1.855368 2.24354 -5.255033 -3.180156 14.282877 -0.826594 6.952496 -0.0 -12.690593 -1e-06 16.431536 -17.673676 2.592497 1.665665 -1.95592 -2.878297 4.727794 -4.170584 4.993919 11.020511 1e-06 -0.0 12.109032 -3.735715 -2.866778 0.0 -0.0 0.0 1.291985 -1.928548 -1.498088 14.800115 0.567467 3.865604 14.242553 -1.341738 -6.660648 19.631935 0.143921 -0.648243 50.306908 -0.515417 -6.044452 0.353029 -1.51115 -0.03194 20.222769 3.684305 2.316629 18.787249 1e-06 -1e-06 10.751608 -0.47987 1.397903 0.0 -0.0 0.0 3.273804 0.305947 -0.58011 21.48679 11.830364 2.266131 8.162915 0.0 -0.0 18.399052 -3.798986 -4.940567 3e-06 0.0 -1e-06 11.321761 2.49215 -5.743356 -0.025668 -0.23243 66.242874 -6.946711 -4.346875 14.591117 1.736795 -1.82498 -5.323365 0.0 -0.0 2e-06 10.554636 -5.999105 -13.242533 -0.202343 -0.276395 20.994808 -7.024319 -12.553637 -4.525045 -1.400416 1.028739 -0.841304 0.0 -0.0 -1e-06 
0.0 0.0 0.0 0.0 -0.0 0.0 -56.094177 98.337532 487.811951 -4.082214 -0.802253 -4.243809 2.346316 0.123501 0.087367 -0.072027 -0.750776 -4.685469 1.884438 -2.57184 11.237523 3.284137 0.960697 3.40856 -0.879068 -0.621184 -3.480348 -0.425491 -1.664244 -7.340429 7.7e-05 -2.2e-05 6e-06 -0.010269 -0.031611 0.000736 0.694666 -3.742122 -10.609623 -0.71842 3.680207 -10.586431 -13.422887 -6.009519 14.383086 -58.583195 -12.561979 30.813927 -0.298519 -18.272923 0.0622 5.030857 -3.076067 -11.188759 -5.882102 9.861279 0.70259 -10.936861 -0.360574 7.156197 0.0 8.774815 -0.0 -16.394499 17.989065 5.786819 -1.844031 2.498503 -2.507276 -10.16359 4.678941 4.621104 -20.975996 -1e-06 1e-06 -21.226254 2.451698 -3.593995 0.0 -6e-06 -0.0 -1.362681 2.240797 -0.746323 -21.334892 0.58491 3.008319 -13.821196 -1e-06 1e-06 -23.887129 -0.249075 -0.839485 -60.317497 2.382765 -1.323997 -0.294025 1.679686 0.833255 -14.218195 0.093215 1.300579 -34.212002 -0.287561 0.967166 -20.033176 0.964536 1.212838 0.0 -0.0 0.0 -3.440387 0.788233 0.501655 -15.928172 -3.167306 2.999703 -6.338817 -0.0 1e-06 -18.123419 3.648181 -4.905662 -4e-06 0.0 -2e-06 15.079076 9.598942 13.628568 61.107204 0.560267 1.208891 -0.167717 30.301924 -0.142242 -2.499184 5.954388 2.492517 2.24354 -5.255033 -3.180156 14.282877 -0.826594 6.952496 -0.0 -12.690593 -1e-06 16.22887 -17.622099 2.649528 1.665665 -1.95592 -2.878297 4.727794 -4.170584 4.993919 11.020511 1e-06 -0.0 12.109032 -3.735715 -2.866778 0.0 -0.0 0.0 1.291985 -1.928548 -1.498088 14.800115 0.567467 3.865604 14.242553 -1.341738 -6.660648 19.631935 0.143921 -0.648243 49.924721 -0.620091 -6.175012 0.353029 -1.51115 -0.03194 20.222769 3.684305 2.316629 18.787249 1e-06 -1e-06 10.751608 -0.47987 1.397903 0.0 -0.0 0.0 3.273804 0.305947 -0.58011 21.48679 11.830364 2.266131 8.162915 0.0 -0.0 18.399052 -3.798986 -4.940567 3e-06 0.0 -1e-06 9.841615 2.507879 -10.860744 -0.018993 -0.028827 68.496613 -5.388208 -2.431428 9.853077 1.775385 -1.851815 -5.325058 0.0 -0.0 2e-06 9.903205 -6.277606 -6.868635 -0.137601 -0.295192 15.806441 -6.855444 -11.91655 -5.026242 -1.396196 1.014843 -0.754652 0.0 -0.0 -1e-06 
0.0 0.0 0.0 0.0 -0.0 0.0 -56.767036 98.982475 491.983734 -3.149447 -1.891173 -4.850597 2.228469 0.315137 0.531664 -0.178791 -0.191989 -4.474303 1.119187 -2.069182 11.010496 2.935289 1.161763 4.257171 -0.895048 -0.696528 -3.495065 -0.232022 -1.801281 -7.152486 7.7e-05 -2.2e-05 6e-06 -0.007141 -0.034968 0.010052 0.685802 -3.746804 -10.624718 -0.704772 3.6766 -10.611663 -13.011322 -5.409536 14.135863 -58.871449 -11.101254 29.455799 -0.115206 -19.58927 0.055605 6.472979 -3.401771 -11.606438 -5.882102 9.861279 0.70259 -10.936861 -0.360574 7.156197 0.0 8.774815 -0.0 -16.202524 18.009794 5.829445 -1.844031 2.498503 -2.507276 -10.16359 4.678941 4.621104 -20.975996 -1e-06 1e-06 -21.226254 2.451698 -3.593995 0.0 -6e-06 -0.0 -1.362681 2.240797 -0.746323 -21.334892 0.58491 3.008319 -13.821196 -1e-06 1e-06 -23.887129 -0.249075 -0.839485 -60.120522 2.411638 -1.47064 -0.294025 1.679686 0.833255 -14.218195 0.093215 1.300579 -34.212002 -0.287561 0.967166 -20.033176 0.964536 1.212838 0.0 -0.0 0.0 -3.440387 0.788233 0.501655 -15.928172 -3.167306 2.999703 -6.338817 -0.0 1e-06 -18.123419 3.648181 -4.905662 -4e-06 0.0 -2e-06 13.823724 10.133645 13.595628 61.139675 2.070765 0.649517 -0.147789 31.802113 -0.13986 -3.145412 5.644279 2.6676 2.24354 -5.255033 -3.180156 14.282877 -0.826594 6.952496 -0.0 -12.690593 -1e-06 15.939171 -17.555906 2.750785 1.665665 -1.95592 -2.878297 4.727794 -4.170584 4.993919 11.020511 1e-06 -0.0 12.109032 -3.735715 -2.866778 0.0 -0.0 0.0 1.291985 -1.928548 -1.498088 14.800115 0.567467 3.865604 14.242553 -1.341738 -6.660648 19.631935 0.143921 -0.648243 49.522312 -0.721741 -6.246678 0.353029 -1.51115 -0.03194 20.222769 3.684305 2.316629 18.787249 1e-06 -1e-06 10.751608 -0.47987 1.397903 0.0 -0.0 0.0 3.273804 0.305947 -0.58011 21.48679 11.830364 2.266131 8.162915 0.0 -0.0 18.399052 -3.798986 -4.940567 3e-06 0.0 -1e-06 7.911844 2.999939 -15.2936 0.044864 0.139308 67.344902 -4.877802 -1.068729 6.322938 1.799028 -1.87079 -5.385732 0.0 -0.0 2e-06 8.861537 -6.518012 -0.393532 -0.063732 -0.312712 9.876109 -6.51595 -10.656875 -5.046021 -1.395559 0.949042 -0.81644 0.0 -0.0 -1e-06 
0.0 0.0 0.0 0.0 -0.0 0.0 -57.359741 99.219017 495.978729 -2.278091 -3.272368 -4.992785 2.133431 0.424378 0.782933 -0.215509 0.42589 -4.323493 0.46537 -1.544129 10.776386 2.180061 1.542865 4.542778 -0.890432 -0.693423 -3.544017 -0.072972 -1.926206 -7.065368 7.7e-05 -2.2e-05 6e-06 -0.004775 -0.053676 0.01471 0.683398 -3.769004 -10.620206 -0.699627 3.660084 -10.613711 -13.033158 -4.794415 13.830341 -58.533962 -9.849717 28.792479 -0.064016 -21.159344 0.043809 7.019322 -3.542101 -11.364786 -5.882102 9.861279 0.70259 -10.936861 -0.360574 7.156197 0.0 8.774815 -0.0 -16.117249 18.029188 5.854876 -1.844031 2.498503 -2.507276 -10.16359 4.678941 4.621104 -20.975996 -1e-06 1e-06 -21.226254 2.451698 -3.593995 0.0 -6e-06 -0.0 -1.362681 2.240797 -0.746323 -21.334892 0.58491 3.008319 -13.821196 -1e-06 1e-06 -23.887129 -0.249075 -0.839485 -60.198009 2.432765 -1.501627 -0.294025 1.679686 0.833255 -14.218195 0.093215 1.300579 -34.212002 -0.287561 0.967166 -20.033176 0.964536 1.212838 0.0 -0.0 0.0 -3.440387 0.788233 0.501655 -15.928172 -3.167306 2.999703 -6.338817 -0.0 1e-06 -18.123419 3.648181 -4.905662 -4e-06 0.0 -2e-06 12.598395 10.830009 13.439125 61.001022 3.356584 -0.022676 -0.131231 33.867489 -0.177438 -3.903139 5.591723 2.193949 2.24354 -5.255033 -3.180156 14.282877 -0.826594 6.952496 -0.0 -12.690593 -1e-06 15.671226 -17.544329 2.918281 1.665665 -1.95592 -2.878297 4.727794 -4.170584 4.993919 11.020511 1e-06 -0.0 12.109032 -3.735715 -2.866778 0.0 -0.0 0.0 1.291985 -1.928548 -1.498088 14.800115 0.567467 3.865604 14.242553 -1.341738 -6.660648 19.631935 0.143921 -0.648243 49.375748 -0.784204 -6.159336 0.353029 -1.51115 -0.03194 20.222769 3.684305 2.316629 18.787249 1e-06 -1e-06 10.751608 -0.47987 1.397903 0.0 -0.0 0.0 3.273804 0.305947 -0.58011 21.48679 11.830364 2.266131 8.162915 0.0 -0.0 18.399052 -3.798986 -4.940567 3e-06 0.0 -1e-06 5.99622 3.658145 -19.378563 0.16066 0.288368 63.140564 -4.88752 -0.039604 3.475879 1.811567 -1.879208 -5.469427 0.0 -0.0 2e-06 7.788524 -6.673495 5.079115 -0.014576 -0.313365 4.58711 -6.082824 -9.254379 -5.148753 -1.401771 0.887648 -1.00672 0.0 -0.0 -1e-06 
0.0 0.0 0.0 0.0 -0.0 0.0 -57.857998 99.107834 499.802887 -1.733787 -4.788997 -4.82955 2.143846 0.447429 0.895713 -0.196006 1.000815 -4.259282 0.075006 -1.085017 10.672891 1.21409 1.972461 4.396787 -0.832117 -0.591276 -3.605354 -0.024885 -1.998563 -7.259467 7.7e-05 -2.2e-05 6e-06 -0.000722 -0.055827 0.016517 0.68465 -3.773998 -10.604915 -0.694891 3.660003 -10.607064 -13.438431 -4.175254 13.589984 -57.929916 -9.097004 28.501005 -0.098796 -22.224421 0.034761 7.112064 -3.557012 -11.03384 -5.882102 9.861279 0.70259 -10.936861 -0.360574 7.156197 0.0 8.774815 -0.0 -16.110523 18.055197 5.84373 -1.844031 2.498503 -2.507276 -10.16359 4.678941 4.621104 -20.975996 -1e-06 1e-06 -21.226254 2.451698 -3.593995 0.0 -6e-06 -0.0 -1.362681 2.240797 -0.746323 -21.334892 0.58491 3.008319 -13.821196 -1e-06 1e-06 -23.887129 -0.249075 -0.839485 -60.343525 2.406271 -1.398423 -0.294025 1.679686 0.833255 -14.218195 0.093215 1.300579 -34.212002 -0.287561 0.967166 -20.033176 0.964536 1.212838 0.0 -0.0 0.0 -3.440387 0.788233 0.501655 -15.928172 -3.167306 2.999703 -6.338817 -0.0 1e-06 -18.123419 3.648181 -4.905662 -4e-06 0.0 -2e-06 11.630348 11.588183 13.272468 60.460945 4.570761 -0.613447 -0.106071 36.135914 -0.243628 -4.700098 5.749632 1.815283 2.24354 -5.255033 -3.180156 14.282877 -0.826594 6.952496 -0.0 -12.690593 -1e-06 15.470213 -17.58189 3.043838 1.665665 -1.95592 -2.878297 4.727794 -4.170584 4.993919 11.020511 1e-06 -0.0 12.109032 -3.735715 -2.866778 0.0 -0.0 0.0 1.291985 -1.928548 -1.498088 14.800115 0.567467 3.865604 14.242553 -1.341738 -6.660648 19.631935 0.143921 -0.648243 49.408455 -0.796041 -6.016893 0.353029 -1.51115 -0.03194 20.222769 3.684305 2.316629 18.787249 1e-06 -1e-06 10.751608 -0.47987 1.397903 0.0 -0.0 0.0 3.273804 0.305947 -0.58011 21.48679 11.830364 2.266131 8.162915 0.0 -0.0 18.399052 -3.798986 -4.940567 3e-06 0.0 -1e-06 4.474479 4.236359 -22.736708 0.272358 0.340474 56.264229 -4.749587 1.329493 1.513927 1.822585 -1.901588 -5.453024 0.0 -0.0 2e-06 6.996645 -6.730333 8.560455 -9.2e-05 -0.267833 2.560737 -5.523757 -8.104223 -6.233079 -1.410938 0.862863 -1.115977 0.0 -0.0 -1e-06 
0.0 0.0 0.0 0.0 -0.0 0.0 -58.289265 98.745026 503.567352 -1.564961 -6.260293 -4.562681 2.261112 0.396512 0.932908 -0.15828 1.446592 -4.258337 -0.053326 -0.688533 10.697294 0.288093 2.323278 4.197362 -0.730012 -0.4561 -3.643127 -0.049997 -1.974741 -7.702527 7.7e-05 -2.2e-05 6e-06 0.006627 -0.024907 0.015732 0.689858 -3.744556 -10.597759 -0.687219 3.692717 -10.612206 -13.879982 -3.630926 13.39161 -57.577812 -8.755335 28.369209 -0.129065 -22.545553 0.026115 7.151909 -3.521322 -10.874022 -5.882102 9.861279 0.70259 -10.936861 -0.360574 7.156197 0.0 8.774815 -0.0 -16.131636 18.092379 5.817305 -1.844031 2.498503 -2.507276 -10.16359 4.678941 4.621104 -20.975996 -1e-06 1e-06 -21.226254 2.451698 -3.593995 0.0 -6e-06 -0.0 -1.362681 2.240797 -0.746323 -21.334892 0.58491 3.008319 -13.821196 -1e-06 1e-06 -23.887129 -0.249075 -0.839485 -60.410873 2.389591 -1.295604 -0.294025 1.679686 0.833255 -14.218195 0.093215 1.300579 -34.212002 -0.287561 0.967166 -20.033176 0.964536 1.212838 0.0 -0.0 0.0 -3.440387 0.788233 0.501655 -15.928172 -3.167306 2.999703 -6.338817 -0.0 1e-06 -18.123419 3.648181 -4.905662 -4e-06 0.0 -2e-06 10.809503 12.29828 13.154767 59.793049 5.835634 -1.023682 -0.1281 38.233654 -0.303558 -5.375097 5.936471 1.911916 2.24354 -5.255033 -3.180156 14.282877 -0.826594 6.952496 -0.0 -12.690593 -1e-06 15.375526 -17.635996 3.067499 1.665665 -1.95592 -2.878297 4.727794 -4.170584 4.993919 11.020511 1e-06 -0.0 12.109032 -3.735715 -2.866778 0.0 -0.0 0.0 1.291985 -1.928548 -1.498088 14.800115 0.567467 3.865604 14.242553 -1.341738 -6.660648 19.631935 0.143921 -0.648243 49.418949 -0.764713 -5.950556 0.353029 -1.51115 -0.03194 20.222769 3.684305 2.316629 18.787249 1e-06 -1e-06 10.751608 -0.47987 1.397903 0.0 -0.0 0.0 3.273804 0.305947 -0.58011 21.48679 11.830364 2.266131 8.162915 0.0 -0.0 18.399052 -3.798986 -4.940567 3e-06 0.0 -1e-06 3.4067 4.790698 -25.02079 0.345667 0.3195 46.904556 -4.30512 3.038394 1.18966 1.81548 -1.955865 -5.457007 0.0 -0.0 2e-06 6.512233 -6.776935 11.087677 -0.005756 -0.181988 2.226107 -5.113869 -7.104013 -7.886765 -1.418528 0.870552 -1.103823 0.0 -0.0 -1e-06 
0.0 0.0 0.0 0.0 -0.0 0.0 -58.716591 98.175865 507.488342 -1.754539 -7.490089 -4.305006 2.46348 0.311095 0.971924 -0.123395 1.64337 -4.278037 0.045396 -0.325359 10.723872 -0.393151 2.548253 4.147724 -0.639239 -0.335375 -3.647086 -0.061763 -1.84752 -8.276446 7.7e-05 -2.2e-05 6e-06 0.014919 0.001873 0.018478 0.705021 -3.720483 -10.610781 -0.686898 3.723713 -10.626254 -14.075748 -3.230019 13.280152 -57.732094 -8.705047 28.103104 -0.21999 -22.260393 0.023194 7.159848 -3.420539 -10.500795 -5.882102 9.861279 0.70259 -10.936861 -0.360574 7.156197 0.0 8.774815 -0.0 -16.070698 18.109489 5.843308 -1.844031 2.498503 -2.507276 -10.16359 4.678941 4.621104 -20.975996 -1e-06 1e-06 -21.226254 2.451698 -3.593995 0.0 -6e-06 -0.0 -1.362681 2.240797 -0.746323 -21.334892 0.58491 3.008319 -13.821196 -1e-06 1e-06 -23.887129 -0.249075 -0.839485 -60.395813 2.439451 -1.22574 -0.294025 1.679686 0.833255 -14.218195 0.093215 1.300579 -34.212002 -0.287561 0.967166 -20.033176 0.964536 1.212838 0.0 -0.0 0.0 -3.440387 0.788233 0.501655 -15.928172 -3.167306 2.999703 -6.338817 -0.0 1e-06 -18.123419 3.648181 -4.905662 -4e-06 0.0 -2e-06 10.092079 12.899522 13.04925 59.277718 6.983127 -1.169593 -0.328165 39.952168 -0.399456 -5.78962 6.038788 2.165302 2.24354 -5.255033 -3.180156 14.282877 -0.826594 6.952496 -0.0 -12.690593 -1e-06 15.385854 -17.641279 3.009268 1.665665 -1.95592 -2.878297 4.727794 -4.170584 4.993919 11.020511 1e-06 -0.0 12.109032 -3.735715 -2.866778 0.0 -0.0 0.0 1.291985 -1.928548 -1.498088 14.800115 0.567467 3.865604 14.242553 -1.341738 -6.660648 19.631935 0.143921 -0.648243 49.327583 -0.705232 -5.963137 0.353029 -1.51115 -0.03194 20.222769 3.684305 2.316629 18.787249 1e-06 -1e-06 10.751608 -0.47987 1.397903 0.0 -0.0 0.0 3.273804 0.305947 -0.58011 21.48679 11.830364 2.266131 8.162915 0.0 -0.0 18.399052 -3.798986 -4.940567 3e-06 0.0 -1e-06 2.670796 5.612075 -25.901979 0.37902 0.356463 34.884716 -3.522406 4.461658 2.049268 1.782212 -1.978248 -5.241689 0.0 -0.0 2e-06 6.292074 -6.939346 13.498878 -0.037018 -0.117258 2.346571 -4.802328 -6.125061 -9.552297 -1.420681 0.928293 -1.264158 0.0 -0.0 -1e-06 
0.0 0.0 0.0 0.0 -0.0 0.0 -59.214325 97.425842 511.679138 -2.313712 -8.433214 -4.151974 2.750005 0.211633 1.076472 -0.078112 1.619124 -4.324128 0.333138 -0.08396 10.740319 -0.735292 2.684139 4.137587 -0.6315 -0.229667 -3.571804 -0.075316 -1.636409 -8.944442 7.7e-05 -2.2e-05 6e-06 0.029363 0.080582 0.038788 0.729365 -3.652395 -10.628162 -0.682992 3.813749 -10.645545 -13.924685 -2.864432 13.295932 -58.388103 -8.811763 27.724495 -0.269383 -21.824389 0.011781 7.036664 -3.113636 -9.755992 -5.882102 9.861279 0.70259 -10.936861 -0.360574 7.156197 0.0 8.774815 -0.0 -15.996933 18.150621 5.927945 -1.844031 2.498503 -2.507276 -10.16359 4.678941 4.621104 -20.975996 -1e-06 1e-06 -21.226254 2.451698 -3.593995 0.0 -6e-06 -0.0 -1.362681 2.240797 -0.746323 -21.334892 0.58491 3.008319 -13.821196 -1e-06 1e-06 -23.887129 -0.249075 -0.839485 -60.416679 2.404438 -1.046809 -0.294025 1.679686 0.833255 -14.218195 0.093215 1.300579 -34.212002 -0.287561 0.967166 -20.033176 0.964536 1.212838 0.0 -0.0 0.0 -3.440387 0.788233 0.501655 -15.928172 -3.167306 2.999703 -6.338817 -0.0 1e-06 -18.123419 3.648181 -4.905662 -4e-06 0.0 -2e-06 9.495788 13.366034 12.969033 58.98428 7.842229 -1.258743 -0.39828 41.340908 -0.410974 -6.165221 6.237251 2.340931 2.24354 -5.255033 -3.180156 14.282877 -0.826594 6.952496 -0.0 -12.690593 -1e-06 15.509246 -17.719379 2.959123 1.665665 -1.95592 -2.878297 4.727794 -4.170584 4.993919 11.020511 1e-06 -0.0 12.109032 -3.735715 -2.866778 0.0 -0.0 0.0 1.291985 -1.928548 -1.498088 14.800115 0.567467 3.865604 14.242553 -1.341738 -6.660648 19.631935 0.143921 -0.648243 49.533241 -0.801818 -5.970447 0.353029 -1.51115 -0.03194 20.222769 3.684305 2.316629 18.787249 1e-06 -1e-06 10.751608 -0.47987 1.397903 0.0 -0.0 0.0 3.273804 0.305947 -0.58011 21.48679 11.830364 2.266131 8.162915 0.0 -0.0 18.399052 -3.798986 -4.940567 3e-06 0.0 -1e-06 2.273304 6.478243 -25.31459 0.274879 0.417214 20.913418 -3.251396 5.03242 2.204783 1.718343 -2.03012 -4.600089 0.0 -0.0 2e-06 6.249914 -7.525496 16.395096 -0.075086 -0.146715 2.147171 -4.442641 -4.948316 -10.699591 -1.43571 0.911436 -1.825738 0.0 -0.0 -1e-06 
0.0 0.0 0.0 0.0 -0.0 0.0 -59.719795 96.595757 516.03656 -2.957364 -9.154346 -3.925201 2.94666 0.117059 0.965428 0.029692 1.64883 -4.392462 0.672683 -0.177043 10.839604 -0.895095 2.790347 4.056641 -0.748281 -0.112826 -3.528673 -0.021382 -1.405292 -9.294452 7.7e-05 -2.2e-05 6e-06 0.027262 0.077028 0.062339 0.711642 -3.664741 -10.630219 -0.67005 3.819012 -10.641433 -13.871973 -2.493093 13.460651 -59.009747 -8.99984 27.317303 -0.290853 -21.277515 0.004915 6.679886 -2.901217 -9.142239 -5.882102 9.861279 0.70259 -10.936861 -0.360574 7.156197 0.0 8.774815 -0.0 -15.935555 18.20962 6.010065 -1.844031 2.498503 -2.507276 -10.16359 4.678941 4.621104 -20.975996 -1e-06 1e-06 -21.226254 2.451698 -3.593995 0.0 -6e-06 -0.0 -1.362681 2.240797 -0.746323 -21.334892 0.58491 3.008319 -13.821196 -1e-06 1e-06 -23.887129 -0.249075 -0.839485 -60.597099 2.462254 -0.991291 -0.294025 1.679686 0.833255 -14.218195 0.093215 1.300579 -34.212002 -0.287561 0.967166 -20.033176 0.964536 1.212838 0.0 -0.0 0.0 -3.440387 0.788233 0.501655 -15.928172 -3.167306 2.999703 -6.338817 -0.0 1e-06 -18.123419 3.648181 -4.905662 -4e-06 0.0 -2e-06 9.417443 13.650942 12.939765 58.531368 8.367057 -1.110605 -0.548087 42.378525 -0.519561 -6.222351 6.578982 2.337669 2.24354 -5.255033 -3.180156 14.282877 -0.826594 6.952496 -0.0 -12.690593 -1e-06 15.499702 -17.793215 2.942356 1.665665 -1.95592 -2.878297 4.727794 -4.170584 4.993919 11.020511 1e-06 -0.0 12.109032 -3.735715 -2.866778 0.0 -0.0 0.0 1.291985 -1.928548 -1.498088 14.800115 0.567467 3.865604 14.242553 -1.341738 -6.660648 19.631935 0.143921 -0.648243 49.620655 -0.836947 -6.029284 0.353029 -1.51115 -0.03194 20.222769 3.684305 2.316629 18.787249 1e-06 -1e-06 10.751608 -0.47987 1.397903 0.0 -0.0 0.0 3.273804 0.305947 -0.58011 21.48679 11.830364 2.266131 8.162915 0.0 -0.0 18.399052 -3.798986 -4.940567 3e-06 0.0 -1e-06 2.054845 6.697314 -24.532244 0.090154 0.337428 8.387869 -4.483303 5.316401 1.307154 1.589464 -2.147322 -4.543055 0.0 -0.0 2e-06 6.120223 -8.290238 19.199419 -0.073253 -0.181048 2.231842 -3.753322 -3.768478 -11.287018 -1.426819 0.822867 -2.742258 0.0 -0.0 -1e-06 
0.0 0.0 0.0 0.0 -0.0 0.0 -60.230492 95.69706 520.603333 -3.41919 -9.722702 -3.504225 2.977581 0.071095 0.718174 0.118294 1.659668 -4.492283 0.942397 -0.284187 10.884639 -0.841177 2.77011 3.983557 -0.801301 0.051712 -3.472895 0.045751 -1.258387 -9.391453 7.7e-05 -2.2e-05 6e-06 0.015344 0.013767 0.087326 0.673384 -3.719577 -10.566891 -0.655808 3.748289 -10.567267 -14.069747 -2.292841 13.574677 -59.216404 -9.19444 27.568556 -0.26601 -20.56732 -0.017295 6.213512 -2.726056 -9.164814 -5.882102 9.861279 0.70259 -10.936861 -0.360574 7.156197 0.0 8.774815 -0.0 -15.968219 18.194019 5.962773 -1.844031 2.498503 -2.507276 -10.16359 4.678941 4.621104 -20.975996 -1e-06 1e-06 -21.226254 2.451698 -3.593995 0.0 -6e-06 -0.0 -1.362681 2.240797 -0.746323 -21.334892 0.58491 3.008319 -13.821196 -1e-06 1e-06 -23.887129 -0.249075 -0.839485 -60.776718 2.541595 -1.081969 -0.294025 1.679686 0.833255 -14.218195 0.093215 1.300579 -34.212002 -0.287561 0.967166 -20.033176 0.964536 1.212838 0.0 -0.0 0.0 -3.440387 0.788233 0.501655 -15.928172 -3.167306 2.999703 -6.338817 -0.0 1e-06 -18.123419 3.648181 -4.905662 -4e-06 0.0 -2e-06 9.782817 13.669272 12.844269 58.103554 8.640676 -0.936768 -0.547423 42.592274 -0.517087 -6.110556 7.293813 2.476504 2.24354 -5.255033 -3.180156 14.282877 -0.826594 6.952496 -0.0 -12.690593 -1e-06 15.464618 -17.948919 2.919599 1.665665 -1.95592 -2.878297 4.727794 -4.170584 4.993919 11.020511 1e-06 -0.0 12.109032 -3.735715 -2.866778 0.0 -0.0 0.0 1.291985 -1.928548 -1.498088 14.800115 0.567467 3.865604 14.242553 -1.341738 -6.660648 19.631935 0.143921 -0.648243 49.684235 -0.77532 -6.209738 0.353029 -1.51115 -0.03194 20.222769 3.684305 2.316629 18.787249 1e-06 -1e-06 10.751608 -0.47987 1.397903 0.0 -0.0 0.0 3.273804 0.305947 -0.58011 21.48679 11.830364 2.266131 8.162915 0.0 -0.0 18.399052 -3.798986 -4.940567 3e-06 0.0 -1e-06 1.421151 7.109226 -25.240225 0.034334 0.21126 2.270235 -6.602458 5.901887 -0.700134 1.452931 -2.218163 -4.859393 0.0 -0.0 2e-06 5.558868 -9.163617 21.572008 -0.08081 -0.22731 2.965275 -2.767386 -2.191632 -11.558269 -1.406427 0.71671 -4.110662 0.0 -0.0 -1e-06 
0.0 0.0 0.0 0.0 -0.0 0.0 -60.730606 94.79776 525.324219 -3.230955 -10.216236 -3.101737 2.572674 0.190316 0.410797 0.118351 1.668859 -4.676784 0.930808 -0.385148 10.936532 -0.532113 2.662027 4.042619 -0.797556 0.010264 -3.42368 0.120501 -1.141778 -9.15569 7.7e-05 -2.2e-05 6e-06 0.00287 -0.031534 0.09626 0.663084 -3.757107 -10.534765 -0.670224 3.696599 -10.530459 -14.481723 -2.246479 13.692323 -58.847038 -9.401842 28.524973 -0.112982 -19.70598 -0.053747 5.724804 -2.337399 -9.446292 -5.882102 9.861279 0.70259 -10.936861 -0.360574 7.156197 0.0 8.774815 -0.0 -16.063576 18.236088 5.931881 -1.844031 2.498503 -2.507276 -10.16359 4.678941 4.621104 -20.975996 -1e-06 1e-06 -21.226254 2.451698 -3.593995 0.0 -6e-06 -0.0 -1.362681 2.240797 -0.746323 -21.334892 0.58491 3.008319 -13.821196 -1e-06 1e-06 -23.887129 -0.249075 -0.839485 -60.843925 2.624328 -1.177631 -0.294025 1.679686 0.833255 -14.218195 0.093215 1.300579 -34.212002 -0.287561 0.967166 -20.033176 0.964536 1.212838 0.0 -0.0 0.0 -3.440387 0.788233 0.501655 -15.928172 -3.167306 2.999703 -6.338817 -0.0 1e-06 -18.123419 3.648181 -4.905662 -4e-06 0.0 -2e-06 10.509402 13.553674 12.804 58.0098 8.717224 -1.136467 -0.353435 41.795441 -0.321652 -5.90708 7.931532 3.171382 2.24354 -5.255033 -3.180156 14.282877 -0.826594 6.952496 -0.0 -12.690593 -1e-06 15.507258 -18.006414 2.835701 1.665665 -1.95592 -2.878297 4.727794 -4.170584 4.993919 11.020511 1e-06 -0.0 12.109032 -3.735715 -2.866778 0.0 -0.0 0.0 1.291985 -1.928548 -1.498088 14.800115 0.567467 3.865604 14.242553 -1.341738 -6.660648 19.631935 0.143921 -0.648243 49.571316 -0.673114 -6.360475 0.353029 -1.51115 -0.03194 20.222769 3.684305 2.316629 18.787249 1e-06 -1e-06 10.751608 -0.47987 1.397903 0.0 -0.0 0.0 3.273804 0.305947 -0.58011 21.48679 11.830364 2.266131 8.162915 0.0 -0.0 18.399052 -3.798986 -4.940567 3e-06 0.0 -1e-06 0.33323 7.046666 -26.11902 0.037101 0.161124 2.351355 -7.53227 5.992991 -1.958023 1.442403 -2.228465 -5.203023 0.0 -0.0 2e-06 4.208487 -9.825163 23.426033 -0.117765 -0.176461 4.657391 -1.593765 -0.723168 -11.514038 -1.388267 0.716441 -6.255472 0.0 -0.0 -1e-06 
0.0 0.0 0.0 0.0 -0.0 0.0 -61.24596 94.10759 530.37207 -1.909933 -10.692353 -2.609579 1.461606 0.254058 -0.334389 -0.004794 1.773692 -5.042335 0.581022 -0.303141 11.049655 -0.142163 2.387729 4.230773 -0.735328 0.176261 -3.481963 0.110939 -1.083186 -7.81101 7.7e-05 -2.2e-05 6e-06 -0.0115 -0.072099 0.077476 0.651639 -3.797498 -10.590097 -0.686537 3.655728 -10.584105 -15.418459 -2.125569 13.80887 -57.760616 -9.584002 29.597822 -0.128769 -18.488935 -0.014189 5.440963 -1.900624 -9.491235 -5.882102 9.861279 0.70259 -10.936861 -0.360574 7.156197 0.0 8.774815 -0.0 -16.047371 18.200512 5.969862 -1.844031 2.498503 -2.507276 -10.16359 4.678941 4.621104 -20.975996 -1e-06 1e-06 -21.226254 2.451698 -3.593995 0.0 -6e-06 -0.0 -1.362681 2.240797 -0.746323 -21.334892 0.58491 3.008319 -13.821196 -1e-06 1e-06 -23.887129 -0.249075 -0.839485 -60.797768 2.642381 -1.311287 -0.294025 1.679686 0.833255 -14.218195 0.093215 1.300579 -34.212002 -0.287561 0.967166 -20.033176 0.964536 1.212838 0.0 -0.0 0.0 -3.440387 0.788233 0.501655 -15.928172 -3.167306 2.999703 -6.338817 -0.0 1e-06 -18.123419 3.648181 -4.905662 -4e-06 0.0 -2e-06 11.686952 13.412876 12.58477 58.160694 7.966763 -0.735891 -0.468309 39.970608 -0.317012 -5.746993 8.34833 3.375791 2.24354 -5.255033 -3.180156 14.282877 -0.826594 6.952496 -0.0 -12.690593 -1e-06 15.662065 -17.792555 2.741273 1.665665 -1.95592 -2.878297 4.727794 -4.170584 4.993919 11.020511 1e-06 -0.0 12.109032 -3.735715 -2.866778 0.0 -0.0 0.0 1.291985 -1.928548 -1.498088 14.800115 0.567467 3.865604 14.242553 -1.341738 -6.660648 19.631935 0.143921 -0.648243 49.482227 -0.573541 -6.240889 0.353029 -1.51115 -0.03194 20.222769 3.684305 2.316629 18.787249 1e-06 -1e-06 10.751608 -0.47987 1.397903 0.0 -0.0 0.0 3.273804 0.305947 -0.58011 21.48679 11.830364 2.266131 8.162915 0.0 -0.0 18.399052 -3.798986 -4.940567 3e-06 0.0 -1e-06 -1.422826 5.904572 -26.355761 -0.02866 0.107336 5.760987 -5.383242 4.755672 -0.044569 1.628592 -2.218005 -6.010079 0.0 -0.0 2e-06 1.441031 -10.290462 23.846786 -0.092374 -0.024045 8.757324 -0.452499 1.111483 -10.725592 -1.401523 0.780909 -10.203396 0.0 -0.0 -1e-06 
0.0 0.0 0.0 0.0 -0.0 0.0 -61.641575 93.934235 534.987366 -0.027243 -10.939237 -2.061514 0.138241 0.221726 -1.264948 -0.181686 1.893966 -5.49421 -0.21524 -0.201021 11.242962 0.26812 2.00786 4.156354 -0.703665 0.298911 -3.643457 0.346836 -1.260195 -6.487829 7.7e-05 -2.2e-05 6e-06 -0.007826 -0.062654 0.019153 0.64656 -3.771018 -10.612894 -0.673661 3.646816 -10.628746 -16.868576 -2.261507 13.686173 -56.05732 -9.427709 31.000809 0.072476 -17.001621 -0.075303 5.511853 -1.977488 -10.01947 -5.882102 9.861279 0.70259 -10.936861 -0.360574 7.156197 0.0 8.774815 -0.0 -16.094543 18.325184 5.892212 -1.844031 2.498503 -2.507276 -10.16359 4.678941 4.621104 -20.975996 -1e-06 1e-06 -21.226254 2.451698 -3.593995 0.0 -6e-06 -0.0 -1.362681 2.240797 -0.746323 -21.334892 0.58491 3.008319 -13.821196 -1e-06 1e-06 -23.887129 -0.249075 -0.839485 -60.539013 2.56058 -1.572698 -0.294025 1.679686 0.833255 -14.218195 0.093215 1.300579 -34.212002 -0.287561 0.967166 -20.033176 0.964536 1.212838 0.0 -0.0 0.0 -3.440387 0.788233 0.501655 -15.928172 -3.167306 2.999703 -6.338817 -0.0 1e-06 -18.123419 3.648181 -4.905662 -4e-06 0.0 -2e-06 13.78567 12.86027 12.298763 58.187332 6.840586 -0.860337 -0.519365 37.628677 -0.142322 -5.517003 8.811982 3.88108 2.24354 -5.255033 -3.180156 14.282877 -0.826594 6.952496 -0.0 -12.690593 -1e-06 15.510489 -17.666342 2.795064 1.665665 -1.95592 -2.878297 4.727794 -4.170584 4.993919 11.020511 1e-06 -0.0 12.109032 -3.735715 -2.866778 0.0 -0.0 0.0 1.291985 -1.928548 -1.498088 14.800115 0.567467 3.865604 14.242553 -1.341738 -6.660648 19.631935 0.143921 -0.648243 49.519512 -0.724722 -5.939023 0.353029 -1.51115 -0.03194 20.222769 3.684305 2.316629 18.787249 1e-06 -1e-06 10.751608 -0.47987 1.397903 0.0 -0.0 0.0 3.273804 0.305947 -0.58011 21.48679 11.830364 2.266131 8.162915 0.0 -0.0 18.399052 -3.798986 -4.940567 3e-06 0.0 -1e-06 -3.339573 3.917766 -27.509884 0.137893 0.17025 11.077435 -1.83811 4.224717 5.122725 1.763313 -2.161662 -6.215802 0.0 -0.0 2e-06 -1.684395 -10.641579 22.50374 -0.173488 0.210544 15.101272 0.093432 2.457407 -8.426741 -1.427146 0.85591 -15.93681 0.0 -0.0 -1e-06 
