HIERARCHY
ROOT Root
{
  OFFSET 0.0 0.0 0.0
  CHANNELS 6 Xposition Yposition Zposition Zrotation Yrotation Xrotation
  JOINT Hips
  {
    OFFSET 0.0 100.0 0.0
    CHANNELS 6 Xposition Yposition Zposition Zrotation Yrotation Xrotation
    JOINT Spine1
    {
      OFFSET -0.013727 5.003763 -0.053727
      CHANNELS 3 Zrotation Yrotation Xrotation
      JOINT Spine2
      {
        OFFSET -0.0 7.125301 -0.029825
        CHANNELS 3 Zrotation Yrotation Xrotation
        JOINT Chest
        {
          OFFSET -1e-06 7.550063 -0.815971
          CHANNELS 3 Zrotation Yrotation Xrotation
          JOINT Neck1
          {
            OFFSET -0.181677 26.311295 -0.553348
            CHANNELS 3 Zrotation Yrotation Xrotation
            JOINT Neck2
            {
              OFFSET -3e-06 7.709397 2.302585
              CHANNELS 3 Zrotation Yrotation Xrotation
              JOINT Head
              {
                OFFSET -5e-06 6.128916 1.953709
                CHANNELS 3 Zrotation Yrotation Xrotation
                JOINT HeadEnd
                {
                  OFFSET 0.003598 16.065403 -1.835379
                  CHANNELS 3 Zrotation Yrotation Xrotation
                }
                JOINT Jaw
                {
                  OFFSET 0.002637 0.475592 3.094941
                  CHANNELS 3 Zrotation Yrotation Xrotation
                }
                JOINT LeftEye
                {
                  OFFSET 3.206381 5.380205 7.586883
                  CHANNELS 3 Zrotation Yrotation Xrotation
                }
                JOINT RightEye
                {
                  OFFSET -3.22244 5.361869 7.558234
                  CHANNELS 3 Zrotation Yrotation Xrotation
                }
              }
            }
          }
          JOINT LeftShoulder
          {
            OFFSET 1.621652 23.237164 5.113413
            CHANNELS 3 Zrotation Yrotation Xrotation
            JOINT LeftArm
            {
              OFFSET 14.919846 2e-06 -5.502326
              CHANNELS 3 Zrotation Yrotation Xrotation
              JOINT LeftForeArm
              {
                OFFSET 28.739307 0.0 -0.002588
                CHANNELS 3 Zrotation Yrotation Xrotation
                JOINT LeftHand
                {
                  OFFSET 27.093981 -1e-06 0.002609
                  CHANNELS 3 Zrotation Yrotation Xrotation
                  JOINT LeftHandThumb1
                  {
                    OFFSET 2.276482 -1.392045 3.191413
                    CHANNELS 3 Zrotation Yrotation Xrotation
                    JOINT LeftHandThumb2
                    {
                      OFFSET 4.012836 -1.828127 1.641654
                      CHANNELS 3 Zrotation Yrotation Xrotation
                      JOINT LeftHandThumb3
                      {
                        OFFSET 2.798515 0.0 -3e-06
                        CHANNELS 3 Zrotation Yrotation Xrotation
                        JOINT LeftHandThumbEnd
                        {
                          OFFSET 3.180793 -4e-06 4e-06
                          CHANNELS 3 Zrotation Yrotation Xrotation
                        }
                      }
                    }
                  }
                  JOINT LeftHandIndex1
                  {
                    OFFSET 3.247555 -0.531998 2.296169
                    CHANNELS 3 Zrotation Yrotation Xrotation
                    JOINT LeftHandIndex2
                    {
                      OFFSET 6.364578 0.01206 0.1786
                      CHANNELS 3 Zrotation Yrotation Xrotation
                      JOINT LeftHandIndex3
                      {
                        OFFSET 3.662364 0.0 0.0
                        CHANNELS 3 Zrotation Yrotation Xrotation
                        JOINT LeftHandIndex4
                        {
                          OFFSET 2.329242 4e-06 4e-06
                          CHANNELS 3 Zrotation Yrotation Xrotation
                          JOINT LeftHandIndexEnd
                          {
                            OFFSET 2.759615 -0.180537 -0.113024
                            CHANNELS 3 Zrotation Yrotation Xrotation
                          }
                        }
                      }
                    }
                  }
                  JOINT LeftHandMiddle1
                  {
                    OFFSET 3.163495 0.240981 1.000332
                    CHANNELS 3 Zrotation Yrotation Xrotation
                    JOINT LeftHandMiddle2
                    {
                      OFFSET 6.19078 -0.259278 -1.002548
                      CHANNELS 3 Zrotation Yrotation Xrotation
                      JOINT LeftHandMiddle3
                      {
                        OFFSET 4.35652 -4e-06 -1e-06
                        CHANNELS 3 Zrotation Yrotation Xrotation
                        JOINT LeftHandMiddle4
                        {
                          OFFSET 2.996877 -8e-06 0.0
                          CHANNELS 3 Zrotation Yrotation Xrotation
                          JOINT LeftHandMiddleEnd
                          {
                            OFFSET 2.304287 -0.294569 -0.031741
                            CHANNELS 3 Zrotation Yrotation Xrotation
                          }
                        }
                      }
                    }
                  }
                  JOINT LeftHandRing1
                  {
                    OFFSET 2.882643 -0.053652 -0.322543
                    CHANNELS 3 Zrotation Yrotation Xrotation
                    JOINT LeftHandRing2
                    {
                      OFFSET 5.854541 -0.486202 -1.373841
                      CHANNELS 3 Zrotation Yrotation Xrotation
                      JOINT LeftHandRing3
                      {
                        OFFSET 4.350578 0.0 3e-06
                        CHANNELS 3 Zrotation Yrotation Xrotation
                        JOINT LeftHandRing4
                        {
                          OFFSET 2.651321 7e-06 2e-06
                          CHANNELS 3 Zrotation Yrotation Xrotation
                          JOINT LeftHandRingEnd
                          {
                            OFFSET 1.936105 0.077687 -7.1e-05
                            CHANNELS 3 Zrotation Yrotation Xrotation
                          }
                        }
                      }
                    }
                  }
                  JOINT LeftHandPinky1
                  {
                    OFFSET 2.8655 -0.310005 -1.600378
                    CHANNELS 3 Zrotation Yrotation Xrotation
                    JOINT LeftHandPinky2
                    {
                      OFFSET 5.087849 -1.331141 -1.77123
                      CHANNELS 3 Zrotation Yrotation Xrotation
                      JOINT LeftHandPinky3
                      {
                        OFFSET 3.070974 4e-06 0.0
                        CHANNELS 3 Zrotation Yrotation Xrotation
                        JOINT LeftHandPinky4
                        {
                          OFFSET 1.549672 0.0 1e-06
                          CHANNELS 3 Zrotation Yrotation Xrotation
                          JOINT LeftHandPinkyEnd
                          {
                            OFFSET 1.944893 -0.157802 0.057219
                            CHANNELS 3 Zrotation Yrotation Xrotation
                          }
                        }
                      }
                    }
                  }
                }
              }
            }
          }
          JOINT RightShoulder
          {
            OFFSET -1.380118 23.180309 5.214158
            CHANNELS 3 Zrotation Yrotation Xrotation
            JOINT RightArm
            {
              OFFSET -15.037196 1.2e-05 -5.545604
              CHANNELS 3 Zrotation Yrotation Xrotation
              JOINT RightForeArm
              {
                OFFSET -28.736639 2e-06 -0.002597
                CHANNELS 3 Zrotation Yrotation Xrotation
                JOINT RightHand
                {
                  OFFSET -27.133619 -0.0 0.002613
                  CHANNELS 3 Zrotation Yrotation Xrotation
                  JOINT RightHandThumb1
                  {
                    OFFSET -2.274032 -1.383988 3.163127
                    CHANNELS 3 Zrotation Yrotation Xrotation
                    JOINT RightHandThumb2
                    {
                      OFFSET -4.011429 -1.827466 1.640914
                      CHANNELS 3 Zrotation Yrotation Xrotation
                      JOINT RightHandThumb3
                      {
                        OFFSET -2.794935 -4e-06 -3e-06
                        CHANNELS 3 Zrotation Yrotation Xrotation
                        JOINT RightHandThumbEnd
                        {
                          OFFSET -3.183852 4e-06 1e-06
                          CHANNELS 3 Zrotation Yrotation Xrotation
                        }
                      }
                    }
                  }
                  JOINT RightHandIndex1
                  {
                    OFFSET -3.253266 -0.520057 2.282866
                    CHANNELS 3 Zrotation Yrotation Xrotation
                    JOINT RightHandIndex2
                    {
                      OFFSET -6.341917 0.012471 0.178266
                      CHANNELS 3 Zrotation Yrotation Xrotation
                      JOINT RightHandIndex3
                      {
                        OFFSET -3.654871 -8e-06 -0.0
                        CHANNELS 3 Zrotation Yrotation Xrotation
                        JOINT RightHandIndex4
                        {
                          OFFSET -2.327586 0.0 1e-06
                          CHANNELS 3 Zrotation Yrotation Xrotation
                          JOINT RightHandIndexEnd
                          {
                            OFFSET -2.76179 -0.180656 -0.113078
                            CHANNELS 3 Zrotation Yrotation Xrotation
                          }
                        }
                      }
                    }
                  }
                  JOINT RightHandMiddle1
                  {
                    OFFSET -3.168106 0.246593 1.00103
                    CHANNELS 3 Zrotation Yrotation Xrotation
                    JOINT RightHandMiddle2
                    {
                      OFFSET -6.180828 -0.258836 -1.000895
                      CHANNELS 3 Zrotation Yrotation Xrotation
                      JOINT RightHandMiddle3
                      {
                        OFFSET -4.348901 0.0 -0.0
                        CHANNELS 3 Zrotation Yrotation Xrotation
                        JOINT RightHandMiddle4
                        {
                          OFFSET -3.00024 -4e-06 -2e-06
                          CHANNELS 3 Zrotation Yrotation Xrotation
                          JOINT RightHandMiddleEnd
                          {
                            OFFSET -2.30252 -0.29437 -0.031706
                            CHANNELS 3 Zrotation Yrotation Xrotation
                          }
                        }
                      }
                    }
                  }
                  JOINT RightHandRing1
                  {
                    OFFSET -2.88569 -0.067952 -0.308858
                    CHANNELS 3 Zrotation Yrotation Xrotation
                    JOINT RightHandRing2
                    {
                      OFFSET -5.854198 -0.48613 -1.373731
                      CHANNELS 3 Zrotation Yrotation Xrotation
                      JOINT RightHandRing3
                      {
                        OFFSET -4.33881 -4e-06 -0.0
                        CHANNELS 3 Zrotation Yrotation Xrotation
                        JOINT RightHandRing4
                        {
                          OFFSET -2.654903 -4e-06 4e-06
                          CHANNELS 3 Zrotation Yrotation Xrotation
                          JOINT RightHandRingEnd
                          {
                            OFFSET -1.933568 0.077527 -5.2e-05
                            CHANNELS 3 Zrotation Yrotation Xrotation
                          }
                        }
                      }
                    }
                  }
                  JOINT RightHandPinky1
                  {
                    OFFSET -2.866425 -0.342796 -1.584145
                    CHANNELS 3 Zrotation Yrotation Xrotation
                    JOINT RightHandPinky2
                    {
                      OFFSET -5.091371 -1.332055 -1.772385
                      CHANNELS 3 Zrotation Yrotation Xrotation
                      JOINT RightHandPinky3
                      {
                        OFFSET -3.062664 -4e-06 1e-06
                        CHANNELS 3 Zrotation Yrotation Xrotation
                        JOINT RightHandPinky4
                        {
                          OFFSET -1.546529 4e-06 -2e-06
                          CHANNELS 3 Zrotation Yrotation Xrotation
                          JOINT RightHandPinkyEnd
                          {
                            OFFSET -1.945119 -0.157718 0.057211
                            CHANNELS 3 Zrotation Yrotation Xrotation
                          }
                        }
                      }
                    }
                  }
                }
              }
            }
          }
        }
      }
    }
    JOINT LeftLeg
    {
      OFFSET 10.043214 -8.434526 2.595655
      CHANNELS 3 Zrotation Yrotation Xrotation
      JOINT LeftShin
      {
        OFFSET -1e-06 -43.221752 -0.802913
        CHANNELS 3 Zrotation Yrotation Xrotation
        JOINT LeftFoot
        {
          OFFSET 1e-06 -42.155094 -3.481523
          CHANNELS 3 Zrotation Yrotation Xrotation
          JOINT LeftToeBase
          {
            OFFSET 0.0 -5.059472 13.231529
            CHANNELS 3 Zrotation Yrotation Xrotation
            JOINT LeftToeEnd
            {
              OFFSET -0.009607 -1.647619 6.513017
              CHANNELS 3 Zrotation Yrotation Xrotation
            }
          }
        }
      }
    }
    JOINT RightLeg
    {
      OFFSET -10.047278 -8.29526 2.620317
      CHANNELS 3 Zrotation Yrotation Xrotation
      JOINT RightShin
      {
        OFFSET 1e-06 -43.362206 -0.805556
        CHANNELS 3 Zrotation Yrotation Xrotation
        JOINT RightFoot
        {
          OFFSET 2e-06 -42.117393 -3.478398
          CHANNELS 3 Zrotation Yrotation Xrotation
          JOINT RightToeBase
          {
            OFFSET -0.0 -5.079609 13.284196
            CHANNELS 3 Zrotation Yrotation Xrotation
            JOINT RightToeEnd
            {
              OFFSET 0.009532 -1.634378 6.460591
              CHANNELS 3 Zrotation Yrotation Xrotation
            }
          }
        }
      }
    }
  }
}
MOTION
Frames: 120
Frame Time: 0.03333333333333333
0.0 0.0 0.0 0.0 -0.0 0.0 2.606616 98.934845 -7.344985 1.268739 0.193983 -7.889804 -2.562913 0.033215 2.949781 -0.825048 -1.117349 -3.693221 0.697079 -2.840847 12.641243 3.372339 1.067237 6.014 -0.884134 -0.172454 -3.561668 0.76181 -0.363501 -14.119473 7.7e-05 -2.2e-05 6e-06 0.013456 -0.080908 0.070631 0.640233 -3.82449 -10.616931 -0.616233 3.667087 -10.603469 -9.952849 -9.254208 11.860616 -58.334118 -8.292625 6.555246 -0.182537 -28.948057 -0.020914 8.321697 -4.59825 -5.925401 -5.882102 9.861279 0.70259 -10.936861 -0.360574 7.156197 0.0 8.774815 -0.0 -15.715374 18.396996 6.266034 -1.844031 2.498503 -2.507276 -10.16359 4.678941 4.621104 -20.975996 -1e-06 1e-06 -21.226254 2.451698 -3.593995 0.0 -6e-06 -0.0 -1.362681 2.240797 -0.746323 -21.334892 0.58491 3.008319 -13.821196 -1e-06 1e-06 -23.887129 -0.249075 -0.839485 -60.283764 2.562495 -1.156933 -0.294025 1.679686 0.833255 -14.218195 0.093215 1.300579 -34.212002 -0.287561 0.967166 -20.033176 0.964536 1.212838 0.0 -0.0 0.0 -3.440387 0.788233 0.501655 -15.928172 -3.167306 2.999703 -6.338817 -0.0 1e-06 -18.123419 3.648181 -4.905662 -4e-06 0.0 -2e-06 12.486876 10.455125 13.471766 65.718681 2.035771 11.265125 0.299169 25.764841 -0.031338 -8.029669 1.822692 -0.473913 2.24354 -5.255033 -3.180156 14.282877 -0.826594 6.952496 -0.0 -12.690593 -1e-06 16.372038 -17.644283 2.409714 1.665665 -1.95592 -2.878297 4.727794 -4.170584 4.993919 11.020511 1e-06 -0.0 12.109032 -3.735715 -2.866778 0.0 -0.0 0.0 1.291985 -1.928548 -1.498088 14.800115 0.567467 3.865604 14.242553 -1.341738 -6.660648 19.631935 0.143921 -0.648243 49.484245 -0.386482 -6.026542 0.353029 -1.51115 -0.03194 20.222769 3.684305 2.316629 18.787249 1e-06 -1e-06 10.751608 -0.47987 1.397903 0.0 -0.0 0.0 3.273804 0.305947 -0.58011 21.48679 11.830364 2.266131 8.162915 0.0 -0.0 18.399052 -3.798986 -4.940567 3e-06 0.0 -1e-06 -3.303067 7.146916 15.810411 0.05024 0.038602 2.200381 0.95121 8.642094 -7.515475 1.648158 -1.841465 -1.178075 0.0 -0.0 2e-06 -2.04315 -7.219355 -19.404324 -0.102704 -0.033353 43.393284 1.652962 -16.008764 3.060633 -1.436214 1.060732 -4.956526 0.0 -0.0 -1e-06 
0.0 0.0 0.0 0.0 -0.0 0.0 2.481319 98.077164 -2.575232 0.935821 1.211417 -7.873892 -2.488287 -0.039398 3.012836 -0.81581 -1.527647 -3.659284 0.520818 -3.289573 12.951363 4.224846 0.749488 6.12599 -1.106232 -0.424891 -3.578464 0.651237 -0.489273 -14.575528 7.7e-05 -2.2e-05 6e-06 0.012836 -0.018181 0.045736 0.635282 -3.759575 -10.639207 -0.6123 3.725949 -10.640698 -8.855338 -10.07068 11.849529 -57.326782 -10.949491 5.076944 -0.197013 -31.671465 -0.031275 9.517939 -4.578124 -7.124214 -5.882102 9.861279 0.70259 -10.936861 -0.360574 7.156197 0.0 8.774815 -0.0 -15.733358 18.370438 6.223731 -1.844031 2.498503 -2.507276 -10.16359 4.678941 4.621104 -20.975996 -1e-06 1e-06 -21.226254 2.451698 -3.593995 0.0 -6e-06 -0.0 -1.362681 2.240797 -0.746323 -21.334892 0.58491 3.008319 -13.821196 -1e-06 1e-06 -23.887129 -0.249075 -0.839485 -60.115528 2.550113 -1.21131 -0.294025 1.679686 0.833255 -14.218195 0.093215 1.300579 -34.212002 -0.287561 0.967166 -20.033176 0.964536 1.212838 0.0 -0.0 0.0 -3.440387 0.788233 0.501655 -15.928172 -3.167306 2.999703 -6.338817 -0.0 1e-06 -18.123419 3.648181 -4.905662 -4e-06 0.0 -2e-06 12.899438 9.642782 13.641236 66.010254 0.54931 11.383435 0.095997 23.853439 0.030719 -7.735552 1.444881 -1.387189 2.24354 -5.255033 -3.180156 14.282877 -0.826594 6.952496 -0.0 -12.690593 -1e-06 16.391968 -17.520264 2.300488 1.665665 -1.95592 -2.878297 4.727794 -4.170584 4.993919 11.020511 1e-06 -0.0 12.109032 -3.735715 -2.866778 0.0 -0.0 0.0 1.291985 -1.928548 -1.498088 14.800115 0.567467 3.865604 14.242553 -1.341738 -6.660648 19.631935 0.143921 -0.648243 49.628464 -0.394292 -6.067428 0.353029 -1.51115 -0.03194 20.222769 3.684305 2.316629 18.787249 1e-06 -1e-06 10.751608 -0.47987 1.397903 0.0 -0.0 0.0 3.273804 0.305947 -0.58011 21.48679 11.830364 2.266131 8.162915 0.0 -0.0 18.399052 -3.798986 -4.940567 3e-06 0.0 -1e-06 -2.430316 7.212914 19.37672 0.004802 -0.017707 2.200389 0.15231 8.283079 -9.667936 1.666083 -1.977093 -1.002254 0.0 -0.0 2e-06 -1.09523 -9.265738 -20.381378 -0.058341 -0.033126 28.537987 2.062389 -14.837218 4.013373 -1.418199 1.08837 -4.940593 0.0 -0.0 -1e-06 
0.0 0.0 0.0 0.0 -0.0 0.0 2.439301 96.989555 2.77153 1.149022 2.22759 -7.435909 -2.834522 -0.092312 2.891256 -0.88449 -1.823009 -3.825421 0.288037 -3.696121 13.169973 5.110664 0.446151 5.82871 -1.175836 -0.57788 -3.531072 0.33985 -0.786484 -15.04048 7.7e-05 -2.2e-05 6e-06 0.007755 -0.001456 0.045408 0.648818 -3.747644 -10.69177 -0.636036 3.748368 -10.709599 -7.655217 -10.980885 11.933349 -56.765816 -13.250568 4.784862 0.290095 -33.908543 -0.176584 10.128419 -4.426927 -7.458721 -5.882102 9.861279 0.70259 -10.936861 -0.360574 7.156197 0.0 8.774815 -0.0 -15.826103 18.433044 6.196682 -1.844031 2.498503 -2.507276 -10.16359 4.678941 4.621104 -20.975996 -1e-06 1e-06 -21.226254 2.451698 -3.593995 0.0 -6e-06 -0.0 -1.362681 2.240797 -0.746323 -21.334892 0.58491 3.008319 -13.821196 -1e-06 1e-06 -23.887129 -0.249075 -0.839485 -60.238956 2.529197 -1.462201 -0.294025 1.679686 0.833255 -14.218195 0.093215 1.300579 -34.212002 -0.287561 0.967166 -20.033176 0.964536 1.212838 0.0 -0.0 0.0 -3.440387 0.788233 0.501655 -15.928172 -3.167306 2.999703 -6.338817 -0.0 1e-06 -18.123419 3.648181 -4.905662 -4e-06 0.0 -2e-06 13.520737 8.952752 13.85975 66.309914 -1.081398 10.866538 -0.025251 21.939705 0.113236 -7.264724 0.910512 -2.097323 2.24354 -5.255033 -3.180156 14.282877 -0.826594 6.952496 -0.0 -12.690593 -1e-06 16.332607 -17.516973 2.334868 1.665665 -1.95592 -2.878297 4.727794 -4.170584 4.993919 11.020511 1e-06 -0.0 12.109032 -3.735715 -2.866778 0.0 -0.0 0.0 1.291985 -1.928548 -1.498088 14.800115 0.567467 3.865604 14.242553 -1.341738 -6.660648 19.631935 0.143921 -0.648243 49.889931 -0.46977 -6.07025 0.353029 -1.51115 -0.03194 20.222769 3.684305 2.316629 18.787249 1e-06 -1e-06 10.751608 -0.47987 1.397903 0.0 -0.0 0.0 3.273804 0.305947 -0.58011 21.48679 11.830364 2.266131 8.162915 0.0 -0.0 18.399052 -3.798986 -4.940567 3e-06 0.0 -1e-06 -1.57744 7.961685 22.906147 0.021888 0.064053 1.678825 -0.813672 6.676856 -10.88654 1.731511 -2.008873 -1.363082 0.0 -0.0 2e-06 -0.391944 -11.200788 -20.093327 0.090139 -0.119726 11.48719 4.773752 -12.563228 4.351254 -1.33999 1.151034 -4.749562 0.0 -0.0 -1e-06 
0.0 0.0 0.0 0.0 -0.0 0.0 2.218763 96.060211 8.527162 1.163736 3.112981 -6.696388 -2.95536 -0.0243 2.402987 -1.032307 -2.134587 -4.003481 0.176875 -3.928023 13.348973 5.903957 0.314614 5.39081 -1.146557 -0.766676 -3.591091 0.005013 -0.964768 -14.881362 7.7e-05 -2.2e-05 6e-06 0.020023 0.014055 0.02671 0.658825 -3.732053 -10.740726 -0.620633 3.767354 -10.757618 -7.135159 -11.640277 11.662558 -55.98793 -14.629833 4.414205 0.166735 -35.919834 -0.121989 10.512933 -4.408133 -7.041954 -5.882102 9.861279 0.70259 -10.936861 -0.360574 7.156197 0.0 8.774815 -0.0 -15.766017 18.378111 6.350248 -1.844031 2.498503 -2.507276 -10.16359 4.678941 4.621104 -20.975996 -1e-06 1e-06 -21.226254 2.451698 -3.593995 0.0 -6e-06 -0.0 -1.362681 2.240797 -0.746323 -21.334892 0.58491 3.008319 -13.821196 -1e-06 1e-06 -23.887129 -0.249075 -0.839485 -60.37093 2.486403 -1.259216 -0.294025 1.679686 0.833255 -14.218195 0.093215 1.300579 -34.212002 -0.287561 0.967166 -20.033176 0.964536 1.212838 0.0 -0.0 0.0 -3.440387 0.788233 0.501655 -15.928172 -3.167306 2.999703 -6.338817 -0.0 1e-06 -18.123419 3.648181 -4.905662 -4e-06 0.0 -2e-06 14.660141 8.372549 13.701392 66.306458 -3.167185 9.776715 -0.049463 20.189871 0.157195 -6.635224 0.486109 -1.777593 2.24354 -5.255033 -3.180156 14.282877 -0.826594 6.952496 -0.0 -12.690593 -1e-06 16.215622 -17.372915 2.324798 1.665665 -1.95592 -2.878297 4.727794 -4.170584 4.993919 11.020511 1e-06 -0.0 12.109032 -3.735715 -2.866778 0.0 -0.0 0.0 1.291985 -1.928548 -1.498088 14.800115 0.567467 3.865604 14.242553 -1.341738 -6.660648 19.631935 0.143921 -0.648243 49.772175 -0.368768 -6.148821 0.353029 -1.51115 -0.03194 20.222769 3.684305 2.316629 18.787249 1e-06 -1e-06 10.751608 -0.47987 1.397903 0.0 -0.0 0.0 3.273804 0.305947 -0.58011 21.48679 11.830364 2.266131 8.162915 0.0 -0.0 18.399052 -3.798986 -4.940567 3e-06 0.0 -1e-06 -0.014581 8.905028 25.949911 -0.058915 0.006651 1.534987 -2.044118 4.880158 -10.286149 1.782759 -1.851542 -2.416597 0.0 -0.0 2e-06 0.474836 -11.371961 -20.202515 0.143666 -0.036049 -1.180993 7.883338 -11.473684 3.53756 -1.20553 1.202913 -4.532354 0.0 -0.0 -1e-06 
0.0 0.0 0.0 0.0 -0.0 0.0 1.864267 95.367523 14.605728 0.608623 3.613066 -5.889981 -2.683234 -0.003336 1.84018 -1.063928 -2.535762 -4.192503 0.319992 -4.123435 13.425768 6.306257 0.241368 4.867025 -1.143844 -0.524987 -3.60264 -0.381149 -0.958658 -14.636646 7.7e-05 -2.2e-05 6e-06 0.016686 -0.011874 0.014292 0.641602 -3.75694 -10.716105 -0.60894 3.741774 -10.714493 -6.758472 -11.963414 11.365888 -56.016136 -15.265038 3.315828 -0.397858 -37.331409 0.116717 10.998372 -4.856027 -6.323267 -5.882102 9.861279 0.70259 -10.936861 -0.360574 7.156197 0.0 8.774815 -0.0 -15.817897 18.248276 6.389439 -1.844031 2.498503 -2.507276 -10.16359 4.678941 4.621104 -20.975996 -1e-06 1e-06 -21.226254 2.451698 -3.593995 0.0 -6e-06 -0.0 -1.362681 2.240797 -0.746323 -21.334892 0.58491 3.008319 -13.821196 -1e-06 1e-06 -23.887129 -0.249075 -0.839485 -60.671402 2.491388 -0.97022 -0.294025 1.679686 0.833255 -14.218195 0.093215 1.300579 -34.212002 -0.287561 0.967166 -20.033176 0.964536 1.212838 0.0 -0.0 0.0 -3.440387 0.788233 0.501655 -15.928172 -3.167306 2.999703 -6.338817 -0.0 1e-06 -18.123419 3.648181 -4.905662 -4e-06 0.0 -2e-06 15.611834 8.202315 13.672557 66.340012 -4.819907 8.480755 -0.171445 18.353945 0.118645 -5.993121 -0.263162 -1.437809 2.24354 -5.255033 -3.180156 14.282877 -0.826594 6.952496 -0.0 -12.690593 -1e-06 16.186169 -17.199699 2.245912 1.665665 -1.95592 -2.878297 4.727794 -4.170584 4.993919 11.020511 1e-06 -0.0 12.109032 -3.735715 -2.866778 0.0 -0.0 0.0 1.291985 -1.928548 -1.498088 14.800115 0.567467 3.865604 14.242553 -1.341738 -6.660648 19.631935 0.143921 -0.648243 49.420975 -0.098679 -6.286598 0.353029 -1.51115 -0.03194 20.222769 3.684305 2.316629 18.787249 1e-06 -1e-06 10.751608 -0.47987 1.397903 0.0 -0.0 0.0 3.273804 0.305947 -0.58011 21.48679 11.830364 2.266131 8.162915 0.0 -0.0 18.399052 -3.798986 -4.940567 3e-06 0.0 -1e-06 2.260895 9.533232 28.573252 -0.119953 -0.16542 2.073922 -3.804113 3.584558 -7.452105 1.825249 -1.745636 -4.896092 0.0 -0.0 2e-06 2.167319 -11.301659 -22.12409 0.032197 0.123635 -2.736506 9.863367 -11.488764 0.911541 -1.153646 1.158242 -4.681081 0.0 -0.0 -1e-06 
0.0 0.0 0.0 0.0 -0.0 0.0 1.447634 94.820679 20.816153 -0.492266 3.807022 -5.116418 -2.062916 -0.119426 1.073708 -0.981677 -2.855859 -4.394305 0.73257 -4.256701 13.290729 6.173141 0.318903 4.585988 -1.110563 -0.641772 -3.540483 -0.492959 -0.937617 -14.189585 7.7e-05 -2.2e-05 6e-06 0.0037 -0.01484 0.032872 0.630868 -3.758047 -10.622533 -0.62097 3.734218 -10.617229 -6.627907 -12.078579 11.409726 -56.669373 -15.01174 3.175932 -0.34551 -38.490421 0.044678 11.253139 -5.166553 -6.195643 -5.882102 9.861279 0.70259 -10.936861 -0.360574 7.156197 0.0 8.774815 -0.0 -15.855468 18.113827 6.37181 -1.844031 2.498503 -2.507276 -10.16359 4.678941 4.621104 -20.975996 -1e-06 1e-06 -21.226254 2.451698 -3.593995 0.0 -6e-06 -0.0 -1.362681 2.240797 -0.746323 -21.334892 0.58491 3.008319 -13.821196 -1e-06 1e-06 -23.887129 -0.249075 -0.839485 -60.743187 2.442098 -1.023151 -0.294025 1.679686 0.833255 -14.218195 0.093215 1.300579 -34.212002 -0.287561 0.967166 -20.033176 0.964536 1.212838 0.0 -0.0 0.0 -3.440387 0.788233 0.501655 -15.928172 -3.167306 2.999703 -6.338817 -0.0 1e-06 -18.123419 3.648181 -4.905662 -4e-06 0.0 -2e-06 16.073595 7.970559 13.535889 66.359314 -6.184383 7.682564 -0.142756 16.696894 0.172807 -5.591044 -0.819249 -1.394629 2.24354 -5.255033 -3.180156 14.282877 -0.826594 6.952496 -0.0 -12.690593 -1e-06 16.052402 -17.118967 2.223904 1.665665 -1.95592 -2.878297 4.727794 -4.170584 4.993919 11.020511 1e-06 -0.0 12.109032 -3.735715 -2.866778 0.0 -0.0 0.0 1.291985 -1.928548 -1.498088 14.800115 0.567467 3.865604 14.242553 -1.341738 -6.660648 19.631935 0.143921 -0.648243 49.407784 -0.012349 -6.243206 0.353029 -1.51115 -0.03194 20.222769 3.684305 2.316629 18.787249 1e-06 -1e-06 10.751608 -0.47987 1.397903 0.0 -0.0 0.0 3.273804 0.305947 -0.58011 21.48679 11.830364 2.266131 8.162915 0.0 -0.0 18.399052 -3.798986 -4.940567 3e-06 0.0 -1e-06 5.115037 9.954773 29.505348 0.058832 -0.5829 5.980303 -5.672699 2.598792 -4.501595 1.907366 -1.714506 -9.633214 0.0 -0.0 2e-06 4.058505 -10.731507 -22.456474 0.058654 0.073287 1.037026 8.453764 -11.998912 0.93998 -1.201262 1.218387 -5.41706 0.0 -0.0 -1e-06 
0.0 0.0 0.0 0.0 -0.0 0.0 0.886254 94.727081 27.214354 -2.892689 3.771611 -4.151214 -0.399518 -0.134317 -0.028736 -0.779014 -3.170517 -4.899397 1.374129 -4.426866 13.264591 5.729618 0.591606 4.289604 -1.167405 -0.422507 -3.57051 -0.655311 -1.090503 -12.92713 7.7e-05 -2.2e-05 6e-06 -0.003819 -0.02406 0.02771 0.620651 -3.764505 -10.577876 -0.623888 3.721935 -10.578336 -8.18575 -11.558744 11.253908 -56.172749 -13.645534 3.892908 -0.117494 -39.34761 -0.067814 11.165459 -5.397411 -5.76152 -5.882102 9.861279 0.70259 -10.936861 -0.360574 7.156197 0.0 8.774815 -0.0 -15.942463 18.079235 6.235727 -1.844031 2.498503 -2.507276 -10.16359 4.678941 4.621104 -20.975996 -1e-06 1e-06 -21.226254 2.451698 -3.593995 0.0 -6e-06 -0.0 -1.362681 2.240797 -0.746323 -21.334892 0.58491 3.008319 -13.821196 -1e-06 1e-06 -23.887129 -0.249075 -0.839485 -60.520878 2.262015 -1.085137 -0.294025 1.679686 0.833255 -14.218195 0.093215 1.300579 -34.212002 -0.287561 0.967166 -20.033176 0.964536 1.212838 0.0 -0.0 0.0 -3.440387 0.788233 0.501655 -15.928172 -3.167306 2.999703 -6.338817 -0.0 1e-06 -18.123419 3.648181 -4.905662 -4e-06 0.0 -2e-06 17.39143 7.906754 13.385099 65.324562 -7.552595 7.302715 -0.089104 15.780706 0.159064 -5.41297 -1.233817 -1.046708 2.24354 -5.255033 -3.180156 14.282877 -0.826594 6.952496 -0.0 -12.690593 -1e-06 15.964235 -17.214434 2.306467 1.665665 -1.95592 -2.878297 4.727794 -4.170584 4.993919 11.020511 1e-06 -0.0 12.109032 -3.735715 -2.866778 0.0 -0.0 0.0 1.291985 -1.928548 -1.498088 14.800115 0.567467 3.865604 14.242553 -1.341738 -6.660648 19.631935 0.143921 -0.648243 49.479015 -0.081829 -6.281636 0.353029 -1.51115 -0.03194 20.222769 3.684305 2.316629 18.787249 1e-06 -1e-06 10.751608 -0.47987 1.397903 0.0 -0.0 0.0 3.273804 0.305947 -0.58011 21.48679 11.830364 2.266131 8.162915 0.0 -0.0 18.399052 -3.798986 -4.940567 3e-06 0.0 -1e-06 9.338508 9.919761 27.356815 0.046613 -0.814396 14.531106 -7.451708 2.121724 0.674452 2.014549 -1.63784 -17.697405 0.0 -0.0 2e-06 6.740209 -7.742691 -23.26148 0.040962 -0.153247 7.316152 2.683337 -13.019876 6.07653 -1.329653 1.143799 -5.314511 0.0 -0.0 -1e-06 
0.0 0.0 0.0 0.0 -0.0 0.0 0.271853 95.025375 33.774391 -5.400905 3.214877 -4.162509 0.911113 -0.111 -0.370011 -0.376327 -3.461592 -5.087532 2.52888 -4.433519 13.072106 4.925135 0.976648 4.33717 -1.175578 -0.070011 -3.606094 -0.852153 -0.718508 -12.521844 7.7e-05 -2.2e-05 6e-06 0.000629 -0.041292 0.011094 0.65888 -3.791012 -10.626506 -0.652705 3.713401 -10.643413 -9.154464 -10.777543 11.309374 -57.297691 -12.085756 4.041891 0.027125 -39.171856 -0.148448 11.00912 -5.708587 -5.517532 -5.882102 9.861279 0.70259 -10.936861 -0.360574 7.156197 0.0 8.774815 -0.0 -16.113819 17.867506 6.016078 -1.844031 2.498503 -2.507276 -10.16359 4.678941 4.621104 -20.975996 -1e-06 1e-06 -21.226254 2.451698 -3.593995 0.0 -6e-06 -0.0 -1.362681 2.240797 -0.746323 -21.334892 0.58491 3.008319 -13.821196 -1e-06 1e-06 -23.887129 -0.249075 -0.839485 -60.31715 2.177885 -1.037819 -0.294025 1.679686 0.833255 -14.218195 0.093215 1.300579 -34.212002 -0.287561 0.967166 -20.033176 0.964536 1.212838 0.0 -0.0 0.0 -3.440387 0.788233 0.501655 -15.928172 -3.167306 2.999703 -6.338817 -0.0 1e-06 -18.123419 3.648181 -4.905662 -4e-06 0.0 -2e-06 17.509663 8.224723 13.721063 64.938759 -7.76494 7.502095 -0.059174 15.310741 0.101032 -5.250941 -1.4716 -0.979272 2.24354 -5.255033 -3.180156 14.282877 -0.826594 6.952496 -0.0 -12.690593 -1e-06 15.960492 -17.285698 2.348909 1.665665 -1.95592 -2.878297 4.727794 -4.170584 4.993919 11.020511 1e-06 -0.0 12.109032 -3.735715 -2.866778 0.0 -0.0 0.0 1.291985 -1.928548 -1.498088 14.800115 0.567467 3.865604 14.242553 -1.341738 -6.660648 19.631935 0.143921 -0.648243 49.477516 -0.093945 -6.332112 0.353029 -1.51115 -0.03194 20.222769 3.684305 2.316629 18.787249 1e-06 -1e-06 10.751608 -0.47987 1.397903 0.0 -0.0 0.0 3.273804 0.305947 -0.58011 21.48679 11.830364 2.266131 8.162915 0.0 -0.0 18.399052 -3.798986 -4.940567 3e-06 0.0 -1e-06 12.84497 8.932104 23.167137 -0.091528 -0.903202 27.184647 -8.310552 3.189588 9.609381 2.085835 -1.482297 -25.491497 0.0 -0.0 2e-06 9.421061 -4.816335 -23.039658 -0.096597 -0.23388 13.752497 -1.523963 -14.010476 7.855462 -1.37894 1.055877 -3.740707 0.0 -0.0 -1e-06 
0.0 0.0 0.0 0.0 -0.0 0.0 -0.290796 95.600388 40.239681 -7.299498 2.355546 -5.120744 1.758917 -0.070087 0.1607 -0.054583 -3.359847 -4.962399 3.563443 -4.290816 12.892398 4.265914 1.038958 4.69648 -0.914096 0.091523 -3.604171 -0.975481 -0.332057 -12.697358 7.7e-05 -2.2e-05 6e-06 0.011019 0.005437 -0.00106 0.695134 -3.710561 -10.575131 -0.669908 3.722468 -10.5938 -8.788142 -10.284151 11.87737 -60.010918 -11.278762 4.633021 0.405102 -37.531654 -0.274973 10.864232 -5.389032 -6.489955 -5.882102 9.861279 0.70259 -10.936861 -0.360574 7.156197 0.0 8.774815 -0.0 -16.125431 17.796396 5.96024 -1.844031 2.498503 -2.507276 -10.16359 4.678941 4.621104 -20.975996 -1e-06 1e-06 -21.226254 2.451698 -3.593995 0.0 -6e-06 -0.0 -1.362681 2.240797 -0.746323 -21.334892 0.58491 3.008319 -13.821196 -1e-06 1e-06 -23.887129 -0.249075 -0.839485 -60.299191 2.172552 -1.054405 -0.294025 1.679686 0.833255 -14.218195 0.093215 1.300579 -34.212002 -0.287561 0.967166 -20.033176 0.964536 1.212838 0.0 -0.0 0.0 -3.440387 0.788233 0.501655 -15.928172 -3.167306 2.999703 -6.338817 -0.0 1e-06 -18.123419 3.648181 -4.905662 -4e-06 0.0 -2e-06 16.464382 8.61811 14.511772 65.459381 -6.476501 7.95659 0.003053 15.733356 0.126879 -5.304026 -1.59667 -1.444918 2.24354 -5.255033 -3.180156 14.282877 -0.826594 6.952496 -0.0 -12.690593 -1e-06 16.007593 -17.342587 2.426182 1.665665 -1.95592 -2.878297 4.727794 -4.170584 4.993919 11.020511 1e-06 -0.0 12.109032 -3.735715 -2.866778 0.0 -0.0 0.0 1.291985 -1.928548 -1.498088 14.800115 0.567467 3.865604 14.242553 -1.341738 -6.660648 19.631935 0.143921 -0.648243 49.671135 -5.4e-05 -6.218354 0.353029 -1.51115 -0.03194 20.222769 3.684305 2.316629 18.787249 1e-06 -1e-06 10.751608 -0.47987 1.397903 0.0 -0.0 0.0 3.273804 0.305947 -0.58011 21.48679 11.830364 2.266131 8.162915 0.0 -0.0 18.399052 -3.798986 -4.940567 3e-06 0.0 -1e-06 14.846936 7.28459 17.09054 -0.118941 -0.918602 42.213902 -8.586881 5.455019 19.605188 2.019969 -1.643658 -17.551611 0.0 -0.0 2e-06 11.501446 -3.515581 -19.867125 -0.014309 -0.319949 17.257532 -3.559333 -13.659979 6.702521 -1.402296 1.040104 -2.330972 0.0 -0.0 -1e-06 
0.0 0.0 0.0 0.0 -0.0 0.0 -0.718416 96.135086 46.19471 -8.38833 2.025749 -6.207455 2.232823 -0.118937 0.915982 0.142736 -2.85534 -4.62761 3.935127 -4.332063 12.755938 4.166104 0.721421 4.940634 -0.698535 0.435139 -3.564149 -0.983898 0.040066 -13.15134 7.7e-05 -2.2e-05 6e-06 0.010351 0.022357 0.004164 0.705289 -3.689942 -10.55706 -0.682778 3.732308 -10.555235 -8.440102 -9.969496 12.288261 -62.053493 -10.66613 6.044839 0.634148 -35.165844 -0.328833 10.273878 -5.050861 -6.775681 -5.882102 9.861279 0.70259 -10.936861 -0.360574 7.156197 0.0 8.774815 -0.0 -16.137718 17.768627 5.992836 -1.844031 2.498503 -2.507276 -10.16359 4.678941 4.621104 -20.975996 -1e-06 1e-06 -21.226254 2.451698 -3.593995 0.0 -6e-06 -0.0 -1.362681 2.240797 -0.746323 -21.334892 0.58491 3.008319 -13.821196 -1e-06 1e-06 -23.887129 -0.249075 -0.839485 -60.345181 2.260207 -0.955454 -0.294025 1.679686 0.833255 -14.218195 0.093215 1.300579 -34.212002 -0.287561 0.967166 -20.033176 0.964536 1.212838 0.0 -0.0 0.0 -3.440387 0.788233 0.501655 -15.928172 -3.167306 2.999703 -6.338817 -0.0 1e-06 -18.123419 3.648181 -4.905662 -4e-06 0.0 -2e-06 15.700774 8.934444 14.769132 65.664528 -4.808546 9.256033 -0.058029 16.935642 0.042717 -5.68658 -0.927961 -2.580414 2.24354 -5.255033 -3.180156 14.282877 -0.826594 6.952496 -0.0 -12.690593 -1e-06 16.193146 -17.174728 2.409236 1.665665 -1.95592 -2.878297 4.727794 -4.170584 4.993919 11.020511 1e-06 -0.0 12.109032 -3.735715 -2.866778 0.0 -0.0 0.0 1.291985 -1.928548 -1.498088 14.800115 0.567467 3.865604 14.242553 -1.341738 -6.660648 19.631935 0.143921 -0.648243 49.842819 -0.048708 -6.037195 0.353029 -1.51115 -0.03194 20.222769 3.684305 2.316629 18.787249 1e-06 -1e-06 10.751608 -0.47987 1.397903 0.0 -0.0 0.0 3.273804 0.305947 -0.58011 21.48679 11.830364 2.266131 8.162915 0.0 -0.0 18.399052 -3.798986 -4.940567 3e-06 0.0 -1e-06 15.387686 5.339735 10.19398 -0.0504 -0.909419 55.315826 -7.803673 7.798926 23.460791 2.158499 -1.992736 -5.861447 0.0 -0.0 2e-06 12.88663 -3.368182 -15.717915 -0.042907 -0.269704 19.409775 -3.729801 -13.708736 1.565675 -1.414803 1.002711 -1.638793 0.0 -0.0 -1e-06 
0.0 0.0 0.0 0.0 -0.0 0.0 -1.004023 96.991333 51.859074 -8.330502 1.735769 -7.093104 2.281002 -0.025925 1.419774 0.09301 -2.348568 -4.363919 3.640303 -4.184289 12.918059 4.336752 0.520018 5.211782 -0.637083 0.627213 -3.491475 -0.898263 0.114595 -13.258673 7.7e-05 -2.2e-05 6e-06 0.006124 -0.001865 0.004959 0.695421 -3.7131 -10.547849 -0.68253 3.708178 -10.543534 -8.675098 -9.429054 12.75533 -63.08675 -10.153686 7.944817 0.691551 -32.261612 -0.293218 9.431518 -4.78174 -6.38475 -5.882102 9.861279 0.70259 -10.936861 -0.360574 7.156197 0.0 8.774815 -0.0 -16.059038 17.885063 6.027908 -1.844031 2.498503 -2.507276 -10.16359 4.678941 4.621104 -20.975996 -1e-06 1e-06 -21.226254 2.451698 -3.593995 0.0 -6e-06 -0.0 -1.362681 2.240797 -0.746323 -21.334892 0.58491 3.008319 -13.821196 -1e-06 1e-06 -23.887129 -0.249075 -0.839485 -60.287041 2.428111 -0.960228 -0.294025 1.679686 0.833255 -14.218195 0.093215 1.300579 -34.212002 -0.287561 0.967166 -20.033176 0.964536 1.212838 0.0 -0.0 0.0 -3.440387 0.788233 0.501655 -15.928172 -3.167306 2.999703 -6.338817 -0.0 1e-06 -18.123419 3.648181 -4.905662 -4e-06 0.0 -2e-06 15.75468 9.090999 14.962044 65.03492 -2.503086 10.336511 -0.130184 18.41407 -0.019134 -6.549795 -0.231281 -3.024328 2.24354 -5.255033 -3.180156 14.282877 -0.826594 6.952496 -0.0 -12.690593 -1e-06 16.387899 -17.162863 2.373833 1.665665 -1.95592 -2.878297 4.727794 -4.170584 4.993919 11.020511 1e-06 -0.0 12.109032 -3.735715 -2.866778 0.0 -0.0 0.0 1.291985 -1.928548 -1.498088 14.800115 0.567467 3.865604 14.242553 -1.341738 -6.660648 19.631935 0.143921 -0.648243 49.872856 -0.184574 -6.065237 0.353029 -1.51115 -0.03194 20.222769 3.684305 2.316629 18.787249 1e-06 -1e-06 10.751608 -0.47987 1.397903 0.0 -0.0 0.0 3.273804 0.305947 -0.58011 21.48679 11.830364 2.266131 8.162915 0.0 -0.0 18.399052 -3.798986 -4.940567 3e-06 0.0 -1e-06 14.434378 4.0145 3.197879 -0.121398 -0.623829 64.600189 -5.924895 9.228927 18.183498 2.138961 -2.004084 -4.651338 0.0 -0.0 2e-06 12.994854 -3.07352 -10.053472 -0.108011 -0.257579 17.823492 -3.410289 -14.091689 -1.576924 -1.410935 1.003527 -1.309897 0.0 -0.0 -1e-06 
0.0 0.0 0.0 0.0 -0.0 0.0 -1.192994 97.93055 57.312714 -7.289831 1.295084 -7.807259 2.010695 0.193639 1.818671 -0.119401 -1.816886 -4.154536 2.826106 -3.786569 13.045792 4.519957 0.493688 5.746121 -0.654984 0.704383 -3.471301 -0.761575 -0.009477 -12.969383 7.7e-05 -2.2e-05 6e-06 0.003723 -0.022975 0.005083 0.678945 -3.73231 -10.549635 -0.672164 3.686728 -10.550574 -8.97061 -8.798201 13.082122 -63.978382 -9.082766 9.335798 0.421779 -29.473089 -0.123347 8.452763 -4.729388 -5.477954 -5.882102 9.861279 0.70259 -10.936861 -0.360574 7.156197 0.0 8.774815 -0.0 -15.982974 17.947306 6.002397 -1.844031 2.498503 -2.507276 -10.16359 4.678941 4.621104 -20.975996 -1e-06 1e-06 -21.226254 2.451698 -3.593995 0.0 -6e-06 -0.0 -1.362681 2.240797 -0.746323 -21.334892 0.58491 3.008319 -13.821196 -1e-06 1e-06 -23.887129 -0.249075 -0.839485 -60.122173 2.556413 -0.991199 -0.294025 1.679686 0.833255 -14.218195 0.093215 1.300579 -34.212002 -0.287561 0.967166 -20.033176 0.964536 1.212838 0.0 -0.0 0.0 -3.440387 0.788233 0.501655 -15.928172 -3.167306 2.999703 -6.338817 -0.0 1e-06 -18.123419 3.648181 -4.905662 -4e-06 0.0 -2e-06 15.643218 9.354591 15.078375 64.669907 0.201492 10.895641 -0.218165 19.941675 -0.05595 -7.637611 0.166216 -2.926024 2.24354 -5.255033 -3.180156 14.282877 -0.826594 6.952496 -0.0 -12.690593 -1e-06 16.426394 -17.225883 2.328289 1.665665 -1.95592 -2.878297 4.727794 -4.170584 4.993919 11.020511 1e-06 -0.0 12.109032 -3.735715 -2.866778 0.0 -0.0 0.0 1.291985 -1.928548 -1.498088 14.800115 0.567467 3.865604 14.242553 -1.341738 -6.660648 19.631935 0.143921 -0.648243 49.679607 -0.307872 -6.208373 0.353029 -1.51115 -0.03194 20.222769 3.684305 2.316629 18.787249 1e-06 -1e-06 10.751608 -0.47987 1.397903 0.0 -0.0 0.0 3.273804 0.305947 -0.58011 21.48679 11.830364 2.266131 8.162915 0.0 -0.0 18.399052 -3.798986 -4.940567 3e-06 0.0 -1e-06 12.508609 3.700951 -3.58083 -0.15308 -0.267823 69.065697 -3.979069 11.032894 12.16594 2.052041 -1.990279 -4.715698 0.0 -0.0 2e-06 12.03468 -2.559956 -3.497491 -0.101645 -0.221231 13.834061 -3.199311 -14.504202 -3.290086 -1.410463 1.008599 -1.13467 0.0 -0.0 -1e-06 
0.0 0.0 0.0 0.0 -0.0 0.0 -1.295956 98.589256 62.610565 -5.850411 0.642685 -8.290974 1.663547 0.463018 2.230991 -0.320782 -1.193495 -3.952294 1.862989 -3.217968 12.941442 4.349052 0.623447 6.308445 -0.672569 0.644433 -3.507711 -0.582238 -0.20286 -12.587968 7.7e-05 -2.2e-05 6e-06 0.004736 -0.028822 0.009603 0.667044 -3.737332 -10.558159 -0.660054 3.679859 -10.565798 -9.256588 -8.186313 13.315942 -64.869545 -7.409682 10.158127 0.111289 -27.182285 0.002658 7.323825 -4.79515 -4.804583 -5.882102 9.861279 0.70259 -10.936861 -0.360574 7.156197 0.0 8.774815 -0.0 -15.951668 17.945934 5.94585 -1.844031 2.498503 -2.507276 -10.16359 4.678941 4.621104 -20.975996 -1e-06 1e-06 -21.226254 2.451698 -3.593995 0.0 -6e-06 -0.0 -1.362681 2.240797 -0.746323 -21.334892 0.58491 3.008319 -13.821196 -1e-06 1e-06 -23.887129 -0.249075 -0.839485 -60.080811 2.613343 -1.080316 -0.294025 1.679686 0.833255 -14.218195 0.093215 1.300579 -34.212002 -0.287561 0.967166 -20.033176 0.964536 1.212838 0.0 -0.0 0.0 -3.440387 0.788233 0.501655 -15.928172 -3.167306 2.999703 -6.338817 -0.0 1e-06 -18.123419 3.648181 -4.905662 -4e-06 0.0 -2e-06 14.727227 9.918896 14.919371 65.007957 2.862223 10.937788 -0.259549 21.794258 -0.091248 -8.422828 0.537458 -2.729409 2.24354 -5.255033 -3.180156 14.282877 -0.826594 6.952496 -0.0 -12.690593 -1e-06 16.328207 -17.270441 2.32183 1.665665 -1.95592 -2.878297 4.727794 -4.170584 4.993919 11.020511 1e-06 -0.0 12.109032 -3.735715 -2.866778 0.0 -0.0 0.0 1.291985 -1.928548 -1.498088 14.800115 0.567467 3.865604 14.242553 -1.341738 -6.660648 19.631935 0.143921 -0.648243 49.396778 -0.424177 -6.336738 0.353029 -1.51115 -0.03194 20.222769 3.684305 2.316629 18.787249 1e-06 -1e-06 10.751608 -0.47987 1.397903 0.0 -0.0 0.0 3.273804 0.305947 -0.58011 21.48679 11.830364 2.266131 8.162915 0.0 -0.0 18.399052 -3.798986 -4.940567 3e-06 0.0 -1e-06 10.33622 4.491866 -9.766989 -0.094188 0.007527 68.949791 -2.993947 12.269126 7.598304 1.94638 -1.97649 -4.772599 0.0 -0.0 2e-06 10.606411 -2.109073 2.862795 -0.073077 -0.167966 9.475694 -3.047795 -14.598529 -4.449904 -1.412747 0.989451 -1.03037 0.0 -0.0 -1e-06 
0.0 0.0 0.0 0.0 -0.0 0.0 -1.321778 98.812279 67.847191 -4.391731 -0.304619 -8.478507 1.350393 0.670509 2.59067 -0.444618 -0.4559 -3.770001 1.014007 -2.542734 12.748802 3.697451 0.936173 6.545504 -0.663469 0.471325 -3.575673 -0.407093 -0.351976 -12.306689 7.7e-05 -2.2e-05 6e-06 0.005675 -0.028403 0.015019 0.656915 -3.73602 -10.552276 -0.650332 3.677688 -10.566166 -9.862378 -7.518728 13.571022 -65.40033 -5.364102 10.411589 -0.087752 -25.416767 0.055646 6.186406 -4.701283 -4.653952 -5.882102 9.861279 0.70259 -10.936861 -0.360574 7.156197 0.0 8.774815 -0.0 -16.026651 17.970739 5.910659 -1.844031 2.498503 -2.507276 -10.16359 4.678941 4.621104 -20.975996 -1e-06 1e-06 -21.226254 2.451698 -3.593995 0.0 -6e-06 -0.0 -1.362681 2.240797 -0.746323 -21.334892 0.58491 3.008319 -13.821196 -1e-06 1e-06 -23.887129 -0.249075 -0.839485 -60.275894 2.626547 -1.1217 -0.294025 1.679686 0.833255 -14.218195 0.093215 1.300579 -34.212002 -0.287561 0.967166 -20.033176 0.964536 1.212838 0.0 -0.0 0.0 -3.440387 0.788233 0.501655 -15.928172 -3.167306 2.999703 -6.338817 -0.0 1e-06 -18.123419 3.648181 -4.905662 -4e-06 0.0 -2e-06 13.353277 10.786259 14.61317 65.31813 5.453951 10.894637 -0.150046 24.26412 -0.104367 -8.661386 1.099303 -2.299801 2.24354 -5.255033 -3.180156 14.282877 -0.826594 6.952496 -0.0 -12.690593 -1e-06 16.183628 -17.333971 2.424504 1.665665 -1.95592 -2.878297 4.727794 -4.170584 4.993919 11.020511 1e-06 -0.0 12.109032 -3.735715 -2.866778 0.0 -0.0 0.0 1.291985 -1.928548 -1.498088 14.800115 0.567467 3.865604 14.242553 -1.341738 -6.660648 19.631935 0.143921 -0.648243 49.309933 -0.517013 -6.312058 0.353029 -1.51115 -0.03194 20.222769 3.684305 2.316629 18.787249 1e-06 -1e-06 10.751608 -0.47987 1.397903 0.0 -0.0 0.0 3.273804 0.305947 -0.58011 21.48679 11.830364 2.266131 8.162915 0.0 -0.0 18.399052 -3.798986 -4.940567 3e-06 0.0 -1e-06 8.215623 6.305366 -15.190756 0.042875 0.216523 64.549988 -3.232877 12.420606 4.549166 1.854546 -1.942737 -4.896846 0.0 -0.0 2e-06 9.023597 -1.75878 8.284972 -0.079542 -0.093758 6.238988 -2.688128 -14.38751 -5.942556 -1.419128 0.946902 -0.957408 0.0 -0.0 -1e-06 
0.0 0.0 0.0 0.0 -0.0 0.0 -1.24508 98.63327 73.142174 -3.177044 -1.610362 -8.352334 1.159167 0.723304 2.790433 -0.473905 0.35082 -3.663173 0.427124 -1.783457 12.650198 2.569661 1.389855 6.330735 -0.601062 0.373766 -3.638505 -0.302277 -0.443289 -12.224338 7.7e-05 -2.2e-05 6e-06 0.009032 -0.009421 0.01337 0.641929 -3.716215 -10.53242 -0.630947 3.693808 -10.5564 -10.96421 -6.651182 13.825429 -65.447037 -3.150705 10.193958 -0.127696 -24.038141 0.067675 5.287394 -4.408424 -4.999898 -5.882102 9.861279 0.70259 -10.936861 -0.360574 7.156197 0.0 8.774815 -0.0 -16.19809 18.021673 5.835228 -1.844031 2.498503 -2.507276 -10.16359 4.678941 4.621104 -20.975996 -1e-06 1e-06 -21.226254 2.451698 -3.593995 0.0 -6e-06 -0.0 -1.362681 2.240797 -0.746323 -21.334892 0.58491 3.008319 -13.821196 -1e-06 1e-06 -23.887129 -0.249075 -0.839485 -60.51976 2.627166 -1.128385 -0.294025 1.679686 0.833255 -14.218195 0.093215 1.300579 -34.212002 -0.287561 0.967166 -20.033176 0.964536 1.212838 0.0 -0.0 0.0 -3.440387 0.788233 0.501655 -15.928172 -3.167306 2.999703 -6.338817 -0.0 1e-06 -18.123419 3.648181 -4.905662 -4e-06 0.0 -2e-06 12.043691 11.860887 14.361892 64.874901 8.071381 10.990896 0.132703 27.348532 -0.072147 -8.505478 1.817732 -1.828722 2.24354 -5.255033 -3.180156 14.282877 -0.826594 6.952496 -0.0 -12.690593 -1e-06 16.006262 -17.430098 2.570905 1.665665 -1.95592 -2.878297 4.727794 -4.170584 4.993919 11.020511 1e-06 -0.0 12.109032 -3.735715 -2.866778 0.0 -0.0 0.0 1.291985 -1.928548 -1.498088 14.800115 0.567467 3.865604 14.242553 -1.341738 -6.660648 19.631935 0.143921 -0.648243 49.391483 -0.548016 -6.183037 0.353029 -1.51115 -0.03194 20.222769 3.684305 2.316629 18.787249 1e-06 -1e-06 10.751608 -0.47987 1.397903 0.0 -0.0 0.0 3.273804 0.305947 -0.58011 21.48679 11.830364 2.266131 8.162915 0.0 -0.0 18.399052 -3.798986 -4.940567 3e-06 0.0 -1e-06 6.248547 8.530031 -19.541279 0.233681 0.374048 56.234676 -3.93961 12.226187 3.013131 1.83614 -1.955374 -5.16181 0.0 -0.0 2e-06 7.566845 -1.534641 12.842939 -0.105147 0.010263 4.050729 -2.244732 -13.842506 -7.745625 -1.429125 0.910917 -0.841576 0.0 -0.0 -1e-06 
0.0 0.0 0.0 0.0 -0.0 0.0 -1.043065 98.130928 78.482521 -2.405986 -3.200489 -7.973065 1.205676 0.633772 2.816704 -0.439894 1.080652 -3.635598 0.168485 -0.920222 12.657898 1.106589 1.964734 5.880069 -0.50017 0.352755 -3.657702 -0.264154 -0.432148 -12.510194 7.7e-05 -2.2e-05 6e-06 0.015696 0.019768 0.012819 0.628413 -3.689525 -10.516834 -0.60601 3.725807 -10.554471 -12.31086 -5.638211 13.947785 -65.327293 -0.868523 9.501927 -0.104477 -22.824381 0.065403 4.653608 -4.030378 -5.626792 -5.882102 9.861279 0.70259 -10.936861 -0.360574 7.156197 0.0 8.774815 -0.0 -16.321804 18.055897 5.749745 -1.844031 2.498503 -2.507276 -10.16359 4.678941 4.621104 -20.975996 -1e-06 1e-06 -21.226254 2.451698 -3.593995 0.0 -6e-06 -0.0 -1.362681 2.240797 -0.746323 -21.334892 0.58491 3.008319 -13.821196 -1e-06 1e-06 -23.887129 -0.249075 -0.839485 -60.614475 2.618245 -1.1683 -0.294025 1.679686 0.833255 -14.218195 0.093215 1.300579 -34.212002 -0.287561 0.967166 -20.033176 0.964536 1.212838 0.0 -0.0 0.0 -3.440387 0.788233 0.501655 -15.928172 -3.167306 2.999703 -6.338817 -0.0 1e-06 -18.123419 3.648181 -4.905662 -4e-06 0.0 -2e-06 10.871569 13.075573 14.164171 63.752823 10.685169 11.39273 0.302783 30.635632 -0.053492 -8.213008 2.486736 -1.582373 2.24354 -5.255033 -3.180156 14.282877 -0.826594 6.952496 -0.0 -12.690593 -1e-06 15.894764 -17.553301 2.632188 1.665665 -1.95592 -2.878297 4.727794 -4.170584 4.993919 11.020511 1e-06 -0.0 12.109032 -3.735715 -2.866778 0.0 -0.0 0.0 1.291985 -1.928548 -1.498088 14.800115 0.567467 3.865604 14.242553 -1.341738 -6.660648 19.631935 0.143921 -0.648243 49.439327 -0.513827 -6.159656 0.353029 -1.51115 -0.03194 20.222769 3.684305 2.316629 18.787249 1e-06 -1e-06 10.751608 -0.47987 1.397903 0.0 -0.0 0.0 3.273804 0.305947 -0.58011 21.48679 11.830364 2.266131 8.162915 0.0 -0.0 18.399052 -3.798986 -4.940567 3e-06 0.0 -1e-06 4.684345 10.744765 -22.351912 0.364497 0.464341 44.338806 -4.305942 12.353003 3.083389 1.828845 -2.015575 -5.339154 0.0 -0.0 2e-06 6.24682 -1.457679 16.622448 -0.130685 0.126628 2.828496 -1.612747 -12.864687 -9.593122 -1.439137 0.928698 -0.756327 0.0 -0.0 -1e-06 
0.0 0.0 0.0 0.0 -0.0 0.0 -0.748502 97.373192 83.912483 -2.356596 -5.031558 -7.520706 1.661638 0.546301 2.790092 -0.368445 1.528432 -3.657995 0.353568 0.012502 12.718893 -0.433995 2.610158 5.398867 -0.441906 0.460892 -3.569154 -0.274368 -0.245908 -13.241784 7.7e-05 -2.2e-05 6e-06 0.032181 0.094805 0.020244 0.643169 -3.633078 -10.550769 -0.589428 3.81942 -10.592936 -13.575664 -4.526397 13.887988 -65.468979 1.396537 8.365619 -0.085096 -21.620468 0.040285 4.252797 -3.528888 -6.216242 -5.882102 9.861279 0.70259 -10.936861 -0.360574 7.156197 0.0 8.774815 -0.0 -16.294643 18.065218 5.763153 -1.844031 2.498503 -2.507276 -10.16359 4.678941 4.621104 -20.975996 -1e-06 1e-06 -21.226254 2.451698 -3.593995 0.0 -6e-06 -0.0 -1.362681 2.240797 -0.746323 -21.334892 0.58491 3.008319 -13.821196 -1e-06 1e-06 -23.887129 -0.249075 -0.839485 -60.676067 2.509281 -1.156827 -0.294025 1.679686 0.833255 -14.218195 0.093215 1.300579 -34.212002 -0.287561 0.967166 -20.033176 0.964536 1.212838 0.0 -0.0 0.0 -3.440387 0.788233 0.501655 -15.928172 -3.167306 2.999703 -6.338817 -0.0 1e-06 -18.123419 3.648181 -4.905662 -4e-06 0.0 -2e-06 9.718099 14.397308 13.763512 62.313019 13.01312 12.052457 0.260911 33.575523 -0.056116 -8.068074 2.94488 -1.785852 2.24354 -5.255033 -3.180156 14.282877 -0.826594 6.952496 -0.0 -12.690593 -1e-06 15.945654 -17.708506 2.648594 1.665665 -1.95592 -2.878297 4.727794 -4.170584 4.993919 11.020511 1e-06 -0.0 12.109032 -3.735715 -2.866778 0.0 -0.0 0.0 1.291985 -1.928548 -1.498088 14.800115 0.567467 3.865604 14.242553 -1.341738 -6.660648 19.631935 0.143921 -0.648243 49.704975 -0.586466 -6.212407 0.353029 -1.51115 -0.03194 20.222769 3.684305 2.316629 18.787249 1e-06 -1e-06 10.751608 -0.47987 1.397903 0.0 -0.0 0.0 3.273804 0.305947 -0.58011 21.48679 11.830364 2.266131 8.162915 0.0 -0.0 18.399052 -3.798986 -4.940567 3e-06 0.0 -1e-06 3.991988 12.881185 -23.085257 0.33094 0.559653 29.094854 -4.400747 12.564669 3.536078 1.782271 -2.081843 -4.794794 0.0 -0.0 2e-06 5.184381 -1.93591 20.022255 -0.153039 0.149552 2.230403 -0.772222 -11.09923 -10.888434 -1.461408 0.955081 -1.085314 0.0 -0.0 -1e-06 
0.0 0.0 0.0 0.0 -0.0 0.0 -0.324488 96.474075 89.48188 -2.901217 -6.95404 -6.927901 2.307266 0.539744 2.586462 -0.18221 1.903519 -3.749412 0.880346 0.507003 12.929961 -2.020326 3.31924 4.712852 -0.406843 0.702688 -3.558881 -0.29546 0.189287 -13.892058 7.7e-05 -2.2e-05 6e-06 0.036225 0.094639 0.041828 0.648383 -3.656944 -10.607305 -0.588482 3.843554 -10.62736 -14.908433 -3.283619 13.75134 -65.793823 3.612589 6.419208 -0.098734 -20.221409 0.001214 3.792545 -2.899384 -6.908343 -5.882102 9.861279 0.70259 -10.936861 -0.360574 7.156197 0.0 8.774815 -0.0 -16.159824 18.117485 5.958468 -1.844031 2.498503 -2.507276 -10.16359 4.678941 4.621104 -20.975996 -1e-06 1e-06 -21.226254 2.451698 -3.593995 0.0 -6e-06 -0.0 -1.362681 2.240797 -0.746323 -21.334892 0.58491 3.008319 -13.821196 -1e-06 1e-06 -23.887129 -0.249075 -0.839485 -60.897495 2.49082 -1.065983 -0.294025 1.679686 0.833255 -14.218195 0.093215 1.300579 -34.212002 -0.287561 0.967166 -20.033176 0.964536 1.212838 0.0 -0.0 0.0 -3.440387 0.788233 0.501655 -15.928172 -3.167306 2.999703 -6.338817 -0.0 1e-06 -18.123419 3.648181 -4.905662 -4e-06 0.0 -2e-06 9.022473 15.781907 13.40348 60.304081 15.266096 12.626241 -0.010496 35.885136 -0.168615 -8.080794 3.115721 -2.203238 2.24354 -5.255033 -3.180156 14.282877 -0.826594 6.952496 -0.0 -12.690593 -1e-06 15.948855 -17.765345 2.72196 1.665665 -1.95592 -2.878297 4.727794 -4.170584 4.993919 11.020511 1e-06 -0.0 12.109032 -3.735715 -2.866778 0.0 -0.0 0.0 1.291985 -1.928548 -1.498088 14.800115 0.567467 3.865604 14.242553 -1.341738 -6.660648 19.631935 0.143921 -0.648243 49.906502 -0.721649 -6.192354 0.353029 -1.51115 -0.03194 20.222769 3.684305 2.316629 18.787249 1e-06 -1e-06 10.751608 -0.47987 1.397903 0.0 -0.0 0.0 3.273804 0.305947 -0.58011 21.48679 11.830364 2.266131 8.162915 0.0 -0.0 18.399052 -3.798986 -4.940567 3e-06 0.0 -1e-06 4.248116 14.222073 -22.698509 0.099337 0.4685 13.595791 -5.468868 11.968097 3.387055 1.647705 -2.123744 -4.550142 0.0 -0.0 2e-06 4.204304 -2.742283 23.099066 -0.136777 0.084141 2.06613 0.735958 -9.117654 -11.224622 -1.463072 0.93909 -2.055034 0.0 -0.0 -1e-06 
0.0 0.0 0.0 0.0 -0.0 0.0 0.262411 95.558998 95.351776 -3.443382 -8.805668 -6.049928 2.656411 0.47092 2.136841 0.028773 2.271745 -3.897461 1.611701 0.64362 13.14247 -3.467014 3.839086 3.758655 -0.322949 1.219498 -3.526025 -0.331199 0.839524 -14.224375 7.7e-05 -2.2e-05 6e-06 0.029827 0.036095 0.056963 0.622662 -3.728015 -10.613649 -0.576499 3.797193 -10.613764 -16.357779 -2.267818 13.556314 -66.205101 5.573873 4.25475 -0.051477 -18.12126 -0.033919 3.196987 -2.253848 -7.61292 -5.882102 9.861279 0.70259 -10.936861 -0.360574 7.156197 0.0 8.774815 -0.0 -16.210415 18.156868 5.987348 -1.844031 2.498503 -2.507276 -10.16359 4.678941 4.621104 -20.975996 -1e-06 1e-06 -21.226254 2.451698 -3.593995 0.0 -6e-06 -0.0 -1.362681 2.240797 -0.746323 -21.334892 0.58491 3.008319 -13.821196 -1e-06 1e-06 -23.887129 -0.249075 -0.839485 -61.187321 2.482981 -1.101876 -0.294025 1.679686 0.833255 -14.218195 0.093215 1.300579 -34.212002 -0.287561 0.967166 -20.033176 0.964536 1.212838 0.0 -0.0 0.0 -3.440387 0.788233 0.501655 -15.928172 -3.167306 2.999703 -6.338817 -0.0 1e-06 -18.123419 3.648181 -4.905662 -4e-06 0.0 -2e-06 8.591848 17.060089 13.011894 58.451115 17.370159 12.513885 0.020603 36.983685 -0.118828 -8.628138 3.430971 -2.940809 2.24354 -5.255033 -3.180156 14.282877 -0.826594 6.952496 -0.0 -12.690593 -1e-06 15.833924 -17.851805 2.837969 1.665665 -1.95592 -2.878297 4.727794 -4.170584 4.993919 11.020511 1e-06 -0.0 12.109032 -3.735715 -2.866778 0.0 -0.0 0.0 1.291985 -1.928548 -1.498088 14.800115 0.567467 3.865604 14.242553 -1.341738 -6.660648 19.631935 0.143921 -0.648243 49.966915 -0.70661 -6.213931 0.353029 -1.51115 -0.03194 20.222769 3.684305 2.316629 18.787249 1e-06 -1e-06 10.751608 -0.47987 1.397903 0.0 -0.0 0.0 3.273804 0.305947 -0.58011 21.48679 11.830364 2.266131 8.162915 0.0 -0.0 18.399052 -3.798986 -4.940567 3e-06 0.0 -1e-06 4.477107 15.175002 -22.618504 -0.04311 0.251214 2.248439 -7.698874 11.602284 1.634652 1.461003 -2.208365 -4.937821 0.0 -0.0 2e-06 2.50413 -3.718435 25.953794 -0.066171 0.018966 1.970664 2.924907 -6.332459 -10.082451 -1.43641 0.790647 -3.952128 0.0 -0.0 -1e-06 
0.0 0.0 0.0 0.0 -0.0 0.0 1.005346 94.840118 101.57682 -3.045229 -10.040497 -5.098248 2.399164 0.550397 1.684242 0.097345 2.535848 -4.13937 1.774482 0.771394 13.0952 -4.151034 3.937099 2.823302 -0.158249 1.390213 -3.518014 -0.280358 1.434 -14.327959 7.7e-05 -2.2e-05 6e-06 0.01549 -0.050254 0.038609 0.627436 -3.808055 -10.613078 -0.609837 3.705181 -10.615685 -17.098061 -2.024109 13.58157 -66.820496 6.929595 2.609899 -0.08976 -15.618396 0.008009 2.426106 -1.244757 -7.897403 -5.882102 9.861279 0.70259 -10.936861 -0.360574 7.156197 0.0 8.774815 -0.0 -16.41144 18.102861 5.983601 -1.844031 2.498503 -2.507276 -10.16359 4.678941 4.621104 -20.975996 -1e-06 1e-06 -21.226254 2.451698 -3.593995 0.0 -6e-06 -0.0 -1.362681 2.240797 -0.746323 -21.334892 0.58491 3.008319 -13.821196 -1e-06 1e-06 -23.887129 -0.249075 -0.839485 -61.390636 2.525583 -1.014837 -0.294025 1.679686 0.833255 -14.218195 0.093215 1.300579 -34.212002 -0.287561 0.967166 -20.033176 0.964536 1.212838 0.0 -0.0 0.0 -3.440387 0.788233 0.501655 -15.928172 -3.167306 2.999703 -6.338817 -0.0 1e-06 -18.123419 3.648181 -4.905662 -4e-06 0.0 -2e-06 8.176509 17.833506 12.697845 57.776897 18.86236 11.453524 0.002886 37.261234 0.014121 -9.497754 3.496925 -3.988997 2.24354 -5.255033 -3.180156 14.282877 -0.826594 6.952496 -0.0 -12.690593 -1e-06 15.814987 -17.846682 2.830009 1.665665 -1.95592 -2.878297 4.727794 -4.170584 4.993919 11.020511 1e-06 -0.0 12.109032 -3.735715 -2.866778 0.0 -0.0 0.0 1.291985 -1.928548 -1.498088 14.800115 0.567467 3.865604 14.242553 -1.341738 -6.660648 19.631935 0.143921 -0.648243 49.866116 -0.625145 -6.191551 0.353029 -1.51115 -0.03194 20.222769 3.684305 2.316629 18.787249 1e-06 -1e-06 10.751608 -0.47987 1.397903 0.0 -0.0 0.0 3.273804 0.305947 -0.58011 21.48679 11.830364 2.266131 8.162915 0.0 -0.0 18.399052 -3.798986 -4.940567 3e-06 0.0 -1e-06 3.092882 16.06496 -23.906511 -0.048793 0.05875 0.038159 -9.149619 12.166809 -0.824693 1.407967 -2.214631 -5.356271 0.0 -0.0 2e-06 -0.348642 -4.324075 28.136671 -0.056296 0.091901 2.679505 5.314895 -3.981011 -7.077541 -1.402466 0.68598 -7.167495 0.0 -0.0 -1e-06 
0.0 0.0 0.0 0.0 -0.0 0.0 1.887861 94.594002 108.032547 -1.091983 -10.486522 -3.923634 0.932649 0.725596 0.732704 -0.034394 2.728297 -4.618644 1.395476 0.951704 12.852166 -3.626691 3.750016 2.035569 -0.214118 1.69078 -3.560515 -0.334801 1.525093 -13.631109 7.7e-05 -2.2e-05 6e-06 0.010537 -0.059864 0.013044 0.644191 -3.810827 -10.654598 -0.633536 3.687748 -10.658115 -17.576519 -2.160581 13.631338 -67.036461 8.085727 1.412155 -0.134784 -13.574077 0.059669 1.538664 -0.032659 -7.228863 -5.882102 9.861279 0.70259 -10.936861 -0.360574 7.156197 0.0 8.774815 -0.0 -16.614008 18.039104 6.053139 -1.844031 2.498503 -2.507276 -10.16359 4.678941 4.621104 -20.975996 -1e-06 1e-06 -21.226254 2.451698 -3.593995 0.0 -6e-06 -0.0 -1.362681 2.240797 -0.746323 -21.334892 0.58491 3.008319 -13.821196 -1e-06 1e-06 -23.887129 -0.249075 -0.839485 -61.560791 2.461142 -0.857216 -0.294025 1.679686 0.833255 -14.218195 0.093215 1.300579 -34.212002 -0.287561 0.967166 -20.033176 0.964536 1.212838 0.0 -0.0 0.0 -3.440387 0.788233 0.501655 -15.928172 -3.167306 2.999703 -6.338817 -0.0 1e-06 -18.123419 3.648181 -4.905662 -4e-06 0.0 -2e-06 8.688808 18.026119 12.704074 57.384853 18.931868 10.010267 -0.238781 37.281033 -0.079837 -10.579758 3.226289 -5.535238 2.24354 -5.255033 -3.180156 14.282877 -0.826594 6.952496 -0.0 -12.690593 -1e-06 16.03145 -17.666544 2.829693 1.665665 -1.95592 -2.878297 4.727794 -4.170584 4.993919 11.020511 1e-06 -0.0 12.109032 -3.735715 -2.866778 0.0 -0.0 0.0 1.291985 -1.928548 -1.498088 14.800115 0.567467 3.865604 14.242553 -1.341738 -6.660648 19.631935 0.143921 -0.648243 50.004948 -0.650562 -6.035742 0.353029 -1.51115 -0.03194 20.222769 3.684305 2.316629 18.787249 1e-06 -1e-06 10.751608 -0.47987 1.397903 0.0 -0.0 0.0 3.273804 0.305947 -0.58011 21.48679 11.830364 2.266131 8.162915 0.0 -0.0 18.399052 -3.798986 -4.940567 3e-06 0.0 -1e-06 0.004534 15.691613 -24.102022 -0.176909 -0.028015 1.974946 -7.012882 12.546266 1.416149 1.638011 -2.156907 -6.391299 0.0 -0.0 2e-06 -4.408001 -4.058689 27.676508 -0.011626 0.360489 7.378548 7.373936 -3.055416 -3.122021 -1.455572 0.733643 -14.29015 0.0 -0.0 -1e-06 
0.0 0.0 0.0 0.0 -0.0 0.0 2.799035 95.049736 114.548111 2.21305 -10.16857 -2.846098 -1.39583 0.765418 -0.314119 -0.402077 2.940461 -5.112534 0.306159 1.017791 12.580068 -2.337102 3.440337 1.184979 -0.330071 1.526805 -3.714809 -0.086377 1.598086 -12.701774 7.7e-05 -2.2e-05 6e-06 0.021607 -0.076731 -0.034407 0.650685 -3.812137 -10.629226 -0.616853 3.654909 -10.658423 -18.16905 -2.771113 13.034011 -66.354958 9.425228 1.188939 -0.042928 -12.378073 0.060808 0.441604 0.521363 -7.225168 -5.882102 9.861279 0.70259 -10.936861 -0.360574 7.156197 0.0 8.774815 -0.0 -16.809034 18.00242 6.05576 -1.844031 2.498503 -2.507276 -10.16359 4.678941 4.621104 -20.975996 -1e-06 1e-06 -21.226254 2.451698 -3.593995 0.0 -6e-06 -0.0 -1.362681 2.240797 -0.746323 -21.334892 0.58491 3.008319 -13.821196 -1e-06 1e-06 -23.887129 -0.249075 -0.839485 -61.463139 2.423613 -0.519135 -0.294025 1.679686 0.833255 -14.218195 0.093215 1.300579 -34.212002 -0.287561 0.967166 -20.033176 0.964536 1.212838 0.0 -0.0 0.0 -3.440387 0.788233 0.501655 -15.928172 -3.167306 2.999703 -6.338817 -0.0 1e-06 -18.123419 3.648181 -4.905662 -4e-06 0.0 -2e-06 10.947273 17.472603 12.587583 56.418442 17.66761 8.209628 -0.1965 37.092491 0.093564 -11.701441 3.224178 -4.896928 2.24354 -5.255033 -3.180156 14.282877 -0.826594 6.952496 -0.0 -12.690593 -1e-06 15.803658 -17.665031 3.035398 1.665665 -1.95592 -2.878297 4.727794 -4.170584 4.993919 11.020511 1e-06 -0.0 12.109032 -3.735715 -2.866778 0.0 -0.0 0.0 1.291985 -1.928548 -1.498088 14.800115 0.567467 3.865604 14.242553 -1.341738 -6.660648 19.631935 0.143921 -0.648243 50.149296 -0.676718 -5.83891 0.353029 -1.51115 -0.03194 20.222769 3.684305 2.316629 18.787249 1e-06 -1e-06 10.751608 -0.47987 1.397903 0.0 -0.0 0.0 3.273804 0.305947 -0.58011 21.48679 11.830364 2.266131 8.162915 0.0 -0.0 18.399052 -3.798986 -4.940567 3e-06 0.0 -1e-06 -4.173442 13.391535 -25.825953 -0.118762 0.079471 7.367417 -0.412573 11.929439 12.530774 1.77761 -1.983098 -5.108386 0.0 -0.0 2e-06 -9.613128 -4.323279 24.403961 -0.128761 0.712615 16.017893 8.299866 -2.804903 3.343466 -1.547996 0.750337 -24.546408 0.0 -0.0 -1e-06 
0.0 0.0 0.0 0.0 -0.0 0.0 3.623091 95.464066 121.02919 4.499872 -8.720243 -3.233494 -2.445098 0.709264 -0.024675 -0.846941 2.975917 -4.959188 -1.166336 1.091965 12.028327 -0.873243 2.765112 0.9699 -0.560059 0.954112 -3.666569 0.257614 1.533474 -13.612992 7.7e-05 -2.2e-05 6e-06 0.019415 -0.078135 -0.030518 0.676056 -3.792948 -10.545544 -0.647112 3.631308 -10.595467 -15.756519 -3.902162 13.240255 -67.846298 8.873364 1.862183 0.099132 -11.834807 0.029783 -0.68179 1.123607 -6.777145 -5.882102 9.861279 0.70259 -10.936861 -0.360574 7.156197 0.0 8.774815 -0.0 -16.658636 17.961666 5.982074 -1.844031 2.498503 -2.507276 -10.16359 4.678941 4.621104 -20.975996 -1e-06 1e-06 -21.226254 2.451698 -3.593995 0.0 -6e-06 -0.0 -1.362681 2.240797 -0.746323 -21.334892 0.58491 3.008319 -13.821196 -1e-06 1e-06 -23.887129 -0.249075 -0.839485 -61.084766 2.465265 -0.808206 -0.294025 1.679686 0.833255 -14.218195 0.093215 1.300579 -34.212002 -0.287561 0.967166 -20.033176 0.964536 1.212838 0.0 -0.0 0.0 -3.440387 0.788233 0.501655 -15.928172 -3.167306 2.999703 -6.338817 -0.0 1e-06 -18.123419 3.648181 -4.905662 -4e-06 0.0 -2e-06 10.720157 16.638088 12.628388 58.915356 16.383945 5.735586 -0.254538 36.523937 0.097376 -13.779257 3.89986 -4.876585 2.24354 -5.255033 -3.180156 14.282877 -0.826594 6.952496 -0.0 -12.690593 -1e-06 15.737673 -17.678991 3.002405 1.665665 -1.95592 -2.878297 4.727794 -4.170584 4.993919 11.020511 1e-06 -0.0 12.109032 -3.735715 -2.866778 0.0 -0.0 0.0 1.291985 -1.928548 -1.498088 14.800115 0.567467 3.865604 14.242553 -1.341738 -6.660648 19.631935 0.143921 -0.648243 50.00869 -0.560399 -5.951175 0.353029 -1.51115 -0.03194 20.222769 3.684305 2.316629 18.787249 1e-06 -1e-06 10.751608 -0.47987 1.397903 0.0 -0.0 0.0 3.273804 0.305947 -0.58011 21.48679 11.830364 2.266131 8.162915 0.0 -0.0 18.399052 -3.798986 -4.940567 3e-06 0.0 -1e-06 -6.731975 10.769945 -26.417709 -0.02855 0.052226 15.647609 1.984597 11.192273 12.440772 1.726559 -1.984755 -2.773047 0.0 -0.0 2e-06 -12.666159 -4.62446 19.843609 -0.2673 1.166504 29.067738 7.132528 -5.479402 13.607113 -1.613477 0.665545 -29.465096 0.0 -0.0 -1e-06 
0.0 0.0 0.0 0.0 -0.0 0.0 4.411291 95.964851 127.26635 6.050033 -7.321687 -4.528774 -3.045475 0.605941 0.872096 -1.129577 2.920257 -4.598316 -2.159155 0.99639 11.838942 -0.048811 2.599448 1.177079 -0.667803 0.525417 -3.570842 0.588315 0.972367 -14.30831 7.7e-05 -2.2e-05 6e-06 0.038301 0.024914 0.028076 0.69561 -3.691988 -10.507812 -0.630908 3.736996 -10.520544 -13.366704 -5.075707 13.776549 -69.122704 7.415286 3.059078 0.072158 -12.712076 0.011879 -1.74246 1.507314 -6.546451 -5.882102 9.861279 0.70259 -10.936861 -0.360574 7.156197 0.0 8.774815 -0.0 -16.593996 18.234451 5.942213 -1.844031 2.498503 -2.507276 -10.16359 4.678941 4.621104 -20.975996 -1e-06 1e-06 -21.226254 2.451698 -3.593995 0.0 -6e-06 -0.0 -1.362681 2.240797 -0.746323 -21.334892 0.58491 3.008319 -13.821196 -1e-06 1e-06 -23.887129 -0.249075 -0.839485 -61.132999 2.343448 -1.041487 -0.294025 1.679686 0.833255 -14.218195 0.093215 1.300579 -34.212002 -0.287561 0.967166 -20.033176 0.964536 1.212838 0.0 -0.0 0.0 -3.440387 0.788233 0.501655 -15.928172 -3.167306 2.999703 -6.338817 -0.0 1e-06 -18.123419 3.648181 -4.905662 -4e-06 0.0 -2e-06 9.617554 16.007204 12.744697 61.801273 15.047986 4.905337 -0.457296 35.906433 -0.067992 -14.17597 4.007114 -5.646633 2.24354 -5.255033 -3.180156 14.282877 -0.826594 6.952496 -0.0 -12.690593 -1e-06 15.887316 -17.581251 3.023911 1.665665 -1.95592 -2.878297 4.727794 -4.170584 4.993919 11.020511 1e-06 -0.0 12.109032 -3.735715 -2.866778 0.0 -0.0 0.0 1.291985 -1.928548 -1.498088 14.800115 0.567467 3.865604 14.242553 -1.341738 -6.660648 19.631935 0.143921 -0.648243 50.043831 -0.477062 -5.805045 0.353029 -1.51115 -0.03194 20.222769 3.684305 2.316629 18.787249 1e-06 -1e-06 10.751608 -0.47987 1.397903 0.0 -0.0 0.0 3.273804 0.305947 -0.58011 21.48679 11.830364 2.266131 8.162915 0.0 -0.0 18.399052 -3.798986 -4.940567 3e-06 0.0 -1e-06 -8.522141 9.258734 -23.131031 -0.050079 0.14048 19.671789 3.325219 10.970291 8.910482 1.661322 -1.991808 -1.526292 0.0 -0.0 2e-06 -13.99554 -3.953645 14.147494 -0.126899 1.10673 43.414738 3.906607 -9.370831 24.830839 -1.401153 0.773226 -12.206542 0.0 -0.0 -1e-06 
0.0 0.0 0.0 0.0 -0.0 0.0 5.072836 96.848175 133.178879 7.262392 -6.69305 -5.613239 -3.64144 0.540461 1.559275 -1.297519 2.835527 -4.288925 -2.589621 0.485378 11.853282 -0.056833 2.668433 1.579207 -0.634102 0.62898 -3.539035 0.766052 0.790361 -14.807644 7.7e-05 -2.2e-05 6e-06 0.043393 0.081999 0.076142 0.695829 -3.646683 -10.504889 -0.62121 3.809717 -10.499595 -12.80465 -5.390191 13.652489 -68.370377 6.01808 4.187993 -0.115692 -14.41591 0.042442 -1.963638 1.103524 -6.299625 -5.882102 9.861279 0.70259 -10.936861 -0.360574 7.156197 0.0 8.774815 -0.0 -16.508617 18.479187 5.965745 -1.844031 2.498503 -2.507276 -10.16359 4.678941 4.621104 -20.975996 -1e-06 1e-06 -21.226254 2.451698 -3.593995 0.0 -6e-06 -0.0 -1.362681 2.240797 -0.746323 -21.334892 0.58491 3.008319 -13.821196 -1e-06 1e-06 -23.887129 -0.249075 -0.839485 -61.187969 2.348332 -1.245062 -0.294025 1.679686 0.833255 -14.218195 0.093215 1.300579 -34.212002 -0.287561 0.967166 -20.033176 0.964536 1.212838 0.0 -0.0 0.0 -3.440387 0.788233 0.501655 -15.928172 -3.167306 2.999703 -6.338817 -0.0 1e-06 -18.123419 3.648181 -4.905662 -4e-06 0.0 -2e-06 9.653867 15.558459 13.035354 62.755466 13.862588 6.317066 -0.6024 34.983109 -0.250288 -13.194963 3.992908 -5.032929 2.24354 -5.255033 -3.180156 14.282877 -0.826594 6.952496 -0.0 -12.690593 -1e-06 16.011524 -17.653126 3.010891 1.665665 -1.95592 -2.878297 4.727794 -4.170584 4.993919 11.020511 1e-06 -0.0 12.109032 -3.735715 -2.866778 0.0 -0.0 0.0 1.291985 -1.928548 -1.498088 14.800115 0.567467 3.865604 14.242553 -1.341738 -6.660648 19.631935 0.143921 -0.648243 50.018784 -0.529856 -5.851764 0.353029 -1.51115 -0.03194 20.222769 3.684305 2.316629 18.787249 1e-06 -1e-06 10.751608 -0.47987 1.397903 0.0 -0.0 0.0 3.273804 0.305947 -0.58011 21.48679 11.830364 2.266131 8.162915 0.0 -0.0 18.399052 -3.798986 -4.940567 3e-06 0.0 -1e-06 -10.048771 8.376616 -17.993088 0.064184 0.177924 19.656298 3.601304 11.665011 4.687537 1.637957 -2.019825 -1.177423 0.0 -0.0 2e-06 -14.663909 -3.252204 8.001958 -0.077095 0.742725 55.401943 0.597513 -11.425884 25.069021 -1.490733 0.907015 -5.137904 0.0 -0.0 -1e-06 
0.0 0.0 0.0 0.0 -0.0 0.0 5.564648 97.985626 138.726151 7.142041 -6.542945 -6.456054 -3.547236 0.47247 1.928873 -1.281325 2.472851 -4.100604 -2.335703 0.022529 12.183379 -0.226125 2.847114 2.162859 -0.605183 0.837165 -3.521564 0.736785 0.777337 -14.586921 7.7e-05 -2.2e-05 6e-06 0.050797 0.119104 0.084891 0.699331 -3.616557 -10.511971 -0.608554 3.857102 -10.519379 -13.488941 -5.306104 13.460089 -66.513153 4.199544 4.507031 -0.250163 -16.244339 0.078578 -0.451445 -0.027938 -5.49801 -5.882102 9.861279 0.70259 -10.936861 -0.360574 7.156197 0.0 8.774815 -0.0 -16.693403 18.439442 5.773425 -1.844031 2.498503 -2.507276 -10.16359 4.678941 4.621104 -20.975996 -1e-06 1e-06 -21.226254 2.451698 -3.593995 0.0 -6e-06 -0.0 -1.362681 2.240797 -0.746323 -21.334892 0.58491 3.008319 -13.821196 -1e-06 1e-06 -23.887129 -0.249075 -0.839485 -61.062084 2.358163 -1.291049 -0.294025 1.679686 0.833255 -14.218195 0.093215 1.300579 -34.212002 -0.287561 0.967166 -20.033176 0.964536 1.212838 0.0 -0.0 0.0 -3.440387 0.788233 0.501655 -15.928172 -3.167306 2.999703 -6.338817 -0.0 1e-06 -18.123419 3.648181 -4.905662 -4e-06 0.0 -2e-06 10.267065 15.1838 13.507118 62.737988 12.817159 8.182814 -0.551893 33.409252 -0.342475 -11.718321 3.741333 -3.289355 2.24354 -5.255033 -3.180156 14.282877 -0.826594 6.952496 -0.0 -12.690593 -1e-06 16.048334 -17.685768 2.942192 1.665665 -1.95592 -2.878297 4.727794 -4.170584 4.993919 11.020511 1e-06 -0.0 12.109032 -3.735715 -2.866778 0.0 -0.0 0.0 1.291985 -1.928548 -1.498088 14.800115 0.567467 3.865604 14.242553 -1.341738 -6.660648 19.631935 0.143921 -0.648243 50.097656 -0.495697 -5.833959 0.353029 -1.51115 -0.03194 20.222769 3.684305 2.316629 18.787249 1e-06 -1e-06 10.751608 -0.47987 1.397903 0.0 -0.0 0.0 3.273804 0.305947 -0.58011 21.48679 11.830364 2.266131 8.162915 0.0 -0.0 18.399052 -3.798986 -4.940567 3e-06 0.0 -1e-06 -10.064793 7.975416 -11.574088 0.102983 0.128309 16.33242 3.46032 12.375437 2.253171 1.63023 -2.04125 -1.071225 0.0 -0.0 2e-06 -13.409774 -2.575855 1.831223 -0.027861 0.408701 63.210144 -1.379016 -13.658517 20.105556 -1.56457 0.907133 -4.660746 0.0 -0.0 -1e-06 
0.0 0.0 0.0 0.0 -0.0 0.0 5.923232 99.021935 144.082031 6.106324 -6.158398 -7.235156 -3.101979 0.338197 2.366564 -1.119869 1.875185 -3.872687 -1.651664 -0.542089 12.301835 -0.274891 2.99018 3.102328 -0.532478 0.899706 -3.514455 0.598379 0.825857 -14.025285 7.7e-05 -2.2e-05 6e-06 0.050356 0.125011 0.083769 0.694294 -3.619077 -10.526969 -0.602383 3.873091 -10.543528 -13.408233 -5.473649 13.321115 -65.458939 2.074978 4.471218 -0.302567 -18.367491 0.113422 1.675389 -1.285314 -4.40661 -5.882102 9.861279 0.70259 -10.936861 -0.360574 7.156197 0.0 8.774815 -0.0 -16.767075 18.420048 5.661628 -1.844031 2.498503 -2.507276 -10.16359 4.678941 4.621104 -20.975996 -1e-06 1e-06 -21.226254 2.451698 -3.593995 0.0 -6e-06 -0.0 -1.362681 2.240797 -0.746323 -21.334892 0.58491 3.008319 -13.821196 -1e-06 1e-06 -23.887129 -0.249075 -0.839485 -60.873363 2.40176 -1.305323 -0.294025 1.679686 0.833255 -14.218195 0.093215 1.300579 -34.212002 -0.287561 0.967166 -20.033176 0.964536 1.212838 0.0 -0.0 0.0 -3.440387 0.788233 0.501655 -15.928172 -3.167306 2.999703 -6.338817 -0.0 1e-06 -18.123419 3.648181 -4.905662 -4e-06 0.0 -2e-06 10.338584 14.689493 13.877336 63.261486 11.496055 10.004379 -0.428021 31.388798 -0.336917 -9.987741 2.849375 -1.209844 2.24354 -5.255033 -3.180156 14.282877 -0.826594 6.952496 -0.0 -12.690593 -1e-06 16.101347 -17.626547 2.79755 1.665665 -1.95592 -2.878297 4.727794 -4.170584 4.993919 11.020511 1e-06 -0.0 12.109032 -3.735715 -2.866778 0.0 -0.0 0.0 1.291985 -1.928548 -1.498088 14.800115 0.567467 3.865604 14.242553 -1.341738 -6.660648 19.631935 0.143921 -0.648243 50.031986 -0.404098 -5.879239 0.353029 -1.51115 -0.03194 20.222769 3.684305 2.316629 18.787249 1e-06 -1e-06 10.751608 -0.47987 1.397903 0.0 -0.0 0.0 3.273804 0.305947 -0.58011 21.48679 11.830364 2.266131 8.162915 0.0 -0.0 18.399052 -3.798986 -4.940567 3e-06 0.0 -1e-06 -9.078923 7.55122 -4.502903 0.083208 0.016048 11.445634 3.261683 12.707475 0.928177 1.625575 -2.036437 -1.041908 0.0 -0.0 2e-06 -11.023702 -2.486974 -3.974772 0.026717 0.180512 66.88073 -2.163419 -15.324254 15.610917 -1.579866 0.887017 -4.554423 0.0 -0.0 -1e-06 
0.0 0.0 0.0 0.0 -0.0 0.0 6.13216 99.697891 149.43605 4.612781 -5.27388 -7.89884 -2.584041 0.16644 2.854605 -0.906291 1.147018 -3.645917 -0.815409 -1.269891 12.268353 -0.008328 2.935696 4.122207 -0.436187 0.834081 -3.518788 0.457424 0.883598 -13.395475 7.7e-05 -2.2e-05 6e-06 0.045056 0.108123 0.081783 0.692369 -3.644629 -10.567696 -0.608761 3.864463 -10.583175 -12.458386 -5.996031 13.202832 -64.981789 -0.066673 4.517473 -0.395916 -21.177351 0.118374 3.407057 -2.378365 -3.451691 -5.882102 9.861279 0.70259 -10.936861 -0.360574 7.156197 0.0 8.774815 -0.0 -16.59174 18.459082 5.695271 -1.844031 2.498503 -2.507276 -10.16359 4.678941 4.621104 -20.975996 -1e-06 1e-06 -21.226254 2.451698 -3.593995 0.0 -6e-06 -0.0 -1.362681 2.240797 -0.746323 -21.334892 0.58491 3.008319 -13.821196 -1e-06 1e-06 -23.887129 -0.249075 -0.839485 -60.72702 2.468607 -1.334299 -0.294025 1.679686 0.833255 -14.218195 0.093215 1.300579 -34.212002 -0.287561 0.967166 -20.033176 0.964536 1.212838 0.0 -0.0 0.0 -3.440387 0.788233 0.501655 -15.928172 -3.167306 2.999703 -6.338817 -0.0 1e-06 -18.123419 3.648181 -4.905662 -4e-06 0.0 -2e-06 10.377811 13.95278 14.086523 63.8405 9.622939 11.532863 -0.287874 29.382982 -0.27548 -8.145171 1.8693 0.452302 2.24354 -5.255033 -3.180156 14.282877 -0.826594 6.952496 -0.0 -12.690593 -1e-06 16.200123 -17.580332 2.649507 1.665665 -1.95592 -2.878297 4.727794 -4.170584 4.993919 11.020511 1e-06 -0.0 12.109032 -3.735715 -2.866778 0.0 -0.0 0.0 1.291985 -1.928548 -1.498088 14.800115 0.567467 3.865604 14.242553 -1.341738 -6.660648 19.631935 0.143921 -0.648243 49.932964 -0.341982 -5.994854 0.353029 -1.51115 -0.03194 20.222769 3.684305 2.316629 18.787249 1e-06 -1e-06 10.751608 -0.47987 1.397903 0.0 -0.0 0.0 3.273804 0.305947 -0.58011 21.48679 11.830364 2.266131 8.162915 0.0 -0.0 18.399052 -3.798986 -4.940567 3e-06 0.0 -1e-06 -7.525856 7.048542 2.451476 0.047915 -0.067428 6.594601 2.903896 12.476507 -0.140667 1.618202 -2.006538 -0.965326 0.0 -0.0 2e-06 -8.32408 -3.200398 -9.040459 0.052343 -0.011474 66.631416 -1.775276 -16.074389 11.912507 -1.52446 0.844434 -4.557617 0.0 -0.0 -1e-06 
0.0 0.0 0.0 0.0 -0.0 0.0 6.191079 99.89003 154.765671 3.155953 -3.914654 -8.22805 -2.186948 0.00319 3.198213 -0.753646 0.403577 -3.516117 -0.042228 -2.043746 12.282469 0.587576 2.62386 4.877987 -0.38233 0.804181 -3.551433 0.363896 0.808872 -12.934392 7.7e-05 -2.2e-05 6e-06 0.040495 0.074042 0.072617 0.694856 -3.678088 -10.605586 -0.618374 3.828817 -10.6166 -11.29875 -6.817127 13.015578 -64.157631 -2.275044 4.884881 -0.530069 -24.516472 0.102736 4.452171 -3.215285 -3.049819 -5.882102 9.861279 0.70259 -10.936861 -0.360574 7.156197 0.0 8.774815 -0.0 -16.301483 18.511349 5.852212 -1.844031 2.498503 -2.507276 -10.16359 4.678941 4.621104 -20.975996 -1e-06 1e-06 -21.226254 2.451698 -3.593995 0.0 -6e-06 -0.0 -1.362681 2.240797 -0.746323 -21.334892 0.58491 3.008319 -13.821196 -1e-06 1e-06 -23.887129 -0.249075 -0.839485 -60.652981 2.550892 -1.327079 -0.294025 1.679686 0.833255 -14.218195 0.093215 1.300579 -34.212002 -0.287561 0.967166 -20.033176 0.964536 1.212838 0.0 -0.0 0.0 -3.440387 0.788233 0.501655 -15.928172 -3.167306 2.999703 -6.338817 -0.0 1e-06 -18.123419 3.648181 -4.905662 -4e-06 0.0 -2e-06 10.981387 12.886832 14.19885 63.901466 7.318087 12.468213 -0.160009 27.541945 -0.189635 -6.749337 1.25868 1.318217 2.24354 -5.255033 -3.180156 14.282877 -0.826594 6.952496 -0.0 -12.690593 -1e-06 16.311129 -17.567816 2.549848 1.665665 -1.95592 -2.878297 4.727794 -4.170584 4.993919 11.020511 1e-06 -0.0 12.109032 -3.735715 -2.866778 0.0 -0.0 0.0 1.291985 -1.928548 -1.498088 14.800115 0.567467 3.865604 14.242553 -1.341738 -6.660648 19.631935 0.143921 -0.648243 49.853828 -0.371948 -6.135754 0.353029 -1.51115 -0.03194 20.222769 3.684305 2.316629 18.787249 1e-06 -1e-06 10.751608 -0.47987 1.397903 0.0 -0.0 0.0 3.273804 0.305947 -0.58011 21.48679 11.830364 2.266131 8.162915 0.0 -0.0 18.399052 -3.798986 -4.940567 3e-06 0.0 -1e-06 -5.866391 6.596402 8.207273 0.012121 -0.100094 3.288571 2.306216 11.569141 -1.769416 1.622444 -1.944307 -0.786498 0.0 -0.0 2e-06 -5.940711 -4.594007 -13.563341 -0.00605 -0.192153 62.79525 -0.573514 -15.945671 8.870107 -1.472344 0.81394 -4.625992 0.0 -0.0 -1e-06 
0.0 0.0 0.0 0.0 -0.0 0.0 6.147501 99.692574 159.955795 2.049814 -2.28565 -8.247211 -2.006987 -0.105987 3.386259 -0.697196 -0.335663 -3.477713 0.543936 -2.731727 12.419073 1.42117 2.150562 5.249783 -0.433844 0.818524 -3.586757 0.300582 0.641689 -12.833319 7.7e-05 -2.2e-05 6e-06 0.036771 0.031915 0.061037 0.68698 -3.71082 -10.607862 -0.616666 3.776994 -10.615266 -10.234363 -7.848661 12.792994 -62.803387 -4.769194 5.294818 -0.601298 -27.793848 0.075402 5.219354 -3.663482 -3.506531 -5.882102 9.861279 0.70259 -10.936861 -0.360574 7.156197 0.0 8.774815 -0.0 -15.963529 18.522392 6.093444 -1.844031 2.498503 -2.507276 -10.16359 4.678941 4.621104 -20.975996 -1e-06 1e-06 -21.226254 2.451698 -3.593995 0.0 -6e-06 -0.0 -1.362681 2.240797 -0.746323 -21.334892 0.58491 3.008319 -13.821196 -1e-06 1e-06 -23.887129 -0.249075 -0.839485 -60.608723 2.632975 -1.236028 -0.294025 1.679686 0.833255 -14.218195 0.093215 1.300579 -34.212002 -0.287561 0.967166 -20.033176 0.964536 1.212838 0.0 -0.0 0.0 -3.440387 0.788233 0.501655 -15.928172 -3.167306 2.999703 -6.338817 -0.0 1e-06 -18.123419 3.648181 -4.905662 -4e-06 0.0 -2e-06 12.021346 11.639756 14.253284 63.715244 4.923332 12.488318 -0.101012 25.581408 -0.126318 -6.045014 0.895842 1.578738 2.24354 -5.255033 -3.180156 14.282877 -0.826594 6.952496 -0.0 -12.690593 -1e-06 16.433434 -17.545593 2.455724 1.665665 -1.95592 -2.878297 4.727794 -4.170584 4.993919 11.020511 1e-06 -0.0 12.109032 -3.735715 -2.866778 0.0 -0.0 0.0 1.291985 -1.928548 -1.498088 14.800115 0.567467 3.865604 14.242553 -1.341738 -6.660648 19.631935 0.143921 -0.648243 49.848339 -0.43275 -6.225931 0.353029 -1.51115 -0.03194 20.222769 3.684305 2.316629 18.787249 1e-06 -1e-06 10.751608 -0.47987 1.397903 0.0 -0.0 0.0 3.273804 0.305947 -0.58011 21.48679 11.830364 2.266131 8.162915 0.0 -0.0 18.399052 -3.798986 -4.940567 3e-06 0.0 -1e-06 -4.466967 6.281003 12.465096 -0.019977 -0.127533 1.968305 1.631938 10.359229 -3.951999 1.643197 -1.894038 -0.542761 0.0 -0.0 2e-06 -4.090156 -6.306097 -17.436672 -0.116301 -0.282618 55.342335 0.803155 -15.515424 6.60325 -1.452725 0.832217 -4.756961 0.0 -0.0 -1e-06 
0.0 0.0 0.0 0.0 -0.0 0.0 6.0354 99.205574 165.026062 1.459799 -0.61805 -7.996723 -2.0925 -0.163349 3.401254 -0.709917 -1.065537 -3.505689 0.818412 -3.2905 12.651425 2.398977 1.659831 5.358197 -0.567456 0.753403 -3.597375 0.244549 0.500821 -13.069098 7.7e-05 -2.2e-05 6e-06 0.031232 0.019222 0.056106 0.664739 -3.715084 -10.5768 -0.604839 3.755827 -10.583513 -9.200243 -8.925288 12.567318 -61.220722 -7.613134 5.491182 -0.576547 -30.369925 0.039047 6.082864 -3.703394 -4.443788 -5.882102 9.861279 0.70259 -10.936861 -0.360574 7.156197 0.0 8.774815 -0.0 -15.718519 18.561882 6.320024 -1.844031 2.498503 -2.507276 -10.16359 4.678941 4.621104 -20.975996 -1e-06 1e-06 -21.226254 2.451698 -3.593995 0.0 -6e-06 -0.0 -1.362681 2.240797 -0.746323 -21.334892 0.58491 3.008319 -13.821196 -1e-06 1e-06 -23.887129 -0.249075 -0.839485 -60.610657 2.680469 -1.097933 -0.294025 1.679686 0.833255 -14.218195 0.093215 1.300579 -34.212002 -0.287561 0.967166 -20.033176 0.964536 1.212838 0.0 -0.0 0.0 -3.440387 0.788233 0.501655 -15.928172 -3.167306 2.999703 -6.338817 -0.0 1e-06 -18.123419 3.648181 -4.905662 -4e-06 0.0 -2e-06 13.108633 10.455954 14.276346 63.750732 2.703285 11.659883 -0.161708 23.39172 -0.077409 -5.856604 0.481838 1.457933 2.24354 -5.255033 -3.180156 14.282877 -0.826594 6.952496 -0.0 -12.690593 -1e-06 16.517696 -17.480886 2.368567 1.665665 -1.95592 -2.878297 4.727794 -4.170584 4.993919 11.020511 1e-06 -0.0 12.109032 -3.735715 -2.866778 0.0 -0.0 0.0 1.291985 -1.928548 -1.498088 14.800115 0.567467 3.865604 14.242553 -1.341738 -6.660648 19.631935 0.143921 -0.648243 49.898148 -0.452156 -6.256411 0.353029 -1.51115 -0.03194 20.222769 3.684305 2.316629 18.787249 1e-06 -1e-06 10.751608 -0.47987 1.397903 0.0 -0.0 0.0 3.273804 0.305947 -0.58011 21.48679 11.830364 2.266131 8.162915 0.0 -0.0 18.399052 -3.798986 -4.940567 3e-06 0.0 -1e-06 -3.402653 6.113318 15.802092 -0.04818 -0.133238 1.639194 0.929181 9.052602 -6.153325 1.668962 -1.91079 -0.411955 0.0 -0.0 2e-06 -2.794379 -8.136045 -20.067142 -0.14111 -0.196764 44.143604 1.853517 -15.422827 5.604697 -1.448842 0.886853 -5.055637 0.0 -0.0 -1e-06 
0.0 0.0 0.0 0.0 -0.0 0.0 5.872699 98.54158 170.089783 1.27181 1.023994 -7.567889 -2.318676 -0.257288 3.295097 -0.726581 -1.664961 -3.608618 0.776176 -3.711656 12.926063 3.349985 1.157216 5.260722 -0.698489 0.57039 -3.541812 0.146753 0.337291 -13.486598 7.7e-05 -2.2e-05 6e-06 0.01456 -0.008001 0.050735 0.636413 -3.746978 -10.561087 -0.609755 3.733786 -10.581078 -8.065964 -10.001984 12.452656 -59.801975 -10.822767 5.342859 -0.376607 -31.999041 0.034733 7.136676 -3.610561 -5.101757 -5.882102 9.861279 0.70259 -10.936861 -0.360574 7.156197 0.0 8.774815 -0.0 -15.652581 18.58219 6.341201 -1.844031 2.498503 -2.507276 -10.16359 4.678941 4.621104 -20.975996 -1e-06 1e-06 -21.226254 2.451698 -3.593995 0.0 -6e-06 -0.0 -1.362681 2.240797 -0.746323 -21.334892 0.58491 3.008319 -13.821196 -1e-06 1e-06 -23.887129 -0.249075 -0.839485 -60.597206 2.723873 -1.22463 -0.294025 1.679686 0.833255 -14.218195 0.093215 1.300579 -34.212002 -0.287561 0.967166 -20.033176 0.964536 1.212838 0.0 -0.0 0.0 -3.440387 0.788233 0.501655 -15.928172 -3.167306 2.999703 -6.338817 -0.0 1e-06 -18.123419 3.648181 -4.905662 -4e-06 0.0 -2e-06 13.883008 9.479816 14.333774 64.267418 0.627429 10.486111 -0.397159 21.191292 -0.02687 -5.877727 -0.345917 1.010229 2.24354 -5.255033 -3.180156 14.282877 -0.826594 6.952496 -0.0 -12.690593 -1e-06 16.463675 -17.409786 2.334501 1.665665 -1.95592 -2.878297 4.727794 -4.170584 4.993919 11.020511 1e-06 -0.0 12.109032 -3.735715 -2.866778 0.0 -0.0 0.0 1.291985 -1.928548 -1.498088 14.800115 0.567467 3.865604 14.242553 -1.341738 -6.660648 19.631935 0.143921 -0.648243 49.82753 -0.438791 -6.222592 0.353029 -1.51115 -0.03194 20.222769 3.684305 2.316629 18.787249 1e-06 -1e-06 10.751608 -0.47987 1.397903 0.0 -0.0 0.0 3.273804 0.305947 -0.58011 21.48679 11.830364 2.266131 8.162915 0.0 -0.0 18.399052 -3.798986 -4.940567 3e-06 0.0 -1e-06 -2.599997 5.921842 18.795998 -0.041998 -0.006946 1.579819 0.178946 7.693196 -7.738944 1.72165 -1.97978 -0.575188 0.0 -0.0 2e-06 -1.867927 -10.055064 -20.892622 -0.086277 -0.115783 29.016788 2.313519 -15.519299 5.463121 -1.456685 0.983987 -4.824773 0.0 -0.0 -1e-06 
0.0 0.0 0.0 0.0 -0.0 0.0 5.579358 97.568565 175.397125 1.560693 2.623384 -7.192532 -2.713145 -0.27042 3.172047 -0.865765 -2.08994 -3.739462 0.582084 -3.960542 13.137237 4.157943 0.832841 5.178532 -0.644851 0.233321 -3.490117 -0.044086 0.216 -13.958627 7.7e-05 -2.2e-05 6e-06 0.004077 -0.007948 0.063698 0.625429 -3.749338 -10.570996 -0.619243 3.738136 -10.597281 -7.001901 -11.001457 12.392759 -58.547836 -13.94232 5.15427 -0.045028 -33.414619 -0.058315 8.080249 -3.465565 -5.282395 -5.882102 9.861279 0.70259 -10.936861 -0.360574 7.156197 0.0 8.774815 -0.0 -15.649586 18.58358 6.45169 -1.844031 2.498503 -2.507276 -10.16359 4.678941 4.621104 -20.975996 -1e-06 1e-06 -21.226254 2.451698 -3.593995 0.0 -6e-06 -0.0 -1.362681 2.240797 -0.746323 -21.334892 0.58491 3.008319 -13.821196 -1e-06 1e-06 -23.887129 -0.249075 -0.839485 -60.70776 2.63351 -1.235507 -0.294025 1.679686 0.833255 -14.218195 0.093215 1.300579 -34.212002 -0.287561 0.967166 -20.033176 0.964536 1.212838 0.0 -0.0 0.0 -3.440387 0.788233 0.501655 -15.928172 -3.167306 2.999703 -6.338817 -0.0 1e-06 -18.123419 3.648181 -4.905662 -4e-06 0.0 -2e-06 14.081689 8.657329 14.214517 65.453011 -1.616327 9.052697 -0.473225 19.213886 0.045202 -5.948865 -1.282624 1.156968 2.24354 -5.255033 -3.180156 14.282877 -0.826594 6.952496 -0.0 -12.690593 -1e-06 16.313156 -17.28845 2.344122 1.665665 -1.95592 -2.878297 4.727794 -4.170584 4.993919 11.020511 1e-06 -0.0 12.109032 -3.735715 -2.866778 0.0 -0.0 0.0 1.291985 -1.928548 -1.498088 14.800115 0.567467 3.865604 14.242553 -1.341738 -6.660648 19.631935 0.143921 -0.648243 49.878857 -0.427462 -6.229781 0.353029 -1.51115 -0.03194 20.222769 3.684305 2.316629 18.787249 1e-06 -1e-06 10.751608 -0.47987 1.397903 0.0 -0.0 0.0 3.273804 0.305947 -0.58011 21.48679 11.830364 2.266131 8.162915 0.0 -0.0 18.399052 -3.798986 -4.940567 3e-06 0.0 -1e-06 -1.909644 6.072158 22.00391 -0.029922 0.063654 1.614739 -0.786219 6.262148 -8.882192 1.749182 -2.030247 -1.22412 0.0 -0.0 2e-06 -1.471711 -11.716673 -20.011211 0.079435 -0.12017 12.067845 3.713322 -14.210404 5.084316 -1.419343 1.060817 -4.740403 0.0 -0.0 -1e-06 
0.0 0.0 0.0 0.0 -0.0 0.0 5.170303 96.655365 181.054001 1.833187 3.862799 -6.615149 -2.948551 -0.194618 2.764209 -1.030165 -2.339036 -3.861632 0.383472 -4.063967 13.204987 4.719237 0.662256 5.051033 -0.591358 -0.00245 -3.507262 -0.229795 0.040572 -13.867499 7.7e-05 -2.2e-05 6e-06 0.009469 0.006801 0.054757 0.632169 -3.73708 -10.620418 -0.614514 3.758957 -10.6406 -6.402242 -11.714293 11.926748 -57.44791 -15.988277 4.842755 0.032174 -35.15675 -0.062251 8.862994 -3.511294 -5.346847 -5.882102 9.861279 0.70259 -10.936861 -0.360574 7.156197 0.0 8.774815 -0.0 -15.623599 18.527159 6.588448 -1.844031 2.498503 -2.507276 -10.16359 4.678941 4.621104 -20.975996 -1e-06 1e-06 -21.226254 2.451698 -3.593995 0.0 -6e-06 -0.0 -1.362681 2.240797 -0.746323 -21.334892 0.58491 3.008319 -13.821196 -1e-06 1e-06 -23.887129 -0.249075 -0.839485 -60.729568 2.525724 -1.160634 -0.294025 1.679686 0.833255 -14.218195 0.093215 1.300579 -34.212002 -0.287561 0.967166 -20.033176 0.964536 1.212838 0.0 -0.0 0.0 -3.440387 0.788233 0.501655 -15.928172 -3.167306 2.999703 -6.338817 -0.0 1e-06 -18.123419 3.648181 -4.905662 -4e-06 0.0 -2e-06 14.421623 8.094643 13.930715 66.37571 -4.155368 7.709117 -0.401833 17.823389 0.089665 -5.638598 -2.262711 1.751541 2.24354 -5.255033 -3.180156 14.282877 -0.826594 6.952496 -0.0 -12.690593 -1e-06 16.090626 -17.105637 2.393204 1.665665 -1.95592 -2.878297 4.727794 -4.170584 4.993919 11.020511 1e-06 -0.0 12.109032 -3.735715 -2.866778 0.0 -0.0 0.0 1.291985 -1.928548 -1.498088 14.800115 0.567467 3.865604 14.242553 -1.341738 -6.660648 19.631935 0.143921 -0.648243 49.682941 -0.405764 -6.297479 0.353029 -1.51115 -0.03194 20.222769 3.684305 2.316629 18.787249 1e-06 -1e-06 10.751608 -0.47987 1.397903 0.0 -0.0 0.0 3.273804 0.305947 -0.58011 21.48679 11.830364 2.266131 8.162915 0.0 -0.0 18.399052 -3.798986 -4.940567 3e-06 0.0 -1e-06 -0.937368 6.305145 25.041792 -0.074706 0.024229 1.66944 -1.867637 4.721564 -8.242677 1.786501 -1.93283 -2.526718 0.0 -0.0 2e-06 -1.068862 -11.982333 -19.422327 0.134129 -0.051852 -0.63823 6.192397 -13.146476 4.094405 -1.305013 1.123126 -4.731875 0.0 -0.0 -1e-06 
0.0 0.0 0.0 0.0 -0.0 0.0 4.670208 95.954796 186.954803 1.651281 4.585726 -5.876076 -2.831476 -0.145972 2.254001 -1.057908 -2.582244 -4.007576 0.3235 -4.094253 13.088491 4.84098 0.59057 4.77161 -0.576207 0.16472 -3.509495 -0.424217 0.023999 -13.603979 7.7e-05 -2.2e-05 6e-06 0.003652 -0.015368 0.058968 0.617134 -3.763561 -10.627475 -0.610246 3.742671 -10.619184 -6.024491 -12.073956 11.399031 -57.06266 -17.04952 3.703107 -0.300486 -37.089207 0.07897 9.768805 -4.199906 -5.23864 -5.882102 9.861279 0.70259 -10.936861 -0.360574 7.156197 0.0 8.774815 -0.0 -15.737914 18.442545 6.601986 -1.844031 2.498503 -2.507276 -10.16359 4.678941 4.621104 -20.975996 -1e-06 1e-06 -21.226254 2.451698 -3.593995 0.0 -6e-06 -0.0 -1.362681 2.240797 -0.746323 -21.334892 0.58491 3.008319 -13.821196 -1e-06 1e-06 -23.887129 -0.249075 -0.839485 -60.957363 2.44586 -1.005376 -0.294025 1.679686 0.833255 -14.218195 0.093215 1.300579 -34.212002 -0.287561 0.967166 -20.033176 0.964536 1.212838 0.0 -0.0 0.0 -3.440387 0.788233 0.501655 -15.928172 -3.167306 2.999703 -6.338817 -0.0 1e-06 -18.123419 3.648181 -4.905662 -4e-06 0.0 -2e-06 14.77637 7.943508 13.849983 66.967339 -6.173497 6.871809 -0.3231 16.540838 0.091109 -5.124395 -3.104116 1.851493 2.24354 -5.255033 -3.180156 14.282877 -0.826594 6.952496 -0.0 -12.690593 -1e-06 16.002304 -17.054178 2.440167 1.665665 -1.95592 -2.878297 4.727794 -4.170584 4.993919 11.020511 1e-06 -0.0 12.109032 -3.735715 -2.866778 0.0 -0.0 0.0 1.291985 -1.928548 -1.498088 14.800115 0.567467 3.865604 14.242553 -1.341738 -6.660648 19.631935 0.143921 -0.648243 49.539131 -0.302315 -6.353974 0.353029 -1.51115 -0.03194 20.222769 3.684305 2.316629 18.787249 1e-06 -1e-06 10.751608 -0.47987 1.397903 0.0 -0.0 0.0 3.273804 0.305947 -0.58011 21.48679 11.830364 2.266131 8.162915 0.0 -0.0 18.399052 -3.798986 -4.940567 3e-06 0.0 -1e-06 0.683765 6.361676 27.521389 -0.089969 -0.172956 2.499676 -3.426814 3.467813 -5.352883 1.83996 -1.851103 -5.340697 0.0 -0.0 2e-06 0.070518 -11.811356 -20.682978 0.024242 0.091329 -3.60099 7.973556 -12.920689 1.929554 -1.249899 1.107604 -5.048413 0.0 -0.0 -1e-06 
0.0 0.0 0.0 0.0 -0.0 0.0 4.048425 95.502716 193.154053 0.473981 4.857178 -4.914873 -2.00096 -0.16248 1.402399 -0.924294 -2.685109 -4.238733 0.552676 -4.138117 12.904757 4.516879 0.848346 4.500107 -0.657569 -0.029953 -3.493128 -0.449242 -0.015027 -13.135038 7.7e-05 -2.2e-05 6e-06 -0.009202 -0.024505 0.066235 0.599637 -3.77432 -10.569909 -0.615671 3.733384 -10.561272 -6.248559 -12.07338 11.109628 -57.079575 -17.206753 2.616608 -0.477082 -39.066456 0.126662 10.563965 -5.097936 -5.446589 -5.882102 9.861279 0.70259 -10.936861 -0.360574 7.156197 0.0 8.774815 -0.0 -15.779682 18.305147 6.568264 -1.844031 2.498503 -2.507276 -10.16359 4.678941 4.621104 -20.975996 -1e-06 1e-06 -21.226254 2.451698 -3.593995 0.0 -6e-06 -0.0 -1.362681 2.240797 -0.746323 -21.334892 0.58491 3.008319 -13.821196 -1e-06 1e-06 -23.887129 -0.249075 -0.839485 -60.879818 2.388455 -1.020545 -0.294025 1.679686 0.833255 -14.218195 0.093215 1.300579 -34.212002 -0.287561 0.967166 -20.033176 0.964536 1.212838 0.0 -0.0 0.0 -3.440387 0.788233 0.501655 -15.928172 -3.167306 2.999703 -6.338817 -0.0 1e-06 -18.123419 3.648181 -4.905662 -4e-06 0.0 -2e-06 15.144562 7.833194 13.766158 67.067528 -7.602082 6.446182 -0.114827 15.401366 0.144264 -4.684372 -3.516886 1.679981 2.24354 -5.255033 -3.180156 14.282877 -0.826594 6.952496 -0.0 -12.690593 -1e-06 15.90575 -17.101284 2.458282 1.665665 -1.95592 -2.878297 4.727794 -4.170584 4.993919 11.020511 1e-06 -0.0 12.109032 -3.735715 -2.866778 0.0 -0.0 0.0 1.291985 -1.928548 -1.498088 14.800115 0.567467 3.865604 14.242553 -1.341738 -6.660648 19.631935 0.143921 -0.648243 49.620743 -0.279753 -6.387763 0.353029 -1.51115 -0.03194 20.222769 3.684305 2.316629 18.787249 1e-06 -1e-06 10.751608 -0.47987 1.397903 0.0 -0.0 0.0 3.273804 0.305947 -0.58011 21.48679 11.830364 2.266131 8.162915 0.0 -0.0 18.399052 -3.798986 -4.940567 3e-06 0.0 -1e-06 3.477987 6.517505 27.717461 0.083221 -0.564703 6.971225 -5.117928 2.230577 -2.325072 1.944546 -1.791622 -10.848209 0.0 -0.0 2e-06 2.120713 -11.104842 -21.07152 0.018283 0.074599 -1.776984 6.109989 -13.103665 3.451315 -1.2722 1.162112 -5.821007 0.0 -0.0 -1e-06 
0.0 0.0 0.0 0.0 -0.0 0.0 3.257021 95.448288 199.527435 -2.119288 4.830267 -3.817278 -0.206809 -0.117482 0.318418 -0.652737 -2.885791 -4.703566 1.209714 -4.258811 12.770706 3.87351 1.302788 4.2343 -0.795111 0.139248 -3.517349 -0.558248 -0.242215 -12.177117 7.7e-05 -2.2e-05 6e-06 -0.012277 -0.028235 0.048007 0.596785 -3.783236 -10.568204 -0.617363 3.734027 -10.569691 -7.798897 -11.471801 10.760441 -56.598038 -16.366863 1.973582 -0.580602 -40.59407 0.182261 11.026814 -5.880362 -4.915054 -5.882102 9.861279 0.70259 -10.936861 -0.360574 7.156197 0.0 8.774815 -0.0 -15.972594 18.153666 6.363447 -1.844031 2.498503 -2.507276 -10.16359 4.678941 4.621104 -20.975996 -1e-06 1e-06 -21.226254 2.451698 -3.593995 0.0 -6e-06 -0.0 -1.362681 2.240797 -0.746323 -21.334892 0.58491 3.008319 -13.821196 -1e-06 1e-06 -23.887129 -0.249075 -0.839485 -60.589584 2.286299 -1.051617 -0.294025 1.679686 0.833255 -14.218195 0.093215 1.300579 -34.212002 -0.287561 0.967166 -20.033176 0.964536 1.212838 0.0 -0.0 0.0 -3.440387 0.788233 0.501655 -15.928172 -3.167306 2.999703 -6.338817 -0.0 1e-06 -18.123419 3.648181 -4.905662 -4e-06 0.0 -2e-06 16.048973 7.951598 13.707996 66.346275 -8.624801 6.596349 -0.058883 14.699086 0.105251 -4.278857 -3.707825 1.665924 2.24354 -5.255033 -3.180156 14.282877 -0.826594 6.952496 -0.0 -12.690593 -1e-06 15.83708 -17.246849 2.507101 1.665665 -1.95592 -2.878297 4.727794 -4.170584 4.993919 11.020511 1e-06 -0.0 12.109032 -3.735715 -2.866778 0.0 -0.0 0.0 1.291985 -1.928548 -1.498088 14.800115 0.567467 3.865604 14.242553 -1.341738 -6.660648 19.631935 0.143921 -0.648243 49.657646 -0.310907 -6.536572 0.353029 -1.51115 -0.03194 20.222769 3.684305 2.316629 18.787249 1e-06 -1e-06 10.751608 -0.47987 1.397903 0.0 -0.0 0.0 3.273804 0.305947 -0.58011 21.48679 11.830364 2.266131 8.162915 0.0 -0.0 18.399052 -3.798986 -4.940567 3e-06 0.0 -1e-06 7.893789 6.392133 25.22191 0.061701 -0.767558 15.352184 -7.070853 1.433416 2.498329 2.066706 -1.683685 -19.089289 0.0 -0.0 2e-06 5.22694 -8.757283 -22.342459 -0.016715 -0.118161 3.742998 1.165304 -13.892578 8.712151 -1.371364 1.066361 -5.63814 0.0 -0.0 -1e-06 
0.0 0.0 0.0 0.0 -0.0 0.0 2.400112 95.591759 205.828735 -4.543807 4.494343 -3.77528 1.084265 -0.141367 -0.001979 -0.26944 -3.045699 -4.856096 2.18027 -4.2539 12.477793 3.059288 1.68298 4.319136 -0.824452 0.460845 -3.527044 -0.659878 -0.099737 -12.135214 7.7e-05 -2.2e-05 6e-06 -0.005112 -0.025815 0.035706 0.642914 -3.79141 -10.618872 -0.648776 3.746283 -10.631228 -8.398772 -10.784392 10.651962 -57.954342 -15.273227 1.552019 -0.417618 -40.926193 0.110403 11.392994 -6.387196 -4.733871 -5.882102 9.861279 0.70259 -10.936861 -0.360574 7.156197 0.0 8.774815 -0.0 -16.182146 17.876886 6.116715 -1.844031 2.498503 -2.507276 -10.16359 4.678941 4.621104 -20.975996 -1e-06 1e-06 -21.226254 2.451698 -3.593995 0.0 -6e-06 -0.0 -1.362681 2.240797 -0.746323 -21.334892 0.58491 3.008319 -13.821196 -1e-06 1e-06 -23.887129 -0.249075 -0.839485 -60.419342 2.250535 -1.038221 -0.294025 1.679686 0.833255 -14.218195 0.093215 1.300579 -34.212002 -0.287561 0.967166 -20.033176 0.964536 1.212838 0.0 -0.0 0.0 -3.440387 0.788233 0.501655 -15.928172 -3.167306 2.999703 -6.338817 -0.0 1e-06 -18.123419 3.648181 -4.905662 -4e-06 0.0 -2e-06 15.781322 8.343567 14.000287 66.392616 -8.534352 7.188402 -0.064457 14.373085 0.052581 -4.004318 -3.607229 1.226387 2.24354 -5.255033 -3.180156 14.282877 -0.826594 6.952496 -0.0 -12.690593 -1e-06 15.843894 -17.365995 2.527636 1.665665 -1.95592 -2.878297 4.727794 -4.170584 4.993919 11.020511 1e-06 -0.0 12.109032 -3.735715 -2.866778 0.0 -0.0 0.0 1.291985 -1.928548 -1.498088 14.800115 0.567467 3.865604 14.242553 -1.341738 -6.660648 19.631935 0.143921 -0.648243 49.664719 -0.259737 -6.600192 0.353029 -1.51115 -0.03194 20.222769 3.684305 2.316629 18.787249 1e-06 -1e-06 10.751608 -0.47987 1.397903 0.0 -0.0 0.0 3.273804 0.305947 -0.58011 21.48679 11.830364 2.266131 8.162915 0.0 -0.0 18.399052 -3.798986 -4.940567 3e-06 0.0 -1e-06 11.578733 5.559382 21.38343 -0.060546 -0.905523 27.062162 -8.590247 1.752585 10.619245 2.154032 -1.511684 -26.514563 0.0 -0.0 2e-06 7.94537 -6.758868 -22.498438 -0.088679 -0.213848 9.99437 -1.995524 -14.420635 11.08275 -1.399939 0.949712 -4.061125 0.0 -0.0 -1e-06 
0.0 0.0 0.0 0.0 -0.0 0.0 1.620689 95.987602 211.89003 -6.21204 3.848707 -4.722915 1.805758 -0.088572 0.52281 0.044029 -2.909919 -4.72825 2.962873 -4.105711 12.210048 2.354219 1.776101 4.61452 -0.613433 0.553577 -3.533829 -0.650249 0.079629 -12.683292 7.7e-05 -2.2e-05 6e-06 0.007278 0.030304 0.033959 0.681801 -3.709358 -10.572012 -0.664743 3.773687 -10.58442 -7.841547 -10.40186 10.981417 -60.756741 -14.634399 1.974628 0.137478 -39.609768 -0.105065 11.906454 -6.287963 -5.941208 -5.882102 9.861279 0.70259 -10.936861 -0.360574 7.156197 0.0 8.774815 -0.0 -16.156179 17.829983 6.05829 -1.844031 2.498503 -2.507276 -10.16359 4.678941 4.621104 -20.975996 -1e-06 1e-06 -21.226254 2.451698 -3.593995 0.0 -6e-06 -0.0 -1.362681 2.240797 -0.746323 -21.334892 0.58491 3.008319 -13.821196 -1e-06 1e-06 -23.887129 -0.249075 -0.839485 -60.306946 2.261714 -1.12006 -0.294025 1.679686 0.833255 -14.218195 0.093215 1.300579 -34.212002 -0.287561 0.967166 -20.033176 0.964536 1.212838 0.0 -0.0 0.0 -3.440387 0.788233 0.501655 -15.928172 -3.167306 2.999703 -6.338817 -0.0 1e-06 -18.123419 3.648181 -4.905662 -4e-06 0.0 -2e-06 14.626556 8.838305 14.542822 67.093941 -7.273285 7.770512 -0.054363 14.799324 0.083729 -3.980805 -3.274741 0.48352 2.24354 -5.255033 -3.180156 14.282877 -0.826594 6.952496 -0.0 -12.690593 -1e-06 15.956203 -17.4681 2.516499 1.665665 -1.95592 -2.878297 4.727794 -4.170584 4.993919 11.020511 1e-06 -0.0 12.109032 -3.735715 -2.866778 0.0 -0.0 0.0 1.291985 -1.928548 -1.498088 14.800115 0.567467 3.865604 14.242553 -1.341738 -6.660648 19.631935 0.143921 -0.648243 49.79369 -0.172283 -6.532858 0.353029 -1.51115 -0.03194 20.222769 3.684305 2.316629 18.787249 1e-06 -1e-06 10.751608 -0.47987 1.397903 0.0 -0.0 0.0 3.273804 0.305947 -0.58011 21.48679 11.830364 2.266131 8.162915 0.0 -0.0 18.399052 -3.798986 -4.940567 3e-06 0.0 -1e-06 13.696768 4.33461 16.231712 -0.103873 -0.986383 40.914448 -9.359686 3.511681 19.145735 2.072529 -1.586737 -20.201654 0.0 -0.0 2e-06 9.905264 -6.002302 -20.041153 -0.018303 -0.278175 14.366924 -3.74912 -13.644018 9.535285 -1.412459 0.963018 -2.37099 0.0 -0.0 -1e-06 
0.0 0.0 0.0 0.0 -0.0 0.0 0.924214 96.481628 217.648651 -7.256988 3.722733 -5.819822 2.232117 -0.076818 1.236001 0.245168 -2.487746 -4.435429 3.289103 -4.15254 12.04314 2.163781 1.504846 4.75589 -0.474369 0.805363 -3.530113 -0.639161 0.364806 -13.331723 7.7e-05 -2.2e-05 6e-06 0.004815 0.024533 0.031264 0.684151 -3.709788 -10.552047 -0.67337 3.759924 -10.546379 -7.548414 -10.167174 11.255099 -62.869965 -14.099438 3.293036 0.421608 -37.160336 -0.151672 12.038866 -6.167911 -6.515574 -5.882102 9.861279 0.70259 -10.936861 -0.360574 7.156197 0.0 8.774815 -0.0 -16.14542 17.804804 6.027684 -1.844031 2.498503 -2.507276 -10.16359 4.678941 4.621104 -20.975996 -1e-06 1e-06 -21.226254 2.451698 -3.593995 0.0 -6e-06 -0.0 -1.362681 2.240797 -0.746323 -21.334892 0.58491 3.008319 -13.821196 -1e-06 1e-06 -23.887129 -0.249075 -0.839485 -60.277637 2.300741 -1.108136 -0.294025 1.679686 0.833255 -14.218195 0.093215 1.300579 -34.212002 -0.287561 0.967166 -20.033176 0.964536 1.212838 0.0 -0.0 0.0 -3.440387 0.788233 0.501655 -15.928172 -3.167306 2.999703 -6.338817 -0.0 1e-06 -18.123419 3.648181 -4.905662 -4e-06 0.0 -2e-06 13.879988 9.288261 14.671641 67.196327 -5.524563 9.247754 -0.076959 15.809995 0.025727 -4.359951 -2.317766 -0.574151 2.24354 -5.255033 -3.180156 14.282877 -0.826594 6.952496 -0.0 -12.690593 -1e-06 16.221127 -17.345316 2.4327 1.665665 -1.95592 -2.878297 4.727794 -4.170584 4.993919 11.020511 1e-06 -0.0 12.109032 -3.735715 -2.866778 0.0 -0.0 0.0 1.291985 -1.928548 -1.498088 14.800115 0.567467 3.865604 14.242553 -1.341738 -6.660648 19.631935 0.143921 -0.648243 49.968403 -0.147211 -6.31917 0.353029 -1.51115 -0.03194 20.222769 3.684305 2.316629 18.787249 1e-06 -1e-06 10.751608 -0.47987 1.397903 0.0 -0.0 0.0 3.273804 0.305947 -0.58011 21.48679 11.830364 2.266131 8.162915 0.0 -0.0 18.399052 -3.798986 -4.940567 3e-06 0.0 -1e-06 14.597304 3.087176 10.036719 -0.057116 -1.012292 53.701614 -7.834155 6.972064 23.147316 2.136374 -1.941955 -7.241896 0.0 -0.0 2e-06 11.297532 -6.302195 -16.396093 -0.054928 -0.223769 17.161205 -4.217963 -13.438985 3.854192 -1.426402 0.948971 -1.690971 0.0 -0.0 -1e-06 
0.0 0.0 0.0 0.0 -0.0 0.0 0.444056 97.330818 223.136597 -7.212698 3.513151 -6.683023 2.245948 0.030754 1.698106 0.190156 -2.014976 -4.214008 3.071044 -3.965939 12.175273 2.253243 1.348388 4.915071 -0.437981 0.844281 -3.502584 -0.550663 0.291911 -13.680995 7.7e-05 -2.2e-05 6e-06 -0.001922 -0.021706 0.023688 0.665264 -3.753311 -10.547584 -0.668863 3.711286 -10.543101 -7.827634 -9.779593 11.701032 -64.045631 -13.7186 5.351173 0.54306 -33.646847 -0.13049 11.561636 -5.995302 -6.108743 -5.882102 9.861279 0.70259 -10.936861 -0.360574 7.156197 0.0 8.774815 -0.0 -16.033215 17.957958 6.049588 -1.844031 2.498503 -2.507276 -10.16359 4.678941 4.621104 -20.975996 -1e-06 1e-06 -21.226254 2.451698 -3.593995 0.0 -6e-06 -0.0 -1.362681 2.240797 -0.746323 -21.334892 0.58491 3.008319 -13.821196 -1e-06 1e-06 -23.887129 -0.249075 -0.839485 -60.21645 2.461163 -1.116007 -0.294025 1.679686 0.833255 -14.218195 0.093215 1.300579 -34.212002 -0.287561 0.967166 -20.033176 0.964536 1.212838 0.0 -0.0 0.0 -3.440387 0.788233 0.501655 -15.928172 -3.167306 2.999703 -6.338817 -0.0 1e-06 -18.123419 3.648181 -4.905662 -4e-06 0.0 -2e-06 13.951608 9.599706 14.83589 66.264725 -2.958852 10.806664 0.047816 17.052834 -0.000655 -5.121708 -1.555793 -0.795494 2.24354 -5.255033 -3.180156 14.282877 -0.826594 6.952496 -0.0 -12.690593 -1e-06 16.458773 -17.296219 2.310533 1.665665 -1.95592 -2.878297 4.727794 -4.170584 4.993919 11.020511 1e-06 -0.0 12.109032 -3.735715 -2.866778 0.0 -0.0 0.0 1.291985 -1.928548 -1.498088 14.800115 0.567467 3.865604 14.242553 -1.341738 -6.660648 19.631935 0.143921 -0.648243 49.944389 -0.211316 -6.297913 0.353029 -1.51115 -0.03194 20.222769 3.684305 2.316629 18.787249 1e-06 -1e-06 10.751608 -0.47987 1.397903 0.0 -0.0 0.0 3.273804 0.305947 -0.58011 21.48679 11.830364 2.266131 8.162915 0.0 -0.0 18.399052 -3.798986 -4.940567 3e-06 0.0 -1e-06 13.87539 2.557774 3.868917 -0.128477 -0.773892 62.865063 -4.780226 9.871842 19.436754 2.191348 -1.989444 -5.22225 0.0 -0.0 2e-06 11.379653 -6.380576 -11.173781 -0.103715 -0.228426 16.142084 -4.109335 -13.504589 0.554153 -1.416641 0.950728 -1.263694 0.0 -0.0 -1e-06 
0.0 0.0 0.0 0.0 -0.0 0.0 0.115677 98.252594 228.494049 -6.259064 2.919852 -7.398987 1.99083 0.227183 2.116261 -0.01089 -1.470841 -4.02042 2.393292 -3.482719 12.260566 2.325279 1.339664 5.302582 -0.429438 0.837536 -3.492008 -0.378404 0.0416 -13.823502 7.7e-05 -2.2e-05 6e-06 -0.002738 -0.033824 0.026145 0.642635 -3.764993 -10.549249 -0.648844 3.698958 -10.552539 -8.120532 -9.213151 12.05548 -65.141022 -12.763245 7.307187 0.381712 -30.06259 -0.030825 10.460561 -5.762498 -5.033644 -5.882102 9.861279 0.70259 -10.936861 -0.360574 7.156197 0.0 8.774815 -0.0 -15.900294 18.059122 6.052259 -1.844031 2.498503 -2.507276 -10.16359 4.678941 4.621104 -20.975996 -1e-06 1e-06 -21.226254 2.451698 -3.593995 0.0 -6e-06 -0.0 -1.362681 2.240797 -0.746323 -21.334892 0.58491 3.008319 -13.821196 -1e-06 1e-06 -23.887129 -0.249075 -0.839485 -60.078365 2.576456 -1.112128 -0.294025 1.679686 0.833255 -14.218195 0.093215 1.300579 -34.212002 -0.287561 0.967166 -20.033176 0.964536 1.212838 0.0 -0.0 0.0 -3.440387 0.788233 0.501655 -15.928172 -3.167306 2.999703 -6.338817 -0.0 1e-06 -18.123419 3.648181 -4.905662 -4e-06 0.0 -2e-06 13.741386 10.115767 14.98587 65.630867 0.187494 12.09345 0.141364 18.331696 -0.007853 -6.056179 -0.957182 -0.409497 2.24354 -5.255033 -3.180156 14.282877 -0.826594 6.952496 -0.0 -12.690593 -1e-06 16.526247 -17.27906 2.208734 1.665665 -1.95592 -2.878297 4.727794 -4.170584 4.993919 11.020511 1e-06 -0.0 12.109032 -3.735715 -2.866778 0.0 -0.0 0.0 1.291985 -1.928548 -1.498088 14.800115 0.567467 3.865604 14.242553 -1.341738 -6.660648 19.631935 0.143921 -0.648243 49.722485 -0.31414 -6.365137 0.353029 -1.51115 -0.03194 20.222769 3.684305 2.316629 18.787249 1e-06 -1e-06 10.751608 -0.47987 1.397903 0.0 -0.0 0.0 3.273804 0.305947 -0.58011 21.48679 11.830364 2.266131 8.162915 0.0 -0.0 18.399052 -3.798986 -4.940567 3e-06 0.0 -1e-06 12.007176 3.069266 -2.000252 -0.169594 -0.398728 67.784477 -1.995068 12.699615 14.343388 2.147189 -1.981733 -5.135137 0.0 -0.0 2e-06 10.43481 -5.967998 -5.145312 -0.095092 -0.199452 13.150078 -3.804885 -13.699953 -1.407537 -1.406935 0.956586 -0.991678 0.0 -0.0 -1e-06 
0.0 0.0 0.0 0.0 -0.0 0.0 -0.113555 98.904808 233.810303 -4.950583 1.883545 -7.871031 1.706477 0.476317 2.544906 -0.192036 -0.825952 -3.825567 1.589995 -2.83483 12.181514 2.047771 1.522393 5.627419 -0.439153 0.779681 -3.518758 -0.123933 -0.21956 -13.946375 7.7e-05 -2.2e-05 6e-06 -0.000237 -0.027594 0.028806 0.62557 -3.762902 -10.56755 -0.628397 3.7088 -10.580182 -8.607444 -8.473 12.293525 -66.104294 -11.028857 8.735319 0.221269 -27.14097 -0.001271 8.959069 -5.41639 -4.237469 -5.882102 9.861279 0.70259 -10.936861 -0.360574 7.156197 0.0 8.774815 -0.0 -15.836564 18.06225 6.020465 -1.844031 2.498503 -2.507276 -10.16359 4.678941 4.621104 -20.975996 -1e-06 1e-06 -21.226254 2.451698 -3.593995 0.0 -6e-06 -0.0 -1.362681 2.240797 -0.746323 -21.334892 0.58491 3.008319 -13.821196 -1e-06 1e-06 -23.887129 -0.249075 -0.839485 -60.005848 2.617788 -1.157671 -0.294025 1.679686 0.833255 -14.218195 0.093215 1.300579 -34.212002 -0.287561 0.967166 -20.033176 0.964536 1.212838 0.0 -0.0 0.0 -3.440387 0.788233 0.501655 -15.928172 -3.167306 2.999703 -6.338817 -0.0 1e-06 -18.123419 3.648181 -4.905662 -4e-06 0.0 -2e-06 12.793447 10.959076 14.858933 65.573715 3.451034 12.964077 0.196063 19.891739 -0.014693 -6.934762 -0.272671 0.171267 2.24354 -5.255033 -3.180156 14.282877 -0.826594 6.952496 -0.0 -12.690593 -1e-06 16.458008 -17.274675 2.191604 1.665665 -1.95592 -2.878297 4.727794 -4.170584 4.993919 11.020511 1e-06 -0.0 12.109032 -3.735715 -2.866778 0.0 -0.0 0.0 1.291985 -1.928548 -1.498088 14.800115 0.567467 3.865604 14.242553 -1.341738 -6.660648 19.631935 0.143921 -0.648243 49.465759 -0.428836 -6.421615 0.353029 -1.51115 -0.03194 20.222769 3.684305 2.316629 18.787249 1e-06 -1e-06 10.751608 -0.47987 1.397903 0.0 -0.0 0.0 3.273804 0.305947 -0.58011 21.48679 11.830364 2.266131 8.162915 0.0 -0.0 18.399052 -3.798986 -4.940567 3e-06 0.0 -1e-06 9.734798 4.506528 -7.520729 -0.107852 -0.055437 68.750023 -0.404211 14.600144 9.861178 2.056278 -1.993903 -5.062515 0.0 -0.0 2e-06 9.119238 -5.243555 0.720391 -0.069711 -0.148374 9.896476 -3.399412 -13.807325 -3.048444 -1.403073 0.930212 -0.829816 0.0 -0.0 -1e-06 
0.0 0.0 0.0 0.0 -0.0 0.0 -0.249445 99.17804 239.137619 -3.646972 0.544119 -8.007507 1.495772 0.69016 2.869689 -0.307775 -0.076364 -3.654751 0.867721 -2.149486 12.090424 1.381156 1.908128 5.569261 -0.461487 0.649224 -3.569459 0.170404 -0.430543 -14.056296 7.7e-05 -2.2e-05 6e-06 -0.000892 -0.04241 0.034732 0.61371 -3.777703 -10.569419 -0.620105 3.692913 -10.59444 -9.619978 -7.584826 12.481538 -66.52858 -8.664575 9.453246 0.100584 -25.050392 -0.022872 7.509156 -4.916386 -3.998232 -5.882102 9.861279 0.70259 -10.936861 -0.360574 7.156197 0.0 8.774815 -0.0 -15.86021 18.03933 6.012299 -1.844031 2.498503 -2.507276 -10.16359 4.678941 4.621104 -20.975996 -1e-06 1e-06 -21.226254 2.451698 -3.593995 0.0 -6e-06 -0.0 -1.362681 2.240797 -0.746323 -21.334892 0.58491 3.008319 -13.821196 -1e-06 1e-06 -23.887129 -0.249075 -0.839485 -60.14138 2.645869 -1.187748 -0.294025 1.679686 0.833255 -14.218195 0.093215 1.300579 -34.212002 -0.287561 0.967166 -20.033176 0.964536 1.212838 0.0 -0.0 0.0 -3.440387 0.788233 0.501655 -15.928172 -3.167306 2.999703 -6.338817 -0.0 1e-06 -18.123419 3.648181 -4.905662 -4e-06 0.0 -2e-06 11.643623 12.01217 14.539098 65.343727 6.672786 13.447342 0.244218 21.96133 -0.018456 -7.704284 0.565256 0.957534 2.24354 -5.255033 -3.180156 14.282877 -0.826594 6.952496 -0.0 -12.690593 -1e-06 16.381399 -17.357981 2.275157 1.665665 -1.95592 -2.878297 4.727794 -4.170584 4.993919 11.020511 1e-06 -0.0 12.109032 -3.735715 -2.866778 0.0 -0.0 0.0 1.291985 -1.928548 -1.498088 14.800115 0.567467 3.865604 14.242553 -1.341738 -6.660648 19.631935 0.143921 -0.648243 49.421524 -0.510081 -6.39377 0.353029 -1.51115 -0.03194 20.222769 3.684305 2.316629 18.787249 1e-06 -1e-06 10.751608 -0.47987 1.397903 0.0 -0.0 0.0 3.273804 0.305947 -0.58011 21.48679 11.830364 2.266131 8.162915 0.0 -0.0 18.399052 -3.798986 -4.940567 3e-06 0.0 -1e-06 7.461578 6.454611 -12.647411 0.028351 0.219163 65.825462 -0.580286 14.705604 6.444545 1.939892 -2.005452 -5.014586 0.0 -0.0 2e-06 7.738529 -4.480466 6.162648 -0.057639 -0.104175 6.755539 -2.888313 -13.755432 -4.775186 -1.411333 0.883286 -0.749969 0.0 -0.0 -1e-06 
0.0 0.0 0.0 0.0 -0.0 0.0 -0.301568 99.057533 244.478561 -2.522565 -0.94863 -7.881245 1.365043 0.78877 3.07569 -0.352699 0.728024 -3.531865 0.30865 -1.457961 12.093798 0.444526 2.328858 5.097308 -0.443715 0.595452 -3.627528 0.425869 -0.593104 -14.283285 7.7e-05 -2.2e-05 6e-06 0.001251 -0.042939 0.042057 0.603561 -3.771188 -10.531705 -0.608188 3.683967 -10.571998 -11.02524 -6.615674 12.746714 -66.527611 -6.070362 9.684805 0.047028 -23.391531 -0.057265 6.285233 -4.253854 -4.366704 -5.882102 9.861279 0.70259 -10.936861 -0.360574 7.156197 0.0 8.774815 -0.0 -16.000977 18.048033 6.004924 -1.844031 2.498503 -2.507276 -10.16359 4.678941 4.621104 -20.975996 -1e-06 1e-06 -21.226254 2.451698 -3.593995 0.0 -6e-06 -0.0 -1.362681 2.240797 -0.746323 -21.334892 0.58491 3.008319 -13.821196 -1e-06 1e-06 -23.887129 -0.249075 -0.839485 -60.492153 2.64235 -1.143274 -0.294025 1.679686 0.833255 -14.218195 0.093215 1.300579 -34.212002 -0.287561 0.967166 -20.033176 0.964536 1.212838 0.0 -0.0 0.0 -3.440387 0.788233 0.501655 -15.928172 -3.167306 2.999703 -6.338817 -0.0 1e-06 -18.123419 3.648181 -4.905662 -4e-06 0.0 -2e-06 10.59069 13.175861 14.205664 64.629112 9.951708 13.528817 0.287722 24.422056 -0.039207 -8.419398 1.487437 1.545779 2.24354 -5.255033 -3.180156 14.282877 -0.826594 6.952496 -0.0 -12.690593 -1e-06 16.294779 -17.519423 2.425146 1.665665 -1.95592 -2.878297 4.727794 -4.170584 4.993919 11.020511 1e-06 -0.0 12.109032 -3.735715 -2.866778 0.0 -0.0 0.0 1.291985 -1.928548 -1.498088 14.800115 0.567467 3.865604 14.242553 -1.341738 -6.660648 19.631935 0.143921 -0.648243 49.533485 -0.558862 -6.261165 0.353029 -1.51115 -0.03194 20.222769 3.684305 2.316629 18.787249 1e-06 -1e-06 10.751608 -0.47987 1.397903 0.0 -0.0 0.0 3.273804 0.305947 -0.58011 21.48679 11.830364 2.266131 8.162915 0.0 -0.0 18.399052 -3.798986 -4.940567 3e-06 0.0 -1e-06 5.285313 8.534602 -17.177738 0.199449 0.417269 59.032875 -2.090149 13.70165 4.160706 1.867649 -2.023693 -5.115298 0.0 -0.0 2e-06 6.432703 -3.789655 10.929083 -0.063964 -0.034892 4.07079 -2.325576 -13.572945 -6.614185 -1.425312 0.839461 -0.67416 0.0 -0.0 -1e-06 
0.0 0.0 0.0 0.0 -0.0 0.0 -0.259003 98.59861 249.645264 -1.713522 -2.506714 -7.517776 1.325221 0.751724 3.128111 -0.344054 1.460588 -3.478538 0.004331 -0.727563 12.191338 -0.622761 2.710856 4.392771 -0.379425 0.666955 -3.652726 0.591945 -0.706875 -14.721247 7.7e-05 -2.2e-05 6e-06 0.010454 -0.011977 0.044335 0.592223 -3.732582 -10.478902 -0.580594 3.706407 -10.537042 -12.566495 -5.604936 13.013308 -66.414856 -3.50344 9.644222 0.029912 -21.797401 -0.048879 5.09677 -3.564126 -5.048507 -5.882102 9.861279 0.70259 -10.936861 -0.360574 7.156197 0.0 8.774815 -0.0 -16.177589 18.067631 5.932684 -1.844031 2.498503 -2.507276 -10.16359 4.678941 4.621104 -20.975996 -1e-06 1e-06 -21.226254 2.451698 -3.593995 0.0 -6e-06 -0.0 -1.362681 2.240797 -0.746323 -21.334892 0.58491 3.008319 -13.821196 -1e-06 1e-06 -23.887129 -0.249075 -0.839485 -60.76897 2.619936 -1.127569 -0.294025 1.679686 0.833255 -14.218195 0.093215 1.300579 -34.212002 -0.287561 0.967166 -20.033176 0.964536 1.212838 0.0 -0.0 0.0 -3.440387 0.788233 0.501655 -15.928172 -3.167306 2.999703 -6.338817 -0.0 1e-06 -18.123419 3.648181 -4.905662 -4e-06 0.0 -2e-06 9.700891 14.337074 13.916972 63.435997 13.21752 13.286554 0.310841 27.023695 -0.051108 -8.998286 2.250068 1.848053 2.24354 -5.255033 -3.180156 14.282877 -0.826594 6.952496 -0.0 -12.690593 -1e-06 16.196825 -17.690615 2.526117 1.665665 -1.95592 -2.878297 4.727794 -4.170584 4.993919 11.020511 1e-06 -0.0 12.109032 -3.735715 -2.866778 0.0 -0.0 0.0 1.291985 -1.928548 -1.498088 14.800115 0.567467 3.865604 14.242553 -1.341738 -6.660648 19.631935 0.143921 -0.648243 49.580372 -0.567196 -6.180657 0.353029 -1.51115 -0.03194 20.222769 3.684305 2.316629 18.787249 1e-06 -1e-06 10.751608 -0.47987 1.397903 0.0 -0.0 0.0 3.273804 0.305947 -0.58011 21.48679 11.830364 2.266131 8.162915 0.0 -0.0 18.399052 -3.798986 -4.940567 3e-06 0.0 -1e-06 3.331245 10.472022 -20.672684 0.353999 0.521486 48.689545 -3.560297 13.090961 3.226138 1.836868 -2.086508 -5.407839 0.0 -0.0 2e-06 5.325138 -3.207189 14.627345 -0.093129 0.088613 2.565759 -1.716014 -13.246772 -8.718191 -1.437701 0.835099 -0.539582 0.0 -0.0 -1e-06 
0.0 0.0 0.0 0.0 -0.0 0.0 -0.119346 97.884323 254.663757 -1.40027 -4.070354 -6.99967 1.496379 0.658115 3.0833 -0.303854 1.959007 -3.490124 0.009749 0.090115 12.259661 -1.720113 3.057593 3.772989 -0.291754 0.769581 -3.637461 0.76477 -0.699685 -15.316731 7.7e-05 -2.2e-05 6e-06 0.019144 0.012583 0.051044 0.590225 -3.709769 -10.46294 -0.562603 3.733645 -10.521773 -13.902321 -4.636516 13.207594 -66.608185 -0.971519 9.140469 -0.05718 -20.154421 -0.016637 3.88321 -2.883093 -5.412929 -5.882102 9.861279 0.70259 -10.936861 -0.360574 7.156197 0.0 8.774815 -0.0 -16.242105 18.040014 5.885584 -1.844031 2.498503 -2.507276 -10.16359 4.678941 4.621104 -20.975996 -1e-06 1e-06 -21.226254 2.451698 -3.593995 0.0 -6e-06 -0.0 -1.362681 2.240797 -0.746323 -21.334892 0.58491 3.008319 -13.821196 -1e-06 1e-06 -23.887129 -0.249075 -0.839485 -60.883713 2.604548 -1.159389 -0.294025 1.679686 0.833255 -14.218195 0.093215 1.300579 -34.212002 -0.287561 0.967166 -20.033176 0.964536 1.212838 0.0 -0.0 0.0 -3.440387 0.788233 0.501655 -15.928172 -3.167306 2.999703 -6.338817 -0.0 1e-06 -18.123419 3.648181 -4.905662 -4e-06 0.0 -2e-06 8.792437 15.43936 13.54785 62.131882 16.230112 13.060898 0.192751 29.477707 -0.079149 -9.340683 2.706165 1.93092 2.24354 -5.255033 -3.180156 14.282877 -0.826594 6.952496 -0.0 -12.690593 -1e-06 16.17061 -17.810896 2.542243 1.665665 -1.95592 -2.878297 4.727794 -4.170584 4.993919 11.020511 1e-06 -0.0 12.109032 -3.735715 -2.866778 0.0 -0.0 0.0 1.291985 -1.928548 -1.498088 14.800115 0.567467 3.865604 14.242553 -1.341738 -6.660648 19.631935 0.143921 -0.648243 49.562038 -0.555588 -6.221528 0.353029 -1.51115 -0.03194 20.222769 3.684305 2.316629 18.787249 1e-06 -1e-06 10.751608 -0.47987 1.397903 0.0 -0.0 0.0 3.273804 0.305947 -0.58011 21.48679 11.830364 2.266131 8.162915 0.0 -0.0 18.399052 -3.798986 -4.940567 3e-06 0.0 -1e-06 1.85736 12.466242 -22.610003 0.424151 0.639657 35.00396 -4.229602 13.033534 3.289454 1.789308 -2.131172 -5.323535 0.0 -0.0 2e-06 4.503137 -2.889268 17.534094 -0.136738 0.177978 2.254226 -0.950693 -12.614127 -10.84705 -1.447578 0.890995 -0.62472 0.0 -0.0 -1e-06 
0.0 0.0 0.0 0.0 -0.0 0.0 0.089845 97.003502 259.855499 -1.729089 -5.631466 -6.521626 1.951622 0.605346 3.056787 -0.232456 2.224756 -3.542482 0.372903 0.812061 12.283004 -2.676235 3.394455 3.272673 -0.278373 0.918226 -3.539868 0.941018 -0.444354 -15.96984 7.7e-05 -2.2e-05 6e-06 0.039102 0.091127 0.071204 0.618704 -3.65415 -10.510434 -0.552438 3.834522 -10.552505 -14.916872 -3.627644 13.360662 -67.257843 1.472946 8.120002 -0.122816 -18.52957 -0.017983 2.68021 -2.080837 -5.50528 -5.882102 9.861279 0.70259 -10.936861 -0.360574 7.156197 0.0 8.774815 -0.0 -16.138567 18.015768 6.017981 -1.844031 2.498503 -2.507276 -10.16359 4.678941 4.621104 -20.975996 -1e-06 1e-06 -21.226254 2.451698 -3.593995 0.0 -6e-06 -0.0 -1.362681 2.240797 -0.746323 -21.334892 0.58491 3.008319 -13.821196 -1e-06 1e-06 -23.887129 -0.249075 -0.839485 -61.002285 2.540926 -1.021159 -0.294025 1.679686 0.833255 -14.218195 0.093215 1.300579 -34.212002 -0.287561 0.967166 -20.033176 0.964536 1.212838 0.0 -0.0 0.0 -3.440387 0.788233 0.501655 -15.928172 -3.167306 2.999703 -6.338817 -0.0 1e-06 -18.123419 3.648181 -4.905662 -4e-06 0.0 -2e-06 7.737579 16.582605 12.947619 61.115242 18.69504 12.829119 -0.035033 31.596907 -0.134867 -9.608119 2.900109 1.748826 2.24354 -5.255033 -3.180156 14.282877 -0.826594 6.952496 -0.0 -12.690593 -1e-06 16.210363 -17.922869 2.592164 1.665665 -1.95592 -2.878297 4.727794 -4.170584 4.993919 11.020511 1e-06 -0.0 12.109032 -3.735715 -2.866778 0.0 -0.0 0.0 1.291985 -1.928548 -1.498088 14.800115 0.567467 3.865604 14.242553 -1.341738 -6.660648 19.631935 0.143921 -0.648243 49.78857 -0.702566 -6.276889 0.353029 -1.51115 -0.03194 20.222769 3.684305 2.316629 18.787249 1e-06 -1e-06 10.751608 -0.47987 1.397903 0.0 -0.0 0.0 3.273804 0.305947 -0.58011 21.48679 11.830364 2.266131 8.162915 0.0 -0.0 18.399052 -3.798986 -4.940567 3e-06 0.0 -1e-06 1.239711 14.275322 -22.883516 0.260093 0.675208 19.359995 -4.945704 12.464241 3.291279 1.673896 -2.194212 -4.926049 0.0 -0.0 2e-06 3.90462 -3.115418 20.465036 -0.167481 0.120636 2.197589 0.063477 -11.371398 -12.088344 -1.468775 0.891709 -1.318744 0.0 -0.0 -1e-06 
0.0 0.0 0.0 0.0 -0.0 0.0 0.412729 96.124352 265.270782 -2.340503 -7.098956 -5.942548 2.330292 0.577361 2.784507 -0.078004 2.474201 -3.653697 0.95694 1.09919 12.442597 -3.551971 3.763333 2.676967 -0.258363 1.145315 -3.531795 1.046057 0.034541 -16.294262 7.7e-05 -2.2e-05 6e-06 0.035129 0.074575 0.088878 0.606672 -3.688244 -10.551445 -0.549615 3.835136 -10.564058 -16.01437 -2.566002 13.422417 -67.868065 3.837888 6.558792 -0.165478 -16.923553 -0.061864 1.333665 -1.458774 -5.858375 -5.882102 9.861279 0.70259 -10.936861 -0.360574 7.156197 0.0 8.774815 -0.0 -16.085331 18.115025 6.181912 -1.844031 2.498503 -2.507276 -10.16359 4.678941 4.621104 -20.975996 -1e-06 1e-06 -21.226254 2.451698 -3.593995 0.0 -6e-06 -0.0 -1.362681 2.240797 -0.746323 -21.334892 0.58491 3.008319 -13.821196 -1e-06 1e-06 -23.887129 -0.249075 -0.839485 -61.240849 2.521287 -0.95464 -0.294025 1.679686 0.833255 -14.218195 0.093215 1.300579 -34.212002 -0.287561 0.967166 -20.033176 0.964536 1.212838 0.0 -0.0 0.0 -3.440387 0.788233 0.501655 -15.928172 -3.167306 2.999703 -6.338817 -0.0 1e-06 -18.123419 3.648181 -4.905662 -4e-06 0.0 -2e-06 7.089985 17.721615 12.486702 59.93948 20.735561 12.232336 -0.207817 33.465546 -0.216729 -9.623711 2.908217 1.192409 2.24354 -5.255033 -3.180156 14.282877 -0.826594 6.952496 -0.0 -12.690593 -1e-06 16.062174 -17.962233 2.73639 1.665665 -1.95592 -2.878297 4.727794 -4.170584 4.993919 11.020511 1e-06 -0.0 12.109032 -3.735715 -2.866778 0.0 -0.0 0.0 1.291985 -1.928548 -1.498088 14.800115 0.567467 3.865604 14.242553 -1.341738 -6.660648 19.631935 0.143921 -0.648243 49.906979 -0.800113 -6.246469 0.353029 -1.51115 -0.03194 20.222769 3.684305 2.316629 18.787249 1e-06 -1e-06 10.751608 -0.47987 1.397903 0.0 -0.0 0.0 3.273804 0.305947 -0.58011 21.48679 11.830364 2.266131 8.162915 0.0 -0.0 18.399052 -3.798986 -4.940567 3e-06 0.0 -1e-06 1.280224 15.029302 -22.815361 0.011878 0.460867 6.140179 -6.802893 11.924514 2.986367 1.492522 -2.234707 -5.146537 0.0 -0.0 2e-06 3.104076 -3.654335 23.389324 -0.129238 0.008182 2.195133 1.763948 -9.78388 -11.832397 -1.460176 0.813819 -2.685395 0.0 -0.0 -1e-06 
0.0 0.0 0.0 0.0 -0.0 0.0 0.861278 95.273857 270.901276 -2.640709 -8.335182 -5.317735 2.435429 0.601707 2.446233 0.030702 2.684959 -3.811903 1.412803 1.229487 12.573493 -4.1909 3.891891 1.992053 -0.131817 1.371652 -3.518721 1.067225 0.567179 -16.415464 7.7e-05 -2.2e-05 6e-06 0.01688 -0.008432 0.085053 0.584608 -3.765389 -10.526236 -0.56439 3.747739 -10.526381 -16.993992 -1.852617 13.398996 -68.285797 5.813111 5.289248 -0.259633 -15.117261 -0.066304 0.059675 -0.988281 -6.034032 -5.882102 9.861279 0.70259 -10.936861 -0.360574 7.156197 0.0 8.774815 -0.0 -16.154375 18.189438 6.20721 -1.844031 2.498503 -2.507276 -10.16359 4.678941 4.621104 -20.975996 -1e-06 1e-06 -21.226254 2.451698 -3.593995 0.0 -6e-06 -0.0 -1.362681 2.240797 -0.746323 -21.334892 0.58491 3.008319 -13.821196 -1e-06 1e-06 -23.887129 -0.249075 -0.839485 -61.418259 2.506463 -0.901191 -0.294025 1.679686 0.833255 -14.218195 0.093215 1.300579 -34.212002 -0.287561 0.967166 -20.033176 0.964536 1.212838 0.0 -0.0 0.0 -3.440387 0.788233 0.501655 -15.928172 -3.167306 2.999703 -6.338817 -0.0 1e-06 -18.123419 3.648181 -4.905662 -4e-06 0.0 -2e-06 6.701347 18.543146 12.234665 59.122021 22.31815 11.168514 -0.225486 35.03373 -0.152786 -9.77613 3.115792 0.383943 2.24354 -5.255033 -3.180156 14.282877 -0.826594 6.952496 -0.0 -12.690593 -1e-06 15.918817 -18.007643 2.825279 1.665665 -1.95592 -2.878297 4.727794 -4.170584 4.993919 11.020511 1e-06 -0.0 12.109032 -3.735715 -2.866778 0.0 -0.0 0.0 1.291985 -1.928548 -1.498088 14.800115 0.567467 3.865604 14.242553 -1.341738 -6.660648 19.631935 0.143921 -0.648243 49.86174 -0.771567 -6.268356 0.353029 -1.51115 -0.03194 20.222769 3.684305 2.316629 18.787249 1e-06 -1e-06 10.751608 -0.47987 1.397903 0.0 -0.0 0.0 3.273804 0.305947 -0.58011 21.48679 11.830364 2.266131 8.162915 0.0 -0.0 18.399052 -3.798986 -4.940567 3e-06 0.0 -1e-06 0.998331 15.434046 -23.852196 -0.027383 0.280996 0.375758 -8.45638 12.382584 1.577283 1.383429 -2.248687 -5.531764 0.0 -0.0 2e-06 1.454722 -4.371895 26.088861 -0.102342 -0.012087 2.66367 3.852999 -7.728821 -10.157047 -1.430496 0.695923 -4.876263 0.0 -0.0 -1e-06 
0.0 0.0 0.0 0.0 -0.0 0.0 1.45656 94.597359 276.916565 -1.956282 -9.110888 -4.794754 1.939714 0.688783 1.922108 0.01209 2.93646 -4.077789 1.318805 1.316203 12.545799 -4.131222 3.835531 1.598243 -0.102826 1.494075 -3.525854 1.055623 0.882105 -16.134565 7.7e-05 -2.2e-05 6e-06 0.002923 -0.049056 0.05859 0.608206 -3.793337 -10.536049 -0.615137 3.693737 -10.540401 -17.38245 -1.467627 13.731894 -68.536812 7.181708 4.312972 -0.339817 -13.555132 0.0066 -0.905667 0.117065 -5.011578 -5.882102 9.861279 0.70259 -10.936861 -0.360574 7.156197 0.0 8.774815 -0.0 -16.317186 18.121054 6.199598 -1.844031 2.498503 -2.507276 -10.16359 4.678941 4.621104 -20.975996 -1e-06 1e-06 -21.226254 2.451698 -3.593995 0.0 -6e-06 -0.0 -1.362681 2.240797 -0.746323 -21.334892 0.58491 3.008319 -13.821196 -1e-06 1e-06 -23.887129 -0.249075 -0.839485 -61.541206 2.553456 -0.717065 -0.294025 1.679686 0.833255 -14.218195 0.093215 1.300579 -34.212002 -0.287561 0.967166 -20.033176 0.964536 1.212838 0.0 -0.0 0.0 -3.440387 0.788233 0.501655 -15.928172 -3.167306 2.999703 -6.338817 -0.0 1e-06 -18.123419 3.648181 -4.905662 -4e-06 0.0 -2e-06 6.646437 18.947132 12.472627 59.068501 22.956181 9.824861 -0.470715 36.792198 -0.200103 -10.203125 3.081543 -1.050727 2.24354 -5.255033 -3.180156 14.282877 -0.826594 6.952496 -0.0 -12.690593 -1e-06 16.140112 -17.918386 2.726184 1.665665 -1.95592 -2.878297 4.727794 -4.170584 4.993919 11.020511 1e-06 -0.0 12.109032 -3.735715 -2.866778 0.0 -0.0 0.0 1.291985 -1.928548 -1.498088 14.800115 0.567467 3.865604 14.242553 -1.341738 -6.660648 19.631935 0.143921 -0.648243 49.735626 -0.64388 -6.207601 0.353029 -1.51115 -0.03194 20.222769 3.684305 2.316629 18.787249 1e-06 -1e-06 10.751608 -0.47987 1.397903 0.0 -0.0 0.0 3.273804 0.305947 -0.58011 21.48679 11.830364 2.266131 8.162915 0.0 -0.0 18.399052 -3.798986 -4.940567 3e-06 0.0 -1e-06 -0.379848 15.410924 -24.405155 -0.025251 0.263492 1.003564 -7.967189 13.014683 0.604038 1.465156 -2.198537 -6.144915 0.0 -0.0 2e-06 -1.380265 -4.740825 27.851152 -0.072186 0.09537 4.926073 6.026979 -6.201513 -7.378395 -1.418515 0.656209 -8.944008 0.0 -0.0 -1e-06 
0.0 0.0 0.0 0.0 -0.0 0.0 2.201068 94.508484 283.3573 0.0838 -9.354287 -4.192244 0.384193 0.831221 0.900976 -0.141271 3.146013 -4.571983 0.929018 1.399672 12.484646 -3.47885 3.614295 1.38204 -0.215089 1.581832 -3.577161 1.13357 0.953032 -14.974092 7.7e-05 -2.2e-05 6e-06 0.007445 -0.053643 0.040718 0.624157 -3.801292 -10.59815 -0.619214 3.691908 -10.617111 -18.330622 -1.358703 13.575029 -67.610588 8.86348 3.618438 -0.346269 -12.776379 0.037935 -1.378023 0.844725 -4.01958 -5.882102 9.861279 0.70259 -10.936861 -0.360574 7.156197 0.0 8.774815 -0.0 -16.245823 18.243443 6.432172 -1.844031 2.498503 -2.507276 -10.16359 4.678941 4.621104 -20.975996 -1e-06 1e-06 -21.226254 2.451698 -3.593995 0.0 -6e-06 -0.0 -1.362681 2.240797 -0.746323 -21.334892 0.58491 3.008319 -13.821196 -1e-06 1e-06 -23.887129 -0.249075 -0.839485 -61.43174 2.525238 -0.641205 -0.294025 1.679686 0.833255 -14.218195 0.093215 1.300579 -34.212002 -0.287561 0.967166 -20.033176 0.964536 1.212838 0.0 -0.0 0.0 -3.440387 0.788233 0.501655 -15.928172 -3.167306 2.999703 -6.338817 -0.0 1e-06 -18.123419 3.648181 -4.905662 -4e-06 0.0 -2e-06 8.04498 18.693924 12.780172 58.623898 21.99255 8.29253 -0.414574 38.188084 -0.096238 -10.410321 3.281988 -2.140122 2.24354 -5.255033 -3.180156 14.282877 -0.826594 6.952496 -0.0 -12.690593 -1e-06 15.941634 -17.913414 2.943171 1.665665 -1.95592 -2.878297 4.727794 -4.170584 4.993919 11.020511 1e-06 -0.0 12.109032 -3.735715 -2.866778 0.0 -0.0 0.0 1.291985 -1.928548 -1.498088 14.800115 0.567467 3.865604 14.242553 -1.341738 -6.660648 19.631935 0.143921 -0.648243 50.040253 -0.699971 -6.081633 0.353029 -1.51115 -0.03194 20.222769 3.684305 2.316629 18.787249 1e-06 -1e-06 10.751608 -0.47987 1.397903 0.0 -0.0 0.0 3.273804 0.305947 -0.58011 21.48679 11.830364 2.266131 8.162915 0.0 -0.0 18.399052 -3.798986 -4.940567 3e-06 0.0 -1e-06 -3.068157 13.844271 -24.243885 -0.099557 0.187291 4.685169 -3.438465 12.673705 4.789968 1.681779 -2.148834 -6.890671 0.0 -0.0 2e-06 -5.48122 -4.666572 27.293917 -0.018126 0.364511 10.682681 7.454551 -5.642672 -3.126029 -1.46824 0.692831 -16.511135 0.0 -0.0 -1e-06 
0.0 0.0 0.0 0.0 -0.0 0.0 2.96526 94.863106 289.846527 3.255903 -8.910299 -3.868662 -1.675728 0.857075 0.063523 -0.515859 3.366756 -5.018866 -0.25209 1.395868 12.310542 -2.342622 3.276617 1.211069 -0.33764 1.382708 -3.662121 1.288088 0.900587 -13.962452 7.7e-05 -2.2e-05 6e-06 0.017399 -0.064107 0.005146 0.630145 -3.794331 -10.543505 -0.605229 3.663914 -10.591401 -18.861296 -1.849732 13.108474 -66.34198 10.289599 3.240441 -0.085325 -12.630004 0.013326 -1.73374 1.263139 -3.544683 -5.882102 9.861279 0.70259 -10.936861 -0.360574 7.156197 0.0 8.774815 -0.0 -16.379004 17.982105 6.346306 -1.844031 2.498503 -2.507276 -10.16359 4.678941 4.621104 -20.975996 -1e-06 1e-06 -21.226254 2.451698 -3.593995 0.0 -6e-06 -0.0 -1.362681 2.240797 -0.746323 -21.334892 0.58491 3.008319 -13.821196 -1e-06 1e-06 -23.887129 -0.249075 -0.839485 -61.265827 2.491309 -0.48285 -0.294025 1.679686 0.833255 -14.218195 0.093215 1.300579 -34.212002 -0.287561 0.967166 -20.033176 0.964536 1.212838 0.0 -0.0 0.0 -3.440387 0.788233 0.501655 -15.928172 -3.167306 2.999703 -6.338817 -0.0 1e-06 -18.123419 3.648181 -4.905662 -4e-06 0.0 -2e-06 10.301103 18.007095 13.088943 58.282894 20.339779 6.555624 -0.052475 38.762733 0.220651 -10.724885 3.694421 -1.563382 2.24354 -5.255033 -3.180156 14.282877 -0.826594 6.952496 -0.0 -12.690593 -1e-06 15.730223 -17.932779 3.049133 1.665665 -1.95592 -2.878297 4.727794 -4.170584 4.993919 11.020511 1e-06 -0.0 12.109032 -3.735715 -2.866778 0.0 -0.0 0.0 1.291985 -1.928548 -1.498088 14.800115 0.567467 3.865604 14.242553 -1.341738 -6.660648 19.631935 0.143921 -0.648243 49.953503 -0.723075 -6.058005 0.353029 -1.51115 -0.03194 20.222769 3.684305 2.316629 18.787249 1e-06 -1e-06 10.751608 -0.47987 1.397903 0.0 -0.0 0.0 3.273804 0.305947 -0.58011 21.48679 11.830364 2.266131 8.162915 0.0 -0.0 18.399052 -3.798986 -4.940567 3e-06 0.0 -1e-06 -6.833994 11.190904 -24.623955 0.01714 0.285293 9.49259 3.273231 12.216367 13.617591 1.762825 -2.007232 -4.628942 0.0 -0.0 2e-06 -10.51687 -4.932912 23.972328 -0.151516 0.780398 20.745037 7.993507 -6.039516 4.246441 -1.573234 0.718907 -25.827253 0.0 -0.0 -1e-06 
0.0 0.0 0.0 0.0 -0.0 0.0 3.705991 95.171013 295.960083 5.271941 -7.505342 -4.897624 -2.470425 0.793404 0.49444 -0.922505 3.298478 -4.859988 -1.592506 1.431261 11.972388 -1.174075 2.889236 1.544569 -0.615465 0.885405 -3.603394 1.420029 0.518252 -14.539396 7.7e-05 -2.2e-05 6e-06 0.033299 -0.018593 0.029702 0.668051 -3.73322 -10.488103 -0.613427 3.693011 -10.519728 -16.941957 -2.785101 13.452452 -66.771095 9.770609 3.370866 0.179479 -13.163716 -0.06754 -1.648584 1.717091 -2.99428 -5.882102 9.861279 0.70259 -10.936861 -0.360574 7.156197 0.0 8.774815 -0.0 -16.562429 18.009192 6.001449 -1.844031 2.498503 -2.507276 -10.16359 4.678941 4.621104 -20.975996 -1e-06 1e-06 -21.226254 2.451698 -3.593995 0.0 -6e-06 -0.0 -1.362681 2.240797 -0.746323 -21.334892 0.58491 3.008319 -13.821196 -1e-06 1e-06 -23.887129 -0.249075 -0.839485 -61.046551 2.44646 -0.972833 -0.294025 1.679686 0.833255 -14.218195 0.093215 1.300579 -34.212002 -0.287561 0.967166 -20.033176 0.964536 1.212838 0.0 -0.0 0.0 -3.440387 0.788233 0.501655 -15.928172 -3.167306 2.999703 -6.338817 -0.0 1e-06 -18.123419 3.648181 -4.905662 -4e-06 0.0 -2e-06 10.114785 17.256294 13.338041 60.744583 18.852741 5.161132 -0.109228 38.491966 0.16276 -11.075113 3.967339 -1.581243 2.24354 -5.255033 -3.180156 14.282877 -0.826594 6.952496 -0.0 -12.690593 -1e-06 15.815166 -17.808924 2.977692 1.665665 -1.95592 -2.878297 4.727794 -4.170584 4.993919 11.020511 1e-06 -0.0 12.109032 -3.735715 -2.866778 0.0 -0.0 0.0 1.291985 -1.928548 -1.498088 14.800115 0.567467 3.865604 14.242553 -1.341738 -6.660648 19.631935 0.143921 -0.648243 49.937004 -0.646692 -6.048888 0.353029 -1.51115 -0.03194 20.222769 3.684305 2.316629 18.787249 1e-06 -1e-06 10.751608 -0.47987 1.397903 0.0 -0.0 0.0 3.273804 0.305947 -0.58011 21.48679 11.830364 2.266131 8.162915 0.0 -0.0 18.399052 -3.798986 -4.940567 3e-06 0.0 -1e-06 -9.120435 8.967227 -23.555716 0.054903 0.267521 16.653288 5.171917 12.350147 10.901454 1.648742 -1.997929 -1.737272 0.0 -0.0 2e-06 -13.2045 -4.667385 19.211212 -0.125142 1.109805 34.729465 6.557904 -9.193767 16.008665 -1.49733 0.606446 -25.267958 0.0 -0.0 -1e-06 
0.0 0.0 0.0 0.0 -0.0 0.0 4.39731 95.691772 301.847778 6.741214 -6.460636 -6.316291 -3.041253 0.702975 1.328116 -1.119962 3.36722 -4.431855 -2.375399 1.176065 11.788216 -1.066406 2.903438 2.006459 -0.672143 0.51008 -3.56145 1.549067 0.087531 -15.227736 7.7e-05 -2.2e-05 6e-06 0.039174 0.033751 0.07503 0.667141 -3.693372 -10.447881 -0.602201 3.760656 -10.465206 -15.647866 -3.375929 13.690923 -66.2593 8.411119 3.825909 0.208617 -14.990767 -0.069255 -1.180562 1.567756 -3.095142 -5.882102 9.861279 0.70259 -10.936861 -0.360574 7.156197 0.0 8.774815 -0.0 -16.491213 18.150257 5.966875 -1.844031 2.498503 -2.507276 -10.16359 4.678941 4.621104 -20.975996 -1e-06 1e-06 -21.226254 2.451698 -3.593995 0.0 -6e-06 -0.0 -1.362681 2.240797 -0.746323 -21.334892 0.58491 3.008319 -13.821196 -1e-06 1e-06 -23.887129 -0.249075 -0.839485 -61.06274 2.351328 -1.160396 -0.294025 1.679686 0.833255 -14.218195 0.093215 1.300579 -34.212002 -0.287561 0.967166 -20.033176 0.964536 1.212838 0.0 -0.0 0.0 -3.440387 0.788233 0.501655 -15.928172 -3.167306 2.999703 -6.338817 -0.0 1e-06 -18.123419 3.648181 -4.905662 -4e-06 0.0 -2e-06 9.715915 16.67523 13.582459 62.661892 17.424747 5.455307 -0.45476 37.862617 -0.073721 -10.478321 3.594698 -1.675546 2.24354 -5.255033 -3.180156 14.282877 -0.826594 6.952496 -0.0 -12.690593 -1e-06 15.960483 -17.756109 2.987414 1.665665 -1.95592 -2.878297 4.727794 -4.170584 4.993919 11.020511 1e-06 -0.0 12.109032 -3.735715 -2.866778 0.0 -0.0 0.0 1.291985 -1.928548 -1.498088 14.800115 0.567467 3.865604 14.242553 -1.341738 -6.660648 19.631935 0.143921 -0.648243 49.964935 -0.569339 -5.997779 0.353029 -1.51115 -0.03194 20.222769 3.684305 2.316629 18.787249 1e-06 -1e-06 10.751608 -0.47987 1.397903 0.0 -0.0 0.0 3.273804 0.305947 -0.58011 21.48679 11.830364 2.266131 8.162915 0.0 -0.0 18.399052 -3.798986 -4.940567 3e-06 0.0 -1e-06 -11.020454 8.456441 -19.970432 0.102395 0.352545 20.304901 5.446331 12.310214 5.095219 1.649306 -2.096368 -1.113177 0.0 -0.0 2e-06 -14.610461 -3.873881 13.425067 -0.094365 0.961218 48.717972 2.239413 -12.306067 24.866232 -1.427627 0.85542 -7.525959 0.0 -0.0 -1e-06 
0.0 0.0 0.0 0.0 -0.0 0.0 4.990832 96.622864 307.453125 7.331246 -5.790414 -7.319456 -3.290589 0.700806 1.812257 -1.211753 3.124142 -4.170286 -2.501743 0.659914 11.955614 -1.331698 3.154286 2.59942 -0.632337 0.532365 -3.547327 1.494752 -0.000279 -15.470898 7.7e-05 -2.2e-05 6e-06 0.050902 0.088914 0.106922 0.672013 -3.650505 -10.462111 -0.583662 3.83104 -10.473319 -15.572351 -3.494707 13.576797 -64.566742 6.691012 4.224506 0.215334 -17.429125 -0.11399 0.70783 0.548049 -3.292499 -5.882102 9.861279 0.70259 -10.936861 -0.360574 7.156197 0.0 8.774815 -0.0 -16.591347 18.288128 5.874662 -1.844031 2.498503 -2.507276 -10.16359 4.678941 4.621104 -20.975996 -1e-06 1e-06 -21.226254 2.451698 -3.593995 0.0 -6e-06 -0.0 -1.362681 2.240797 -0.746323 -21.334892 0.58491 3.008319 -13.821196 -1e-06 1e-06 -23.887129 -0.249075 -0.839485 -61.085674 2.353277 -1.280834 -0.294025 1.679686 0.833255 -14.218195 0.093215 1.300579 -34.212002 -0.287561 0.967166 -20.033176 0.964536 1.212838 0.0 -0.0 0.0 -3.440387 0.788233 0.501655 -15.928172 -3.167306 2.999703 -6.338817 -0.0 1e-06 -18.123419 3.648181 -4.905662 -4e-06 0.0 -2e-06 10.051709 16.185966 13.931028 63.290352 16.265167 6.835409 -0.566544 36.370853 -0.257892 -9.482902 3.476327 -1.007138 2.24354 -5.255033 -3.180156 14.282877 -0.826594 6.952496 -0.0 -12.690593 -1e-06 16.061205 -17.752048 2.969092 1.665665 -1.95592 -2.878297 4.727794 -4.170584 4.993919 11.020511 1e-06 -0.0 12.109032 -3.735715 -2.866778 0.0 -0.0 0.0 1.291985 -1.928548 -1.498088 14.800115 0.567467 3.865604 14.242553 -1.341738 -6.660648 19.631935 0.143921 -0.648243 50.060261 -0.54214 -6.008953 0.353029 -1.51115 -0.03194 20.222769 3.684305 2.316629 18.787249 1e-06 -1e-06 10.751608 -0.47987 1.397903 0.0 -0.0 0.0 3.273804 0.305947 -0.58011 21.48679 11.830364 2.266131 8.162915 0.0 -0.0 18.399052 -3.798986 -4.940567 3e-06 0.0 -1e-06 -11.922882 8.380233 -14.667953 0.145984 0.346257 19.551126 5.147948 12.55126 1.697656 1.638682 -2.138032 -0.754374 0.0 -0.0 2e-06 -14.663235 -3.242685 7.34111 -0.041279 0.634309 59.932171 -0.419525 -14.37344 21.697945 -1.543218 0.907089 -4.711725 0.0 -0.0 -1e-06 
0.0 0.0 0.0 0.0 -0.0 0.0 5.456542 97.687164 312.75296 6.76881 -5.129958 -8.075891 -3.090188 0.601904 2.194732 -1.154385 2.591409 -3.966798 -2.028374 0.099683 12.129403 -1.545102 3.401745 3.368124 -0.574338 0.680948 -3.544939 1.29326 0.129482 -14.965771 7.7e-05 -2.2e-05 6e-06 0.057996 0.128621 0.112102 0.680185 -3.621931 -10.475411 -0.576426 3.884551 -10.497605 -15.592123 -3.655697 13.369254 -62.92503 4.380175 4.230742 0.148039 -19.627192 -0.130216 3.752618 -0.858017 -2.916465 -5.882102 9.861279 0.70259 -10.936861 -0.360574 7.156197 0.0 8.774815 -0.0 -16.659103 18.38607 5.811258 -1.844031 2.498503 -2.507276 -10.16359 4.678941 4.621104 -20.975996 -1e-06 1e-06 -21.226254 2.451698 -3.593995 0.0 -6e-06 -0.0 -1.362681 2.240797 -0.746323 -21.334892 0.58491 3.008319 -13.821196 -1e-06 1e-06 -23.887129 -0.249075 -0.839485 -61.027939 2.333246 -1.226061 -0.294025 1.679686 0.833255 -14.218195 0.093215 1.300579 -34.212002 -0.287561 0.967166 -20.033176 0.964536 1.212838 0.0 -0.0 0.0 -3.440387 0.788233 0.501655 -15.928172 -3.167306 2.999703 -6.338817 -0.0 1e-06 -18.123419 3.648181 -4.905662 -4e-06 0.0 -2e-06 10.473337 15.575635 14.301332 63.702934 15.074139 8.468507 -0.532405 34.329441 -0.36796 -8.377445 2.955539 0.422753 2.24354 -5.255033 -3.180156 14.282877 -0.826594 6.952496 -0.0 -12.690593 -1e-06 16.092415 -17.708927 2.910461 1.665665 -1.95592 -2.878297 4.727794 -4.170584 4.993919 11.020511 1e-06 -0.0 12.109032 -3.735715 -2.866778 0.0 -0.0 0.0 1.291985 -1.928548 -1.498088 14.800115 0.567467 3.865604 14.242553 -1.341738 -6.660648 19.631935 0.143921 -0.648243 50.097462 -0.46075 -5.935204 0.353029 -1.51115 -0.03194 20.222769 3.684305 2.316629 18.787249 1e-06 -1e-06 10.751608 -0.47987 1.397903 0.0 -0.0 0.0 3.273804 0.305947 -0.58011 21.48679 11.830364 2.266131 8.162915 0.0 -0.0 18.399052 -3.798986 -4.940567 3e-06 0.0 -1e-06 -11.485887 8.1619 -8.494804 0.124845 0.253407 16.36338 4.757129 12.736615 -0.330976 1.636769 -2.143634 -0.653535 0.0 -0.0 2e-06 -13.060725 -3.018359 1.147922 -0.011163 0.296043 67.030815 -1.902604 -16.335724 16.973312 -1.595375 0.896943 -4.420221 0.0 -0.0 -1e-06 
0.0 0.0 0.0 0.0 -0.0 0.0 5.775144 98.598793 317.869141 5.489504 -4.057091 -8.676834 -2.756643 0.394106 2.660806 -1.013965 1.848857 -3.752143 -1.285988 -0.648014 12.101031 -1.382517 3.493666 4.172189 -0.506227 0.783682 -3.535513 1.016052 0.329206 -14.239608 7.7e-05 -2.2e-05 6e-06 0.053551 0.135101 0.112426 0.688387 -3.623763 -10.509858 -0.591636 3.900242 -10.536002 -14.541429 -4.254537 13.30985 -62.251396 1.638876 4.320162 -0.038949 -21.815569 -0.104338 6.351914 -1.956422 -2.358107 -5.882102 9.861279 0.70259 -10.936861 -0.360574 7.156197 0.0 8.774815 -0.0 -16.466585 18.429731 5.859816 -1.844031 2.498503 -2.507276 -10.16359 4.678941 4.621104 -20.975996 -1e-06 1e-06 -21.226254 2.451698 -3.593995 0.0 -6e-06 -0.0 -1.362681 2.240797 -0.746323 -21.334892 0.58491 3.008319 -13.821196 -1e-06 1e-06 -23.887129 -0.249075 -0.839485 -60.849773 2.385938 -1.176003 -0.294025 1.679686 0.833255 -14.218195 0.093215 1.300579 -34.212002 -0.287561 0.967166 -20.033176 0.964536 1.212838 0.0 -0.0 0.0 -3.440387 0.788233 0.501655 -15.928172 -3.167306 2.999703 -6.338817 -0.0 1e-06 -18.123419 3.648181 -4.905662 -4e-06 0.0 -2e-06 10.555976 14.781505 14.434512 64.600441 13.445551 9.725055 -0.372104 32.282017 -0.355536 -7.216845 2.089279 1.527406 2.24354 -5.255033 -3.180156 14.282877 -0.826594 6.952496 -0.0 -12.690593 -1e-06 16.126165 -17.605728 2.776841 1.665665 -1.95592 -2.878297 4.727794 -4.170584 4.993919 11.020511 1e-06 -0.0 12.109032 -3.735715 -2.866778 0.0 -0.0 0.0 1.291985 -1.928548 -1.498088 14.800115 0.567467 3.865604 14.242553 -1.341738 -6.660648 19.631935 0.143921 -0.648243 49.967915 -0.377157 -5.927861 0.353029 -1.51115 -0.03194 20.222769 3.684305 2.316629 18.787249 1e-06 -1e-06 10.751608 -0.47987 1.397903 0.0 -0.0 0.0 3.273804 0.305947 -0.58011 21.48679 11.830364 2.266131 8.162915 0.0 -0.0 18.399052 -3.798986 -4.940567 3e-06 0.0 -1e-06 -10.210526 7.71117 -2.099829 0.069401 0.119354 12.257365 4.266177 12.55877 -1.663103 1.63167 -2.108746 -0.664291 0.0 -0.0 2e-06 -10.561472 -3.468488 -4.497408 0.034645 0.063247 69.689308 -1.658043 -16.842552 12.675499 -1.54688 0.865726 -4.335001 0.0 -0.0 -1e-06 
0.0 0.0 0.0 0.0 -0.0 0.0 5.934092 99.183899 322.984039 3.898685 -2.485091 -9.095832 -2.430927 0.148308 3.129649 -0.86295 1.01009 -3.571027 -0.506959 -1.500082 12.022626 -0.779436 3.304739 4.801518 -0.458873 0.839121 -3.523354 0.749038 0.465288 -13.568336 7.7e-05 -2.2e-05 6e-06 0.045641 0.115762 0.109399 0.697426 -3.647691 -10.560114 -0.61438 3.884257 -10.584985 -12.796757 -5.286411 13.288161 -61.843941 -1.255945 4.88102 -0.345229 -24.329571 -0.036553 7.623782 -2.643466 -1.91448 -5.882102 9.861279 0.70259 -10.936861 -0.360574 7.156197 0.0 8.774815 -0.0 -16.185015 18.438469 5.982195 -1.844031 2.498503 -2.507276 -10.16359 4.678941 4.621104 -20.975996 -1e-06 1e-06 -21.226254 2.451698 -3.593995 0.0 -6e-06 -0.0 -1.362681 2.240797 -0.746323 -21.334892 0.58491 3.008319 -13.821196 -1e-06 1e-06 -23.887129 -0.249075 -0.839485 -60.682583 2.4802 -1.127021 -0.294025 1.679686 0.833255 -14.218195 0.093215 1.300579 -34.212002 -0.287561 0.967166 -20.033176 0.964536 1.212838 0.0 -0.0 0.0 -3.440387 0.788233 0.501655 -15.928172 -3.167306 2.999703 -6.338817 -0.0 1e-06 -18.123419 3.648181 -4.905662 -4e-06 0.0 -2e-06 10.728824 13.750026 14.368855 65.453972 11.253819 10.28111 -0.125472 30.462692 -0.255436 -6.103498 1.343524 1.651235 2.24354 -5.255033 -3.180156 14.282877 -0.826594 6.952496 -0.0 -12.690593 -1e-06 16.175289 -17.563612 2.667167 1.665665 -1.95592 -2.878297 4.727794 -4.170584 4.993919 11.020511 1e-06 -0.0 12.109032 -3.735715 -2.866778 0.0 -0.0 0.0 1.291985 -1.928548 -1.498088 14.800115 0.567467 3.865604 14.242553 -1.341738 -6.660648 19.631935 0.143921 -0.648243 49.851109 -0.348741 -5.984969 0.353029 -1.51115 -0.03194 20.222769 3.684305 2.316629 18.787249 1e-06 -1e-06 10.751608 -0.47987 1.397903 0.0 -0.0 0.0 3.273804 0.305947 -0.58011 21.48679 11.830364 2.266131 8.162915 0.0 -0.0 18.399052 -3.798986 -4.940567 3e-06 0.0 -1e-06 -8.456079 7.177979 4.135814 0.018314 0.003928 8.066139 3.650583 11.778484 -2.923704 1.627543 -2.03704 -0.662629 0.0 -0.0 2e-06 -7.822851 -4.479719 -9.328212 0.045844 -0.116502 68.150192 -0.649584 -16.747885 8.949046 -1.477475 0.818001 -4.415762 0.0 -0.0 -1e-06 
0.0 0.0 0.0 0.0 -0.0 0.0 5.921887 99.393494 328.178192 2.392061 -0.563156 -9.22163 -2.197272 -0.045597 3.444312 -0.779589 0.178878 -3.471872 0.153121 -2.347146 12.003679 0.1884 2.853543 5.156912 -0.465374 0.889941 -3.537133 0.574513 0.41545 -13.069024 7.7e-05 -2.2e-05 6e-06 0.039597 0.073859 0.094206 0.701489 -3.68508 -10.590763 -0.628584 3.83655 -10.610095 -10.97817 -6.612244 13.167778 -61.044167 -4.200575 5.787714 -0.614589 -27.200031 0.045991 7.830522 -3.004129 -2.110994 -5.882102 9.861279 0.70259 -10.936861 -0.360574 7.156197 0.0 8.774815 -0.0 -15.916438 18.479742 6.188508 -1.844031 2.498503 -2.507276 -10.16359 4.678941 4.621104 -20.975996 -1e-06 1e-06 -21.226254 2.451698 -3.593995 0.0 -6e-06 -0.0 -1.362681 2.240797 -0.746323 -21.334892 0.58491 3.008319 -13.821196 -1e-06 1e-06 -23.887129 -0.249075 -0.839485 -60.669655 2.595481 -1.048627 -0.294025 1.679686 0.833255 -14.218195 0.093215 1.300579 -34.212002 -0.287561 0.967166 -20.033176 0.964536 1.212838 0.0 -0.0 0.0 -3.440387 0.788233 0.501655 -15.928172 -3.167306 2.999703 -6.338817 -0.0 1e-06 -18.123419 3.648181 -4.905662 -4e-06 0.0 -2e-06 11.29389 12.479018 14.26414 65.84227 8.730474 10.266843 0.098572 28.746538 -0.136321 -5.242307 0.80796 1.133709 2.24354 -5.255033 -3.180156 14.282877 -0.826594 6.952496 -0.0 -12.690593 -1e-06 16.2761 -17.595497 2.609794 1.665665 -1.95592 -2.878297 4.727794 -4.170584 4.993919 11.020511 1e-06 -0.0 12.109032 -3.735715 -2.866778 0.0 -0.0 0.0 1.291985 -1.928548 -1.498088 14.800115 0.567467 3.865604 14.242553 -1.341738 -6.660648 19.631935 0.143921 -0.648243 49.817711 -0.407719 -6.079647 0.353029 -1.51115 -0.03194 20.222769 3.684305 2.316629 18.787249 1e-06 -1e-06 10.751608 -0.47987 1.397903 0.0 -0.0 0.0 3.273804 0.305947 -0.58011 21.48679 11.830364 2.266131 8.162915 0.0 -0.0 18.399052 -3.798986 -4.940567 3e-06 0.0 -1e-06 -6.57094 6.653753 9.749389 -0.009585 -0.057412 4.353308 2.900725 10.477716 -4.250711 1.635973 -1.949845 -0.619183 0.0 -0.0 2e-06 -5.366814 -5.722033 -13.484695 -0.038122 -0.294393 62.748901 -6.2e-05 -16.864649 5.899153 -1.4523 0.794069 -4.642297 0.0 -0.0 -1e-06 
0.0 0.0 0.0 0.0 -0.0 0.0 5.81912 99.26107 333.306763 1.30233 1.459508 -9.023599 -2.150544 -0.149801 3.553856 -0.791791 -0.589922 -3.454478 0.562947 -3.089226 12.06896 1.39812 2.287915 5.24293 -0.563592 0.875213 -3.571184 0.501361 0.207955 -12.907825 7.7e-05 -2.2e-05 6e-06 0.036533 0.038391 0.08083 0.692957 -3.709208 -10.583209 -0.624861 3.789591 -10.592341 -9.364752 -8.037943 12.91278 -59.814564 -7.17943 6.447049 -0.74615 -30.173149 0.107944 7.82166 -3.101881 -3.157616 -5.882102 9.861279 0.70259 -10.936861 -0.360574 7.156197 0.0 8.774815 -0.0 -15.665566 18.54092 6.44584 -1.844031 2.498503 -2.507276 -10.16359 4.678941 4.621104 -20.975996 -1e-06 1e-06 -21.226254 2.451698 -3.593995 0.0 -6e-06 -0.0 -1.362681 2.240797 -0.746323 -21.334892 0.58491 3.008319 -13.821196 -1e-06 1e-06 -23.887129 -0.249075 -0.839485 -60.766006 2.689794 -0.914021 -0.294025 1.679686 0.833255 -14.218195 0.093215 1.300579 -34.212002 -0.287561 0.967166 -20.033176 0.964536 1.212838 0.0 -0.0 0.0 -3.440387 0.788233 0.501655 -15.928172 -3.167306 2.999703 -6.338817 -0.0 1e-06 -18.123419 3.648181 -4.905662 -4e-06 0.0 -2e-06 12.194232 11.155588 14.251536 65.868042 6.182686 9.692455 0.223231 27.00737 -0.047455 -4.885008 0.328737 0.510222 2.24354 -5.255033 -3.180156 14.282877 -0.826594 6.952496 -0.0 -12.690593 -1e-06 16.394787 -17.623671 2.580847 1.665665 -1.95592 -2.878297 4.727794 -4.170584 4.993919 11.020511 1e-06 -0.0 12.109032 -3.735715 -2.866778 0.0 -0.0 0.0 1.291985 -1.928548 -1.498088 14.800115 0.567467 3.865604 14.242553 -1.341738 -6.660648 19.631935 0.143921 -0.648243 49.903469 -0.454502 -6.139868 0.353029 -1.51115 -0.03194 20.222769 3.684305 2.316629 18.787249 1e-06 -1e-06 10.751608 -0.47987 1.397903 0.0 -0.0 0.0 3.273804 0.305947 -0.58011 21.48679 11.830364 2.266131 8.162915 0.0 -0.0 18.399052 -3.798986 -4.940567 3e-06 0.0 -1e-06 -4.991291 6.177979 13.997417 -0.028902 -0.087895 2.211775 2.092752 9.056498 -5.758264 1.655164 -1.912783 -0.591768 0.0 -0.0 2e-06 -3.519184 -6.875427 -16.811378 -0.142197 -0.341078 53.748135 0.463987 -17.114235 3.610094 -1.452082 0.824726 -4.919515 0.0 -0.0 -1e-06 
0.0 0.0 0.0 0.0 -0.0 0.0 5.732249 98.804321 338.346741 0.823753 3.333647 -8.596342 -2.358964 -0.228653 3.470843 -0.835814 -1.288116 -3.49494 0.591071 -3.624947 12.260954 2.686798 1.694998 5.045538 -0.790137 0.655556 -3.557752 0.480921 -0.054494 -13.150499 7.7e-05 -2.2e-05 6e-06 0.026037 0.000499 0.069806 0.670346 -3.743346 -10.557873 -0.623173 3.747402 -10.569465 -7.88342 -9.405998 12.616899 -58.568581 -10.209778 6.359744 -0.692057 -32.774612 0.216391 8.27945 -3.177058 -4.837316 -5.882102 9.861279 0.70259 -10.936861 -0.360574 7.156197 0.0 8.774815 -0.0 -15.528395 18.590322 6.520282 -1.844031 2.498503 -2.507276 -10.16359 4.678941 4.621104 -20.975996 -1e-06 1e-06 -21.226254 2.451698 -3.593995 0.0 -6e-06 -0.0 -1.362681 2.240797 -0.746323 -21.334892 0.58491 3.008319 -13.821196 -1e-06 1e-06 -23.887129 -0.249075 -0.839485 -60.656738 2.800172 -1.020314 -0.294025 1.679686 0.833255 -14.218195 0.093215 1.300579 -34.212002 -0.287561 0.967166 -20.033176 0.964536 1.212838 0.0 -0.0 0.0 -3.440387 0.788233 0.501655 -15.928172 -3.167306 2.999703 -6.338817 -0.0 1e-06 -18.123419 3.648181 -4.905662 -4e-06 0.0 -2e-06 13.060357 9.98402 14.310423 65.898277 3.767452 8.881532 0.191227 25.327656 0.016287 -4.818488 -0.347506 -0.220187 2.24354 -5.255033 -3.180156 14.282877 -0.826594 6.952496 -0.0 -12.690593 -1e-06 16.499386 -17.609781 2.524206 1.665665 -1.95592 -2.878297 4.727794 -4.170584 4.993919 11.020511 1e-06 -0.0 12.109032 -3.735715 -2.866778 0.0 -0.0 0.0 1.291985 -1.928548 -1.498088 14.800115 0.567467 3.865604 14.242553 -1.341738 -6.660648 19.631935 0.143921 -0.648243 49.897251 -0.463362 -6.182047 0.353029 -1.51115 -0.03194 20.222769 3.684305 2.316629 18.787249 1e-06 -1e-06 10.751608 -0.47987 1.397903 0.0 -0.0 0.0 3.273804 0.305947 -0.58011 21.48679 11.830364 2.266131 8.162915 0.0 -0.0 18.399052 -3.798986 -4.940567 3e-06 0.0 -1e-06 -4.02105 5.644227 17.101068 -0.026713 -0.025486 1.646932 1.335556 7.74142 -7.572291 1.705814 -1.943663 -0.579159 0.0 -0.0 2e-06 -2.459491 -7.943606 -18.842789 -0.18338 -0.240508 41.574112 1.222273 -17.382433 2.453563 -1.458664 0.917871 -4.855392 0.0 -0.0 -1e-06 
0.0 0.0 0.0 0.0 -0.0 0.0 5.652366 98.043968 343.414368 0.828238 4.94983 -8.176709 -2.703022 -0.319133 3.395023 -0.931243 -1.883617 -3.591626 0.384419 -3.884067 12.504728 3.785915 1.13151 4.718777 -0.884436 0.332113 -3.514824 0.355927 -0.110022 -13.634171 7.7e-05 -2.2e-05 6e-06 0.009427 -0.023153 0.077287 0.640279 -3.769253 -10.56356 -0.626061 3.725861 -10.578171 -6.703162 -10.612036 12.455177 -57.38615 -13.27624 5.304264 -0.560864 -34.981705 0.249435 9.233767 -3.378421 -6.074328 -5.882102 9.861279 0.70259 -10.936861 -0.360574 7.156197 0.0 8.774815 -0.0 -15.540854 18.57736 6.535837 -1.844031 2.498503 -2.507276 -10.16359 4.678941 4.621104 -20.975996 -1e-06 1e-06 -21.226254 2.451698 -3.593995 0.0 -6e-06 -0.0 -1.362681 2.240797 -0.746323 -21.334892 0.58491 3.008319 -13.821196 -1e-06 1e-06 -23.887129 -0.249075 -0.839485 -60.702263 2.774708 -1.052898 -0.294025 1.679686 0.833255 -14.218195 0.093215 1.300579 -34.212002 -0.287561 0.967166 -20.033176 0.964536 1.212838 0.0 -0.0 0.0 -3.440387 0.788233 0.501655 -15.928172 -3.167306 2.999703 -6.338817 -0.0 1e-06 -18.123419 3.648181 -4.905662 -4e-06 0.0 -2e-06 13.612307 9.000439 14.265789 66.19384 1.414754 7.825174 0.147494 23.521011 0.077371 -4.894922 -0.948477 -0.454934 2.24354 -5.255033 -3.180156 14.282877 -0.826594 6.952496 -0.0 -12.690593 -1e-06 16.485106 -17.524714 2.469149 1.665665 -1.95592 -2.878297 4.727794 -4.170584 4.993919 11.020511 1e-06 -0.0 12.109032 -3.735715 -2.866778 0.0 -0.0 0.0 1.291985 -1.928548 -1.498088 14.800115 0.567467 3.865604 14.242553 -1.341738 -6.660648 19.631935 0.143921 -0.648243 50.075233 -0.389051 -6.165194 0.353029 -1.51115 -0.03194 20.222769 3.684305 2.316629 18.787249 1e-06 -1e-06 10.751608 -0.47987 1.397903 0.0 -0.0 0.0 3.273804 0.305947 -0.58011 21.48679 11.830364 2.266131 8.162915 0.0 -0.0 18.399052 -3.798986 -4.940567 3e-06 0.0 -1e-06 -3.447383 5.3038 19.983131 -0.041922 0.079565 1.640064 0.672157 7.004094 -9.345814 1.728399 -2.029063 -0.785072 0.0 -0.0 2e-06 -1.979684 -9.166777 -19.131872 -0.092635 -0.115498 26.472916 1.808976 -16.90539 2.922568 -1.465394 1.022989 -4.703848 0.0 -0.0 -1e-06 
0.0 0.0 0.0 0.0 -0.0 0.0 5.540626 97.113663 348.661133 1.236654 6.319297 -7.716256 -3.143026 -0.311612 3.265188 -1.06441 -2.285474 -3.716949 0.055356 -4.110913 12.737207 4.676298 0.761221 4.220713 -0.92795 -0.006514 -3.474668 0.11694 -0.389543 -14.152124 7.7e-05 -2.2e-05 6e-06 0.000843 -0.004191 0.081647 0.634504 -3.753884 -10.60119 -0.637325 3.750351 -10.626299 -5.680645 -11.669758 12.212406 -56.633125 -15.991558 3.893648 -0.366931 -36.794846 0.275435 10.385768 -3.690284 -7.011809 -5.882102 9.861279 0.70259 -10.936861 -0.360574 7.156197 0.0 8.774815 -0.0 -15.548796 18.554043 6.60004 -1.844031 2.498503 -2.507276 -10.16359 4.678941 4.621104 -20.975996 -1e-06 1e-06 -21.226254 2.451698 -3.593995 0.0 -6e-06 -0.0 -1.362681 2.240797 -0.746323 -21.334892 0.58491 3.008319 -13.821196 -1e-06 1e-06 -23.887129 -0.249075 -0.839485 -60.68512 2.68777 -1.161805 -0.294025 1.679686 0.833255 -14.218195 0.093215 1.300579 -34.212002 -0.287561 0.967166 -20.033176 0.964536 1.212838 0.0 -0.0 0.0 -3.440387 0.788233 0.501655 -15.928172 -3.167306 2.999703 -6.338817 -0.0 1e-06 -18.123419 3.648181 -4.905662 -4e-06 0.0 -2e-06 13.870662 8.290108 14.128114 66.728348 -0.961629 6.413522 0.198872 21.723127 0.15134 -5.036887 -1.458458 0.283236 2.24354 -5.255033 -3.180156 14.282877 -0.826594 6.952496 -0.0 -12.690593 -1e-06 16.431643 -17.463524 2.465303 1.665665 -1.95592 -2.878297 4.727794 -4.170584 4.993919 11.020511 1e-06 -0.0 12.109032 -3.735715 -2.866778 0.0 -0.0 0.0 1.291985 -1.928548 -1.498088 14.800115 0.567467 3.865604 14.242553 -1.341738 -6.660648 19.631935 0.143921 -0.648243 50.28368 -0.397945 -6.114349 0.353029 -1.51115 -0.03194 20.222769 3.684305 2.316629 18.787249 1e-06 -1e-06 10.751608 -0.47987 1.397903 0.0 -0.0 0.0 3.273804 0.305947 -0.58011 21.48679 11.830364 2.266131 8.162915 0.0 -0.0 18.399052 -3.798986 -4.940567 3e-06 0.0 -1e-06 -3.033849 5.257407 22.967287 -0.037224 0.178508 1.680133 -0.059939 6.167681 -10.243056 1.76088 -2.087193 -1.504572 0.0 -0.0 2e-06 -1.763069 -10.429591 -18.499458 0.054176 -0.135293 10.927008 3.278121 -15.096107 3.691419 -1.412576 1.106053 -4.917235 0.0 -0.0 -1e-06 
0.0 0.0 0.0 0.0 -0.0 0.0 5.379784 96.234825 354.074463 1.442111 7.158356 -6.982639 -3.292137 -0.211784 2.870451 -1.183995 -2.50203 -3.839494 -0.122411 -4.253592 12.823947 5.220129 0.640392 3.506628 -0.90916 -0.2463 -3.508146 -0.17873 -0.68472 -14.201906 7.7e-05 -2.2e-05 6e-06 0.005134 0.004633 0.065075 0.634735 -3.746543 -10.640596 -0.628091 3.764477 -10.666492 -5.200557 -12.37736 11.644093 -56.054451 -17.853085 2.46767 -0.5037 -38.490845 0.463832 11.496326 -4.032245 -7.48947 -5.882102 9.861279 0.70259 -10.936861 -0.360574 7.156197 0.0 8.774815 -0.0 -15.56653 18.437174 6.666957 -1.844031 2.498503 -2.507276 -10.16359 4.678941 4.621104 -20.975996 -1e-06 1e-06 -21.226254 2.451698 -3.593995 0.0 -6e-06 -0.0 -1.362681 2.240797 -0.746323 -21.334892 0.58491 3.008319 -13.821196 -1e-06 1e-06 -23.887129 -0.249075 -0.839485 -60.640175 2.565643 -1.092811 -0.294025 1.679686 0.833255 -14.218195 0.093215 1.300579 -34.212002 -0.287561 0.967166 -20.033176 0.964536 1.212838 0.0 -0.0 0.0 -3.440387 0.788233 0.501655 -15.928172 -3.167306 2.999703 -6.338817 -0.0 1e-06 -18.123419 3.648181 -4.905662 -4e-06 0.0 -2e-06 14.393724 7.909205 13.858079 66.881416 -3.412347 4.963477 0.245793 19.957525 0.173317 -5.071184 -1.847041 1.269748 2.24354 -5.255033 -3.180156 14.282877 -0.826594 6.952496 -0.0 -12.690593 -1e-06 16.245504 -17.251242 2.46567 1.665665 -1.95592 -2.878297 4.727794 -4.170584 4.993919 11.020511 1e-06 -0.0 12.109032 -3.735715 -2.866778 0.0 -0.0 0.0 1.291985 -1.928548 -1.498088 14.800115 0.567467 3.865604 14.242553 -1.341738 -6.660648 19.631935 0.143921 -0.648243 50.090542 -0.396958 -6.143545 0.353029 -1.51115 -0.03194 20.222769 3.684305 2.316629 18.787249 1e-06 -1e-06 10.751608 -0.47987 1.397903 0.0 -0.0 0.0 3.273804 0.305947 -0.58011 21.48679 11.830364 2.266131 8.162915 0.0 -0.0 18.399052 -3.798986 -4.940567 3e-06 0.0 -1e-06 -2.081546 5.478469 25.761154 -0.086105 0.164094 1.70657 -1.169782 5.097589 -9.659288 1.802713 -1.975958 -2.813621 0.0 -0.0 2e-06 -0.911854 -10.993972 -18.785486 0.105625 -0.061073 -0.361088 5.495878 -13.893878 3.191106 -1.300699 1.169222 -4.807585 0.0 -0.0 -1e-06 
0.0 0.0 0.0 0.0 -0.0 0.0 5.185221 95.531395 359.602661 1.133001 7.384342 -6.172912 -3.049939 -0.173614 2.425656 -1.177981 -2.692015 -3.969695 -0.02879 -4.327443 12.782353 5.27323 0.669277 2.626418 -0.848842 -0.085101 -3.504939 -0.513319 -0.730742 -14.277297 7.7e-05 -2.2e-05 6e-06 -0.001591 -0.033587 0.052337 0.623295 -3.785612 -10.646116 -0.62871 3.729018 -10.64732 -4.989743 -12.684568 11.059595 -56.086979 -18.834763 0.879991 -0.866893 -39.979382 0.673622 12.571009 -4.827722 -7.512541 -5.882102 9.861279 0.70259 -10.936861 -0.360574 7.156197 0.0 8.774815 -0.0 -15.72062 18.283684 6.609114 -1.844031 2.498503 -2.507276 -10.16359 4.678941 4.621104 -20.975996 -1e-06 1e-06 -21.226254 2.451698 -3.593995 0.0 -6e-06 -0.0 -1.362681 2.240797 -0.746323 -21.334892 0.58491 3.008319 -13.821196 -1e-06 1e-06 -23.887129 -0.249075 -0.839485 -60.808636 2.493361 -0.960295 -0.294025 1.679686 0.833255 -14.218195 0.093215 1.300579 -34.212002 -0.287561 0.967166 -20.033176 0.964536 1.212838 0.0 -0.0 0.0 -3.440387 0.788233 0.501655 -15.928172 -3.167306 2.999703 -6.338817 -0.0 1e-06 -18.123419 3.648181 -4.905662 -4e-06 0.0 -2e-06 14.872059 8.013528 13.75696 66.845535 -5.228199 3.61666 0.201713 18.024008 0.14136 -5.028725 -2.35304 1.533502 2.24354 -5.255033 -3.180156 14.282877 -0.826594 6.952496 -0.0 -12.690593 -1e-06 16.121204 -17.003782 2.393244 1.665665 -1.95592 -2.878297 4.727794 -4.170584 4.993919 11.020511 1e-06 -0.0 12.109032 -3.735715 -2.866778 0.0 -0.0 0.0 1.291985 -1.928548 -1.498088 14.800115 0.567467 3.865604 14.242553 -1.341738 -6.660648 19.631935 0.143921 -0.648243 49.680019 -0.248692 -6.220912 0.353029 -1.51115 -0.03194 20.222769 3.684305 2.316629 18.787249 1e-06 -1e-06 10.751608 -0.47987 1.397903 0.0 -0.0 0.0 3.273804 0.305947 -0.58011 21.48679 11.830364 2.266131 8.162915 0.0 -0.0 18.399052 -3.798986 -4.940567 3e-06 0.0 -1e-06 -0.488014 5.663847 28.076675 -0.124829 0.031816 2.433925 -2.745286 4.181419 -7.207057 1.853515 -1.871145 -5.425167 0.0 -0.0 2e-06 0.960832 -11.417351 -20.928072 0.025601 0.090651 -2.39056 7.311262 -13.491534 1.013054 -1.256722 1.131218 -4.907688 0.0 -0.0 -1e-06 
0.0 0.0 0.0 0.0 -0.0 0.0 4.951415 95.003304 365.550964 0.01078 7.242407 -5.322149 -2.253834 -0.224115 1.733007 -1.026905 -2.770096 -4.159364 0.410244 -4.406695 12.668741 4.897605 0.958641 1.957087 -0.848427 -0.291074 -3.470503 -0.66358 -0.687609 -14.247322 7.7e-05 -2.2e-05 6e-06 -0.015019 -0.06106 0.052745 0.619149 -3.81494 -10.594193 -0.648344 3.700988 -10.593533 -5.182482 -12.696816 10.811654 -56.646614 -18.982592 -0.045185 -0.893641 -41.361401 0.664174 13.512353 -5.727089 -7.566879 -5.882102 9.861279 0.70259 -10.936861 -0.360574 7.156197 0.0 8.774815 -0.0 -15.776209 18.076492 6.532811 -1.844031 2.498503 -2.507276 -10.16359 4.678941 4.621104 -20.975996 -1e-06 1e-06 -21.226254 2.451698 -3.593995 0.0 -6e-06 -0.0 -1.362681 2.240797 -0.746323 -21.334892 0.58491 3.008319 -13.821196 -1e-06 1e-06 -23.887129 -0.249075 -0.839485 -60.661697 2.467545 -1.008865 -0.294025 1.679686 0.833255 -14.218195 0.093215 1.300579 -34.212002 -0.287561 0.967166 -20.033176 0.964536 1.212838 0.0 -0.0 0.0 -3.440387 0.788233 0.501655 -15.928172 -3.167306 2.999703 -6.338817 -0.0 1e-06 -18.123419 3.648181 -4.905662 -4e-06 0.0 -2e-06 15.154116 8.175234 13.665721 66.65567 -6.442391 2.571978 0.242273 15.94633 0.156969 -5.075133 -2.88886 1.275862 2.24354 -5.255033 -3.180156 14.282877 -0.826594 6.952496 -0.0 -12.690593 -1e-06 15.933991 -16.804024 2.336111 1.665665 -1.95592 -2.878297 4.727794 -4.170584 4.993919 11.020511 1e-06 -0.0 12.109032 -3.735715 -2.866778 0.0 -0.0 0.0 1.291985 -1.928548 -1.498088 14.800115 0.567467 3.865604 14.242553 -1.341738 -6.660648 19.631935 0.143921 -0.648243 49.46682 -0.149541 -6.225232 0.353029 -1.51115 -0.03194 20.222769 3.684305 2.316629 18.787249 1e-06 -1e-06 10.751608 -0.47987 1.397903 0.0 -0.0 0.0 3.273804 0.305947 -0.58011 21.48679 11.830364 2.266131 8.162915 0.0 -0.0 18.399052 -3.798986 -4.940567 3e-06 0.0 -1e-06 2.096577 6.055992 28.661188 0.047342 -0.341467 6.248652 -4.4215 3.018191 -4.703293 1.951849 -1.814147 -10.347617 0.0 -0.0 2e-06 3.426017 -11.284927 -21.874172 0.039114 0.079952 -0.014192 5.987901 -13.492927 1.761169 -1.286919 1.145677 -5.504391 0.0 -0.0 -1e-06 
0.0 0.0 0.0 0.0 -0.0 0.0 4.595474 94.880669 371.787506 -2.39968 6.999731 -4.395584 -0.548766 -0.194405 0.705298 -0.754885 -2.997469 -4.600203 1.183447 -4.519095 12.666039 4.320186 1.384463 1.494608 -0.930981 -0.206247 -3.481369 -0.797897 -0.821787 -13.522406 7.7e-05 -2.2e-05 6e-06 -0.020141 -0.075562 0.046976 0.618749 -3.831173 -10.566051 -0.656661 3.686916 -10.573589 -6.694109 -12.13668 10.572186 -56.578514 -18.149443 -0.175518 -0.92058 -42.346027 0.718586 14.008705 -6.639473 -6.856658 -5.882102 9.861279 0.70259 -10.936861 -0.360574 7.156197 0.0 8.774815 -0.0 -15.854353 17.915491 6.372136 -1.844031 2.498503 -2.507276 -10.16359 4.678941 4.621104 -20.975996 -1e-06 1e-06 -21.226254 2.451698 -3.593995 0.0 -6e-06 -0.0 -1.362681 2.240797 -0.746323 -21.334892 0.58491 3.008319 -13.821196 -1e-06 1e-06 -23.887129 -0.249075 -0.839485 -60.296356 2.346075 -1.018096 -0.294025 1.679686 0.833255 -14.218195 0.093215 1.300579 -34.212002 -0.287561 0.967166 -20.033176 0.964536 1.212838 0.0 -0.0 0.0 -3.440387 0.788233 0.501655 -15.928172 -3.167306 2.999703 -6.338817 -0.0 1e-06 -18.123419 3.648181 -4.905662 -4e-06 0.0 -2e-06 16.097517 8.471787 13.581492 65.770668 -7.395284 1.964229 0.189068 14.194857 0.09585 -5.108132 -3.511532 1.073488 2.24354 -5.255033 -3.180156 14.282877 -0.826594 6.952496 -0.0 -12.690593 -1e-06 15.80096 -16.855589 2.387787 1.665665 -1.95592 -2.878297 4.727794 -4.170584 4.993919 11.020511 1e-06 -0.0 12.109032 -3.735715 -2.866778 0.0 -0.0 0.0 1.291985 -1.928548 -1.498088 14.800115 0.567467 3.865604 14.242553 -1.341738 -6.660648 19.631935 0.143921 -0.648243 49.42572 -0.183644 -6.33984 0.353029 -1.51115 -0.03194 20.222769 3.684305 2.316629 18.787249 1e-06 -1e-06 10.751608 -0.47987 1.397903 0.0 -0.0 0.0 3.273804 0.305947 -0.58011 21.48679 11.830364 2.266131 8.162915 0.0 -0.0 18.399052 -3.798986 -4.940567 3e-06 0.0 -1e-06 6.313341 6.282244 26.766058 0.057311 -0.601278 13.878066 -6.36817 1.782553 -0.347804 2.076276 -1.729131 -17.92087 0.0 -0.0 2e-06 6.539524 -9.419363 -22.960363 0.009071 -0.11856 5.406795 1.334448 -14.200302 6.444115 -1.377505 1.054685 -5.386361 0.0 -0.0 -1e-06 
0.0 0.0 0.0 0.0 -0.0 0.0 4.149371 95.096436 378.22052 -4.881581 6.45166 -4.266519 0.846978 -0.211721 0.132927 -0.373717 -3.226641 -4.86313 2.356028 -4.506198 12.544942 3.533157 1.713729 1.620295 -0.953101 0.165208 -3.502159 -0.895321 -0.56569 -13.247876 7.7e-05 -2.2e-05 6e-06 -0.016401 -0.082188 0.034724 0.650457 -3.846853 -10.61161 -0.680351 3.688678 -10.63501 -7.782238 -11.30235 10.601748 -57.76149 -16.848663 0.310031 -0.672665 -42.252674 0.524716 14.215313 -7.495947 -6.383251 -5.882102 9.861279 0.70259 -10.936861 -0.360574 7.156197 0.0 8.774815 -0.0 -15.990889 17.704329 6.161139 -1.844031 2.498503 -2.507276 -10.16359 4.678941 4.621104 -20.975996 -1e-06 1e-06 -21.226254 2.451698 -3.593995 0.0 -6e-06 -0.0 -1.362681 2.240797 -0.746323 -21.334892 0.58491 3.008319 -13.821196 -1e-06 1e-06 -23.887129 -0.249075 -0.839485 -60.045021 2.28476 -0.954203 -0.294025 1.679686 0.833255 -14.218195 0.093215 1.300579 -34.212002 -0.287561 0.967166 -20.033176 0.964536 1.212838 0.0 -0.0 0.0 -3.440387 0.788233 0.501655 -15.928172 -3.167306 2.999703 -6.338817 -0.0 1e-06 -18.123419 3.648181 -4.905662 -4e-06 0.0 -2e-06 16.25407 8.945038 13.803844 65.396767 -7.528379 2.054534 0.130351 12.992961 0.024321 -5.103753 -3.843974 0.745469 2.24354 -5.255033 -3.180156 14.282877 -0.826594 6.952496 -0.0 -12.690593 -1e-06 15.778317 -17.041214 2.495249 1.665665 -1.95592 -2.878297 4.727794 -4.170584 4.993919 11.020511 1e-06 -0.0 12.109032 -3.735715 -2.866778 0.0 -0.0 0.0 1.291985 -1.928548 -1.498088 14.800115 0.567467 3.865604 14.242553 -1.341738 -6.660648 19.631935 0.143921 -0.648243 49.531273 -0.205298 -6.426743 0.353029 -1.51115 -0.03194 20.222769 3.684305 2.316629 18.787249 1e-06 -1e-06 10.751608 -0.47987 1.397903 0.0 -0.0 0.0 3.273804 0.305947 -0.58011 21.48679 11.830364 2.266131 8.162915 0.0 -0.0 18.399052 -3.798986 -4.940567 3e-06 0.0 -1e-06 10.245564 5.945805 23.447685 -0.037641 -0.82056 24.669392 -8.130466 1.334081 7.700307 2.183589 -1.551827 -25.936251 0.0 -0.0 2e-06 9.347855 -7.326701 -22.946907 -0.107096 -0.288558 11.127843 -2.300885 -14.560952 9.68581 -1.396707 0.94717 -3.83172 0.0 -0.0 -1e-06 
0.0 0.0 0.0 0.0 -0.0 0.0 3.711217 95.604904 384.189087 -6.430906 5.579391 -5.112342 1.573764 -0.175168 0.401304 -0.048033 -3.171749 -4.821424 3.206556 -4.294119 12.333357 2.860296 1.871079 2.180882 -0.749309 0.300687 -3.47681 -0.817943 -0.35134 -13.528085 7.7e-05 -2.2e-05 6e-06 0.005078 -0.009958 0.045139 0.680797 -3.747624 -10.551239 -0.669788 3.730993 -10.572781 -7.593521 -10.67712 11.067313 -60.395355 -15.739707 1.705536 0.120705 -40.772198 -0.000245 14.129434 -7.672364 -7.343694 -5.882102 9.861279 0.70259 -10.936861 -0.360574 7.156197 0.0 8.774815 -0.0 -15.898408 17.728619 6.116937 -1.844031 2.498503 -2.507276 -10.16359 4.678941 4.621104 -20.975996 -1e-06 1e-06 -21.226254 2.451698 -3.593995 0.0 -6e-06 -0.0 -1.362681 2.240797 -0.746323 -21.334892 0.58491 3.008319 -13.821196 -1e-06 1e-06 -23.887129 -0.249075 -0.839485 -59.87397 2.300008 -1.055685 -0.294025 1.679686 0.833255 -14.218195 0.093215 1.300579 -34.212002 -0.287561 0.967166 -20.033176 0.964536 1.212838 0.0 -0.0 0.0 -3.440387 0.788233 0.501655 -15.928172 -3.167306 2.999703 -6.338817 -0.0 1e-06 -18.123419 3.648181 -4.905662 -4e-06 0.0 -2e-06 15.38437 9.344158 14.39703 66.022461 -6.55781 2.500565 0.099289 13.145706 0.039727 -4.952705 -3.883564 0.003207 2.24354 -5.255033 -3.180156 14.282877 -0.826594 6.952496 -0.0 -12.690593 -1e-06 15.817462 -17.213511 2.583307 1.665665 -1.95592 -2.878297 4.727794 -4.170584 4.993919 11.020511 1e-06 -0.0 12.109032 -3.735715 -2.866778 0.0 -0.0 0.0 1.291985 -1.928548 -1.498088 14.800115 0.567467 3.865604 14.242553 -1.341738 -6.660648 19.631935 0.143921 -0.648243 49.723824 -0.146016 -6.384904 0.353029 -1.51115 -0.03194 20.222769 3.684305 2.316629 18.787249 1e-06 -1e-06 10.751608 -0.47987 1.397903 0.0 -0.0 0.0 3.273804 0.305947 -0.58011 21.48679 11.830364 2.266131 8.162915 0.0 -0.0 18.399052 -3.798986 -4.940567 3e-06 0.0 -1e-06 12.59862 5.310435 19.000292 -0.082137 -0.941791 37.340897 -9.397923 2.184616 17.226135 2.09145 -1.531555 -22.388937 0.0 -0.0 2e-06 11.106284 -6.275707 -20.51597 -0.064661 -0.40918 15.415828 -4.152884 -13.95796 8.464447 -1.401617 0.969275 -2.285237 0.0 -0.0 -1e-06 
0.0 0.0 0.0 0.0 -0.0 0.0 3.268921 96.167244 389.965881 -7.357084 5.187678 -6.149266 1.977278 -0.145779 0.981601 0.148786 -2.816543 -4.581839 3.563892 -4.302319 12.149543 2.702607 1.631525 2.595823 -0.566973 0.575299 -3.497813 -0.753951 0.046712 -13.888088 7.7e-05 -2.2e-05 6e-06 0.0058 0.00331 0.049754 0.676864 -3.732457 -10.536839 -0.665687 3.739172 -10.540094 -7.444804 -10.258232 11.402061 -62.396244 -14.619616 3.675454 0.557834 -38.39267 -0.305477 13.68981 -7.656119 -7.709486 -5.882102 9.861279 0.70259 -10.936861 -0.360574 7.156197 0.0 8.774815 -0.0 -15.927382 17.690374 6.096565 -1.844031 2.498503 -2.507276 -10.16359 4.678941 4.621104 -20.975996 -1e-06 1e-06 -21.226254 2.451698 -3.593995 0.0 -6e-06 -0.0 -1.362681 2.240797 -0.746323 -21.334892 0.58491 3.008319 -13.821196 -1e-06 1e-06 -23.887129 -0.249075 -0.839485 -59.929897 2.301535 -1.031458 -0.294025 1.679686 0.833255 -14.218195 0.093215 1.300579 -34.212002 -0.287561 0.967166 -20.033176 0.964536 1.212838 0.0 -0.0 0.0 -3.440387 0.788233 0.501655 -15.928172 -3.167306 2.999703 -6.338817 -0.0 1e-06 -18.123419 3.648181 -4.905662 -4e-06 0.0 -2e-06 14.724065 9.577654 14.631701 66.48288 -5.210828 3.781796 -0.009153 14.497123 -0.016772 -4.982165 -2.880245 -1.23181 2.24354 -5.255033 -3.180156 14.282877 -0.826594 6.952496 -0.0 -12.690593 -1e-06 16.123987 -17.231619 2.550538 1.665665 -1.95592 -2.878297 4.727794 -4.170584 4.993919 11.020511 1e-06 -0.0 12.109032 -3.735715 -2.866778 0.0 -0.0 0.0 1.291985 -1.928548 -1.498088 14.800115 0.567467 3.865604 14.242553 -1.341738 -6.660648 19.631935 0.143921 -0.648243 50.087864 -0.138018 -6.18451 0.353029 -1.51115 -0.03194 20.222769 3.684305 2.316629 18.787249 1e-06 -1e-06 10.751608 -0.47987 1.397903 0.0 -0.0 0.0 3.273804 0.305947 -0.58011 21.48679 11.830364 2.266131 8.162915 0.0 -0.0 18.399052 -3.798986 -4.940567 3e-06 0.0 -1e-06 13.830551 4.570041 13.236442 -0.03273 -0.974776 49.673462 -8.773829 5.443658 22.963558 2.051885 -1.879009 -8.404684 0.0 -0.0 2e-06 12.324664 -6.315244 -16.972542 -0.067423 -0.320643 18.308447 -4.512292 -13.844947 3.152859 -1.422841 0.965856 -1.671761 0.0 -0.0 -1e-06 
0.0 0.0 0.0 0.0 -0.0 0.0 2.986235 97.002655 395.511444 -7.455704 4.909035 -6.958914 2.113241 -0.066003 1.434328 0.146341 -2.379507 -4.348427 3.392276 -4.140454 12.144921 2.753352 1.400044 2.945221 -0.447956 0.782701 -3.505592 -0.647579 0.082186 -14.103829 7.7e-05 -2.2e-05 6e-06 0.000262 -0.015237 0.044033 0.658638 -3.749766 -10.532434 -0.659436 3.720379 -10.531738 -7.834759 -9.796562 11.935797 -63.442493 -13.738234 6.098918 0.814627 -35.126488 -0.40889 13.075007 -7.639682 -7.799729 -5.882102 9.861279 0.70259 -10.936861 -0.360574 7.156197 0.0 8.774815 -0.0 -15.84149 17.80098 6.134002 -1.844031 2.498503 -2.507276 -10.16359 4.678941 4.621104 -20.975996 -1e-06 1e-06 -21.226254 2.451698 -3.593995 0.0 -6e-06 -0.0 -1.362681 2.240797 -0.746323 -21.334892 0.58491 3.008319 -13.821196 -1e-06 1e-06 -23.887129 -0.249075 -0.839485 -59.944984 2.441033 -1.041464 -0.294025 1.679686 0.833255 -14.218195 0.093215 1.300579 -34.212002 -0.287561 0.967166 -20.033176 0.964536 1.212838 0.0 -0.0 0.0 -3.440387 0.788233 0.501655 -15.928172 -3.167306 2.999703 -6.338817 -0.0 1e-06 -18.123419 3.648181 -4.905662 -4e-06 0.0 -2e-06 14.597034 9.579597 14.79423 66.339752 -3.231084 5.060244 -0.01826 16.64093 -0.073459 -5.624849 -1.454437 -2.196019 2.24354 -5.255033 -3.180156 14.282877 -0.826594 6.952496 -0.0 -12.690593 -1e-06 16.498949 -17.336269 2.461605 1.665665 -1.95592 -2.878297 4.727794 -4.170584 4.993919 11.020511 1e-06 -0.0 12.109032 -3.735715 -2.866778 0.0 -0.0 0.0 1.291985 -1.928548 -1.498088 14.800115 0.567467 3.865604 14.242553 -1.341738 -6.660648 19.631935 0.143921 -0.648243 50.269619 -0.212481 -6.140997 0.353029 -1.51115 -0.03194 20.222769 3.684305 2.316629 18.787249 1e-06 -1e-06 10.751608 -0.47987 1.397903 0.0 -0.0 0.0 3.273804 0.305947 -0.58011 21.48679 11.830364 2.266131 8.162915 0.0 -0.0 18.399052 -3.798986 -4.940567 3e-06 0.0 -1e-06 13.722391 4.301603 6.922351 -0.091929 -0.800534 59.442448 -6.115377 8.456543 20.046503 2.108655 -1.964393 -5.22782 0.0 -0.0 2e-06 12.538409 -6.290038 -11.779966 -0.107115 -0.296409 17.304255 -4.389996 -14.038937 -0.167204 -1.415268 0.973082 -1.293156 0.0 -0.0 -1e-06 
0.0 0.0 0.0 0.0 -0.0 0.0 2.813926 97.968346 400.854675 -6.564314 4.300535 -7.586816 1.924649 0.1113 1.804477 -0.037542 -1.867217 -4.162768 2.702715 -3.718155 12.235662 2.816995 1.327118 3.367437 -0.409567 0.958631 -3.507862 -0.482146 -0.090621 -14.025723 7.7e-05 -2.2e-05 6e-06 0.00204 -0.009428 0.038586 0.646764 -3.744735 -10.543153 -0.64518 3.729531 -10.549148 -8.484719 -9.15071 12.401391 -64.089546 -12.539625 8.185522 0.666866 -31.479691 -0.293917 11.994553 -7.524418 -7.404514 -5.882102 9.861279 0.70259 -10.936861 -0.360574 7.156197 0.0 8.774815 -0.0 -15.693379 17.926073 6.165488 -1.844031 2.498503 -2.507276 -10.16359 4.678941 4.621104 -20.975996 -1e-06 1e-06 -21.226254 2.451698 -3.593995 0.0 -6e-06 -0.0 -1.362681 2.240797 -0.746323 -21.334892 0.58491 3.008319 -13.821196 -1e-06 1e-06 -23.887129 -0.249075 -0.839485 -59.823757 2.577998 -1.044771 -0.294025 1.679686 0.833255 -14.218195 0.093215 1.300579 -34.212002 -0.287561 0.967166 -20.033176 0.964536 1.212838 0.0 -0.0 0.0 -3.440387 0.788233 0.501655 -15.928172 -3.167306 2.999703 -6.338817 -0.0 1e-06 -18.123419 3.648181 -4.905662 -4e-06 0.0 -2e-06 14.472586 9.702084 14.902624 66.157784 -0.709906 6.338322 -0.015546 18.910275 -0.080542 -6.786424 0.029447 -2.573326 2.24354 -5.255033 -3.180156 14.282877 -0.826594 6.952496 -0.0 -12.690593 -1e-06 16.59141 -17.415976 2.390771 1.665665 -1.95592 -2.878297 4.727794 -4.170584 4.993919 11.020511 1e-06 -0.0 12.109032 -3.735715 -2.866778 0.0 -0.0 0.0 1.291985 -1.928548 -1.498088 14.800115 0.567467 3.865604 14.242553 -1.341738 -6.660648 19.631935 0.143921 -0.648243 50.092579 -0.292592 -6.212959 0.353029 -1.51115 -0.03194 20.222769 3.684305 2.316629 18.787249 1e-06 -1e-06 10.751608 -0.47987 1.397903 0.0 -0.0 0.0 3.273804 0.305947 -0.58011 21.48679 11.830364 2.266131 8.162915 0.0 -0.0 18.399052 -3.798986 -4.940567 3e-06 0.0 -1e-06 12.224558 4.465357 0.626756 -0.13983 -0.441298 65.150925 -3.979666 10.749134 14.680406 2.056745 -1.954979 -5.169953 0.0 -0.0 2e-06 11.675034 -5.692548 -5.488091 -0.098628 -0.273551 13.638889 -4.17139 -14.352575 -1.949801 -1.408294 0.985961 -1.104652 0.0 -0.0 -1e-06 
0.0 0.0 0.0 0.0 -0.0 0.0 2.697836 98.719452 406.042419 -5.15853 3.16253 -8.031116 1.62801 0.347651 2.217484 -0.237561 -1.20585 -3.987121 1.785951 -3.121163 12.19623 2.572412 1.430185 3.75926 -0.394963 1.090541 -3.521486 -0.263917 -0.283202 -13.925862 7.7e-05 -2.2e-05 6e-06 0.008007 0.009837 0.034963 0.642148 -3.727647 -10.559229 -0.6305 3.751924 -10.574125 -9.093454 -8.398623 12.708485 -64.847496 -10.716035 9.57711 0.373417 -28.045221 -0.149316 10.256786 -7.189967 -6.949016 -5.882102 9.861279 0.70259 -10.936861 -0.360574 7.156197 0.0 8.774815 -0.0 -15.608447 17.962694 6.121939 -1.844031 2.498503 -2.507276 -10.16359 4.678941 4.621104 -20.975996 -1e-06 1e-06 -21.226254 2.451698 -3.593995 0.0 -6e-06 -0.0 -1.362681 2.240797 -0.746323 -21.334892 0.58491 3.008319 -13.821196 -1e-06 1e-06 -23.887129 -0.249075 -0.839485 -59.715202 2.653617 -1.140274 -0.294025 1.679686 0.833255 -14.218195 0.093215 1.300579 -34.212002 -0.287561 0.967166 -20.033176 0.964536 1.212838 0.0 -0.0 0.0 -3.440387 0.788233 0.501655 -15.928172 -3.167306 2.999703 -6.338817 -0.0 1e-06 -18.123419 3.648181 -4.905662 -4e-06 0.0 -2e-06 13.593913 10.267612 14.874063 66.49559 2.155894 7.820518 0.046009 21.112076 -0.0403 -7.752008 1.123053 -2.192315 2.24354 -5.255033 -3.180156 14.282877 -0.826594 6.952496 -0.0 -12.690593 -1e-06 16.437603 -17.422272 2.361794 1.665665 -1.95592 -2.878297 4.727794 -4.170584 4.993919 11.020511 1e-06 -0.0 12.109032 -3.735715 -2.866778 0.0 -0.0 0.0 1.291985 -1.928548 -1.498088 14.800115 0.567467 3.865604 14.242553 -1.341738 -6.660648 19.631935 0.143921 -0.648243 49.73402 -0.395499 -6.306438 0.353029 -1.51115 -0.03194 20.222769 3.684305 2.316629 18.787249 1e-06 -1e-06 10.751608 -0.47987 1.397903 0.0 -0.0 0.0 3.273804 0.305947 -0.58011 21.48679 11.830364 2.266131 8.162915 0.0 -0.0 18.399052 -3.798986 -4.940567 3e-06 0.0 -1e-06 10.072076 5.231962 -5.253224 -0.110126 -0.119342 66.839302 -2.897823 12.34004 9.659945 1.976035 -1.95635 -5.207908 0.0 -0.0 2e-06 10.346906 -4.596276 0.770939 -0.067579 -0.238121 9.468912 -4.007802 -14.613091 -3.020746 -1.403605 0.964731 -0.98355 0.0 -0.0 -1e-06 
0.0 0.0 0.0 0.0 -0.0 0.0 2.623686 99.064125 411.04303 -3.705168 1.567176 -8.232768 1.363678 0.57259 2.625094 -0.365737 -0.436381 -3.809588 0.943785 -2.415715 12.100224 1.930001 1.721142 3.817789 -0.386711 1.069225 -3.550209 -0.020729 -0.375819 -13.99256 7.7e-05 -2.2e-05 6e-06 0.009316 0.013268 0.032712 0.63518 -3.724653 -10.556967 -0.623293 3.7541 -10.577958 -9.864894 -7.632189 12.991866 -65.525627 -8.322917 10.184355 0.157358 -25.215584 -0.071115 8.124018 -6.654623 -6.817925 -5.882102 9.861279 0.70259 -10.936861 -0.360574 7.156197 0.0 8.774815 -0.0 -15.666388 17.933485 6.06456 -1.844031 2.498503 -2.507276 -10.16359 4.678941 4.621104 -20.975996 -1e-06 1e-06 -21.226254 2.451698 -3.593995 0.0 -6e-06 -0.0 -1.362681 2.240797 -0.746323 -21.334892 0.58491 3.008319 -13.821196 -1e-06 1e-06 -23.887129 -0.249075 -0.839485 -59.87587 2.64287 -1.265928 -0.294025 1.679686 0.833255 -14.218195 0.093215 1.300579 -34.212002 -0.287561 0.967166 -20.033176 0.964536 1.212838 0.0 -0.0 0.0 -3.440387 0.788233 0.501655 -15.928172 -3.167306 2.999703 -6.338817 -0.0 1e-06 -18.123419 3.648181 -4.905662 -4e-06 0.0 -2e-06 12.159696 11.253229 14.659297 66.856483 5.30393 9.738883 0.200756 23.382126 0.032268 -8.071897 1.798159 -1.010033 2.24354 -5.255033 -3.180156 14.282877 -0.826594 6.952496 -0.0 -12.690593 -1e-06 16.229576 -17.426723 2.413526 1.665665 -1.95592 -2.878297 4.727794 -4.170584 4.993919 11.020511 1e-06 -0.0 12.109032 -3.735715 -2.866778 0.0 -0.0 0.0 1.291985 -1.928548 -1.498088 14.800115 0.567467 3.865604 14.242553 -1.341738 -6.660648 19.631935 0.143921 -0.648243 49.499168 -0.52565 -6.331666 0.353029 -1.51115 -0.03194 20.222769 3.684305 2.316629 18.787249 1e-06 -1e-06 10.751608 -0.47987 1.397903 0.0 -0.0 0.0 3.273804 0.305947 -0.58011 21.48679 11.830364 2.266131 8.162915 0.0 -0.0 18.399052 -3.798986 -4.940567 3e-06 0.0 -1e-06 7.9002 6.524009 -10.717115 0.006393 0.16533 64.917038 -2.630306 13.31187 5.435383 1.898949 -1.956593 -5.12763 0.0 -0.0 2e-06 8.957929 -3.397645 6.285467 -0.056821 -0.196904 5.96802 -3.782835 -14.632444 -4.259378 -1.407095 0.923714 -0.861008 0.0 -0.0 -1e-06 
0.0 0.0 0.0 0.0 -0.0 0.0 2.59273 99.017906 415.882629 -2.478024 -0.27956 -8.218229 1.171606 0.731724 2.943412 -0.415723 0.363648 -3.651679 0.316607 -1.71088 12.114458 1.04171 2.11287 3.473811 -0.389011 0.990957 -3.60236 0.150381 -0.436753 -14.243807 7.7e-05 -2.2e-05 6e-06 0.008347 0.004391 0.030498 0.624009 -3.72958 -10.529518 -0.616595 3.738097 -10.556827 -10.999454 -6.823251 13.362152 -65.838615 -5.658845 10.233503 0.023877 -22.996061 -0.011738 6.26738 -6.04451 -7.037172 -5.882102 9.861279 0.70259 -10.936861 -0.360574 7.156197 0.0 8.774815 -0.0 -15.852745 17.906548 6.009264 -1.844031 2.498503 -2.507276 -10.16359 4.678941 4.621104 -20.975996 -1e-06 1e-06 -21.226254 2.451698 -3.593995 0.0 -6e-06 -0.0 -1.362681 2.240797 -0.746323 -21.334892 0.58491 3.008319 -13.821196 -1e-06 1e-06 -23.887129 -0.249075 -0.839485 -60.296707 2.586529 -1.286118 -0.294025 1.679686 0.833255 -14.218195 0.093215 1.300579 -34.212002 -0.287561 0.967166 -20.033176 0.964536 1.212838 0.0 -0.0 0.0 -3.440387 0.788233 0.501655 -15.928172 -3.167306 2.999703 -6.338817 -0.0 1e-06 -18.123419 3.648181 -4.905662 -4e-06 0.0 -2e-06 10.810224 12.432232 14.373152 66.577423 8.68654 11.690353 0.423896 25.866285 0.090132 -7.91299 2.312695 0.46915 2.24354 -5.255033 -3.180156 14.282877 -0.826594 6.952496 -0.0 -12.690593 -1e-06 16.070494 -17.511814 2.522925 1.665665 -1.95592 -2.878297 4.727794 -4.170584 4.993919 11.020511 1e-06 -0.0 12.109032 -3.735715 -2.866778 0.0 -0.0 0.0 1.291985 -1.928548 -1.498088 14.800115 0.567467 3.865604 14.242553 -1.341738 -6.660648 19.631935 0.143921 -0.648243 49.506149 -0.589659 -6.261722 0.353029 -1.51115 -0.03194 20.222769 3.684305 2.316629 18.787249 1e-06 -1e-06 10.751608 -0.47987 1.397903 0.0 -0.0 0.0 3.273804 0.305947 -0.58011 21.48679 11.830364 2.266131 8.162915 0.0 -0.0 18.399052 -3.798986 -4.940567 3e-06 0.0 -1e-06 5.974734 8.088679 -15.590343 0.200926 0.400933 59.530384 -2.844012 13.948974 2.572356 1.866792 -1.979134 -5.089276 0.0 -0.0 2e-06 7.776825 -2.387059 10.746235 -0.069969 -0.132211 3.635451 -3.587149 -14.395438 -5.859796 -1.417899 0.882471 -0.72574 0.0 -0.0 -1e-06 
0.0 0.0 0.0 0.0 -0.0 0.0 2.616684 98.651573 420.662415 -1.655055 -2.232053 -8.044592 1.096737 0.774333 3.137403 -0.406049 1.095476 -3.558576 -0.014764 -1.02596 12.280805 0.052239 2.486273 2.941677 -0.371832 0.974237 -3.630847 0.201694 -0.463219 -14.692956 7.7e-05 -2.2e-05 6e-06 0.012619 0.011125 0.031942 0.613433 -3.715289 -10.487269 -0.599751 3.734695 -10.527483 -12.285107 -5.931008 13.730468 -65.98571 -3.043116 10.042571 -0.124035 -21.010357 0.07216 4.877585 -5.464727 -7.188087 -5.882102 9.861279 0.70259 -10.936861 -0.360574 7.156197 0.0 8.774815 -0.0 -16.127592 17.939234 5.91567 -1.844031 2.498503 -2.507276 -10.16359 4.678941 4.621104 -20.975996 -1e-06 1e-06 -21.226254 2.451698 -3.593995 0.0 -6e-06 -0.0 -1.362681 2.240797 -0.746323 -21.334892 0.58491 3.008319 -13.821196 -1e-06 1e-06 -23.887129 -0.249075 -0.839485 -60.709316 2.556849 -1.264735 -0.294025 1.679686 0.833255 -14.218195 0.093215 1.300579 -34.212002 -0.287561 0.967166 -20.033176 0.964536 1.212838 0.0 -0.0 0.0 -3.440387 0.788233 0.501655 -15.928172 -3.167306 2.999703 -6.338817 -0.0 1e-06 -18.123419 3.648181 -4.905662 -4e-06 0.0 -2e-06 9.779966 13.609876 14.111419 65.645203 12.173612 13.162931 0.597978 28.507084 0.120006 -7.680859 2.700509 1.709767 2.24354 -5.255033 -3.180156 14.282877 -0.826594 6.952496 -0.0 -12.690593 -1e-06 16.009903 -17.679033 2.606372 1.665665 -1.95592 -2.878297 4.727794 -4.170584 4.993919 11.020511 1e-06 -0.0 12.109032 -3.735715 -2.866778 0.0 -0.0 0.0 1.291985 -1.928548 -1.498088 14.800115 0.567467 3.865604 14.242553 -1.341738 -6.660648 19.631935 0.143921 -0.648243 49.610813 -0.575934 -6.199247 0.353029 -1.51115 -0.03194 20.222769 3.684305 2.316629 18.787249 1e-06 -1e-06 10.751608 -0.47987 1.397903 0.0 -0.0 0.0 3.273804 0.305947 -0.58011 21.48679 11.830364 2.266131 8.162915 0.0 -0.0 18.399052 -3.798986 -4.940567 3e-06 0.0 -1e-06 4.436462 9.810255 -19.517845 0.392586 0.506685 51.064903 -3.260339 14.326565 1.482851 1.853039 -2.052699 -5.26223 0.0 -0.0 2e-06 6.863425 -1.577985 14.350422 -0.099567 -0.012378 2.548107 -3.33131 -14.015175 -7.829261 -1.431782 0.864589 -0.532694 0.0 -0.0 -1e-06 
0.0 0.0 0.0 0.0 -0.0 0.0 2.725764 98.019028 425.40564 -1.360418 -4.128411 -7.769328 1.220061 0.714073 3.245256 -0.387359 1.623901 -3.511538 0.000718 -0.293664 12.450589 -0.914199 2.785797 2.517784 -0.317757 1.007751 -3.607748 0.176649 -0.429724 -15.275807 7.7e-05 -2.2e-05 6e-06 0.022361 0.03077 0.046098 0.614729 -3.693985 -10.467312 -0.583171 3.752719 -10.51526 -13.37409 -5.024363 14.022883 -66.340103 -0.602619 9.653702 -0.305061 -19.046001 0.119513 3.729718 -4.833062 -7.016402 -5.882102 9.861279 0.70259 -10.936861 -0.360574 7.156197 0.0 8.774815 -0.0 -16.303911 17.990017 5.856519 -1.844031 2.498503 -2.507276 -10.16359 4.678941 4.621104 -20.975996 -1e-06 1e-06 -21.226254 2.451698 -3.593995 0.0 -6e-06 -0.0 -1.362681 2.240797 -0.746323 -21.334892 0.58491 3.008319 -13.821196 -1e-06 1e-06 -23.887129 -0.249075 -0.839485 -60.942383 2.595838 -1.266766 -0.294025 1.679686 0.833255 -14.218195 0.093215 1.300579 -34.212002 -0.287561 0.967166 -20.033176 0.964536 1.212838 0.0 -0.0 0.0 -3.440387 0.788233 0.501655 -15.928172 -3.167306 2.999703 -6.338817 -0.0 1e-06 -18.123419 3.648181 -4.905662 -4e-06 0.0 -2e-06 8.984248 14.679347 13.858646 64.436378 15.494125 14.108733 0.512107 31.098459 0.082931 -7.511375 2.911979 2.575256 2.24354 -5.255033 -3.180156 14.282877 -0.826594 6.952496 -0.0 -12.690593 -1e-06 16.033409 -17.819393 2.632765 1.665665 -1.95592 -2.878297 4.727794 -4.170584 4.993919 11.020511 1e-06 -0.0 12.109032 -3.735715 -2.866778 0.0 -0.0 0.0 1.291985 -1.928548 -1.498088 14.800115 0.567467 3.865604 14.242553 -1.341738 -6.660648 19.631935 0.143921 -0.648243 49.652527 -0.528024 -6.196053 0.353029 -1.51115 -0.03194 20.222769 3.684305 2.316629 18.787249 1e-06 -1e-06 10.751608 -0.47987 1.397903 0.0 -0.0 0.0 3.273804 0.305947 -0.58011 21.48679 11.830364 2.266131 8.162915 0.0 -0.0 18.399052 -3.798986 -4.940567 3e-06 0.0 -1e-06 3.336079 11.977384 -22.043028 0.474426 0.54716 39.631771 -3.940902 14.14176 1.825385 1.811015 -2.111602 -5.332712 0.0 -0.0 2e-06 6.204152 -1.093282 17.413877 -0.131599 0.090378 2.311156 -2.918562 -13.373256 -9.854974 -1.44343 0.894456 -0.478061 0.0 -0.0 -1e-06 
0.0 0.0 0.0 0.0 -0.0 0.0 2.882481 97.130569 430.324829 -1.816936 -5.927015 -7.516174 1.691068 0.620945 3.349131 -0.342083 1.851184 -3.502145 0.41307 0.392645 12.596244 -1.751728 3.052002 2.285294 -0.310678 1.10359 -3.526674 0.097027 -0.173112 -15.949894 7.7e-05 -2.2e-05 6e-06 0.047375 0.108319 0.069388 0.636859 -3.632717 -10.506065 -0.556574 3.846195 -10.544223 -14.168231 -4.016549 14.19131 -67.118797 1.686847 9.058373 -0.370352 -17.065434 0.107151 2.697124 -3.984055 -6.629895 -5.882102 9.861279 0.70259 -10.936861 -0.360574 7.156197 0.0 8.774815 -0.0 -16.26688 18.046595 5.960236 -1.844031 2.498503 -2.507276 -10.16359 4.678941 4.621104 -20.975996 -1e-06 1e-06 -21.226254 2.451698 -3.593995 0.0 -6e-06 -0.0 -1.362681 2.240797 -0.746323 -21.334892 0.58491 3.008319 -13.821196 -1e-06 1e-06 -23.887129 -0.249075 -0.839485 -61.088421 2.594191 -1.107009 -0.294025 1.679686 0.833255 -14.218195 0.093215 1.300579 -34.212002 -0.287561 0.967166 -20.033176 0.964536 1.212838 0.0 -0.0 0.0 -3.440387 0.788233 0.501655 -15.928172 -3.167306 2.999703 -6.338817 -0.0 1e-06 -18.123419 3.648181 -4.905662 -4e-06 0.0 -2e-06 8.247163 15.702958 13.486793 63.332027 18.382196 14.55451 0.203603 33.481388 0.002108 -7.673197 3.130105 2.905661 2.24354 -5.255033 -3.180156 14.282877 -0.826594 6.952496 -0.0 -12.690593 -1e-06 16.131426 -17.958036 2.662092 1.665665 -1.95592 -2.878297 4.727794 -4.170584 4.993919 11.020511 1e-06 -0.0 12.109032 -3.735715 -2.866778 0.0 -0.0 0.0 1.291985 -1.928548 -1.498088 14.800115 0.567467 3.865604 14.242553 -1.341738 -6.660648 19.631935 0.143921 -0.648243 49.910412 -0.664684 -6.198812 0.353029 -1.51115 -0.03194 20.222769 3.684305 2.316629 18.787249 1e-06 -1e-06 10.751608 -0.47987 1.397903 0.0 -0.0 0.0 3.273804 0.305947 -0.58011 21.48679 11.830364 2.266131 8.162915 0.0 -0.0 18.399052 -3.798986 -4.940567 3e-06 0.0 -1e-06 2.867426 14.467654 -22.799324 0.347739 0.577874 25.30411 -5.714258 12.913814 1.505654 1.717111 -2.174611 -4.918188 0.0 -0.0 2e-06 5.870857 -1.371773 20.523027 -0.153563 0.066814 2.386139 -2.309134 -12.023006 -11.358438 -1.465275 0.895937 -1.013575 0.0 -0.0 -1e-06 
0.0 0.0 0.0 0.0 -0.0 0.0 3.15377 96.178032 435.586121 -2.72816 -7.49898 -7.036897 2.208448 0.547369 3.162996 -0.171905 2.048054 -3.583485 1.078272 0.638176 12.872533 -2.579749 3.386441 1.966332 -0.336359 1.264961 -3.53164 0.030742 0.212874 -16.282639 7.7e-05 -2.2e-05 6e-06 0.048109 0.108188 0.092204 0.623973 -3.653572 -10.558951 -0.543566 3.867017 -10.567535 -15.245515 -2.899629 14.182223 -67.671997 3.903357 7.634068 -0.472702 -15.174838 0.083981 1.815141 -3.181071 -6.711878 -5.882102 9.861279 0.70259 -10.936861 -0.360574 7.156197 0.0 8.774815 -0.0 -16.135408 18.192171 6.168005 -1.844031 2.498503 -2.507276 -10.16359 4.678941 4.621104 -20.975996 -1e-06 1e-06 -21.226254 2.451698 -3.593995 0.0 -6e-06 -0.0 -1.362681 2.240797 -0.746323 -21.334892 0.58491 3.008319 -13.821196 -1e-06 1e-06 -23.887129 -0.249075 -0.839485 -61.201427 2.651106 -0.963491 -0.294025 1.679686 0.833255 -14.218195 0.093215 1.300579 -34.212002 -0.287561 0.967166 -20.033176 0.964536 1.212838 0.0 -0.0 0.0 -3.440387 0.788233 0.501655 -15.928172 -3.167306 2.999703 -6.338817 -0.0 1e-06 -18.123419 3.648181 -4.905662 -4e-06 0.0 -2e-06 8.089247 16.592129 13.147463 61.894848 20.704748 14.431797 -0.179413 35.694199 -0.181166 -8.009608 3.444331 2.670733 2.24354 -5.255033 -3.180156 14.282877 -0.826594 6.952496 -0.0 -12.690593 -1e-06 16.072851 -18.032619 2.759382 1.665665 -1.95592 -2.878297 4.727794 -4.170584 4.993919 11.020511 1e-06 -0.0 12.109032 -3.735715 -2.866778 0.0 -0.0 0.0 1.291985 -1.928548 -1.498088 14.800115 0.567467 3.865604 14.242553 -1.341738 -6.660648 19.631935 0.143921 -0.648243 50.080921 -0.833404 -6.196815 0.353029 -1.51115 -0.03194 20.222769 3.684305 2.316629 18.787249 1e-06 -1e-06 10.751608 -0.47987 1.397903 0.0 -0.0 0.0 3.273804 0.305947 -0.58011 21.48679 11.830364 2.266131 8.162915 0.0 -0.0 18.399052 -3.798986 -4.940567 3e-06 0.0 -1e-06 3.010601 15.697408 -22.834597 0.051397 0.428347 11.320184 -7.855945 11.384172 0.788015 1.534912 -2.220245 -5.055407 0.0 -0.0 2e-06 5.573768 -2.165559 23.859545 -0.141893 -0.032419 1.764594 -1.116696 -10.401357 -11.39104 -1.461734 0.847567 -2.195943 0.0 -0.0 -1e-06 
0.0 0.0 0.0 0.0 -0.0 0.0 3.564072 95.297562 441.181793 -3.612583 -8.786537 -6.181928 2.532331 0.456183 2.698106 0.016852 2.208143 -3.752599 1.852023 0.694724 13.117796 -3.344258 3.599366 1.437764 -0.265061 1.567339 -3.539778 -0.018506 0.788324 -16.396713 7.7e-05 -2.2e-05 6e-06 0.03064 0.027304 0.087088 0.583239 -3.733181 -10.55107 -0.538151 3.785082 -10.53968 -16.614738 -2.02479 14.016272 -67.917404 5.775013 5.695248 -0.547523 -13.024976 0.054712 1.019044 -2.524114 -7.676121 -5.882102 9.861279 0.70259 -10.936861 -0.360574 7.156197 0.0 8.774815 -0.0 -16.178957 18.266356 6.151685 -1.844031 2.498503 -2.507276 -10.16359 4.678941 4.621104 -20.975996 -1e-06 1e-06 -21.226254 2.451698 -3.593995 0.0 -6e-06 -0.0 -1.362681 2.240797 -0.746323 -21.334892 0.58491 3.008319 -13.821196 -1e-06 1e-06 -23.887129 -0.249075 -0.839485 -61.334579 2.650992 -0.979996 -0.294025 1.679686 0.833255 -14.218195 0.093215 1.300579 -34.212002 -0.287561 0.967166 -20.033176 0.964536 1.212838 0.0 -0.0 0.0 -3.440387 0.788233 0.501655 -15.928172 -3.167306 2.999703 -6.338817 -0.0 1e-06 -18.123419 3.648181 -4.905662 -4e-06 0.0 -2e-06 8.129833 17.28965 12.745318 60.715916 22.33741 13.524653 -0.11091 37.412685 -0.081591 -8.728011 4.121384 1.819668 2.24354 -5.255033 -3.180156 14.282877 -0.826594 6.952496 -0.0 -12.690593 -1e-06 15.857635 -18.091822 2.867486 1.665665 -1.95592 -2.878297 4.727794 -4.170584 4.993919 11.020511 1e-06 -0.0 12.109032 -3.735715 -2.866778 0.0 -0.0 0.0 1.291985 -1.928548 -1.498088 14.800115 0.567467 3.865604 14.242553 -1.341738 -6.660648 19.631935 0.143921 -0.648243 50.025154 -0.837503 -6.266369 0.353029 -1.51115 -0.03194 20.222769 3.684305 2.316629 18.787249 1e-06 -1e-06 10.751608 -0.47987 1.397903 0.0 -0.0 0.0 3.273804 0.305947 -0.58011 21.48679 11.830364 2.266131 8.162915 0.0 -0.0 18.399052 -3.798986 -4.940567 3e-06 0.0 -1e-06 3.155025 15.975331 -23.63192 -0.071804 0.227085 2.338435 -9.372949 10.989808 -0.390461 1.377442 -2.257646 -5.513691 0.0 -0.0 2e-06 4.639955 -3.303179 26.391136 -0.101873 -0.130081 1.910897 0.909336 -7.938882 -10.324549 -1.43659 0.728743 -4.154194 0.0 -0.0 -1e-06 
0.0 0.0 0.0 0.0 -0.0 0.0 4.114872 94.630074 447.068268 -3.589574 -9.531286 -5.307358 2.395407 0.529136 2.244363 0.07209 2.387148 -3.996208 1.989299 0.738212 13.011311 -3.575841 3.553933 0.974017 -0.157209 1.599874 -3.53233 0.047597 1.285206 -16.518463 7.7e-05 -2.2e-05 6e-06 0.00963 -0.057336 0.059611 0.58924 -3.80543 -10.558062 -0.585764 3.687541 -10.551179 -17.100605 -1.675453 14.088322 -68.330803 7.02511 3.965114 -0.701616 -10.963618 0.076204 0.231069 -1.53782 -8.328873 -5.882102 9.861279 0.70259 -10.936861 -0.360574 7.156197 0.0 8.774815 -0.0 -16.281586 18.276516 6.187221 -1.844031 2.498503 -2.507276 -10.16359 4.678941 4.621104 -20.975996 -1e-06 1e-06 -21.226254 2.451698 -3.593995 0.0 -6e-06 -0.0 -1.362681 2.240797 -0.746323 -21.334892 0.58491 3.008319 -13.821196 -1e-06 1e-06 -23.887129 -0.249075 -0.839485 -61.46574 2.674772 -0.868963 -0.294025 1.679686 0.833255 -14.218195 0.093215 1.300579 -34.212002 -0.287561 0.967166 -20.033176 0.964536 1.212838 0.0 -0.0 0.0 -3.440387 0.788233 0.501655 -15.928172 -3.167306 2.999703 -6.338817 -0.0 1e-06 -18.123419 3.648181 -4.905662 -4e-06 0.0 -2e-06 7.757965 17.646944 12.492419 60.901054 23.10697 12.136611 -0.003658 38.78347 0.122548 -9.72024 4.574676 0.408837 2.24354 -5.255033 -3.180156 14.282877 -0.826594 6.952496 -0.0 -12.690593 -1e-06 15.824645 -18.026234 2.864794 1.665665 -1.95592 -2.878297 4.727794 -4.170584 4.993919 11.020511 1e-06 -0.0 12.109032 -3.735715 -2.866778 0.0 -0.0 0.0 1.291985 -1.928548 -1.498088 14.800115 0.567467 3.865604 14.242553 -1.341738 -6.660648 19.631935 0.143921 -0.648243 49.853519 -0.760296 -6.231132 0.353029 -1.51115 -0.03194 20.222769 3.684305 2.316629 18.787249 1e-06 -1e-06 10.751608 -0.47987 1.397903 0.0 -0.0 0.0 3.273804 0.305947 -0.58011 21.48679 11.830364 2.266131 8.162915 0.0 -0.0 18.399052 -3.798986 -4.940567 3e-06 0.0 -1e-06 2.148871 16.001558 -25.0256 -0.067442 0.118029 1.343691 -9.718197 11.057084 -1.888669 1.386151 -2.211551 -5.825699 0.0 -0.0 2e-06 2.458048 -4.252043 28.502895 -0.107074 -0.070705 2.806654 3.462981 -5.794694 -7.336783 -1.407887 0.690419 -7.398393 0.0 -0.0 -1e-06 
0.0 0.0 0.0 0.0 -0.0 0.0 4.808105 94.35479 453.419586 -2.055749 -9.751142 -4.340254 1.282356 0.687439 1.390988 -0.054805 2.664575 -4.417291 1.492374 0.877533 12.61929 -3.069071 3.429177 0.671723 -0.245195 1.647782 -3.527661 0.080927 1.273309 -15.893714 7.7e-05 -2.2e-05 6e-06 0.003029 -0.068275 0.037798 0.619408 -3.809477 -10.613444 -0.626471 3.667704 -10.606728 -17.265205 -1.520081 14.155776 -68.292747 8.179247 2.344241 -0.708643 -9.851442 0.087287 -0.360817 -0.166576 -7.69733 -5.882102 9.861279 0.70259 -10.936861 -0.360574 7.156197 0.0 8.774815 -0.0 -16.324545 18.21789 6.36517 -1.844031 2.498503 -2.507276 -10.16359 4.678941 4.621104 -20.975996 -1e-06 1e-06 -21.226254 2.451698 -3.593995 0.0 -6e-06 -0.0 -1.362681 2.240797 -0.746323 -21.334892 0.58491 3.008319 -13.821196 -1e-06 1e-06 -23.887129 -0.249075 -0.839485 -61.753265 2.615195 -0.785641 -0.294025 1.679686 0.833255 -14.218195 0.093215 1.300579 -34.212002 -0.287561 0.967166 -20.033176 0.964536 1.212838 0.0 -0.0 0.0 -3.440387 0.788233 0.501655 -15.928172 -3.167306 2.999703 -6.338817 -0.0 1e-06 -18.123419 3.648181 -4.905662 -4e-06 0.0 -2e-06 7.970403 17.643991 12.594134 61.326649 22.585449 11.15309 -0.206017 39.455723 -0.004727 -10.650341 4.66944 -1.957864 2.24354 -5.255033 -3.180156 14.282877 -0.826594 6.952496 -0.0 -12.690593 -1e-06 16.009724 -17.846596 2.879108 1.665665 -1.95592 -2.878297 4.727794 -4.170584 4.993919 11.020511 1e-06 -0.0 12.109032 -3.735715 -2.866778 0.0 -0.0 0.0 1.291985 -1.928548 -1.498088 14.800115 0.567467 3.865604 14.242553 -1.341738 -6.660648 19.631935 0.143921 -0.648243 49.887371 -0.755481 -6.077756 0.353029 -1.51115 -0.03194 20.222769 3.684305 2.316629 18.787249 1e-06 -1e-06 10.751608 -0.47987 1.397903 0.0 -0.0 0.0 3.273804 0.305947 -0.58011 21.48679 11.830364 2.266131 8.162915 0.0 -0.0 18.399052 -3.798986 -4.940567 3e-06 0.0 -1e-06 -0.289683 15.231197 -25.132538 -0.18551 0.076687 4.485984 -7.280482 10.940964 -0.672816 1.612314 -2.139731 -6.714674 0.0 -0.0 2e-06 -1.266791 -4.639366 28.547071 -0.045643 0.148691 7.108705 5.928999 -4.490683 -3.464043 -1.443835 0.721338 -13.781619 0.0 -0.0 -1e-06 
0.0 0.0 0.0 0.0 -0.0 0.0 5.612177 94.772934 459.701202 0.957058 -9.461404 -3.331073 -0.771663 0.764842 0.2492 -0.370513 2.935129 -4.941035 0.525116 1.008177 12.323047 -2.349591 3.331068 0.165502 -0.36693 1.414992 -3.651508 0.316068 1.191323 -14.843528 7.7e-05 -2.2e-05 6e-06 0.017899 -0.06604 0.001045 0.627457 -3.797003 -10.600479 -0.603751 3.659323 -10.608324 -18.352114 -1.83552 13.395611 -66.821533 9.782356 1.249126 -0.512714 -9.839789 0.060975 -0.85028 0.455608 -7.518105 -5.882102 9.861279 0.70259 -10.936861 -0.360574 7.156197 0.0 8.774815 -0.0 -16.410011 18.130808 6.443754 -1.844031 2.498503 -2.507276 -10.16359 4.678941 4.621104 -20.975996 -1e-06 1e-06 -21.226254 2.451698 -3.593995 0.0 -6e-06 -0.0 -1.362681 2.240797 -0.746323 -21.334892 0.58491 3.008319 -13.821196 -1e-06 1e-06 -23.887129 -0.249075 -0.839485 -61.695824 2.581182 -0.537753 -0.294025 1.679686 0.833255 -14.218195 0.093215 1.300579 -34.212002 -0.287561 0.967166 -20.033176 0.964536 1.212838 0.0 -0.0 0.0 -3.440387 0.788233 0.501655 -15.928172 -3.167306 2.999703 -6.338817 -0.0 1e-06 -18.123419 3.648181 -4.905662 -4e-06 0.0 -2e-06 9.957815 17.167509 12.644933 60.630585 20.842422 9.857319 -0.070137 39.081814 0.19169 -11.148297 4.974284 -2.562826 2.24354 -5.255033 -3.180156 14.282877 -0.826594 6.952496 -0.0 -12.690593 -1e-06 15.768095 -17.895567 3.077244 1.665665 -1.95592 -2.878297 4.727794 -4.170584 4.993919 11.020511 1e-06 -0.0 12.109032 -3.735715 -2.866778 0.0 -0.0 0.0 1.291985 -1.928548 -1.498088 14.800115 0.567467 3.865604 14.242553 -1.341738 -6.660648 19.631935 0.143921 -0.648243 50.051865 -0.798164 -5.964523 0.353029 -1.51115 -0.03194 20.222769 3.684305 2.316629 18.787249 1e-06 -1e-06 10.751608 -0.47987 1.397903 0.0 -0.0 0.0 3.273804 0.305947 -0.58011 21.48679 11.830364 2.266131 8.162915 0.0 -0.0 18.399052 -3.798986 -4.940567 3e-06 0.0 -1e-06 -3.995112 12.879311 -25.837036 -0.117931 0.188595 8.869189 -0.615462 11.067859 8.738844 1.77286 -1.980674 -6.013182 0.0 -0.0 2e-06 -6.573605 -5.341684 25.920671 -0.093579 0.506953 14.882468 7.527258 -3.86025 2.791655 -1.516652 0.718492 -23.038364 0.0 -0.0 -1e-06 
0.0 0.0 0.0 0.0 -0.0 0.0 6.397279 95.250298 465.92627 3.545113 -8.473412 -3.459004 -1.969444 0.716751 0.04486 -0.722518 3.113761 -5.003583 -0.896954 1.197471 11.897362 -1.645828 2.952217 0.011956 -0.578833 0.938638 -3.64775 0.530937 1.031552 -15.072916 7.7e-05 -2.2e-05 6e-06 0.018464 -0.070017 -0.010254 0.641274 -3.789868 -10.541417 -0.617649 3.643311 -10.576238 -17.557762 -2.5265 13.175491 -66.619064 9.852312 0.546119 -0.263205 -10.559388 0.029165 -0.675796 0.721653 -7.345671 -5.882102 9.861279 0.70259 -10.936861 -0.360574 7.156197 0.0 8.774815 -0.0 -16.433266 17.985106 6.271976 -1.844031 2.498503 -2.507276 -10.16359 4.678941 4.621104 -20.975996 -1e-06 1e-06 -21.226254 2.451698 -3.593995 0.0 -6e-06 -0.0 -1.362681 2.240797 -0.746323 -21.334892 0.58491 3.008319 -13.821196 -1e-06 1e-06 -23.887129 -0.249075 -0.839485 -61.313381 2.588403 -0.83136 -0.294025 1.679686 0.833255 -14.218195 0.093215 1.300579 -34.212002 -0.287561 0.967166 -20.033176 0.964536 1.212838 0.0 -0.0 0.0 -3.440387 0.788233 0.501655 -15.928172 -3.167306 2.999703 -6.338817 -0.0 1e-06 -18.123419 3.648181 -4.905662 -4e-06 0.0 -2e-06 10.54471 16.591528 12.814222 61.790142 19.108475 8.262815 0.064869 37.474503 0.301724 -11.975625 5.551755 -3.116704 2.24354 -5.255033 -3.180156 14.282877 -0.826594 6.952496 -0.0 -12.690593 -1e-06 15.688191 -17.848661 3.040346 1.665665 -1.95592 -2.878297 4.727794 -4.170584 4.993919 11.020511 1e-06 -0.0 12.109032 -3.735715 -2.866778 0.0 -0.0 0.0 1.291985 -1.928548 -1.498088 14.800115 0.567467 3.865604 14.242553 -1.341738 -6.660648 19.631935 0.143921 -0.648243 49.872303 -0.658366 -6.031407 0.353029 -1.51115 -0.03194 20.222769 3.684305 2.316629 18.787249 1e-06 -1e-06 10.751608 -0.47987 1.397903 0.0 -0.0 0.0 3.273804 0.305947 -0.58011 21.48679 11.830364 2.266131 8.162915 0.0 -0.0 18.399052 -3.798986 -4.940567 3e-06 0.0 -1e-06 -6.869509 10.426504 -25.506111 0.038133 0.19898 14.481263 2.237827 10.932142 10.557501 1.729238 -1.972105 -3.55746 0.0 -0.0 2e-06 -10.903286 -6.15713 21.852522 -0.190676 0.946241 26.455929 7.556652 -5.587962 12.193083 -1.576187 0.653766 -28.72901 0.0 -0.0 -1e-06 
0.0 0.0 0.0 0.0 -0.0 0.0 7.193372 95.794167 471.687805 5.333874 -7.393789 -4.532882 -2.538645 0.647679 0.58391 -0.966894 3.10033 -4.726472 -1.918947 1.266504 11.701417 -1.363094 3.039614 0.105904 -0.741148 0.482336 -3.597307 0.564215 0.493886 -15.69516 7.7e-05 -2.2e-05 6e-06 0.036302 -0.015631 0.034911 0.664043 -3.724239 -10.496929 -0.607942 3.687858 -10.518753 -16.058401 -3.187321 13.445146 -67.066261 8.52837 0.413995 -0.177164 -12.404101 -0.012806 0.246385 0.584671 -7.726613 -5.882102 9.861279 0.70259 -10.936861 -0.360574 7.156197 0.0 8.774815 -0.0 -16.53195 17.994812 6.002389 -1.844031 2.498503 -2.507276 -10.16359 4.678941 4.621104 -20.975996 -1e-06 1e-06 -21.226254 2.451698 -3.593995 0.0 -6e-06 -0.0 -1.362681 2.240797 -0.746323 -21.334892 0.58491 3.008319 -13.821196 -1e-06 1e-06 -23.887129 -0.249075 -0.839485 -61.05608 2.482823 -1.191808 -0.294025 1.679686 0.833255 -14.218195 0.093215 1.300579 -34.212002 -0.287561 0.967166 -20.033176 0.964536 1.212838 0.0 -0.0 0.0 -3.440387 0.788233 0.501655 -15.928172 -3.167306 2.999703 -6.338817 -0.0 1e-06 -18.123419 3.648181 -4.905662 -4e-06 0.0 -2e-06 9.906179 16.345173 12.955737 63.608665 17.489447 7.475464 -0.16313 35.3349 0.089338 -11.906131 5.282009 -3.992536 2.24354 -5.255033 -3.180156 14.282877 -0.826594 6.952496 -0.0 -12.690593 -1e-06 15.828962 -17.67865 3.011798 1.665665 -1.95592 -2.878297 4.727794 -4.170584 4.993919 11.020511 1e-06 -0.0 12.109032 -3.735715 -2.866778 0.0 -0.0 0.0 1.291985 -1.928548 -1.498088 14.800115 0.567467 3.865604 14.242553 -1.341738 -6.660648 19.631935 0.143921 -0.648243 49.899548 -0.517023 -5.908592 0.353029 -1.51115 -0.03194 20.222769 3.684305 2.316629 18.787249 1e-06 -1e-06 10.751608 -0.47987 1.397903 0.0 -0.0 0.0 3.273804 0.305947 -0.58011 21.48679 11.830364 2.266131 8.162915 0.0 -0.0 18.399052 -3.798986 -4.940567 3e-06 0.0 -1e-06 -8.946209 9.194695 -22.428856 -0.010792 0.247245 17.797853 3.487899 10.866935 8.00246 1.649349 -2.01027 -1.743657 0.0 -0.0 2e-06 -13.618214 -6.067708 16.390314 -0.042252 0.997975 40.144958 6.042799 -9.097835 23.059032 -1.34411 0.684973 -16.120323 0.0 -0.0 -1e-06 
0.0 0.0 0.0 0.0 -0.0 0.0 7.956823 96.550919 477.219574 6.671252 -6.843728 -5.647483 -3.05684 0.601742 1.231524 -1.105148 3.112836 -4.366342 -2.288334 0.941906 11.5978 -1.732609 3.253928 0.399604 -0.623993 0.451966 -3.5704 0.42146 0.383307 -16.430185 7.7e-05 -2.2e-05 6e-06 0.045158 0.027295 0.087265 0.667842 -3.697647 -10.487939 -0.595559 3.751022 -10.499313 -15.156765 -3.422206 13.430417 -66.885811 6.715533 0.966998 -0.252433 -15.142985 0.006674 1.503069 -0.201609 -8.482666 -5.882102 9.861279 0.70259 -10.936861 -0.360574 7.156197 0.0 8.774815 -0.0 -16.382656 18.073477 5.937757 -1.844031 2.498503 -2.507276 -10.16359 4.678941 4.621104 -20.975996 -1e-06 1e-06 -21.226254 2.451698 -3.593995 0.0 -6e-06 -0.0 -1.362681 2.240797 -0.746323 -21.334892 0.58491 3.008319 -13.821196 -1e-06 1e-06 -23.887129 -0.249075 -0.839485 -60.934174 2.358862 -1.351475 -0.294025 1.679686 0.833255 -14.218195 0.093215 1.300579 -34.212002 -0.287561 0.967166 -20.033176 0.964536 1.212838 0.0 -0.0 0.0 -3.440387 0.788233 0.501655 -15.928172 -3.167306 2.999703 -6.338817 -0.0 1e-06 -18.123419 3.648181 -4.905662 -4e-06 0.0 -2e-06 9.695869 16.151974 13.253787 64.17054 16.091692 7.986482 -0.246823 33.214451 -0.014063 -11.106686 4.77169 -3.82703 2.24354 -5.255033 -3.180156 14.282877 -0.826594 6.952496 -0.0 -12.690593 -1e-06 15.983229 -17.661364 3.001236 1.665665 -1.95592 -2.878297 4.727794 -4.170584 4.993919 11.020511 1e-06 -0.0 12.109032 -3.735715 -2.866778 0.0 -0.0 0.0 1.291985 -1.928548 -1.498088 14.800115 0.567467 3.865604 14.242553 -1.341738 -6.660648 19.631935 0.143921 -0.648243 49.915936 -0.48711 -5.948018 0.353029 -1.51115 -0.03194 20.222769 3.684305 2.316629 18.787249 1e-06 -1e-06 10.751608 -0.47987 1.397903 0.0 -0.0 0.0 3.273804 0.305947 -0.58011 21.48679 11.830364 2.266131 8.162915 0.0 -0.0 18.399052 -3.798986 -4.940567 3e-06 0.0 -1e-06 -10.670251 8.691952 -17.75288 0.047576 0.293182 18.148151 3.804969 11.166385 3.902061 1.64091 -2.081173 -1.180578 0.0 -0.0 2e-06 -15.145672 -5.517604 10.185863 0.000403 0.687715 52.573551 2.606927 -11.344138 26.104113 -1.381706 0.879595 -5.43386 0.0 -0.0 -1e-06 
0.0 0.0 0.0 0.0 -0.0 0.0 8.575029 97.526184 482.606567 6.867416 -6.461015 -6.585091 -3.174398 0.533814 1.692969 -1.128027 2.783291 -4.125762 -2.002981 0.438087 11.834216 -2.036586 3.46793 0.830801 -0.50684 0.732884 -3.561074 0.227371 0.602878 -16.893944 7.7e-05 -2.2e-05 6e-06 0.059291 0.06829 0.110638 0.684901 -3.672898 -10.508715 -0.583531 3.811299 -10.523137 -14.877713 -3.552598 13.332088 -66.06295 4.35757 1.77232 -0.356434 -17.722754 0.02642 3.435424 -1.395232 -8.511687 -5.882102 9.861279 0.70259 -10.936861 -0.360574 7.156197 0.0 8.774815 -0.0 -16.380863 18.200695 5.837032 -1.844031 2.498503 -2.507276 -10.16359 4.678941 4.621104 -20.975996 -1e-06 1e-06 -21.226254 2.451698 -3.593995 0.0 -6e-06 -0.0 -1.362681 2.240797 -0.746323 -21.334892 0.58491 3.008319 -13.821196 -1e-06 1e-06 -23.887129 -0.249075 -0.839485 -60.884991 2.361195 -1.349121 -0.294025 1.679686 0.833255 -14.218195 0.093215 1.300579 -34.212002 -0.287561 0.967166 -20.033176 0.964536 1.212838 0.0 -0.0 0.0 -3.440387 0.788233 0.501655 -15.928172 -3.167306 2.999703 -6.338817 -0.0 1e-06 -18.123419 3.648181 -4.905662 -4e-06 0.0 -2e-06 10.12746 15.833417 13.665102 63.872959 14.827774 8.943617 -0.299495 31.214668 -0.137378 -10.466762 4.424149 -3.384852 2.24354 -5.255033 -3.180156 14.282877 -0.826594 6.952496 -0.0 -12.690593 -1e-06 16.071131 -17.687387 2.961276 1.665665 -1.95592 -2.878297 4.727794 -4.170584 4.993919 11.020511 1e-06 -0.0 12.109032 -3.735715 -2.866778 0.0 -0.0 0.0 1.291985 -1.928548 -1.498088 14.800115 0.567467 3.865604 14.242553 -1.341738 -6.660648 19.631935 0.143921 -0.648243 50.088638 -0.429421 -5.888153 0.353029 -1.51115 -0.03194 20.222769 3.684305 2.316629 18.787249 1e-06 -1e-06 10.751608 -0.47987 1.397903 0.0 -0.0 0.0 3.273804 0.305947 -0.58011 21.48679 11.830364 2.266131 8.162915 0.0 -0.0 18.399052 -3.798986 -4.940567 3e-06 0.0 -1e-06 -11.050257 8.163879 -11.942011 0.082477 0.248752 15.94075 3.682717 11.904228 1.341756 1.630781 -2.135135 -0.929264 0.0 -0.0 2e-06 -14.636897 -4.805855 3.822515 0.021306 0.342173 61.841892 0.38527 -13.313899 21.394472 -1.449398 0.890669 -4.429363 0.0 -0.0 -1e-06 
0.0 0.0 0.0 0.0 -0.0 0.0 9.00042 98.464622 487.871704 6.09879 -5.748492 -7.476477 -2.980081 0.383056 2.187921 -1.032785 2.191879 -3.899261 -1.370974 -0.213211 12.098706 -2.008639 3.594282 1.496578 -0.406151 0.995998 -3.562726 0.041486 0.861648 -16.966059 7.7e-05 -2.2e-05 6e-06 0.068532 0.10081 0.108908 0.6941 -3.651687 -10.512005 -0.572102 3.858133 -10.534867 -14.305019 -4.030362 13.270883 -65.197121 1.525781 2.895326 -0.512541 -19.837227 0.063267 5.471042 -2.426258 -7.910634 -5.882102 9.861279 0.70259 -10.936861 -0.360574 7.156197 0.0 8.774815 -0.0 -16.310432 18.317667 5.85708 -1.844031 2.498503 -2.507276 -10.16359 4.678941 4.621104 -20.975996 -1e-06 1e-06 -21.226254 2.451698 -3.593995 0.0 -6e-06 -0.0 -1.362681 2.240797 -0.746323 -21.334892 0.58491 3.008319 -13.821196 -1e-06 1e-06 -23.887129 -0.249075 -0.839485 -60.842255 2.417791 -1.241205 -0.294025 1.679686 0.833255 -14.218195 0.093215 1.300579 -34.212002 -0.287561 0.967166 -20.033176 0.964536 1.212838 0.0 -0.0 0.0 -3.440387 0.788233 0.501655 -15.928172 -3.167306 2.999703 -6.338817 -0.0 1e-06 -18.123419 3.648181 -4.905662 -4e-06 0.0 -2e-06 10.531033 15.203361 14.077428 63.872433 13.397055 9.444379 -0.434439 29.510468 -0.281088 -10.203578 4.003641 -3.214628 2.24354 -5.255033 -3.180156 14.282877 -0.826594 6.952496 -0.0 -12.690593 -1e-06 16.130096 -17.677015 2.875931 1.665665 -1.95592 -2.878297 4.727794 -4.170584 4.993919 11.020511 1e-06 -0.0 12.109032 -3.735715 -2.866778 0.0 -0.0 0.0 1.291985 -1.928548 -1.498088 14.800115 0.567467 3.865604 14.242553 -1.341738 -6.660648 19.631935 0.143921 -0.648243 50.147598 -0.338766 -5.803985 0.353029 -1.51115 -0.03194 20.222769 3.684305 2.316629 18.787249 1e-06 -1e-06 10.751608 -0.47987 1.397903 0.0 -0.0 0.0 3.273804 0.305947 -0.58011 21.48679 11.830364 2.266131 8.162915 0.0 -0.0 18.399052 -3.798986 -4.940567 3e-06 0.0 -1e-06 -10.483897 7.388136 -5.432495 0.067961 0.147515 12.268732 3.553702 12.427356 -0.205161 1.626251 -2.123654 -0.826792 0.0 -0.0 2e-06 -12.475539 -4.188037 -2.195117 0.020393 0.04758 66.910515 -1.176327 -15.384902 16.6602 -1.489574 0.868109 -4.277127 0.0 -0.0 -1e-06 
0.0 0.0 0.0 0.0 -0.0 0.0 9.225397 99.149841 493.017517 4.813589 -4.502906 -8.348984 -2.663815 0.197984 2.768866 -0.883543 1.43832 -3.674084 -0.711168 -1.014419 12.267767 -1.555265 3.494509 2.365205 -0.325463 1.147621 -3.552827 -0.064401 0.991827 -16.791227 7.7e-05 -2.2e-05 6e-06 0.066547 0.104117 0.106692 0.696137 -3.65574 -10.522708 -0.575435 3.87041 -10.546954 -13.165751 -4.939171 13.30289 -64.366287 -1.655696 4.198269 -0.664795 -21.678312 0.097087 7.131965 -2.924562 -7.019228 -5.882102 9.861279 0.70259 -10.936861 -0.360574 7.156197 0.0 8.774815 -0.0 -16.148539 18.380383 5.957847 -1.844031 2.498503 -2.507276 -10.16359 4.678941 4.621104 -20.975996 -1e-06 1e-06 -21.226254 2.451698 -3.593995 0.0 -6e-06 -0.0 -1.362681 2.240797 -0.746323 -21.334892 0.58491 3.008319 -13.821196 -1e-06 1e-06 -23.887129 -0.249075 -0.839485 -60.789669 2.507159 -1.215488 -0.294025 1.679686 0.833255 -14.218195 0.093215 1.300579 -34.212002 -0.287561 0.967166 -20.033176 0.964536 1.212838 0.0 -0.0 0.0 -3.440387 0.788233 0.501655 -15.928172 -3.167306 2.999703 -6.338817 -0.0 1e-06 -18.123419 3.648181 -4.905662 -4e-06 0.0 -2e-06 10.71166 14.292099 14.318774 64.429398 11.547789 9.194578 -0.483105 28.173107 -0.327548 -9.907589 3.599863 -3.791066 2.24354 -5.255033 -3.180156 14.282877 -0.826594 6.952496 -0.0 -12.690593 -1e-06 16.16503 -17.64073 2.761351 1.665665 -1.95592 -2.878297 4.727794 -4.170584 4.993919 11.020511 1e-06 -0.0 12.109032 -3.735715 -2.866778 0.0 -0.0 0.0 1.291985 -1.928548 -1.498088 14.800115 0.567467 3.865604 14.242553 -1.341738 -6.660648 19.631935 0.143921 -0.648243 50.027142 -0.280892 -5.833904 0.353029 -1.51115 -0.03194 20.222769 3.684305 2.316629 18.787249 1e-06 -1e-06 10.751608 -0.47987 1.397903 0.0 -0.0 0.0 3.273804 0.305947 -0.58011 21.48679 11.830364 2.266131 8.162915 0.0 -0.0 18.399052 -3.798986 -4.940567 3e-06 0.0 -1e-06 -9.239188 6.547189 1.27902 0.035318 0.033551 8.057267 3.211876 12.331774 -1.299821 1.623118 -2.065747 -0.770461 0.0 -0.0 2e-06 -9.62499 -3.94372 -7.324149 0.028184 -0.132906 67.580444 -1.476058 -16.595387 12.639848 -1.483264 0.8324 -4.329302 0.0 -0.0 -1e-06 
0.0 0.0 0.0 0.0 -0.0 0.0 9.25985 99.489799 497.986328 3.311634 -2.920294 -9.053309 -2.284398 0.034528 3.310253 -0.750064 0.643181 -3.485723 -0.106316 -1.806986 12.363176 -0.786128 3.164828 3.259308 -0.27943 1.204196 -3.552485 -0.094203 0.985353 -16.516562 7.7e-05 -2.2e-05 6e-06 0.0617 0.09234 0.103538 0.693771 -3.671363 -10.554123 -0.580209 3.862549 -10.572559 -11.7995 -6.062135 13.274238 -63.362305 -4.964831 5.123822 -0.760836 -23.579138 0.11205 8.453149 -3.037316 -6.366321 -5.882102 9.861279 0.70259 -10.936861 -0.360574 7.156197 0.0 8.774815 -0.0 -15.910801 18.411694 6.148078 -1.844031 2.498503 -2.507276 -10.16359 4.678941 4.621104 -20.975996 -1e-06 1e-06 -21.226254 2.451698 -3.593995 0.0 -6e-06 -0.0 -1.362681 2.240797 -0.746323 -21.334892 0.58491 3.008319 -13.821196 -1e-06 1e-06 -23.887129 -0.249075 -0.839485 -60.78273 2.59481 -1.193691 -0.294025 1.679686 0.833255 -14.218195 0.093215 1.300579 -34.212002 -0.287561 0.967166 -20.033176 0.964536 1.212838 0.0 -0.0 0.0 -3.440387 0.788233 0.501655 -15.928172 -3.167306 2.999703 -6.338817 -0.0 1e-06 -18.123419 3.648181 -4.905662 -4e-06 0.0 -2e-06 10.928874 13.266804 14.399682 65.0271 9.308637 8.708826 -0.384317 26.948238 -0.271424 -9.214403 3.170654 -4.673421 2.24354 -5.255033 -3.180156 14.282877 -0.826594 6.952496 -0.0 -12.690593 -1e-06 16.232098 -17.685045 2.671571 1.665665 -1.95592 -2.878297 4.727794 -4.170584 4.993919 11.020511 1e-06 -0.0 12.109032 -3.735715 -2.866778 0.0 -0.0 0.0 1.291985 -1.928548 -1.498088 14.800115 0.567467 3.865604 14.242553 -1.341738 -6.660648 19.631935 0.143921 -0.648243 49.941189 -0.318043 -5.945395 0.353029 -1.51115 -0.03194 20.222769 3.684305 2.316629 18.787249 1e-06 -1e-06 10.751608 -0.47987 1.397903 0.0 -0.0 0.0 3.273804 0.305947 -0.58011 21.48679 11.830364 2.266131 8.162915 0.0 -0.0 18.399052 -3.798986 -4.940567 3e-06 0.0 -1e-06 -7.589359 5.80769 7.35498 0.006552 -0.043228 4.412138 2.725814 11.605085 -2.430315 1.626353 -1.995744 -0.668082 0.0 -0.0 2e-06 -6.760439 -4.110595 -11.637231 -0.003838 -0.245316 64.218689 -0.992341 -17.047791 9.246398 -1.476545 0.816513 -4.564917 0.0 -0.0 -1e-06 
0.0 0.0 0.0 0.0 -0.0 0.0 9.158167 99.454605 502.781158 1.997548 -1.248113 -9.408578 -1.981075 -0.058206 3.646388 -0.690431 -0.086033 -3.368641 0.371238 -2.464837 12.452614 0.167685 2.706044 3.942751 -0.302094 1.209906 -3.578245 -0.056316 0.888864 -16.297384 7.7e-05 -2.2e-05 6e-06 0.052112 0.055948 0.09468 0.681402 -3.703136 -10.570277 -0.585079 3.821263 -10.578247 -10.510889 -7.225251 13.087014 -62.109009 -8.199071 5.43239 -0.761948 -25.809811 0.117925 9.695572 -2.976365 -6.54281 -5.882102 9.861279 0.70259 -10.936861 -0.360574 7.156197 0.0 8.774815 -0.0 -15.673092 18.421549 6.382795 -1.844031 2.498503 -2.507276 -10.16359 4.678941 4.621104 -20.975996 -1e-06 1e-06 -21.226254 2.451698 -3.593995 0.0 -6e-06 -0.0 -1.362681 2.240797 -0.746323 -21.334892 0.58491 3.008319 -13.821196 -1e-06 1e-06 -23.887129 -0.249075 -0.839485 -60.847054 2.703578 -1.141086 -0.294025 1.679686 0.833255 -14.218195 0.093215 1.300579 -34.212002 -0.287561 0.967166 -20.033176 0.964536 1.212838 0.0 -0.0 0.0 -3.440387 0.788233 0.501655 -15.928172 -3.167306 2.999703 -6.338817 -0.0 1e-06 -18.123419 3.648181 -4.905662 -4e-06 0.0 -2e-06 11.361048 12.277573 14.39533 65.331589 6.933275 8.410894 -0.204828 25.50485 -0.168713 -8.160677 2.539224 -5.094056 2.24354 -5.255033 -3.180156 14.282877 -0.826594 6.952496 -0.0 -12.690593 -1e-06 16.33474 -17.755569 2.594604 1.665665 -1.95592 -2.878297 4.727794 -4.170584 4.993919 11.020511 1e-06 -0.0 12.109032 -3.735715 -2.866778 0.0 -0.0 0.0 1.291985 -1.928548 -1.498088 14.800115 0.567467 3.865604 14.242553 -1.341738 -6.660648 19.631935 0.143921 -0.648243 49.871094 -0.396038 -6.103168 0.353029 -1.51115 -0.03194 20.222769 3.684305 2.316629 18.787249 1e-06 -1e-06 10.751608 -0.47987 1.397903 0.0 -0.0 0.0 3.273804 0.305947 -0.58011 21.48679 11.830364 2.266131 8.162915 0.0 -0.0 18.399052 -3.798986 -4.940567 3e-06 0.0 -1e-06 -6.002933 5.200418 12.057196 -0.009674 -0.068824 2.558699 2.175682 10.591366 -4.245338 1.639108 -1.952806 -0.535324 0.0 -0.0 2e-06 -4.498759 -4.674764 -15.333768 -0.084378 -0.279685 57.171101 -0.195878 -16.957378 6.758308 -1.473483 0.851819 -4.922835 0.0 -0.0 -1e-06 
0.0 0.0 0.0 0.0 -0.0 0.0 9.003289 99.074539 507.515381 1.195359 0.412521 -9.421833 -1.933455 -0.077598 3.739094 -0.704571 -0.752032 -3.324762 0.624377 -2.91913 12.587427 1.258124 2.194912 4.351682 -0.429288 1.09323 -3.594656 0.025221 0.776972 -16.259825 7.7e-05 -2.2e-05 6e-06 0.038171 0.016698 0.089709 0.656724 -3.735548 -10.564819 -0.587049 3.774697 -10.564076 -9.32491 -8.331432 12.805972 -60.752964 -11.32152 5.219476 -0.671359 -28.359499 0.129899 11.085498 -2.899948 -7.47346 -5.882102 9.861279 0.70259 -10.936861 -0.360574 7.156197 0.0 8.774815 -0.0 -15.507704 18.428892 6.551771 -1.844031 2.498503 -2.507276 -10.16359 4.678941 4.621104 -20.975996 -1e-06 1e-06 -21.226254 2.451698 -3.593995 0.0 -6e-06 -0.0 -1.362681 2.240797 -0.746323 -21.334892 0.58491 3.008319 -13.821196 -1e-06 1e-06 -23.887129 -0.249075 -0.839485 -60.787743 2.813657 -1.109712 -0.294025 1.679686 0.833255 -14.218195 0.093215 1.300579 -34.212002 -0.287561 0.967166 -20.033176 0.964536 1.212838 0.0 -0.0 0.0 -3.440387 0.788233 0.501655 -15.928172 -3.167306 2.999703 -6.338817 -0.0 1e-06 -18.123419 3.648181 -4.905662 -4e-06 0.0 -2e-06 11.98356 11.348002 14.374357 65.436104 4.621831 8.160775 0.023506 23.753946 -0.07066 -7.085332 1.723935 -5.05069 2.24354 -5.255033 -3.180156 14.282877 -0.826594 6.952496 -0.0 -12.690593 -1e-06 16.430908 -17.7187 2.504514 1.665665 -1.95592 -2.878297 4.727794 -4.170584 4.993919 11.020511 1e-06 -0.0 12.109032 -3.735715 -2.866778 0.0 -0.0 0.0 1.291985 -1.928548 -1.498088 14.800115 0.567467 3.865604 14.242553 -1.341738 -6.660648 19.631935 0.143921 -0.648243 49.833374 -0.398229 -6.193335 0.353029 -1.51115 -0.03194 20.222769 3.684305 2.316629 18.787249 1e-06 -1e-06 10.751608 -0.47987 1.397903 0.0 -0.0 0.0 3.273804 0.305947 -0.58011 21.48679 11.830364 2.266131 8.162915 0.0 -0.0 18.399052 -3.798986 -4.940567 3e-06 0.0 -1e-06 -4.823269 4.774103 15.519511 -0.024589 -0.065007 2.279302 1.597346 9.602539 -6.610011 1.656889 -1.967214 -0.386518 0.0 -0.0 2e-06 -3.138301 -5.741935 -18.019701 -0.119329 -0.178354 46.634689 0.716513 -16.505438 5.680773 -1.456635 0.915203 -5.251923 0.0 -0.0 -1e-06 
0.0 0.0 0.0 0.0 -0.0 0.0 8.854486 98.413208 512.3302 0.952595 2.019654 -9.228737 -2.137376 -0.107985 3.6744 -0.747145 -1.298003 -3.381523 0.580619 -3.224075 12.778556 2.340911 1.687096 4.566387 -0.547159 0.842277 -3.584022 0.087195 0.725306 -16.356304 7.7e-05 -2.2e-05 6e-06 0.01806 -0.009628 0.088457 0.629447 -3.760422 -10.576115 -0.598971 3.746063 -10.573334 -8.195555 -9.318869 12.523003 -59.565918 -14.229702 4.718882 -0.430871 -31.096056 0.081852 12.56007 -2.97172 -8.498893 -5.882102 9.861279 0.70259 -10.936861 -0.360574 7.156197 0.0 8.774815 -0.0 -15.441129 18.427227 6.615219 -1.844031 2.498503 -2.507276 -10.16359 4.678941 4.621104 -20.975996 -1e-06 1e-06 -21.226254 2.451698 -3.593995 0.0 -6e-06 -0.0 -1.362681 2.240797 -0.746323 -21.334892 0.58491 3.008319 -13.821196 -1e-06 1e-06 -23.887129 -0.249075 -0.839485 -60.67857 2.82518 -1.105157 -0.294025 1.679686 0.833255 -14.218195 0.093215 1.300579 -34.212002 -0.287561 0.967166 -20.033176 0.964536 1.212838 0.0 -0.0 0.0 -3.440387 0.788233 0.501655 -15.928172 -3.167306 2.999703 -6.338817 -0.0 1e-06 -18.123419 3.648181 -4.905662 -4e-06 0.0 -2e-06 12.641374 10.48278 14.339436 65.582069 2.409595 7.825199 0.156123 21.881763 0.010041 -6.135499 0.896437 -4.863643 2.24354 -5.255033 -3.180156 14.282877 -0.826594 6.952496 -0.0 -12.690593 -1e-06 16.479168 -17.589161 2.41526 1.665665 -1.95592 -2.878297 4.727794 -4.170584 4.993919 11.020511 1e-06 -0.0 12.109032 -3.735715 -2.866778 0.0 -0.0 0.0 1.291985 -1.928548 -1.498088 14.800115 0.567467 3.865604 14.242553 -1.341738 -6.660648 19.631935 0.143921 -0.648243 49.872215 -0.349879 -6.220872 0.353029 -1.51115 -0.03194 20.222769 3.684305 2.316629 18.787249 1e-06 -1e-06 10.751608 -0.47987 1.397903 0.0 -0.0 0.0 3.273804 0.305947 -0.58011 21.48679 11.830364 2.266131 8.162915 0.0 -0.0 18.399052 -3.798986 -4.940567 3e-06 0.0 -1e-06 -4.131124 4.384962 18.396429 -0.036358 0.010385 2.702449 1.020221 8.831511 -8.938429 1.676841 -2.041243 -0.431253 0.0 -0.0 2e-06 -2.600291 -7.271652 -19.144636 -0.050425 -0.055317 32.863964 1.560694 -15.534774 6.400829 -1.453295 0.994689 -5.27787 0.0 -0.0 -1e-06 
0.0 0.0 0.0 0.0 -0.0 0.0 8.663087 97.578064 517.465393 1.075982 3.653057 -8.940465 -2.504023 -0.147697 3.482792 -0.79341 -1.636711 -3.542306 0.328489 -3.571597 13.013619 3.433957 1.225253 4.564759 -0.652448 0.619523 -3.516221 -0.01767 0.427648 -16.389711 7.7e-05 -2.2e-05 6e-06 -0.00232 -0.036661 0.085576 0.61267 -3.793674 -10.595486 -0.622358 3.725811 -10.61305 -6.999362 -10.283077 12.250387 -58.897369 -16.701139 4.195012 -0.020825 -33.90934 0.020009 13.986159 -3.400359 -8.986689 -5.882102 9.861279 0.70259 -10.936861 -0.360574 7.156197 0.0 8.774815 -0.0 -15.473461 18.442377 6.57029 -1.844031 2.498503 -2.507276 -10.16359 4.678941 4.621104 -20.975996 -1e-06 1e-06 -21.226254 2.451698 -3.593995 0.0 -6e-06 -0.0 -1.362681 2.240797 -0.746323 -21.334892 0.58491 3.008319 -13.821196 -1e-06 1e-06 -23.887129 -0.249075 -0.839485 -60.505978 2.798862 -1.305544 -0.294025 1.679686 0.833255 -14.218195 0.093215 1.300579 -34.212002 -0.287561 0.967166 -20.033176 0.964536 1.212838 0.0 -0.0 0.0 -3.440387 0.788233 0.501655 -15.928172 -3.167306 2.999703 -6.338817 -0.0 1e-06 -18.123419 3.648181 -4.905662 -4e-06 0.0 -2e-06 13.219105 9.638176 14.329459 65.972801 0.178515 6.927671 0.205421 20.232059 0.107647 -5.437986 0.16032 -4.719928 2.24354 -5.255033 -3.180156 14.282877 -0.826594 6.952496 -0.0 -12.690593 -1e-06 16.465582 -17.562168 2.416116 1.665665 -1.95592 -2.878297 4.727794 -4.170584 4.993919 11.020511 1e-06 -0.0 12.109032 -3.735715 -2.866778 0.0 -0.0 0.0 1.291985 -1.928548 -1.498088 14.800115 0.567467 3.865604 14.242553 -1.341738 -6.660648 19.631935 0.143921 -0.648243 49.937176 -0.396253 -6.243258 0.353029 -1.51115 -0.03194 20.222769 3.684305 2.316629 18.787249 1e-06 -1e-06 10.751608 -0.47987 1.397903 0.0 -0.0 0.0 3.273804 0.305947 -0.58011 21.48679 11.830364 2.266131 8.162915 0.0 -0.0 18.399052 -3.798986 -4.940567 3e-06 0.0 -1e-06 -3.567113 4.175723 21.572407 0.005371 0.201699 2.727937 0.46291 7.735965 -10.32705 1.735924 -2.129368 -0.922529 0.0 -0.0 2e-06 -2.51439 -9.019628 -18.649347 0.05701 -0.07264 16.834307 3.131797 -13.878095 7.189692 -1.418732 1.077923 -4.986907 0.0 -0.0 -1e-06 
0.0 0.0 0.0 0.0 -0.0 0.0 8.341839 96.678749 523.029114 1.291641 5.069408 -8.551093 -2.801299 -0.087518 3.090528 -0.941665 -1.913702 -3.68753 0.117756 -3.752502 13.140868 4.391005 0.975998 4.482749 -0.638595 0.321334 -3.51276 -0.257346 0.103013 -16.041822 7.7e-05 -2.2e-05 6e-06 0.00477 -0.011987 0.07823 0.617911 -3.769033 -10.615087 -0.612398 3.753387 -10.642133 -6.241868 -11.082122 11.77461 -58.306305 -18.20048 3.758056 0.029077 -37.006489 0.082881 14.98743 -3.964127 -8.682041 -5.882102 9.861279 0.70259 -10.936861 -0.360574 7.156197 0.0 8.774815 -0.0 -15.474023 18.358173 6.643392 -1.844031 2.498503 -2.507276 -10.16359 4.678941 4.621104 -20.975996 -1e-06 1e-06 -21.226254 2.451698 -3.593995 0.0 -6e-06 -0.0 -1.362681 2.240797 -0.746323 -21.334892 0.58491 3.008319 -13.821196 -1e-06 1e-06 -23.887129 -0.249075 -0.839485 -60.347111 2.688593 -1.192361 -0.294025 1.679686 0.833255 -14.218195 0.093215 1.300579 -34.212002 -0.287561 0.967166 -20.033176 0.964536 1.212838 0.0 -0.0 0.0 -3.440387 0.788233 0.501655 -15.928172 -3.167306 2.999703 -6.338817 -0.0 1e-06 -18.123419 3.648181 -4.905662 -4e-06 0.0 -2e-06 13.996213 8.768792 14.087137 66.367996 -2.382538 5.223613 0.306754 19.015776 0.161969 -5.091263 0.010699 -4.12254 2.24354 -5.255033 -3.180156 14.282877 -0.826594 6.952496 -0.0 -12.690593 -1e-06 16.350588 -17.413746 2.465451 1.665665 -1.95592 -2.878297 4.727794 -4.170584 4.993919 11.020511 1e-06 -0.0 12.109032 -3.735715 -2.866778 0.0 -0.0 0.0 1.291985 -1.928548 -1.498088 14.800115 0.567467 3.865604 14.242553 -1.341738 -6.660648 19.631935 0.143921 -0.648243 50.002102 -0.424259 -6.283798 0.353029 -1.51115 -0.03194 20.222769 3.684305 2.316629 18.787249 1e-06 -1e-06 10.751608 -0.47987 1.397903 0.0 -0.0 0.0 3.273804 0.305947 -0.58011 21.48679 11.830364 2.266131 8.162915 0.0 -0.0 18.399052 -3.798986 -4.940567 3e-06 0.0 -1e-06 -2.625116 4.583087 25.383425 -0.015476 0.202584 1.623392 -0.269646 6.260056 -10.020182 1.779474 -2.054563 -1.957185 0.0 -0.0 2e-06 -2.406977 -9.998902 -17.781759 0.133185 -0.081334 2.716892 5.44278 -12.616792 6.859952 -1.310016 1.152145 -4.921589 0.0 -0.0 -1e-06 
0.0 0.0 0.0 0.0 -0.0 0.0 7.926768 95.911636 528.916626 1.144418 6.022213 -8.021082 -2.760756 -0.050139 2.575261 -1.04124 -2.239394 -3.865392 0.063479 -3.754851 13.137424 4.960706 0.767237 4.226659 -0.613527 0.29523 -3.50989 -0.56044 0.003707 -15.484888 7.7e-05 -2.2e-05 6e-06 0.007006 -0.029878 0.067476 0.609901 -3.787128 -10.623999 -0.598548 3.738755 -10.634658 -5.811832 -11.577325 11.250298 -58.043705 -18.783554 3.157509 -0.420326 -39.929199 0.299161 15.543879 -4.844447 -7.976618 -5.882102 9.861279 0.70259 -10.936861 -0.360574 7.156197 0.0 8.774815 -0.0 -15.536225 18.194204 6.627555 -1.844031 2.498503 -2.507276 -10.16359 4.678941 4.621104 -20.975996 -1e-06 1e-06 -21.226254 2.451698 -3.593995 0.0 -6e-06 -0.0 -1.362681 2.240797 -0.746323 -21.334892 0.58491 3.008319 -13.821196 -1e-06 1e-06 -23.887129 -0.249075 -0.839485 -60.424759 2.615605 -0.978193 -0.294025 1.679686 0.833255 -14.218195 0.093215 1.300579 -34.212002 -0.287561 0.967166 -20.033176 0.964536 1.212838 0.0 -0.0 0.0 -3.440387 0.788233 0.501655 -15.928172 -3.167306 2.999703 -6.338817 -0.0 1e-06 -18.123419 3.648181 -4.905662 -4e-06 0.0 -2e-06 14.891065 8.151527 13.942825 66.694229 -4.720341 3.278348 0.208673 18.136337 0.118005 -4.673831 0.050097 -3.683851 2.24354 -5.255033 -3.180156 14.282877 -0.826594 6.952496 -0.0 -12.690593 -1e-06 16.288139 -17.304705 2.488078 1.665665 -1.95592 -2.878297 4.727794 -4.170584 4.993919 11.020511 1e-06 -0.0 12.109032 -3.735715 -2.866778 0.0 -0.0 0.0 1.291985 -1.928548 -1.498088 14.800115 0.567467 3.865604 14.242553 -1.341738 -6.660648 19.631935 0.143921 -0.648243 49.848499 -0.36751 -6.384877 0.353029 -1.51115 -0.03194 20.222769 3.684305 2.316629 18.787249 1e-06 -1e-06 10.751608 -0.47987 1.397903 0.0 -0.0 0.0 3.273804 0.305947 -0.58011 21.48679 11.830364 2.266131 8.162915 0.0 -0.0 18.399052 -3.798986 -4.940567 3e-06 0.0 -1e-06 -1.009667 4.95829 28.346495 -0.101598 0.096582 1.753861 -1.840533 4.75608 -8.39614 1.828153 -1.917138 -3.914253 0.0 -0.0 2e-06 -1.436692 -10.604563 -19.03163 0.025987 0.051467 -2.548155 7.772096 -12.220021 3.940048 -1.243307 1.140873 -4.943942 0.0 -0.0 -1e-06 
0.0 0.0 0.0 0.0 -0.0 0.0 7.421827 95.210838 535.058716 0.404017 6.49472 -7.472087 -2.317231 -0.072992 1.99175 -0.982817 -2.581503 -4.104928 0.299326 -3.80122 12.991971 4.98846 0.735933 3.894475 -0.655394 0.316283 -3.479448 -0.713372 -0.008789 -15.057019 7.7e-05 -2.2e-05 6e-06 0.00123 -0.031182 0.071631 0.614899 -3.790399 -10.606951 -0.614099 3.73865 -10.586926 -5.342786 -11.836637 11.110629 -58.576408 -18.734953 2.606193 -0.942326 -42.140011 0.571656 15.837976 -5.709551 -7.326042 -5.882102 9.861279 0.70259 -10.936861 -0.360574 7.156197 0.0 8.774815 -0.0 -15.768955 18.061901 6.494995 -1.844031 2.498503 -2.507276 -10.16359 4.678941 4.621104 -20.975996 -1e-06 1e-06 -21.226254 2.451698 -3.593995 0.0 -6e-06 -0.0 -1.362681 2.240797 -0.746323 -21.334892 0.58491 3.008319 -13.821196 -1e-06 1e-06 -23.887129 -0.249075 -0.839485 -60.441082 2.532525 -0.949847 -0.294025 1.679686 0.833255 -14.218195 0.093215 1.300579 -34.212002 -0.287561 0.967166 -20.033176 0.964536 1.212838 0.0 -0.0 0.0 -3.440387 0.788233 0.501655 -15.928172 -3.167306 2.999703 -6.338817 -0.0 1e-06 -18.123419 3.648181 -4.905662 -4e-06 0.0 -2e-06 15.253445 7.815769 13.986157 67.212303 -6.411347 2.026227 -0.001387 17.173883 0.101062 -4.271363 0.065733 -3.876467 2.24354 -5.255033 -3.180156 14.282877 -0.826594 6.952496 -0.0 -12.690593 -1e-06 16.327866 -17.203072 2.415591 1.665665 -1.95592 -2.878297 4.727794 -4.170584 4.993919 11.020511 1e-06 -0.0 12.109032 -3.735715 -2.866778 0.0 -0.0 0.0 1.291985 -1.928548 -1.498088 14.800115 0.567467 3.865604 14.242553 -1.341738 -6.660648 19.631935 0.143921 -0.648243 49.8363 -0.204156 -6.308813 0.353029 -1.51115 -0.03194 20.222769 3.684305 2.316629 18.787249 1e-06 -1e-06 10.751608 -0.47987 1.397903 0.0 -0.0 0.0 3.273804 0.305947 -0.58011 21.48679 11.830364 2.266131 8.162915 0.0 -0.0 18.399052 -3.798986 -4.940567 3e-06 0.0 -1e-06 1.502698 5.360753 30.579182 -0.03452 -0.227334 3.322218 -3.795355 3.306355 -5.217054 1.879397 -1.830916 -7.843798 0.0 -0.0 2e-06 0.471884 -11.245285 -19.790724 0.032225 0.155433 -1.967519 7.956433 -12.031694 2.657044 -1.24232 1.149012 -5.454724 0.0 -0.0 -1e-06 
0.0 0.0 0.0 0.0 -0.0 0.0 6.821407 94.796188 541.38562 -1.690727 6.572621 -6.491542 -0.840909 -0.169122 0.807035 -0.805178 -2.675918 -4.560768 0.846932 -4.039901 12.870398 4.664327 1.030028 3.586995 -0.722678 -0.11931 -3.459303 -0.832288 0.002192 -13.859223 7.7e-05 -2.2e-05 6e-06 -0.009904 -0.045026 0.073819 0.598657 -3.804129 -10.558757 -0.617193 3.722904 -10.548629 -6.145481 -11.670952 10.999127 -58.472752 -17.620625 2.82794 -1.066715 -43.773403 0.593281 15.573593 -6.394997 -7.018073 -5.882102 9.861279 0.70259 -10.936861 -0.360574 7.156197 0.0 8.774815 -0.0 -15.772269 17.989801 6.404858 -1.844031 2.498503 -2.507276 -10.16359 4.678941 4.621104 -20.975996 -1e-06 1e-06 -21.226254 2.451698 -3.593995 0.0 -6e-06 -0.0 -1.362681 2.240797 -0.746323 -21.334892 0.58491 3.008319 -13.821196 -1e-06 1e-06 -23.887129 -0.249075 -0.839485 -60.113098 2.481426 -1.04215 -0.294025 1.679686 0.833255 -14.218195 0.093215 1.300579 -34.212002 -0.287561 0.967166 -20.033176 0.964536 1.212838 0.0 -0.0 0.0 -3.440387 0.788233 0.501655 -15.928172 -3.167306 2.999703 -6.338817 -0.0 1e-06 -18.123419 3.648181 -4.905662 -4e-06 0.0 -2e-06 16.275919 7.489553 13.876795 66.715858 -7.885018 1.188476 0.043378 16.164406 0.156228 -3.968876 -0.096196 -3.841124 2.24354 -5.255033 -3.180156 14.282877 -0.826594 6.952496 -0.0 -12.690593 -1e-06 16.150038 -17.167423 2.384449 1.665665 -1.95592 -2.878297 4.727794 -4.170584 4.993919 11.020511 1e-06 -0.0 12.109032 -3.735715 -2.866778 0.0 -0.0 0.0 1.291985 -1.928548 -1.498088 14.800115 0.567467 3.865604 14.242553 -1.341738 -6.660648 19.631935 0.143921 -0.648243 49.829414 -0.205449 -6.357611 0.353029 -1.51115 -0.03194 20.222769 3.684305 2.316629 18.787249 1e-06 -1e-06 10.751608 -0.47987 1.397903 0.0 -0.0 0.0 3.273804 0.305947 -0.58011 21.48679 11.830364 2.266131 8.162915 0.0 -0.0 18.399052 -3.798986 -4.940567 3e-06 0.0 -1e-06 5.917028 6.145443 30.420481 0.101024 -0.662713 8.20198 -6.058403 1.408427 -1.628854 1.991404 -1.736276 -14.528919 0.0 -0.0 2e-06 3.624205 -10.449347 -20.603745 0.066376 0.055688 2.612825 4.664089 -12.010003 5.140092 -1.328639 1.168775 -6.256579 0.0 -0.0 -1e-06 
0.0 0.0 0.0 0.0 -0.0 0.0 6.126476 94.705597 547.845337 -4.493424 6.370135 -5.655847 0.860858 -0.246567 -0.406848 -0.514301 -2.906428 -5.093266 1.927789 -4.247535 12.752704 4.036561 1.249246 3.332472 -0.797247 0.295332 -3.514743 -1.110083 -0.011899 -12.421805 7.7e-05 -2.2e-05 6e-06 -0.010254 -0.059427 0.043058 0.62162 -3.833231 -10.621696 -0.63918 3.722628 -10.623013 -7.92592 -11.000368 10.950335 -58.049171 -15.770085 3.240387 -1.12629 -44.347324 0.585421 15.0414 -7.308576 -6.388788 -5.882102 9.861279 0.70259 -10.936861 -0.360574 7.156197 0.0 8.774815 -0.0 -15.965009 17.949289 6.204215 -1.844031 2.498503 -2.507276 -10.16359 4.678941 4.621104 -20.975996 -1e-06 1e-06 -21.226254 2.451698 -3.593995 0.0 -6e-06 -0.0 -1.362681 2.240797 -0.746323 -21.334892 0.58491 3.008319 -13.821196 -1e-06 1e-06 -23.887129 -0.249075 -0.839485 -60.03854 2.404486 -1.053952 -0.294025 1.679686 0.833255 -14.218195 0.093215 1.300579 -34.212002 -0.287561 0.967166 -20.033176 0.964536 1.212838 0.0 -0.0 0.0 -3.440387 0.788233 0.501655 -15.928172 -3.167306 2.999703 -6.338817 -0.0 1e-06 -18.123419 3.648181 -4.905662 -4e-06 0.0 -2e-06 17.646303 7.546286 13.928303 65.669937 -8.847423 0.64078 0.029548 14.976575 0.114515 -3.730419 -0.450724 -3.258272 2.24354 -5.255033 -3.180156 14.282877 -0.826594 6.952496 -0.0 -12.690593 -1e-06 16.083473 -17.238586 2.357217 1.665665 -1.95592 -2.878297 4.727794 -4.170584 4.993919 11.020511 1e-06 -0.0 12.109032 -3.735715 -2.866778 0.0 -0.0 0.0 1.291985 -1.928548 -1.498088 14.800115 0.567467 3.865604 14.242553 -1.341738 -6.660648 19.631935 0.143921 -0.648243 49.837177 -0.25678 -6.414067 0.353029 -1.51115 -0.03194 20.222769 3.684305 2.316629 18.787249 1e-06 -1e-06 10.751608 -0.47987 1.397903 0.0 -0.0 0.0 3.273804 0.305947 -0.58011 21.48679 11.830364 2.266131 8.162915 0.0 -0.0 18.399052 -3.798986 -4.940567 3e-06 0.0 -1e-06 10.993898 6.411343 28.354202 0.035692 -0.906349 16.0033 -8.326737 0.187716 4.430578 2.093977 -1.587445 -22.895489 0.0 -0.0 2e-06 7.092544 -8.14054 -22.086927 -0.037155 -0.194154 8.854075 -0.036428 -12.432804 10.330688 -1.386032 1.027059 -5.244821 0.0 -0.0 -1e-06 
0.0 0.0 0.0 0.0 -0.0 0.0 5.518173 94.880989 553.981323 -6.385547 5.78115 -5.952923 1.691029 -0.242357 -0.615712 -0.168855 -3.120568 -5.255579 3.096428 -4.151322 12.461654 3.138283 1.554654 3.499732 -0.700757 0.591844 -3.518893 -1.156692 -0.028634 -12.139846 7.7e-05 -2.2e-05 6e-06 0.005543 -0.018014 0.049769 0.673935 -3.771821 -10.602712 -0.660752 3.74225 -10.603614 -8.392334 -10.323217 11.370605 -59.717678 -14.132798 3.774045 -0.484333 -43.424881 0.270195 14.647628 -7.889926 -7.452405 -5.882102 9.861279 0.70259 -10.936861 -0.360574 7.156197 0.0 8.774815 -0.0 -15.959029 17.987789 6.135509 -1.844031 2.498503 -2.507276 -10.16359 4.678941 4.621104 -20.975996 -1e-06 1e-06 -21.226254 2.451698 -3.593995 0.0 -6e-06 -0.0 -1.362681 2.240797 -0.746323 -21.334892 0.58491 3.008319 -13.821196 -1e-06 1e-06 -23.887129 -0.249075 -0.839485 -60.028477 2.374129 -1.124775 -0.294025 1.679686 0.833255 -14.218195 0.093215 1.300579 -34.212002 -0.287561 0.967166 -20.033176 0.964536 1.212838 0.0 -0.0 0.0 -3.440387 0.788233 0.501655 -15.928172 -3.167306 2.999703 -6.338817 -0.0 1e-06 -18.123419 3.648181 -4.905662 -4e-06 0.0 -2e-06 17.264605 7.84218 14.428827 66.129463 -8.467186 0.367501 -0.114379 14.069412 0.095038 -3.794371 -1.050822 -3.569378 2.24354 -5.255033 -3.180156 14.282877 -0.826594 6.952496 -0.0 -12.690593 -1e-06 16.030476 -17.359997 2.402552 1.665665 -1.95592 -2.878297 4.727794 -4.170584 4.993919 11.020511 1e-06 -0.0 12.109032 -3.735715 -2.866778 0.0 -0.0 0.0 1.291985 -1.928548 -1.498088 14.800115 0.567467 3.865604 14.242553 -1.341738 -6.660648 19.631935 0.143921 -0.648243 49.81588 -0.253368 -6.376818 0.353029 -1.51115 -0.03194 20.222769 3.684305 2.316629 18.787249 1e-06 -1e-06 10.751608 -0.47987 1.397903 0.0 -0.0 0.0 3.273804 0.305947 -0.58011 21.48679 11.830364 2.266131 8.162915 0.0 -0.0 18.399052 -3.798986 -4.940567 3e-06 0.0 -1e-06 14.084465 5.755208 25.07785 -0.003798 -1.088252 27.004015 -9.801612 0.926605 13.201679 2.145079 -1.464543 -27.223669 0.0 -0.0 2e-06 9.304999 -6.086808 -21.748041 -0.043225 -0.361108 15.322256 -3.18433 -12.541586 10.993372 -1.383744 1.014362 -2.84336 0.0 -0.0 -1e-06 
0.0 0.0 0.0 0.0 -0.0 0.0 4.913019 95.234009 559.722778 -7.440978 5.391409 -6.931492 2.066156 -0.159452 -0.059168 0.068639 -3.072907 -5.0312 3.746643 -4.212259 12.18714 2.747488 1.568799 3.612305 -0.59897 0.723046 -3.490666 -1.20926 0.488823 -12.686863 7.7e-05 -2.2e-05 6e-06 0.012241 0.000612 0.058661 0.710266 -3.752814 -10.610858 -0.684961 3.756355 -10.592832 -8.059475 -10.001494 11.574816 -62.152264 -12.521438 3.921445 0.018529 -41.2048 -0.018 14.344239 -8.078688 -8.564072 -5.882102 9.861279 0.70259 -10.936861 -0.360574 7.156197 0.0 8.774815 -0.0 -16.11554 17.823532 5.99708 -1.844031 2.498503 -2.507276 -10.16359 4.678941 4.621104 -20.975996 -1e-06 1e-06 -21.226254 2.451698 -3.593995 0.0 -6e-06 -0.0 -1.362681 2.240797 -0.746323 -21.334892 0.58491 3.008319 -13.821196 -1e-06 1e-06 -23.887129 -0.249075 -0.839485 -60.04377 2.261231 -1.14712 -0.294025 1.679686 0.833255 -14.218195 0.093215 1.300579 -34.212002 -0.287561 0.967166 -20.033176 0.964536 1.212838 0.0 -0.0 0.0 -3.440387 0.788233 0.501655 -15.928172 -3.167306 2.999703 -6.338817 -0.0 1e-06 -18.123419 3.648181 -4.905662 -4e-06 0.0 -2e-06 16.246801 8.227887 14.617467 67.097023 -7.281583 0.987239 -0.423598 13.935843 0.031145 -4.117974 -1.136919 -4.567792 2.24354 -5.255033 -3.180156 14.282877 -0.826594 6.952496 -0.0 -12.690593 -1e-06 16.174448 -17.416826 2.412941 1.665665 -1.95592 -2.878297 4.727794 -4.170584 4.993919 11.020511 1e-06 -0.0 12.109032 -3.735715 -2.866778 0.0 -0.0 0.0 1.291985 -1.928548 -1.498088 14.800115 0.567467 3.865604 14.242553 -1.341738 -6.660648 19.631935 0.143921 -0.648243 49.907532 -0.215099 -6.175276 0.353029 -1.51115 -0.03194 20.222769 3.684305 2.316629 18.787249 1e-06 -1e-06 10.751608 -0.47987 1.397903 0.0 -0.0 0.0 3.273804 0.305947 -0.58011 21.48679 11.830364 2.266131 8.162915 0.0 -0.0 18.399052 -3.798986 -4.940567 3e-06 0.0 -1e-06 15.531132 4.753131 19.946339 -0.011758 -1.079877 40.288757 -9.79416 3.748735 20.222332 2.00941 -1.663307 -15.904867 0.0 -0.0 2e-06 10.743547 -5.351501 -19.706949 -0.014903 -0.268765 20.936932 -3.839802 -12.938574 4.461378 -1.409439 1.032699 -1.728935 0.0 -0.0 -1e-06 
0.0 0.0 0.0 0.0 -0.0 0.0 4.399046 95.825897 565.121765 -8.036343 5.638761 -7.77813 2.341141 -0.145856 0.536079 0.179069 -2.835248 -4.758236 3.92333 -4.318115 12.090862 2.698488 1.383384 3.68716 -0.530465 0.777494 -3.508121 -1.165875 0.590343 -13.281526 7.7e-05 -2.2e-05 6e-06 0.008634 -0.00272 0.040283 0.702539 -3.746933 -10.584481 -0.685298 3.742429 -10.562945 -8.043213 -9.937578 11.962125 -63.902267 -11.672259 4.150175 0.374233 -37.34486 -0.202955 13.965397 -7.866035 -9.893185 -5.882102 9.861279 0.70259 -10.936861 -0.360574 7.156197 0.0 8.774815 -0.0 -16.22961 17.837534 5.98485 -1.844031 2.498503 -2.507276 -10.16359 4.678941 4.621104 -20.975996 -1e-06 1e-06 -21.226254 2.451698 -3.593995 0.0 -6e-06 -0.0 -1.362681 2.240797 -0.746323 -21.334892 0.58491 3.008319 -13.821196 -1e-06 1e-06 -23.887129 -0.249075 -0.839485 -60.090134 2.324019 -1.157078 -0.294025 1.679686 0.833255 -14.218195 0.093215 1.300579 -34.212002 -0.287561 0.967166 -20.033176 0.964536 1.212838 0.0 -0.0 0.0 -3.440387 0.788233 0.501655 -15.928172 -3.167306 2.999703 -6.338817 -0.0 1e-06 -18.123419 3.648181 -4.905662 -4e-06 0.0 -2e-06 15.566327 8.413957 14.606621 67.480026 -5.522987 1.745015 -0.44397 15.081317 -0.028526 -5.001713 -0.896073 -5.39273 2.24354 -5.255033 -3.180156 14.282877 -0.826594 6.952496 -0.0 -12.690593 -1e-06 16.392399 -17.376123 2.409865 1.665665 -1.95592 -2.878297 4.727794 -4.170584 4.993919 11.020511 1e-06 -0.0 12.109032 -3.735715 -2.866778 0.0 -0.0 0.0 1.291985 -1.928548 -1.498088 14.800115 0.567467 3.865604 14.242553 -1.341738 -6.660648 19.631935 0.143921 -0.648243 50.086929 -0.199451 -6.02143 0.353029 -1.51115 -0.03194 20.222769 3.684305 2.316629 18.787249 1e-06 -1e-06 10.751608 -0.47987 1.397903 0.0 -0.0 0.0 3.273804 0.305947 -0.58011 21.48679 11.830364 2.266131 8.162915 0.0 -0.0 18.399052 -3.798986 -4.940567 3e-06 0.0 -1e-06 15.865665 4.132504 13.326488 -0.005786 -1.066046 52.742874 -6.725991 8.311719 21.433809 2.117364 -1.933439 -6.267783 0.0 -0.0 2e-06 11.661426 -5.466565 -15.86243 -0.040969 -0.22257 22.288269 -3.947486 -13.2789 -0.033019 -1.410807 1.017343 -1.159627 0.0 -0.0 -1e-06 
0.0 0.0 0.0 0.0 -0.0 0.0 4.046134 96.712601 570.294617 -7.872449 6.107503 -8.444839 2.377674 -0.076962 0.942899 0.093915 -2.548614 -4.5216 3.606594 -4.262821 12.199911 2.854143 1.236025 3.891653 -0.512163 0.697785 -3.495851 -1.01756 0.368942 -13.455988 7.7e-05 -2.2e-05 6e-06 0.005275 -0.007028 0.028044 0.682212 -3.745771 -10.551556 -0.67223 3.733749 -10.535211 -8.360181 -9.866589 12.403926 -64.857819 -11.194788 4.815379 0.423086 -32.321907 -0.165597 13.083014 -7.286678 -10.636738 -5.882102 9.861279 0.70259 -10.936861 -0.360574 7.156197 0.0 8.774815 -0.0 -16.131006 17.971245 6.035303 -1.844031 2.498503 -2.507276 -10.16359 4.678941 4.621104 -20.975996 -1e-06 1e-06 -21.226254 2.451698 -3.593995 0.0 -6e-06 -0.0 -1.362681 2.240797 -0.746323 -21.334892 0.58491 3.008319 -13.821196 -1e-06 1e-06 -23.887129 -0.249075 -0.839485 -60.033875 2.458645 -1.158023 -0.294025 1.679686 0.833255 -14.218195 0.093215 1.300579 -34.212002 -0.287561 0.967166 -20.033176 0.964536 1.212838 0.0 -0.0 0.0 -3.440387 0.788233 0.501655 -15.928172 -3.167306 2.999703 -6.338817 -0.0 1e-06 -18.123419 3.648181 -4.905662 -4e-06 0.0 -2e-06 15.304535 8.452436 14.586916 67.317017 -3.209315 2.351746 -0.349225 16.8589 -0.048275 -6.414537 -0.340933 -5.98265 2.24354 -5.255033 -3.180156 14.282877 -0.826594 6.952496 -0.0 -12.690593 -1e-06 16.520418 -17.401436 2.411009 1.665665 -1.95592 -2.878297 4.727794 -4.170584 4.993919 11.020511 1e-06 -0.0 12.109032 -3.735715 -2.866778 0.0 -0.0 0.0 1.291985 -1.928548 -1.498088 14.800115 0.567467 3.865604 14.242553 -1.341738 -6.660648 19.631935 0.143921 -0.648243 50.115849 -0.268958 -6.064248 0.353029 -1.51115 -0.03194 20.222769 3.684305 2.316629 18.787249 1e-06 -1e-06 10.751608 -0.47987 1.397903 0.0 -0.0 0.0 3.273804 0.305947 -0.58011 21.48679 11.830364 2.266131 8.162915 0.0 -0.0 18.399052 -3.798986 -4.940567 3e-06 0.0 -1e-06 15.166295 4.127731 6.435113 -0.093664 -0.802156 61.544582 -3.248268 12.062353 17.908058 2.164029 -1.94831 -5.068764 0.0 -0.0 2e-06 11.67909 -5.50138 -10.706464 -0.098983 -0.229013 20.464993 -3.616181 -14.009135 -2.7349 -1.401169 1.031636 -0.88 0.0 -0.0 -1e-06 
0.0 0.0 0.0 0.0 -0.0 0.0 3.833003 97.613297 575.405579 -6.937171 6.262216 -8.962151 2.165613 0.074028 1.308602 -0.105106 -2.145547 -4.329369 2.883797 -3.995178 12.280347 2.972623 1.176882 4.413384 -0.519078 0.662824 -3.486922 -0.773104 -0.084622 -13.279572 7.7e-05 -2.2e-05 6e-06 0.004163 -0.009343 0.030082 0.661519 -3.747806 -10.542792 -0.654749 3.732386 -10.535142 -8.735497 -9.59689 12.699315 -65.404709 -10.346223 5.834304 0.189062 -27.39171 -0.034261 11.240571 -6.518588 -10.14547 -5.882102 9.861279 0.70259 -10.936861 -0.360574 7.156197 0.0 8.774815 -0.0 -15.993477 18.026108 6.014634 -1.844031 2.498503 -2.507276 -10.16359 4.678941 4.621104 -20.975996 -1e-06 1e-06 -21.226254 2.451698 -3.593995 0.0 -6e-06 -0.0 -1.362681 2.240797 -0.746323 -21.334892 0.58491 3.008319 -13.821196 -1e-06 1e-06 -23.887129 -0.249075 -0.839485 -59.916046 2.554534 -1.176032 -0.294025 1.679686 0.833255 -14.218195 0.093215 1.300579 -34.212002 -0.287561 0.967166 -20.033176 0.964536 1.212838 0.0 -0.0 0.0 -3.440387 0.788233 0.501655 -15.928172 -3.167306 2.999703 -6.338817 -0.0 1e-06 -18.123419 3.648181 -4.905662 -4e-06 0.0 -2e-06 14.87099 8.650825 14.534677 67.153618 -0.628224 2.934404 -0.147387 18.92828 -0.027976 -7.892162 0.345266 -6.092115 2.24354 -5.255033 -3.180156 14.282877 -0.826594 6.952496 -0.0 -12.690593 -1e-06 16.470963 -17.441473 2.394944 1.665665 -1.95592 -2.878297 4.727794 -4.170584 4.993919 11.020511 1e-06 -0.0 12.109032 -3.735715 -2.866778 0.0 -0.0 0.0 1.291985 -1.928548 -1.498088 14.800115 0.567467 3.865604 14.242553 -1.341738 -6.660648 19.631935 0.143921 -0.648243 49.934078 -0.341985 -6.14696 0.353029 -1.51115 -0.03194 20.222769 3.684305 2.316629 18.787249 1e-06 -1e-06 10.751608 -0.47987 1.397903 0.0 -0.0 0.0 3.273804 0.305947 -0.58011 21.48679 11.830364 2.266131 8.162915 0.0 -0.0 18.399052 -3.798986 -4.940567 3e-06 0.0 -1e-06 13.503653 4.781545 0.068373 -0.133145 -0.435548 65.986183 -1.536798 13.9821 13.955551 2.081051 -1.929643 -5.143058 0.0 -0.0 2e-06 10.891874 -5.240613 -4.856055 -0.117337 -0.233838 17.032701 -3.090312 -14.636112 -4.636403 -1.393957 1.03036 -0.749923 0.0 -0.0 -1e-06 
0.0 0.0 0.0 0.0 -0.0 0.0 3.689455 98.280777 580.447449 -5.613118 5.84061 -9.27687 1.879466 0.26156 1.673058 -0.28201 -1.569522 -4.159042 2.032283 -3.506429 12.228887 2.763585 1.269256 5.047093 -0.535136 0.561844 -3.504129 -0.448129 -0.486609 -13.041606 7.7e-05 -2.2e-05 6e-06 0.003213 -0.022663 0.0411 0.645134 -3.763456 -10.551254 -0.641857 3.721339 -10.556874 -9.19544 -9.029684 12.90427 -65.762436 -8.637718 6.896307 -0.136874 -23.795298 0.056592 8.800553 -5.833248 -8.979792 -5.882102 9.861279 0.70259 -10.936861 -0.360574 7.156197 0.0 8.774815 -0.0 -15.943686 17.969812 5.917374 -1.844031 2.498503 -2.507276 -10.16359 4.678941 4.621104 -20.975996 -1e-06 1e-06 -21.226254 2.451698 -3.593995 0.0 -6e-06 -0.0 -1.362681 2.240797 -0.746323 -21.334892 0.58491 3.008319 -13.821196 -1e-06 1e-06 -23.887129 -0.249075 -0.839485 -59.80862 2.558299 -1.2233 -0.294025 1.679686 0.833255 -14.218195 0.093215 1.300579 -34.212002 -0.287561 0.967166 -20.033176 0.964536 1.212838 0.0 -0.0 0.0 -3.440387 0.788233 0.501655 -15.928172 -3.167306 2.999703 -6.338817 -0.0 1e-06 -18.123419 3.648181 -4.905662 -4e-06 0.0 -2e-06 13.93839 9.208207 14.405733 67.040627 2.052691 4.038255 0.080259 21.3778 0.012059 -8.872135 0.973293 -5.48387 2.24354 -5.255033 -3.180156 14.282877 -0.826594 6.952496 -0.0 -12.690593 -1e-06 16.338459 -17.447504 2.396139 1.665665 -1.95592 -2.878297 4.727794 -4.170584 4.993919 11.020511 1e-06 -0.0 12.109032 -3.735715 -2.866778 0.0 -0.0 0.0 1.291985 -1.928548 -1.498088 14.800115 0.567467 3.865604 14.242553 -1.341738 -6.660648 19.631935 0.143921 -0.648243 49.675869 -0.441051 -6.21049 0.353029 -1.51115 -0.03194 20.222769 3.684305 2.316629 18.787249 1e-06 -1e-06 10.751608 -0.47987 1.397903 0.0 -0.0 0.0 3.273804 0.305947 -0.58011 21.48679 11.830364 2.266131 8.162915 0.0 -0.0 18.399052 -3.798986 -4.940567 3e-06 0.0 -1e-06 11.272096 6.037242 -5.68433 -0.090118 -0.080053 66.569229 -1.295782 14.33884 10.177826 1.954719 -1.91995 -5.20767 0.0 -0.0 2e-06 9.740081 -4.799483 1.135076 -0.095846 -0.228029 12.8833 -2.59262 -14.719013 -6.049984 -1.393648 0.999541 -0.680335 0.0 -0.0 -1e-06 
0.0 0.0 0.0 0.0 -0.0 0.0 3.626712 98.589111 585.315552 -4.301712 4.794362 -9.308012 1.676209 0.429009 1.959597 -0.362688 -0.835184 -4.003007 1.295974 -2.852012 12.103187 2.117602 1.590489 5.430024 -0.532754 0.362865 -3.556658 -0.095893 -0.696975 -12.815625 7.7e-05 -2.2e-05 6e-06 -0.000514 -0.051801 0.051653 0.632688 -3.792498 -10.54737 -0.638948 3.690992 -10.56615 -9.939255 -8.117193 13.05347 -65.895348 -5.947155 7.301112 -0.401496 -22.161472 0.091295 6.748451 -5.387084 -8.241514 -5.882102 9.861279 0.70259 -10.936861 -0.360574 7.156197 0.0 8.774815 -0.0 -15.977509 17.91115 5.835117 -1.844031 2.498503 -2.507276 -10.16359 4.678941 4.621104 -20.975996 -1e-06 1e-06 -21.226254 2.451698 -3.593995 0.0 -6e-06 -0.0 -1.362681 2.240797 -0.746323 -21.334892 0.58491 3.008319 -13.821196 -1e-06 1e-06 -23.887129 -0.249075 -0.839485 -59.886349 2.530063 -1.259539 -0.294025 1.679686 0.833255 -14.218195 0.093215 1.300579 -34.212002 -0.287561 0.967166 -20.033176 0.964536 1.212838 0.0 -0.0 0.0 -3.440387 0.788233 0.501655 -15.928172 -3.167306 2.999703 -6.338817 -0.0 1e-06 -18.123419 3.648181 -4.905662 -4e-06 0.0 -2e-06 12.727541 10.143873 14.199803 66.588837 4.66452 5.388951 0.29002 24.353651 0.05367 -9.229673 1.522439 -4.418014 2.24354 -5.255033 -3.180156 14.282877 -0.826594 6.952496 -0.0 -12.690593 -1e-06 16.167185 -17.45871 2.496033 1.665665 -1.95592 -2.878297 4.727794 -4.170584 4.993919 11.020511 1e-06 -0.0 12.109032 -3.735715 -2.866778 0.0 -0.0 0.0 1.291985 -1.928548 -1.498088 14.800115 0.567467 3.865604 14.242553 -1.341738 -6.660648 19.631935 0.143921 -0.648243 49.534691 -0.558053 -6.188184 0.353029 -1.51115 -0.03194 20.222769 3.684305 2.316629 18.787249 1e-06 -1e-06 10.751608 -0.47987 1.397903 0.0 -0.0 0.0 3.273804 0.305947 -0.58011 21.48679 11.830364 2.266131 8.162915 0.0 -0.0 18.399052 -3.798986 -4.940567 3e-06 0.0 -1e-06 8.894721 7.523685 -10.829134 0.041066 0.262192 63.45892 -1.923663 13.961461 6.977628 1.862535 -1.898353 -5.211203 0.0 -0.0 2e-06 8.548856 -4.32637 6.771784 -0.065194 -0.196326 8.580814 -2.215795 -14.17043 -7.183561 -1.401131 0.955493 -0.685378 0.0 -0.0 -1e-06 
0.0 0.0 0.0 0.0 -0.0 0.0 3.674088 98.528519 589.943726 -3.216554 3.227878 -9.098463 1.608955 0.512939 2.149195 -0.339157 0.015518 -3.885088 0.766271 -2.091697 12.019116 1.140077 2.064748 5.446577 -0.502696 0.242437 -3.618308 0.209979 -0.805034 -12.770676 7.7e-05 -2.2e-05 6e-06 -0.002718 -0.068235 0.054151 0.620597 -3.804208 -10.522795 -0.633606 3.668249 -10.552855 -11.061591 -6.929373 13.198337 -65.810059 -2.705444 6.709176 -0.501991 -21.743397 0.109866 5.651713 -5.061398 -8.642202 -5.882102 9.861279 0.70259 -10.936861 -0.360574 7.156197 0.0 8.774815 -0.0 -16.048334 17.874338 5.791852 -1.844031 2.498503 -2.507276 -10.16359 4.678941 4.621104 -20.975996 -1e-06 1e-06 -21.226254 2.451698 -3.593995 0.0 -6e-06 -0.0 -1.362681 2.240797 -0.746323 -21.334892 0.58491 3.008319 -13.821196 -1e-06 1e-06 -23.887129 -0.249075 -0.839485 -60.102974 2.491366 -1.268511 -0.294025 1.679686 0.833255 -14.218195 0.093215 1.300579 -34.212002 -0.287561 0.967166 -20.033176 0.964536 1.212838 0.0 -0.0 0.0 -3.440387 0.788233 0.501655 -15.928172 -3.167306 2.999703 -6.338817 -0.0 1e-06 -18.123419 3.648181 -4.905662 -4e-06 0.0 -2e-06 11.472654 11.336981 13.973356 65.608871 7.28993 6.429897 0.460514 27.652597 0.057595 -9.290634 1.977503 -3.500865 2.24354 -5.255033 -3.180156 14.282877 -0.826594 6.952496 -0.0 -12.690593 -1e-06 15.980534 -17.521374 2.679462 1.665665 -1.95592 -2.878297 4.727794 -4.170584 4.993919 11.020511 1e-06 -0.0 12.109032 -3.735715 -2.866778 0.0 -0.0 0.0 1.291985 -1.928548 -1.498088 14.800115 0.567467 3.865604 14.242553 -1.341738 -6.660648 19.631935 0.143921 -0.648243 49.537022 -0.646774 -6.08073 0.353029 -1.51115 -0.03194 20.222769 3.684305 2.316629 18.787249 1e-06 -1e-06 10.751608 -0.47987 1.397903 0.0 -0.0 0.0 3.273804 0.305947 -0.58011 21.48679 11.830364 2.266131 8.162915 0.0 -0.0 18.399052 -3.798986 -4.940567 3e-06 0.0 -1e-06 6.657988 8.739729 -15.250496 0.233882 0.522878 56.772743 -2.89437 13.573953 4.65929 1.846696 -1.905612 -5.324149 0.0 -0.0 2e-06 7.413757 -3.892387 11.675432 -0.052387 -0.117362 4.793015 -1.958626 -13.205936 -8.261641 -1.414106 0.921505 -0.709782 0.0 -0.0 -1e-06 
0.0 0.0 0.0 0.0 -0.0 0.0 3.855616 98.165909 594.484314 -2.418124 1.424473 -8.73839 1.651586 0.510563 2.221587 -0.266773 0.832781 -3.839523 0.450287 -1.31006 12.024082 0.019134 2.555856 5.281721 -0.453868 0.296649 -3.640216 0.431848 -0.895957 -13.067109 7.7e-05 -2.2e-05 6e-06 0.001656 -0.049522 0.053071 0.606121 -3.780303 -10.491892 -0.612465 3.680322 -10.5343 -12.445071 -5.646113 13.343314 -65.657875 0.465721 5.284774 -0.472026 -21.287111 0.132423 5.165326 -4.694477 -9.642735 -5.882102 9.861279 0.70259 -10.936861 -0.360574 7.156197 0.0 8.774815 -0.0 -16.1073 17.911602 5.774253 -1.844031 2.498503 -2.507276 -10.16359 4.678941 4.621104 -20.975996 -1e-06 1e-06 -21.226254 2.451698 -3.593995 0.0 -6e-06 -0.0 -1.362681 2.240797 -0.746323 -21.334892 0.58491 3.008319 -13.821196 -1e-06 1e-06 -23.887129 -0.249075 -0.839485 -60.321938 2.45312 -1.323667 -0.294025 1.679686 0.833255 -14.218195 0.093215 1.300579 -34.212002 -0.287561 0.967166 -20.033176 0.964536 1.212838 0.0 -0.0 0.0 -3.440387 0.788233 0.501655 -15.928172 -3.167306 2.999703 -6.338817 -0.0 1e-06 -18.123419 3.648181 -4.905662 -4e-06 0.0 -2e-06 10.286469 12.566358 13.819943 64.215988 9.994691 6.939503 0.555904 30.809689 0.040744 -9.275052 2.251355 -2.788541 2.24354 -5.255033 -3.180156 14.282877 -0.826594 6.952496 -0.0 -12.690593 -1e-06 15.828129 -17.602821 2.806072 1.665665 -1.95592 -2.878297 4.727794 -4.170584 4.993919 11.020511 1e-06 -0.0 12.109032 -3.735715 -2.866778 0.0 -0.0 0.0 1.291985 -1.928548 -1.498088 14.800115 0.567467 3.865604 14.242553 -1.341738 -6.660648 19.631935 0.143921 -0.648243 49.536377 -0.661193 -5.999224 0.353029 -1.51115 -0.03194 20.222769 3.684305 2.316629 18.787249 1e-06 -1e-06 10.751608 -0.47987 1.397903 0.0 -0.0 0.0 3.273804 0.305947 -0.58011 21.48679 11.830364 2.266131 8.162915 0.0 -0.0 18.399052 -3.798986 -4.940567 3e-06 0.0 -1e-06 4.80454 9.465611 -18.520021 0.380395 0.588362 46.937103 -3.685685 13.597732 3.698447 1.858606 -1.977924 -5.609676 0.0 -0.0 2e-06 6.401029 -3.475749 15.118402 -0.069048 0.017732 3.294052 -1.616576 -12.216158 -9.923511 -1.426814 0.916781 -0.665728 0.0 -0.0 -1e-06 
0.0 0.0 0.0 0.0 -0.0 0.0 4.162105 97.562813 599.049927 -1.982724 -0.361692 -8.288207 1.846716 0.466323 2.17141 -0.201648 1.41778 -3.846137 0.368163 -0.502361 12.005844 -1.10178 3.006126 5.166808 -0.379233 0.395691 -3.618382 0.606608 -0.907214 -13.578127 7.7e-05 -2.2e-05 6e-06 0.008648 -0.022511 0.058723 0.601988 -3.75623 -10.490229 -0.595868 3.710553 -10.530913 -13.795715 -4.437029 13.410201 -65.740463 3.431687 2.968722 -0.522638 -20.23613 0.156924 4.826498 -4.246105 -10.278851 -5.882102 9.861279 0.70259 -10.936861 -0.360574 7.156197 0.0 8.774815 -0.0 -16.046726 17.957323 5.810311 -1.844031 2.498503 -2.507276 -10.16359 4.678941 4.621104 -20.975996 -1e-06 1e-06 -21.226254 2.451698 -3.593995 0.0 -6e-06 -0.0 -1.362681 2.240797 -0.746323 -21.334892 0.58491 3.008319 -13.821196 -1e-06 1e-06 -23.887129 -0.249075 -0.839485 -60.442474 2.468973 -1.473385 -0.294025 1.679686 0.833255 -14.218195 0.093215 1.300579 -34.212002 -0.287561 0.967166 -20.033176 0.964536 1.212838 0.0 -0.0 0.0 -3.440387 0.788233 0.501655 -15.928172 -3.167306 2.999703 -6.338817 -0.0 1e-06 -18.123419 3.648181 -4.905662 -4e-06 0.0 -2e-06 9.111814 13.71925 13.63267 62.718273 12.561692 7.270775 0.426725 33.50383 -0.023069 -9.250115 2.306577 -2.203555 2.24354 -5.255033 -3.180156 14.282877 -0.826594 6.952496 -0.0 -12.690593 -1e-06 15.761237 -17.660362 2.834673 1.665665 -1.95592 -2.878297 4.727794 -4.170584 4.993919 11.020511 1e-06 -0.0 12.109032 -3.735715 -2.866778 0.0 -0.0 0.0 1.291985 -1.928548 -1.498088 14.800115 0.567467 3.865604 14.242553 -1.341738 -6.660648 19.631935 0.143921 -0.648243 49.466862 -0.609589 -6.010971 0.353029 -1.51115 -0.03194 20.222769 3.684305 2.316629 18.787249 1e-06 -1e-06 10.751608 -0.47987 1.397903 0.0 -0.0 0.0 3.273804 0.305947 -0.58011 21.48679 11.830364 2.266131 8.162915 0.0 -0.0 18.399052 -3.798986 -4.940567 3e-06 0.0 -1e-06 3.472317 10.311346 -20.269642 0.421828 0.579182 34.012009 -4.325394 13.90743 3.989911 1.837357 -2.036461 -5.52288 0.0 -0.0 2e-06 5.489428 -3.24188 18.026926 -0.106375 0.13424 2.759201 -1.190779 -11.181855 -11.737226 -1.439487 0.954047 -0.754322 0.0 -0.0 -1e-06 
0.0 0.0 0.0 0.0 -0.0 0.0 4.540845 96.788025 603.725647 -2.051446 -1.904495 -7.857074 2.2339 0.418332 2.033832 -0.148651 1.702436 -3.892426 0.567784 0.172197 11.943518 -2.044585 3.342216 5.050529 -0.320755 0.604052 -3.542549 0.653089 -0.713688 -14.080012 7.7e-05 -2.2e-05 6e-06 0.024643 0.04465 0.073405 0.620303 -3.706321 -10.523838 -0.583493 3.794769 -10.552907 -14.947766 -3.300669 13.374885 -66.204315 6.113911 0.357339 -0.496248 -18.604216 0.149461 4.49154 -3.726074 -10.665227 -5.882102 9.861279 0.70259 -10.936861 -0.360574 7.156197 0.0 8.774815 -0.0 -15.869409 17.978052 5.971798 -1.844031 2.498503 -2.507276 -10.16359 4.678941 4.621104 -20.975996 -1e-06 1e-06 -21.226254 2.451698 -3.593995 0.0 -6e-06 -0.0 -1.362681 2.240797 -0.746323 -21.334892 0.58491 3.008319 -13.821196 -1e-06 1e-06 -23.887129 -0.249075 -0.839485 -60.569572 2.471506 -1.47501 -0.294025 1.679686 0.833255 -14.218195 0.093215 1.300579 -34.212002 -0.287561 0.967166 -20.033176 0.964536 1.212838 0.0 -0.0 0.0 -3.440387 0.788233 0.501655 -15.928172 -3.167306 2.999703 -6.338817 -0.0 1e-06 -18.123419 3.648181 -4.905662 -4e-06 0.0 -2e-06 8.021513 14.77713 13.26595 61.295681 14.622875 7.426137 0.246093 35.608242 -0.061517 -9.363984 2.30885 -1.620823 2.24354 -5.255033 -3.180156 14.282877 -0.826594 6.952496 -0.0 -12.690593 -1e-06 15.811423 -17.7658 2.843018 1.665665 -1.95592 -2.878297 4.727794 -4.170584 4.993919 11.020511 1e-06 -0.0 12.109032 -3.735715 -2.866778 0.0 -0.0 0.0 1.291985 -1.928548 -1.498088 14.800115 0.567467 3.865604 14.242553 -1.341738 -6.660648 19.631935 0.143921 -0.648243 49.633358 -0.7029 -6.046596 0.353029 -1.51115 -0.03194 20.222769 3.684305 2.316629 18.787249 1e-06 -1e-06 10.751608 -0.47987 1.397903 0.0 -0.0 0.0 3.273804 0.305947 -0.58011 21.48679 11.830364 2.266131 8.162915 0.0 -0.0 18.399052 -3.798986 -4.940567 3e-06 0.0 -1e-06 2.712567 11.440394 -20.619146 0.285119 0.538554 19.47858 -5.281095 13.482334 4.083621 1.740638 -2.09819 -5.094465 0.0 -0.0 2e-06 4.654074 -3.76136 20.911634 -0.137183 0.13706 2.417877 -0.643085 -9.724154 -12.949613 -1.461747 0.94183 -1.318958 0.0 -0.0 -1e-06 
0.0 0.0 0.0 0.0 -0.0 0.0 5.05743 95.941498 608.531372 -2.595147 -3.112534 -7.275327 2.634806 0.352391 1.59486 0.018422 1.943332 -4.060582 1.072331 0.319025 12.011118 -2.916265 3.746786 4.699746 -0.316441 0.866161 -3.537682 0.639313 -0.380082 -14.202256 7.7e-05 -2.2e-05 6e-06 0.023483 0.035567 0.082308 0.605726 -3.735863 -10.568129 -0.572447 3.806518 -10.570454 -16.291912 -2.18307 13.314668 -66.710594 8.550314 -2.538559 -0.404677 -16.460449 0.107977 3.908012 -3.433565 -11.279109 -5.882102 9.861279 0.70259 -10.936861 -0.360574 7.156197 0.0 8.774815 -0.0 -15.734324 18.029835 6.168051 -1.844031 2.498503 -2.507276 -10.16359 4.678941 4.621104 -20.975996 -1e-06 1e-06 -21.226254 2.451698 -3.593995 0.0 -6e-06 -0.0 -1.362681 2.240797 -0.746323 -21.334892 0.58491 3.008319 -13.821196 -1e-06 1e-06 -23.887129 -0.249075 -0.839485 -60.790154 2.494379 -1.421321 -0.294025 1.679686 0.833255 -14.218195 0.093215 1.300579 -34.212002 -0.287561 0.967166 -20.033176 0.964536 1.212838 0.0 -0.0 0.0 -3.440387 0.788233 0.501655 -15.928172 -3.167306 2.999703 -6.338817 -0.0 1e-06 -18.123419 3.648181 -4.905662 -4e-06 0.0 -2e-06 7.463984 15.720478 12.913464 59.470814 16.195753 7.338191 0.179428 37.279816 -0.065863 -9.354489 2.337155 -1.191278 2.24354 -5.255033 -3.180156 14.282877 -0.826594 6.952496 -0.0 -12.690593 -1e-06 15.728818 -17.81628 2.875302 1.665665 -1.95592 -2.878297 4.727794 -4.170584 4.993919 11.020511 1e-06 -0.0 12.109032 -3.735715 -2.866778 0.0 -0.0 0.0 1.291985 -1.928548 -1.498088 14.800115 0.567467 3.865604 14.242553 -1.341738 -6.660648 19.631935 0.143921 -0.648243 49.622368 -0.750981 -6.088572 0.353029 -1.51115 -0.03194 20.222769 3.684305 2.316629 18.787249 1e-06 -1e-06 10.751608 -0.47987 1.397903 0.0 -0.0 0.0 3.273804 0.305947 -0.58011 21.48679 11.830364 2.266131 8.162915 0.0 -0.0 18.399052 -3.798986 -4.940567 3e-06 0.0 -1e-06 2.370662 12.064894 -20.66955 0.057238 0.366806 6.513697 -7.02571 12.507899 3.51847 1.569467 -2.135983 -5.23121 0.0 -0.0 2e-06 3.877649 -4.756156 23.663052 -0.126781 0.063114 2.367614 0.613022 -8.040055 -13.074613 -1.460126 0.890877 -2.523116 0.0 -0.0 -1e-06 
0.0 0.0 0.0 0.0 -0.0 0.0 5.735706 95.066544 613.505615 -3.163483 -3.975283 -6.55456 2.859377 0.334044 1.09679 0.19467 2.104579 -4.276504 1.700792 0.220604 11.995039 -3.614909 3.967627 4.110387 -0.218499 1.212661 -3.517242 0.600869 0.103405 -14.263282 7.7e-05 -2.2e-05 6e-06 0.013992 -0.017726 0.068137 0.584943 -3.790611 -10.560649 -0.570718 3.756135 -10.549403 -17.433828 -1.446593 13.255125 -67.409126 10.381657 -4.70839 -0.317078 -13.708697 0.088942 3.195975 -3.31858 -11.948702 -5.882102 9.861279 0.70259 -10.936861 -0.360574 7.156197 0.0 8.774815 -0.0 -15.921087 18.022467 6.089858 -1.844031 2.498503 -2.507276 -10.16359 4.678941 4.621104 -20.975996 -1e-06 1e-06 -21.226254 2.451698 -3.593995 0.0 -6e-06 -0.0 -1.362681 2.240797 -0.746323 -21.334892 0.58491 3.008319 -13.821196 -1e-06 1e-06 -23.887129 -0.249075 -0.839485 -60.998501 2.447721 -1.369305 -0.294025 1.679686 0.833255 -14.218195 0.093215 1.300579 -34.212002 -0.287561 0.967166 -20.033176 0.964536 1.212838 0.0 -0.0 0.0 -3.440387 0.788233 0.501655 -15.928172 -3.167306 2.999703 -6.338817 -0.0 1e-06 -18.123419 3.648181 -4.905662 -4e-06 0.0 -2e-06 7.019083 16.402241 12.607596 58.026009 17.349548 7.037905 0.35131 38.266815 0.109393 -9.605664 2.741603 -1.073165 2.24354 -5.255033 -3.180156 14.282877 -0.826594 6.952496 -0.0 -12.690593 -1e-06 15.617143 -17.929611 2.905228 1.665665 -1.95592 -2.878297 4.727794 -4.170584 4.993919 11.020511 1e-06 -0.0 12.109032 -3.735715 -2.866778 0.0 -0.0 0.0 1.291985 -1.928548 -1.498088 14.800115 0.567467 3.865604 14.242553 -1.341738 -6.660648 19.631935 0.143921 -0.648243 49.503456 -0.73142 -6.222903 0.353029 -1.51115 -0.03194 20.222769 3.684305 2.316629 18.787249 1e-06 -1e-06 10.751608 -0.47987 1.397903 0.0 -0.0 0.0 3.273804 0.305947 -0.58011 21.48679 11.830364 2.266131 8.162915 0.0 -0.0 18.399052 -3.798986 -4.940567 3e-06 0.0 -1e-06 1.740513 12.528419 -21.834429 -0.02149 0.185209 0.100115 -8.360104 12.46681 1.681625 1.449033 -2.169923 -5.636745 0.0 -0.0 2e-06 2.712915 -5.905619 26.249416 -0.116366 -0.002577 2.65573 2.465971 -5.853883 -11.987653 -1.436498 0.789861 -4.482997 0.0 -0.0 -1e-06 
0.0 0.0 0.0 0.0 -0.0 0.0 6.537718 94.346237 618.680725 -2.848487 -4.243383 -5.946975 2.479332 0.497088 0.69975 0.239435 2.251862 -4.541397 1.80851 0.106946 11.70987 -3.572805 3.835852 3.590301 -0.117956 1.322817 -3.482582 0.705078 0.390512 -14.391195 7.7e-05 -2.2e-05 6e-06 0.00888 -0.034001 0.053736 0.606173 -3.802762 -10.582718 -0.600412 3.736321 -10.571125 -17.464556 -1.250464 13.452924 -68.463402 11.450099 -5.475742 -0.472063 -10.939267 0.09086 2.499825 -2.620287 -11.336755 -5.882102 9.861279 0.70259 -10.936861 -0.360574 7.156197 0.0 8.774815 -0.0 -16.162182 18.153461 6.103806 -1.844031 2.498503 -2.507276 -10.16359 4.678941 4.621104 -20.975996 -1e-06 1e-06 -21.226254 2.451698 -3.593995 0.0 -6e-06 -0.0 -1.362681 2.240797 -0.746323 -21.334892 0.58491 3.008319 -13.821196 -1e-06 1e-06 -23.887129 -0.249075 -0.839485 -61.209534 2.519171 -1.321244 -0.294025 1.679686 0.833255 -14.218195 0.093215 1.300579 -34.212002 -0.287561 0.967166 -20.033176 0.964536 1.212838 0.0 -0.0 0.0 -3.440387 0.788233 0.501655 -15.928172 -3.167306 2.999703 -6.338817 -0.0 1e-06 -18.123419 3.648181 -4.905662 -4e-06 0.0 -2e-06 6.642306 16.608377 12.530576 57.799553 17.746288 6.450193 0.229711 38.716347 0.210466 -10.277496 3.101788 -2.027223 2.24354 -5.255033 -3.180156 14.282877 -0.826594 6.952496 -0.0 -12.690593 -1e-06 15.616642 -17.947475 2.926103 1.665665 -1.95592 -2.878297 4.727794 -4.170584 4.993919 11.020511 1e-06 -0.0 12.109032 -3.735715 -2.866778 0.0 -0.0 0.0 1.291985 -1.928548 -1.498088 14.800115 0.567467 3.865604 14.242553 -1.341738 -6.660648 19.631935 0.143921 -0.648243 49.414482 -0.802716 -6.302097 0.353029 -1.51115 -0.03194 20.222769 3.684305 2.316629 18.787249 1e-06 -1e-06 10.751608 -0.47987 1.397903 0.0 -0.0 0.0 3.273804 0.305947 -0.58011 21.48679 11.830364 2.266131 8.162915 0.0 -0.0 18.399052 -3.798986 -4.940567 3e-06 0.0 -1e-06 0.094907 12.642243 -23.384672 -0.060284 0.067993 1.610013 -8.119285 12.525771 0.558641 1.520974 -2.167509 -6.177772 0.0 -0.0 2e-06 0.734064 -6.469471 28.149832 -0.129546 0.078036 4.452503 4.582681 -4.518058 -9.603171 -1.426903 0.768822 -7.742705 0.0 -0.0 -1e-06 
0.0 0.0 0.0 0.0 -0.0 0.0 7.433379 94.119431 623.974976 -0.832355 -4.016425 -5.182429 0.962707 0.641433 -0.1249 0.025363 2.430332 -4.96267 1.267473 0.272521 11.448568 -2.694959 3.539899 3.177823 -0.175258 1.340523 -3.552717 0.858647 0.423673 -13.950808 7.7e-05 -2.2e-05 6e-06 0.004085 -0.037868 0.045231 0.611841 -3.795071 -10.596598 -0.61327 3.720033 -10.585197 -17.594671 -1.275041 13.432686 -68.56369 12.388779 -5.068572 -0.60122 -9.148384 0.076001 1.506776 -1.493809 -9.617196 -5.882102 9.861279 0.70259 -10.936861 -0.360574 7.156197 0.0 8.774815 -0.0 -16.331261 18.234484 6.333118 -1.844031 2.498503 -2.507276 -10.16359 4.678941 4.621104 -20.975996 -1e-06 1e-06 -21.226254 2.451698 -3.593995 0.0 -6e-06 -0.0 -1.362681 2.240797 -0.746323 -21.334892 0.58491 3.008319 -13.821196 -1e-06 1e-06 -23.887129 -0.249075 -0.839485 -61.619789 2.591656 -1.053153 -0.294025 1.679686 0.833255 -14.218195 0.093215 1.300579 -34.212002 -0.287561 0.967166 -20.033176 0.964536 1.212838 0.0 -0.0 0.0 -3.440387 0.788233 0.501655 -15.928172 -3.167306 2.999703 -6.338817 -0.0 1e-06 -18.123419 3.648181 -4.905662 -4e-06 0.0 -2e-06 7.768013 16.413225 12.743246 57.399975 16.83572 5.379869 0.077273 38.663921 0.18455 -11.195702 3.478432 -3.040114 2.24354 -5.255033 -3.180156 14.282877 -0.826594 6.952496 -0.0 -12.690593 -1e-06 15.667912 -17.960493 2.96936 1.665665 -1.95592 -2.878297 4.727794 -4.170584 4.993919 11.020511 1e-06 -0.0 12.109032 -3.735715 -2.866778 0.0 -0.0 0.0 1.291985 -1.928548 -1.498088 14.800115 0.567467 3.865604 14.242553 -1.341738 -6.660648 19.631935 0.143921 -0.648243 49.596188 -0.791881 -6.233355 0.353029 -1.51115 -0.03194 20.222769 3.684305 2.316629 18.787249 1e-06 -1e-06 10.751608 -0.47987 1.397903 0.0 -0.0 0.0 3.273804 0.305947 -0.58011 21.48679 11.830364 2.266131 8.162915 0.0 -0.0 18.399052 -3.798986 -4.940567 3e-06 0.0 -1e-06 -3.020014 11.681094 -25.123041 -0.121533 0.141082 7.66291 -3.540085 11.953904 5.11009 1.778586 -2.006312 -6.631964 0.0 -0.0 2e-06 -2.986912 -6.522645 28.064314 -0.100001 0.249629 9.333034 6.713145 -3.533227 -6.174891 -1.459263 0.765062 -14.276104 0.0 -0.0 -1e-06 
0.0 0.0 0.0 0.0 -0.0 0.0 8.365938 94.122437 629.312927 1.74962 -3.298438 -4.841072 -0.558659 0.666287 -0.758119 -0.347216 2.663126 -5.29828 0.1305 0.562664 11.242887 -1.625482 3.050951 2.854072 -0.338771 0.841402 -3.595026 1.270803 0.480506 -14.025137 7.7e-05 -2.2e-05 6e-06 0.006716 -0.052487 0.014526 0.611483 -3.79984 -10.572932 -0.606901 3.695437 -10.582335 -17.513428 -1.651541 13.408057 -68.226631 12.881144 -3.976887 -0.597877 -8.622724 0.056187 0.297484 -0.64211 -8.119179 -5.882102 9.861279 0.70259 -10.936861 -0.360574 7.156197 0.0 8.774815 -0.0 -16.408369 18.170305 6.34767 -1.844031 2.498503 -2.507276 -10.16359 4.678941 4.621104 -20.975996 -1e-06 1e-06 -21.226254 2.451698 -3.593995 0.0 -6e-06 -0.0 -1.362681 2.240797 -0.746323 -21.334892 0.58491 3.008319 -13.821196 -1e-06 1e-06 -23.887129 -0.249075 -0.839485 -61.569565 2.68869 -1.061856 -0.294025 1.679686 0.833255 -14.218195 0.093215 1.300579 -34.212002 -0.287561 0.967166 -20.033176 0.964536 1.212838 0.0 -0.0 0.0 -3.440387 0.788233 0.501655 -15.928172 -3.167306 2.999703 -6.338817 -0.0 1e-06 -18.123419 3.648181 -4.905662 -4e-06 0.0 -2e-06 9.265781 15.736119 13.000501 57.761803 15.335059 3.615426 0.29144 37.849205 0.390644 -12.355324 4.110807 -3.06975 2.24354 -5.255033 -3.180156 14.282877 -0.826594 6.952496 -0.0 -12.690593 -1e-06 15.610164 -18.096531 3.050616 1.665665 -1.95592 -2.878297 4.727794 -4.170584 4.993919 11.020511 1e-06 -0.0 12.109032 -3.735715 -2.866778 0.0 -0.0 0.0 1.291985 -1.928548 -1.498088 14.800115 0.567467 3.865604 14.242553 -1.341738 -6.660648 19.631935 0.143921 -0.648243 49.698296 -0.826399 -6.224669 0.353029 -1.51115 -0.03194 20.222769 3.684305 2.316629 18.787249 1e-06 -1e-06 10.751608 -0.47987 1.397903 0.0 -0.0 0.0 3.273804 0.305947 -0.58011 21.48679 11.830364 2.266131 8.162915 0.0 -0.0 18.399052 -3.798986 -4.940567 3e-06 0.0 -1e-06 -6.25745 9.873974 -26.411072 0.043121 0.274103 14.455324 2.179039 11.190978 11.119494 1.810145 -1.895356 -4.550459 0.0 -0.0 2e-06 -7.384892 -7.063339 26.387033 -0.253384 0.669481 17.544691 8.431582 -2.808843 -0.409244 -1.541576 0.77275 -22.94754 0.0 -0.0 -1e-06 
0.0 0.0 0.0 0.0 -0.0 0.0 9.310779 94.165565 634.605286 3.943358 -2.053581 -5.418094 -1.441679 0.600149 -0.69353 -0.680212 2.764396 -5.325734 -1.283239 0.904039 11.09496 -0.6293 2.760444 2.848421 -0.636947 0.237458 -3.528564 1.602303 0.04017 -14.942986 7.7e-05 -2.2e-05 6e-06 0.011797 -0.037972 0.029031 0.637085 -3.763704 -10.520948 -0.623839 3.688335 -10.519601 -16.283621 -2.205878 13.597563 -68.601967 12.367378 -2.359363 -0.447211 -9.573841 0.033387 -0.241277 -0.038381 -6.768469 -5.882102 9.861279 0.70259 -10.936861 -0.360574 7.156197 0.0 8.774815 -0.0 -16.605721 18.13623 6.11335 -1.844031 2.498503 -2.507276 -10.16359 4.678941 4.621104 -20.975996 -1e-06 1e-06 -21.226254 2.451698 -3.593995 0.0 -6e-06 -0.0 -1.362681 2.240797 -0.746323 -21.334892 0.58491 3.008319 -13.821196 -1e-06 1e-06 -23.887129 -0.249075 -0.839485 -61.458714 2.622485 -1.472296 -0.294025 1.679686 0.833255 -14.218195 0.093215 1.300579 -34.212002 -0.287561 0.967166 -20.033176 0.964536 1.212838 0.0 -0.0 0.0 -3.440387 0.788233 0.501655 -15.928172 -3.167306 2.999703 -6.338817 -0.0 1e-06 -18.123419 3.648181 -4.905662 -4e-06 0.0 -2e-06 9.401398 15.181376 13.448939 60.040703 13.86318 1.788769 0.203968 36.128765 0.346743 -13.064307 4.790573 -3.190614 2.24354 -5.255033 -3.180156 14.282877 -0.826594 6.952496 -0.0 -12.690593 -1e-06 15.735064 -18.035053 3.026999 1.665665 -1.95592 -2.878297 4.727794 -4.170584 4.993919 11.020511 1e-06 -0.0 12.109032 -3.735715 -2.866778 0.0 -0.0 0.0 1.291985 -1.928548 -1.498088 14.800115 0.567467 3.865604 14.242553 -1.341738 -6.660648 19.631935 0.143921 -0.648243 49.934464 -0.729544 -6.197493 0.353029 -1.51115 -0.03194 20.222769 3.684305 2.316629 18.787249 1e-06 -1e-06 10.751608 -0.47987 1.397903 0.0 -0.0 0.0 3.273804 0.305947 -0.58011 21.48679 11.830364 2.266131 8.162915 0.0 -0.0 18.399052 -3.798986 -4.940567 3e-06 0.0 -1e-06 -8.788531 8.079568 -25.355667 0.098666 0.28584 20.578873 4.71249 11.129463 8.867996 1.676126 -1.842241 -1.954171 0.0 -0.0 2e-06 -11.428409 -7.83739 23.092136 -0.199553 1.102655 29.574778 9.421615 -3.370942 8.464603 -1.584054 0.652108 -27.958162 0.0 -0.0 -1e-06 
0.0 0.0 0.0 0.0 -0.0 0.0 10.209446 94.526009 639.994934 5.870279 -1.070005 -6.390199 -2.19037 0.488408 -0.238287 -0.850717 2.917851 -5.07536 -2.33285 1.166272 10.996552 -0.411546 2.664622 2.938495 -0.771726 -0.128149 -3.504751 1.757143 -0.395474 -15.635367 7.7e-05 -2.2e-05 6e-06 0.004745 -0.031298 0.047167 0.614615 -3.752334 -10.452248 -0.617113 3.693039 -10.454239 -15.459242 -2.552821 13.779963 -68.421265 11.074952 -0.621557 -0.351806 -11.747032 0.042721 -0.21732 -0.151633 -6.644478 -5.882102 9.861279 0.70259 -10.936861 -0.360574 7.156197 0.0 8.774815 -0.0 -16.685331 18.162413 5.938809 -1.844031 2.498503 -2.507276 -10.16359 4.678941 4.621104 -20.975996 -1e-06 1e-06 -21.226254 2.451698 -3.593995 0.0 -6e-06 -0.0 -1.362681 2.240797 -0.746323 -21.334892 0.58491 3.008319 -13.821196 -1e-06 1e-06 -23.887129 -0.249075 -0.839485 -61.257435 2.50146 -1.837711 -0.294025 1.679686 0.833255 -14.218195 0.093215 1.300579 -34.212002 -0.287561 0.967166 -20.033176 0.964536 1.212838 0.0 -0.0 0.0 -3.440387 0.788233 0.501655 -15.928172 -3.167306 2.999703 -6.338817 -0.0 1e-06 -18.123419 3.648181 -4.905662 -4e-06 0.0 -2e-06 9.183785 14.878636 13.766719 62.164242 12.317539 1.530318 -0.227696 33.895771 0.030882 -12.694612 4.917793 -2.98762 2.24354 -5.255033 -3.180156 14.282877 -0.826594 6.952496 -0.0 -12.690593 -1e-06 15.922355 -18.064077 2.962272 1.665665 -1.95592 -2.878297 4.727794 -4.170584 4.993919 11.020511 1e-06 -0.0 12.109032 -3.735715 -2.866778 0.0 -0.0 0.0 1.291985 -1.928548 -1.498088 14.800115 0.567467 3.865604 14.242553 -1.341738 -6.660648 19.631935 0.143921 -0.648243 50.146156 -0.631167 -6.283183 0.353029 -1.51115 -0.03194 20.222769 3.684305 2.316629 18.787249 1e-06 -1e-06 10.751608 -0.47987 1.397903 0.0 -0.0 0.0 3.273804 0.305947 -0.58011 21.48679 11.830364 2.266131 8.162915 0.0 -0.0 18.399052 -3.798986 -4.940567 3e-06 0.0 -1e-06 -11.094304 7.413356 -22.331755 0.132874 0.321772 24.088253 5.198211 11.077664 3.463113 1.634755 -1.980962 -1.407164 0.0 -0.0 2e-06 -14.885049 -8.266738 18.223257 -0.088866 1.2313 42.875607 9.316695 -5.166796 18.168108 -1.377567 0.640206 -18.412304 0.0 -0.0 -1e-06 
0.0 0.0 0.0 0.0 -0.0 0.0 11.090319 95.099022 645.319031 7.215905 -0.34809 -7.129058 -2.807669 0.425299 0.119195 -0.944917 2.895716 -4.86644 -2.915848 1.103683 11.03716 -0.554514 2.820018 3.120692 -0.639915 -0.20186 -3.551927 1.69155 -0.610408 -15.945125 7.7e-05 -2.2e-05 6e-06 0.018503 0.037372 0.07223 0.593819 -3.680481 -10.399086 -0.570231 3.761501 -10.417486 -14.991797 -2.713096 13.827469 -67.815689 9.253815 1.252617 -0.217625 -14.583769 -0.002569 0.217762 -0.97353 -7.75031 -5.882102 9.861279 0.70259 -10.936861 -0.360574 7.156197 0.0 8.774815 -0.0 -16.602139 18.179659 5.911617 -1.844031 2.498503 -2.507276 -10.16359 4.678941 4.621104 -20.975996 -1e-06 1e-06 -21.226254 2.451698 -3.593995 0.0 -6e-06 -0.0 -1.362681 2.240797 -0.746323 -21.334892 0.58491 3.008319 -13.821196 -1e-06 1e-06 -23.887129 -0.249075 -0.839485 -61.258785 2.392163 -1.946734 -0.294025 1.679686 0.833255 -14.218195 0.093215 1.300579 -34.212002 -0.287561 0.967166 -20.033176 0.964536 1.212838 0.0 -0.0 0.0 -3.440387 0.788233 0.501655 -15.928172 -3.167306 2.999703 -6.338817 -0.0 1e-06 -18.123419 3.648181 -4.905662 -4e-06 0.0 -2e-06 9.187738 14.719065 14.051423 63.648975 11.071297 2.537154 -0.583278 31.181122 -0.204248 -11.58276 4.876398 -2.19133 2.24354 -5.255033 -3.180156 14.282877 -0.826594 6.952496 -0.0 -12.690593 -1e-06 16.173956 -18.040909 2.819833 1.665665 -1.95592 -2.878297 4.727794 -4.170584 4.993919 11.020511 1e-06 -0.0 12.109032 -3.735715 -2.866778 0.0 -0.0 0.0 1.291985 -1.928548 -1.498088 14.800115 0.567467 3.865604 14.242553 -1.341738 -6.660648 19.631935 0.143921 -0.648243 50.32238 -0.539696 -6.241683 0.353029 -1.51115 -0.03194 20.222769 3.684305 2.316629 18.787249 1e-06 -1e-06 10.751608 -0.47987 1.397903 0.0 -0.0 0.0 3.273804 0.305947 -0.58011 21.48679 11.830364 2.266131 8.162915 0.0 -0.0 18.399052 -3.798986 -4.940567 3e-06 0.0 -1e-06 -12.760554 7.368818 -18.078754 0.202116 0.418847 24.785198 5.015228 10.794446 -0.810338 1.642492 -2.111402 -1.382507 0.0 -0.0 2e-06 -17.073494 -8.633891 12.66566 -0.011416 1.044513 54.269375 6.665534 -6.919323 23.065672 -1.320281 0.818996 -6.965122 0.0 -0.0 -1e-06 
0.0 0.0 0.0 0.0 -0.0 0.0 11.875287 95.788231 650.283508 7.71671 0.41467 -7.539464 -3.169843 0.364789 0.266619 -0.973543 2.547298 -4.781403 -3.038954 0.866958 11.215225 -0.816188 2.804688 3.262494 -0.419716 0.254712 -3.625516 1.560539 -0.584249 -15.954663 7.7e-05 -2.2e-05 6e-06 0.028598 0.08691 0.086942 0.590977 -3.623061 -10.339178 -0.547627 3.803205 -10.378871 -14.602002 -3.00406 13.640239 -67.110794 7.193995 2.899235 0.049971 -17.208393 -0.114023 0.912378 -1.662054 -8.934804 -5.882102 9.861279 0.70259 -10.936861 -0.360574 7.156197 0.0 8.774815 -0.0 -16.478106 18.197702 5.927122 -1.844031 2.498503 -2.507276 -10.16359 4.678941 4.621104 -20.975996 -1e-06 1e-06 -21.226254 2.451698 -3.593995 0.0 -6e-06 -0.0 -1.362681 2.240797 -0.746323 -21.334892 0.58491 3.008319 -13.821196 -1e-06 1e-06 -23.887129 -0.249075 -0.839485 -61.238979 2.431707 -1.99755 -0.294025 1.679686 0.833255 -14.218195 0.093215 1.300579 -34.212002 -0.287561 0.967166 -20.033176 0.964536 1.212838 0.0 -0.0 0.0 -3.440387 0.788233 0.501655 -15.928172 -3.167306 2.999703 -6.338817 -0.0 1e-06 -18.123419 3.648181 -4.905662 -4e-06 0.0 -2e-06 9.477394 14.561219 14.222306 64.923637 9.837556 3.564977 -0.855918 28.494482 -0.253925 -10.744151 4.702796 -2.033282 2.24354 -5.255033 -3.180156 14.282877 -0.826594 6.952496 -0.0 -12.690593 -1e-06 16.177944 -17.939018 2.686987 1.665665 -1.95592 -2.878297 4.727794 -4.170584 4.993919 11.020511 1e-06 -0.0 12.109032 -3.735715 -2.866778 0.0 -0.0 0.0 1.291985 -1.928548 -1.498088 14.800115 0.567467 3.865604 14.242553 -1.341738 -6.660648 19.631935 0.143921 -0.648243 50.28006 -0.373957 -6.155264 0.353029 -1.51115 -0.03194 20.222769 3.684305 2.316629 18.787249 1e-06 -1e-06 10.751608 -0.47987 1.397903 0.0 -0.0 0.0 3.273804 0.305947 -0.58011 21.48679 11.830364 2.266131 8.162915 0.0 -0.0 18.399052 -3.798986 -4.940567 3e-06 0.0 -1e-06 -13.552995 7.288572 -13.576359 0.233266 0.419945 23.670668 4.911433 10.389541 -3.657261 1.650929 -2.14385 -1.364476 0.0 -0.0 2e-06 -17.694233 -9.199062 6.902192 0.086563 0.814043 62.910885 4.691369 -8.24832 21.065008 -1.409606 0.884129 -4.906876 0.0 -0.0 -1e-06 
