HIERARCHY
ROOT Root
{
  OFFSET 0.0 0.0 0.0
  CHANNELS 6 Xposition Yposition Zposition Zrotation Yrotation Xrotation
  JOINT Hips
  {
    OFFSET 0.0 100.0 0.0
    CHANNELS 6 Xposition Yposition Zposition Zrotation Yrotation Xrotation
    JOINT Spine1
    {
      OFFSET -0.013727 5.003763 -0.053727
      CHANNELS 3 Zrotation Yrotation Xrotation
      JOINT Spine2
      {
        OFFSET -0.0 7.125301 -0.029825
        CHANNELS 3 Zrotation Yrotation Xrotation
        JOINT Chest
        {
          OFFSET -1e-06 7.550063 -0.815971
          CHANNELS 3 Zrotation Yrotation Xrotation
          JOINT Neck1
          {
            OFFSET -0.181677 26.311295 -0.553348
            CHANNELS 3 Zrotation Yrotation Xrotation
            JOINT Neck2
            {
              OFFSET -3e-06 7.709397 2.302585
              CHANNELS 3 Zrotation Yrotation Xrotation
              JOINT Head
              {
                OFFSET -5e-06 6.128916 1.953709
                CHANNELS 3 Zrotation Yrotation Xrotation
                JOINT HeadEnd
                {
                  OFFSET 0.003598 16.065403 -1.835379
                  CHANNELS 3 Zrotation Yrotation Xrotation
                }
                JOINT Jaw
                {
                  OFFSET 0.002637 0.475592 3.094941
                  CHANNELS 3 Zrotation Yrotation Xrotation
                }
                JOINT LeftEye
                {
                  OFFSET 3.206381 5.380205 7.586883
                  CHANNELS 3 Zrotation Yrotation Xrotation
                }
                JOINT RightEye
                {
                  OFFSET -3.22244 5.361869 7.558234
                  CHANNELS 3 Zrotation Yrotation Xrotation
                }
              }
            }
          }
          JOINT LeftShoulder
          {
            OFFSET 1.621652 23.237164 5.113413
            CHANNELS 3 Zrotation Yrotation Xrotation
            JOINT LeftArm
            {
              OFFSET 14.919846 2e-06 -5.502326
              CHANNELS 3 Zrotation Yrotation Xrotation
              JOINT LeftForeArm
              {
                OFFSET 28.739307 0.0 -0.002588
                CHANNELS 3 Zrotation Yrotation Xrotation
                JOINT LeftHand
                {
                  OFFSET 27.093981 -1e-06 0.002609
                  CHANNELS 3 Zrotation Yrotation Xrotation
                  JOINT LeftHandThumb1
                  {
                    OFFSET 2.276482 -1.392045 3.191413
                    CHANNELS 3 Zrotation Yrotation Xrotation
                    JOINT LeftHandThumb2
                    {
                      OFFSET 4.012836 -1.828127 1.641654
                      CHANNELS 3 Zrotation Yrotation Xrotation
                      JOINT LeftHandThumb3
                      {
                        OFFSET 2.798515 0.0 -3e-06
                        CHANNELS 3 Zrotation Yrotation Xrotation
                        JOINT LeftHandThumbEnd
                        {
                          OFFSET 3.180793 -4e-06 4e-06
                          CHANNELS 3 Zrotation Yrotation Xrotation
                        }
                      }
                    }
                  }
                  JOINT LeftHandIndex1
                  {
                    OFFSET 3.247555 -0.531998 2.296169
                    CHANNELS 3 Zrotation Yrotation Xrotation
                    JOINT LeftHandIndex2
                    {
                      OFFSET 6.364578 0.01206 0.1786
                      CHANNELS 3 Zrotation Yrotation Xrotation
                      JOINT LeftHandIndex3
                      {
                        OFFSET 3.662364 0.0 0.0
                        CHANNELS 3 Zrotation Yrotation Xrotation
                        JOINT LeftHandIndex4
                        {
                          OFFSET 2.329242 4e-06 4e-06
                          CHANNELS 3 Zrotation Yrotation Xrotation
                          JOINT LeftHandIndexEnd
                          {
                            OFFSET 2.759615 -0.180537 -0.113024
                            CHANNELS 3 Zrotation Yrotation Xrotation
                          }
                        }
                      }
                    }
                  }
                  JOINT LeftHandMiddle1
                  {
                    OFFSET 3.163495 0.240981 1.000332
                    CHANNELS 3 Zrotation Yrotation Xrotation
                    JOINT LeftHandMiddle2
                    {
                      OFFSET 6.19078 -0.259278 -1.002548
                      CHANNELS 3 Zrotation Yrotation Xrotation
                      JOINT LeftHandMiddle3
                      {
                        OFFSET 4.35652 -4e-06 -1e-06
                        CHANNELS 3 Zrotation Yrotation Xrotation
                        JOINT LeftHandMiddle4
                        {
                          OFFSET 2.996877 -8e-06 0.0
                          CHANNELS 3 Zrotation Yrotation Xrotation
                          JOINT LeftHandMiddleEnd
                          {
                            OFFSET 2.304287 -0.294569 -0.031741
                            CHANNELS 3 Zrotation Yrotation Xrotation
                          }
                        }
                      }
                    }
                  }
                  JOINT LeftHandRing1
                  {
                    OFFSET 2.882643 -0.053652 -0.322543
                    CHANNELS 3 Zrotation Yrotation Xrotation
                    JOINT LeftHandRing2
                    {
                      OFFSET 5.854541 -0.486202 -1.373841
                      CHANNELS 3 Zrotation Yrotation Xrotation
                      JOINT LeftHandRing3
                      {
                        OFFSET 4.350578 0.0 3e-06
                        CHANNELS 3 Zrotation Yrotation Xrotation
                        JOINT LeftHandRing4
                        {
                          OFFSET 2.651321 7e-06 2e-06
                          CHANNELS 3 Zrotation Yrotation Xrotation
                          JOINT LeftHandRingEnd
                          {
                            OFFSET 1.936105 0.077687 -7.1e-05
                            CHANNELS 3 Zrotation Yrotation Xrotation
                          }
                        }
                      }
                    }
                  }
                  JOINT LeftHandPinky1
                  {
                    OFFSET 2.8655 -0.310005 -1.600378
                    CHANNELS 3 Zrotation Yrotation Xrotation
                    JOINT LeftHandPinky2
                    {
                      OFFSET 5.087849 -1.331141 -1.77123
                      CHANNELS 3 Zrotation Yrotation Xrotation
                      JOINT LeftHandPinky3
                      {
                        OFFSET 3.070974 4e-06 0.0
                        CHANNELS 3 Zrotation Yrotation Xrotation
                        JOINT LeftHandPinky4
                        {
                          OFFSET 1.549672 0.0 1e-06
                          CHANNELS 3 Zrotation Yrotation Xrotation
                          JOINT LeftHandPinkyEnd
                          {
                            OFFSET 1.944893 -0.157802 0.057219
                            CHANNELS 3 Zrotation Yrotation Xrotation
                          }
                        }
                      }
                    }
                  }
                }
              }
            }
          }
          JOINT RightShoulder
          {
            OFFSET -1.380118 23.180309 5.214158
            CHANNELS 3 Zrotation Yrotation Xrotation
            JOINT RightArm
            {
              OFFSET -15.037196 1.2e-05 -5.545604
              CHANNELS 3 Zrotation Yrotation Xrotation
              JOINT RightForeArm
              {
                OFFSET -28.736639 2e-06 -0.002597
                CHANNELS 3 Zrotation Yrotation Xrotation
                JOINT RightHand
                {
                  OFFSET -27.133619 -0.0 0.002613
                  CHANNELS 3 Zrotation Yrotation Xrotation
                  JOINT RightHandThumb1
                  {
                    OFFSET -2.274032 -1.383988 3.163127
                    CHANNELS 3 Zrotation Yrotation Xrotation
                    JOINT RightHandThumb2
                    {
                      OFFSET -4.011429 -1.827466 1.640914
                      CHANNELS 3 Zrotation Yrotation Xrotation
                      JOINT RightHandThumb3
                      {
                        OFFSET -2.794935 -4e-06 -3e-06
                        CHANNELS 3 Zrotation Yrotation Xrotation
                        JOINT RightHandThumbEnd
                        {
                          OFFSET -3.183852 4e-06 1e-06
                          CHANNELS 3 Zrotation Yrotation Xrotation
                        }
                      }
                    }
                  }
                  JOINT RightHandIndex1
                  {
                    OFFSET -3.253266 -0.520057 2.282866
                    CHANNELS 3 Zrotation Yrotation Xrotation
                    JOINT RightHandIndex2
                    {
                      OFFSET -6.341917 0.012471 0.178266
                      CHANNELS 3 Zrotation Yrotation Xrotation
                      JOINT RightHandIndex3
                      {
                        OFFSET -3.654871 -8e-06 -0.0
                        CHANNELS 3 Zrotation Yrotation Xrotation
                        JOINT RightHandIndex4
                        {
                          OFFSET -2.327586 0.0 1e-06
                          CHANNELS 3 Zrotation Yrotation Xrotation
                          JOINT RightHandIndexEnd
                          {
                            OFFSET -2.76179 -0.180656 -0.113078
                            CHANNELS 3 Zrotation Yrotation Xrotation
                          }
                        }
                      }
                    }
                  }
                  JOINT RightHandMiddle1
                  {
                    OFFSET -3.168106 0.246593 1.00103
                    CHANNELS 3 Zrotation Yrotation Xrotation
                    JOINT RightHandMiddle2
                    {
                      OFFSET -6.180828 -0.258836 -1.000895
                      CHANNELS 3 Zrotation Yrotation Xrotation
                      JOINT RightHandMiddle3
                      {
                        OFFSET -4.348901 0.0 -0.0
                        CHANNELS 3 Zrotation Yrotation Xrotation
                        JOINT RightHandMiddle4
                        {
                          OFFSET -3.00024 -4e-06 -2e-06
                          CHANNELS 3 Zrotation Yrotation Xrotation
                          JOINT RightHandMiddleEnd
                          {
                            OFFSET -2.30252 -0.29437 -0.031706
                            CHANNELS 3 Zrotation Yrotation Xrotation
                          }
                        }
                      }
                    }
                  }
                  JOINT RightHandRing1
                  {
                    OFFSET -2.88569 -0.067952 -0.308858
                    CHANNELS 3 Zrotation Yrotation Xrotation
                    JOINT RightHandRing2
                    {
                      OFFSET -5.854198 -0.48613 -1.373731
                      CHANNELS 3 Zrotation Yrotation Xrotation
                      JOINT RightHandRing3
                      {
                        OFFSET -4.33881 -4e-06 -0.0
                        CHANNELS 3 Zrotation Yrotation Xrotation
                        JOINT RightHandRing4
                        {
                          OFFSET -2.654903 -4e-06 4e-06
                          CHANNELS 3 Zrotation Yrotation Xrotation
                          JOINT RightHandRingEnd
                          {
                            OFFSET -1.933568 0.077527 -5.2e-05
                            CHANNELS 3 Zrotation Yrotation Xrotation
                          }
                        }
                      }
                    }
                  }
                  JOINT RightHandPinky1
                  {
                    OFFSET -2.866425 -0.342796 -1.584145
                    CHANNELS 3 Zrotation Yrotation Xrotation
                    JOINT RightHandPinky2
                    {
                      OFFSET -5.091371 -1.332055 -1.772385
                      CHANNELS 3 Zrotation Yrotation Xrotation
                      JOINT RightHandPinky3
                      {
                        OFFSET -3.062664 -4e-06 1e-06
                        CHANNELS 3 Zrotation Yrotation Xrotation
                        JOINT RightHandPinky4
                        {
                          OFFSET -1.546529 4e-06 -2e-06
                          CHANNELS 3 Zrotation Yrotation Xrotation
                          JOINT RightHandPinkyEnd
                          {
                            OFFSET -1.945119 -0.157718 0.057211
                            CHANNELS 3 Zrotation Yrotation Xrotation
                          }
                        }
                      }
                    }
                  }
                }
              }
            }
          }
        }
      }
    }
    JOINT LeftLeg
    {
      OFFSET 10.043214 -8.434526 2.595655
      CHANNELS 3 Zrotation Yrotation Xrotation
      JOINT LeftShin
      {
        OFFSET -1e-06 -43.221752 -0.802913
        CHANNELS 3 Zrotation Yrotation Xrotation
        JOINT LeftFoot
        {
          OFFSET 1e-06 -42.155094 -3.481523
          CHANNELS 3 Zrotation Yrotation Xrotation
          JOINT LeftToeBase
          {
            OFFSET 0.0 -5.059472 13.231529
            CHANNELS 3 Zrotation Yrotation Xrotation
            JOINT LeftToeEnd
            {
              OFFSET -0.009607 -1.647619 6.513017
              CHANNELS 3 Zrotation Yrotation Xrotation
            }
          }
        }
      }
    }
    JOINT RightLeg
    {
      OFFSET -10.047278 -8.29526 2.620317
      CHANNELS 3 Zrotation Yrotation Xrotation
      JOINT RightShin
      {
        OFFSET 1e-06 -43.362206 -0.805556
        CHANNELS 3 Zrotation Yrotation Xrotation
        JOINT RightFoot
        {
          OFFSET 2e-06 -42.117393 -3.478398
          CHANNELS 3 Zrotation Yrotation Xrotation
          JOINT RightToeBase
          {
            OFFSET -0.0 -5.079609 13.284196
            CHANNELS 3 Zrotation Yrotation Xrotation
            JOINT RightToeEnd
            {
              OFFSET 0.009532 -1.634378 6.460591
              CHANNELS 3 Zrotation Yrotation Xrotation
            }
          }
        }
      }
    }
  }
}
MOTION
Frames: 150
Frame Time: 0.03333333333333333
0.0 0.0 0.0 0.0 -0.0 0.0 0.0 100.073669 5.63329 -0.662849 -0.071608 4.308594 0.531909 -0.021725 -2.738248 -0.164353 -0.12368 -5.65894 -0.119154 -1.597199 9.751406 -0.039429 2.818558 0.238071 -0.293142 1.050757 -3.618613 3.001375 -0.892254 -5.050237 7.7e-05 -2.2e-05 6e-06 -0.011975 0.093971 -0.000433 0.76107 -3.645659 -10.625378 -0.788555 3.840388 -10.626448 -17.321026 -6.815963 11.17613 -47.908031 -16.410179 41.32629 -0.02554 -29.094271 -0.104406 7.558397 -3.846396 -15.800941 -5.882102 9.861279 0.70259 -10.936861 -0.360574 7.156197 0.0 8.774815 -0.0 -15.723323 17.897436 6.049856 -1.844031 2.498503 -2.507276 -10.16359 4.678941 4.621104 -20.975996 -1e-06 1e-06 -21.226254 2.451698 -3.593995 0.0 -6e-06 -0.0 -1.362681 2.240797 -0.746323 -21.334892 0.58491 3.008319 -13.821196 -1e-06 1e-06 -23.887129 -0.249075 -0.839485 -59.488796 2.575672 -1.262677 -0.294025 1.679686 0.833255 -14.218195 0.093215 1.300579 -34.212002 -0.287561 0.967166 -20.033176 0.964536 1.212838 0.0 -0.0 0.0 -3.440387 0.788233 0.501655 -15.928172 -3.167306 2.999703 -6.338817 -0.0 1e-06 -18.123419 3.648181 -4.905662 -4e-06 0.0 -2e-06 12.833023 10.71264 11.159082 59.01297 6.613469 19.256876 0.287559 26.190147 -0.011373 -5.779387 -0.97797 -14.613473 2.24354 -5.255033 -3.180156 14.282877 -0.826594 6.952496 -0.0 -12.690593 -1e-06 15.895807 -17.959431 2.841768 1.665665 -1.95592 -2.878297 4.727794 -4.170584 4.993919 11.020511 1e-06 -0.0 12.109032 -3.735715 -2.866778 0.0 -0.0 0.0 1.291985 -1.928548 -1.498088 14.800115 0.567467 3.865604 14.242553 -1.341738 -6.660648 19.631935 0.143921 -0.648243 50.457123 -0.69088 -6.226367 0.353029 -1.51115 -0.03194 20.222769 3.684305 2.316629 18.787249 1e-06 -1e-06 10.751608 -0.47987 1.397903 0.0 -0.0 0.0 3.273804 0.305947 -0.58011 21.48679 11.830364 2.266131 8.162915 0.0 -0.0 18.399052 -3.798986 -4.940567 3e-06 0.0 -1e-06 3.933772 3.38864 -1.490174 0.012103 -0.242172 10.244487 -3.033103 4.002161 -12.889459 1.665405 -1.870765 0.168171 0.0 -0.0 2e-06 -3.601208 -2.214406 0.634135 -0.030918 0.215226 5.605004 5.816079 -5.309558 -10.728183 -1.431941 1.008736 -0.311669 0.0 -0.0 -1e-06 
0.0 0.0 0.0 0.0 -0.0 0.0 0.061421 100.048279 6.17892 -0.649338 -0.14533 4.376952 0.531882 -0.029653 -2.721878 -0.148117 -0.101719 -5.687931 -0.10536 -1.576866 9.783619 -0.06741 2.8045 0.268336 -0.316601 1.05548 -3.609636 2.951115 -0.867309 -5.082718 7.7e-05 -2.2e-05 6e-06 -0.004662 0.087 -0.0038 0.761138 -3.650073 -10.616585 -0.774396 3.830895 -10.620532 -17.306688 -6.849282 11.1838 -47.918667 -16.455477 41.512905 0.084517 -29.170597 -0.151105 7.548985 -3.890651 -15.483621 -5.882102 9.861279 0.70259 -10.936861 -0.360574 7.156197 0.0 8.774815 -0.0 -15.777479 17.881762 6.099128 -1.844031 2.498503 -2.507276 -10.16359 4.678941 4.621104 -20.975996 -1e-06 1e-06 -21.226254 2.451698 -3.593995 0.0 -6e-06 -0.0 -1.362681 2.240797 -0.746323 -21.334892 0.58491 3.008319 -13.821196 -1e-06 1e-06 -23.887129 -0.249075 -0.839485 -59.659348 2.546225 -1.204022 -0.294025 1.679686 0.833255 -14.218195 0.093215 1.300579 -34.212002 -0.287561 0.967166 -20.033176 0.964536 1.212838 0.0 -0.0 0.0 -3.440387 0.788233 0.501655 -15.928172 -3.167306 2.999703 -6.338817 -0.0 1e-06 -18.123419 3.648181 -4.905662 -4e-06 0.0 -2e-06 12.793922 10.667198 11.196961 59.068317 6.659915 19.239443 0.177011 26.395592 -0.013509 -5.855363 -1.036755 -14.800226 2.24354 -5.255033 -3.180156 14.282877 -0.826594 6.952496 -0.0 -12.690593 -1e-06 15.8909 -17.964336 2.820131 1.665665 -1.95592 -2.878297 4.727794 -4.170584 4.993919 11.020511 1e-06 -0.0 12.109032 -3.735715 -2.866778 0.0 -0.0 0.0 1.291985 -1.928548 -1.498088 14.800115 0.567467 3.865604 14.242553 -1.341738 -6.660648 19.631935 0.143921 -0.648243 50.382217 -0.663941 -6.260497 0.353029 -1.51115 -0.03194 20.222769 3.684305 2.316629 18.787249 1e-06 -1e-06 10.751608 -0.47987 1.397903 0.0 -0.0 0.0 3.273804 0.305947 -0.58011 21.48679 11.830364 2.266131 8.162915 0.0 -0.0 18.399052 -3.798986 -4.940567 3e-06 0.0 -1e-06 3.876545 3.333543 -0.72815 -0.002746 -0.270174 9.267396 -2.876227 4.152802 -12.809812 1.660182 -1.865959 0.230067 0.0 -0.0 2e-06 -3.654477 -2.13097 0.880413 -0.035597 0.173253 5.137849 5.848693 -5.303861 -10.702866 -1.426948 1.005144 -0.359724 0.0 -0.0 -1e-06 
0.0 0.0 0.0 0.0 -0.0 0.0 0.131752 100.019585 6.386815 -0.641786 -0.192927 4.436138 0.530188 -0.034373 -2.709537 -0.144648 -0.093629 -5.71547 -0.083836 -1.579213 9.837575 -0.086917 2.817289 0.33107 -0.334926 1.09158 -3.610857 2.920548 -0.821579 -5.15376 7.7e-05 -2.2e-05 6e-06 -0.000483 0.073182 0.000791 0.756014 -3.66391 -10.613294 -0.761264 3.817087 -10.616174 -17.294121 -6.855723 11.146491 -47.91415 -16.497683 41.553131 0.116361 -29.310432 -0.157343 7.532357 -3.900493 -15.192682 -5.882102 9.861279 0.70259 -10.936861 -0.360574 7.156197 0.0 8.774815 -0.0 -15.800331 17.881948 6.148972 -1.844031 2.498503 -2.507276 -10.16359 4.678941 4.621104 -20.975996 -1e-06 1e-06 -21.226254 2.451698 -3.593995 0.0 -6e-06 -0.0 -1.362681 2.240797 -0.746323 -21.334892 0.58491 3.008319 -13.821196 -1e-06 1e-06 -23.887129 -0.249075 -0.839485 -59.757652 2.500669 -1.159741 -0.294025 1.679686 0.833255 -14.218195 0.093215 1.300579 -34.212002 -0.287561 0.967166 -20.033176 0.964536 1.212838 0.0 -0.0 0.0 -3.440387 0.788233 0.501655 -15.928172 -3.167306 2.999703 -6.338817 -0.0 1e-06 -18.123419 3.648181 -4.905662 -4e-06 0.0 -2e-06 12.761726 10.643098 11.186548 59.116066 6.672304 19.301701 0.093953 26.600945 -0.022887 -5.902966 -1.09899 -14.985416 2.24354 -5.255033 -3.180156 14.282877 -0.826594 6.952496 -0.0 -12.690593 -1e-06 15.897527 -17.973509 2.807011 1.665665 -1.95592 -2.878297 4.727794 -4.170584 4.993919 11.020511 1e-06 -0.0 12.109032 -3.735715 -2.866778 0.0 -0.0 0.0 1.291985 -1.928548 -1.498088 14.800115 0.567467 3.865604 14.242553 -1.341738 -6.660648 19.631935 0.143921 -0.648243 50.325905 -0.655811 -6.28583 0.353029 -1.51115 -0.03194 20.222769 3.684305 2.316629 18.787249 1e-06 -1e-06 10.751608 -0.47987 1.397903 0.0 -0.0 0.0 3.273804 0.305947 -0.58011 21.48679 11.830364 2.266131 8.162915 0.0 -0.0 18.399052 -3.798986 -4.940567 3e-06 0.0 -1e-06 3.821287 3.367341 -0.595279 -0.006055 -0.279195 9.161851 -2.830847 4.159383 -12.906787 1.65419 -1.861905 0.326376 0.0 -0.0 2e-06 -3.704159 -2.072796 0.888882 -0.040026 0.137401 5.169304 5.886302 -5.225344 -10.809732 -1.41966 0.999269 -0.355075 0.0 -0.0 -1e-06 
0.0 0.0 0.0 0.0 -0.0 0.0 0.183047 99.970436 6.511264 -0.626712 -0.248643 4.509733 0.522704 -0.032936 -2.694286 -0.146641 -0.087366 -5.732512 -0.061675 -1.610767 9.867693 -0.103213 2.851091 0.38394 -0.344574 1.126686 -3.619265 2.866483 -0.780206 -5.22438 7.7e-05 -2.2e-05 6e-06 0.001009 0.069448 0.005924 0.750852 -3.668108 -10.613567 -0.753454 3.813771 -10.615903 -17.257799 -6.846443 11.085414 -47.956203 -16.525276 41.398052 0.114832 -29.511564 -0.134411 7.524025 -3.891107 -14.958359 -5.882102 9.861279 0.70259 -10.936861 -0.360574 7.156197 0.0 8.774815 -0.0 -15.797432 17.893562 6.189426 -1.844031 2.498503 -2.507276 -10.16359 4.678941 4.621104 -20.975996 -1e-06 1e-06 -21.226254 2.451698 -3.593995 0.0 -6e-06 -0.0 -1.362681 2.240797 -0.746323 -21.334892 0.58491 3.008319 -13.821196 -1e-06 1e-06 -23.887129 -0.249075 -0.839485 -59.804173 2.466588 -1.132438 -0.294025 1.679686 0.833255 -14.218195 0.093215 1.300579 -34.212002 -0.287561 0.967166 -20.033176 0.964536 1.212838 0.0 -0.0 0.0 -3.440387 0.788233 0.501655 -15.928172 -3.167306 2.999703 -6.338817 -0.0 1e-06 -18.123419 3.648181 -4.905662 -4e-06 0.0 -2e-06 12.696902 10.632664 11.137183 59.173038 6.681118 19.426796 0.051086 26.748169 -0.035103 -5.901693 -1.127781 -14.983587 2.24354 -5.255033 -3.180156 14.282877 -0.826594 6.952496 -0.0 -12.690593 -1e-06 15.916661 -17.988174 2.788175 1.665665 -1.95592 -2.878297 4.727794 -4.170584 4.993919 11.020511 1e-06 -0.0 12.109032 -3.735715 -2.866778 0.0 -0.0 0.0 1.291985 -1.928548 -1.498088 14.800115 0.567467 3.865604 14.242553 -1.341738 -6.660648 19.631935 0.143921 -0.648243 50.293304 -0.657897 -6.285789 0.353029 -1.51115 -0.03194 20.222769 3.684305 2.316629 18.787249 1e-06 -1e-06 10.751608 -0.47987 1.397903 0.0 -0.0 0.0 3.273804 0.305947 -0.58011 21.48679 11.830364 2.266131 8.162915 0.0 -0.0 18.399052 -3.798986 -4.940567 3e-06 0.0 -1e-06 3.776511 3.473518 -0.743815 -0.007291 -0.27761 9.523133 -2.899467 4.087618 -13.162886 1.650277 -1.860025 0.435675 0.0 -0.0 2e-06 -3.766832 -2.047018 0.871952 -0.041132 0.113063 5.374205 5.955503 -5.11787 -11.040907 -1.414527 1.003775 -0.322023 0.0 -0.0 -1e-06 
0.0 0.0 0.0 0.0 -0.0 0.0 0.225739 99.911354 6.541319 -0.587908 -0.290079 4.60714 0.50356 -0.03237 -2.687286 -0.152425 -0.083153 -5.734434 -0.05503 -1.648532 9.864682 -0.125161 2.888306 0.405294 -0.339971 1.151031 -3.630386 2.801601 -0.74704 -5.26597 7.7e-05 -2.2e-05 6e-06 0.000886 0.077968 0.009453 0.746693 -3.657798 -10.611575 -0.749864 3.820316 -10.612249 -17.221855 -6.850511 11.012568 -48.014591 -16.528366 41.166641 0.127304 -29.711603 -0.10559 7.49342 -3.857624 -14.942733 -5.882102 9.861279 0.70259 -10.936861 -0.360574 7.156197 0.0 8.774815 -0.0 -15.78159 17.89436 6.202772 -1.844031 2.498503 -2.507276 -10.16359 4.678941 4.621104 -20.975996 -1e-06 1e-06 -21.226254 2.451698 -3.593995 0.0 -6e-06 -0.0 -1.362681 2.240797 -0.746323 -21.334892 0.58491 3.008319 -13.821196 -1e-06 1e-06 -23.887129 -0.249075 -0.839485 -59.792747 2.436447 -1.113983 -0.294025 1.679686 0.833255 -14.218195 0.093215 1.300579 -34.212002 -0.287561 0.967166 -20.033176 0.964536 1.212838 0.0 -0.0 0.0 -3.440387 0.788233 0.501655 -15.928172 -3.167306 2.999703 -6.338817 -0.0 1e-06 -18.123419 3.648181 -4.905662 -4e-06 0.0 -2e-06 12.61867 10.612108 11.057733 59.251026 6.67147 19.585663 0.038192 26.81394 -0.054754 -5.860582 -1.148556 -14.862881 2.24354 -5.255033 -3.180156 14.282877 -0.826594 6.952496 -0.0 -12.690593 -1e-06 15.925608 -17.994326 2.765968 1.665665 -1.95592 -2.878297 4.727794 -4.170584 4.993919 11.020511 1e-06 -0.0 12.109032 -3.735715 -2.866778 0.0 -0.0 0.0 1.291985 -1.928548 -1.498088 14.800115 0.567467 3.865604 14.242553 -1.341738 -6.660648 19.631935 0.143921 -0.648243 50.270458 -0.668306 -6.276677 0.353029 -1.51115 -0.03194 20.222769 3.684305 2.316629 18.787249 1e-06 -1e-06 10.751608 -0.47987 1.397903 0.0 -0.0 0.0 3.273804 0.305947 -0.58011 21.48679 11.830364 2.266131 8.162915 0.0 -0.0 18.399052 -3.798986 -4.940567 3e-06 0.0 -1e-06 3.709508 3.591997 -1.128663 -0.007633 -0.277948 10.185658 -3.031163 3.987133 -13.499482 1.647037 -1.862506 0.518503 0.0 -0.0 2e-06 -3.860179 -2.083668 0.71883 -0.037229 0.100643 5.86555 6.068686 -4.976973 -11.395332 -1.412953 1.006283 -0.309976 0.0 -0.0 -1e-06 
0.0 0.0 0.0 0.0 -0.0 0.0 0.253965 99.861572 6.540013 -0.541519 -0.305703 4.732109 0.482007 -0.034301 -2.678645 -0.154521 -0.082233 -5.73311 -0.067958 -1.673917 9.841012 -0.151028 2.919155 0.365385 -0.326855 1.163008 -3.634553 2.75382 -0.734491 -5.303005 7.7e-05 -2.2e-05 6e-06 0.000196 0.095784 0.013491 0.744938 -3.637729 -10.609474 -0.749766 3.83556 -10.607702 -17.188196 -6.872829 10.92768 -48.086754 -16.52072 40.870037 0.142773 -29.846619 -0.08244 7.445361 -3.787148 -15.116138 -5.882102 9.861279 0.70259 -10.936861 -0.360574 7.156197 0.0 8.774815 -0.0 -15.762043 17.892691 6.203517 -1.844031 2.498503 -2.507276 -10.16359 4.678941 4.621104 -20.975996 -1e-06 1e-06 -21.226254 2.451698 -3.593995 0.0 -6e-06 -0.0 -1.362681 2.240797 -0.746323 -21.334892 0.58491 3.008319 -13.821196 -1e-06 1e-06 -23.887129 -0.249075 -0.839485 -59.760708 2.408798 -1.0956 -0.294025 1.679686 0.833255 -14.218195 0.093215 1.300579 -34.212002 -0.287561 0.967166 -20.033176 0.964536 1.212838 0.0 -0.0 0.0 -3.440387 0.788233 0.501655 -15.928172 -3.167306 2.999703 -6.338817 -0.0 1e-06 -18.123419 3.648181 -4.905662 -4e-06 0.0 -2e-06 12.542509 10.584216 10.966456 59.332855 6.631693 19.801497 0.023428 26.862823 -0.073885 -5.794504 -1.194269 -14.796012 2.24354 -5.255033 -3.180156 14.282877 -0.826594 6.952496 -0.0 -12.690593 -1e-06 15.919477 -17.978321 2.743187 1.665665 -1.95592 -2.878297 4.727794 -4.170584 4.993919 11.020511 1e-06 -0.0 12.109032 -3.735715 -2.866778 0.0 -0.0 0.0 1.291985 -1.928548 -1.498088 14.800115 0.567467 3.865604 14.242553 -1.341738 -6.660648 19.631935 0.143921 -0.648243 50.232365 -0.667732 -6.269125 0.353029 -1.51115 -0.03194 20.222769 3.684305 2.316629 18.787249 1e-06 -1e-06 10.751608 -0.47987 1.397903 0.0 -0.0 0.0 3.273804 0.305947 -0.58011 21.48679 11.830364 2.266131 8.162915 0.0 -0.0 18.399052 -3.798986 -4.940567 3e-06 0.0 -1e-06 3.644347 3.721512 -1.538915 -0.009436 -0.283818 10.76763 -3.192556 3.84479 -13.780468 1.643578 -1.861559 0.56242 0.0 -0.0 2e-06 -3.950351 -2.176919 0.404801 -0.033268 0.105091 6.518602 6.171288 -4.837855 -11.725848 -1.413986 1.001469 -0.302921 0.0 -0.0 -1e-06 
0.0 0.0 0.0 0.0 -0.0 0.0 0.264438 99.81694 6.564967 -0.491706 -0.309622 4.87958 0.459722 -0.036325 -2.658988 -0.157022 -0.077172 -5.727716 -0.101148 -1.696108 9.812394 -0.147165 2.935686 0.263482 -0.327733 1.170071 -3.630796 2.731384 -0.750893 -5.366579 7.7e-05 -2.2e-05 6e-06 -0.000557 0.109984 0.016756 0.745812 -3.622219 -10.61555 -0.752359 3.848193 -10.611156 -17.150572 -6.894475 10.829014 -48.183331 -16.519026 40.520458 0.164242 -29.873257 -0.068663 7.366293 -3.654107 -15.357687 -5.882102 9.861279 0.70259 -10.936861 -0.360574 7.156197 0.0 8.774815 -0.0 -15.754984 17.885342 6.203735 -1.844031 2.498503 -2.507276 -10.16359 4.678941 4.621104 -20.975996 -1e-06 1e-06 -21.226254 2.451698 -3.593995 0.0 -6e-06 -0.0 -1.362681 2.240797 -0.746323 -21.334892 0.58491 3.008319 -13.821196 -1e-06 1e-06 -23.887129 -0.249075 -0.839485 -59.723053 2.4015 -1.075688 -0.294025 1.679686 0.833255 -14.218195 0.093215 1.300579 -34.212002 -0.287561 0.967166 -20.033176 0.964536 1.212838 0.0 -0.0 0.0 -3.440387 0.788233 0.501655 -15.928172 -3.167306 2.999703 -6.338817 -0.0 1e-06 -18.123419 3.648181 -4.905662 -4e-06 0.0 -2e-06 12.474011 10.567439 10.903691 59.406986 6.581298 20.032661 0.007689 26.925053 -0.085324 -5.725526 -1.26512 -14.733927 2.24354 -5.255033 -3.180156 14.282877 -0.826594 6.952496 -0.0 -12.690593 -1e-06 15.906768 -17.95866 2.725705 1.665665 -1.95592 -2.878297 4.727794 -4.170584 4.993919 11.020511 1e-06 -0.0 12.109032 -3.735715 -2.866778 0.0 -0.0 0.0 1.291985 -1.928548 -1.498088 14.800115 0.567467 3.865604 14.242553 -1.341738 -6.660648 19.631935 0.143921 -0.648243 50.19754 -0.650978 -6.27639 0.353029 -1.51115 -0.03194 20.222769 3.684305 2.316629 18.787249 1e-06 -1e-06 10.751608 -0.47987 1.397903 0.0 -0.0 0.0 3.273804 0.305947 -0.58011 21.48679 11.830364 2.266131 8.162915 0.0 -0.0 18.399052 -3.798986 -4.940567 3e-06 0.0 -1e-06 3.59099 3.883693 -1.892159 -0.011052 -0.290632 11.205206 -3.386612 3.644413 -14.009097 1.640579 -1.859561 0.574633 0.0 -0.0 2e-06 -4.033357 -2.340807 0.021765 -0.031129 0.119064 7.193737 6.242287 -4.672212 -12.13827 -1.416082 0.992012 -0.300464 0.0 -0.0 -1e-06 
0.0 0.0 0.0 0.0 -0.0 0.0 0.259956 99.775055 6.644726 -0.441751 -0.318633 5.048694 0.433888 -0.037195 -2.635809 -0.162569 -0.064855 -5.721032 -0.148007 -1.716871 9.79084 -0.105924 2.930439 0.112657 -0.334644 1.169653 -3.621394 2.698905 -0.790847 -5.46417 7.7e-05 -2.2e-05 6e-06 -0.000671 0.117005 0.016644 0.749068 -3.613946 -10.62762 -0.755942 3.853878 -10.621221 -17.094656 -6.927647 10.759121 -48.320892 -16.548782 40.149799 0.202268 -29.754299 -0.066982 7.293638 -3.443034 -15.65672 -5.882102 9.861279 0.70259 -10.936861 -0.360574 7.156197 0.0 8.774815 -0.0 -15.7624 17.891609 6.214075 -1.844031 2.498503 -2.507276 -10.16359 4.678941 4.621104 -20.975996 -1e-06 1e-06 -21.226254 2.451698 -3.593995 0.0 -6e-06 -0.0 -1.362681 2.240797 -0.746323 -21.334892 0.58491 3.008319 -13.821196 -1e-06 1e-06 -23.887129 -0.249075 -0.839485 -59.705383 2.410086 -1.055816 -0.294025 1.679686 0.833255 -14.218195 0.093215 1.300579 -34.212002 -0.287561 0.967166 -20.033176 0.964536 1.212838 0.0 -0.0 0.0 -3.440387 0.788233 0.501655 -15.928172 -3.167306 2.999703 -6.338817 -0.0 1e-06 -18.123419 3.648181 -4.905662 -4e-06 0.0 -2e-06 12.4087 10.5591 10.883986 59.486126 6.537862 20.266068 -0.009138 26.963509 -0.088841 -5.62456 -1.348321 -14.594769 2.24354 -5.255033 -3.180156 14.282877 -0.826594 6.952496 -0.0 -12.690593 -1e-06 15.899035 -17.955017 2.709232 1.665665 -1.95592 -2.878297 4.727794 -4.170584 4.993919 11.020511 1e-06 -0.0 12.109032 -3.735715 -2.866778 0.0 -0.0 0.0 1.291985 -1.928548 -1.498088 14.800115 0.567467 3.865604 14.242553 -1.341738 -6.660648 19.631935 0.143921 -0.648243 50.172348 -0.624407 -6.295524 0.353029 -1.51115 -0.03194 20.222769 3.684305 2.316629 18.787249 1e-06 -1e-06 10.751608 -0.47987 1.397903 0.0 -0.0 0.0 3.273804 0.305947 -0.58011 21.48679 11.830364 2.266131 8.162915 0.0 -0.0 18.399052 -3.798986 -4.940567 3e-06 0.0 -1e-06 3.548596 4.064903 -2.156874 -0.012727 -0.297682 11.487548 -3.595582 3.432008 -14.195559 1.639741 -1.862837 0.547826 0.0 -0.0 2e-06 -4.109253 -2.556611 -0.338323 -0.029646 0.134751 7.765343 6.292764 -4.479535 -12.478089 -1.418732 0.979347 -0.306384 0.0 -0.0 -1e-06 
0.0 0.0 0.0 0.0 -0.0 0.0 0.238003 99.730263 6.793835 -0.399757 -0.321763 5.267173 0.407844 -0.035482 -2.625485 -0.171287 -0.054614 -5.711675 -0.201921 -1.729351 9.75493 -0.027255 2.920886 -0.066224 -0.347712 1.122811 -3.611174 2.645015 -0.838074 -5.596266 7.7e-05 -2.2e-05 6e-06 -0.000534 0.112815 0.014108 0.750928 -3.615284 -10.631786 -0.757501 3.846883 -10.623623 -17.013952 -6.989772 10.719131 -48.51667 -16.567993 39.697178 0.227429 -29.535528 -0.063285 7.193701 -3.156807 -15.924329 -5.882102 9.861279 0.70259 -10.936861 -0.360574 7.156197 0.0 8.774815 -0.0 -15.775861 17.89747 6.226385 -1.844031 2.498503 -2.507276 -10.16359 4.678941 4.621104 -20.975996 -1e-06 1e-06 -21.226254 2.451698 -3.593995 0.0 -6e-06 -0.0 -1.362681 2.240797 -0.746323 -21.334892 0.58491 3.008319 -13.821196 -1e-06 1e-06 -23.887129 -0.249075 -0.839485 -59.693218 2.423128 -1.042318 -0.294025 1.679686 0.833255 -14.218195 0.093215 1.300579 -34.212002 -0.287561 0.967166 -20.033176 0.964536 1.212838 0.0 -0.0 0.0 -3.440387 0.788233 0.501655 -15.928172 -3.167306 2.999703 -6.338817 -0.0 1e-06 -18.123419 3.648181 -4.905662 -4e-06 0.0 -2e-06 12.348819 10.548625 10.892816 59.575874 6.484155 20.488668 -0.01025 26.969152 -0.087261 -5.479667 -1.434376 -14.32976 2.24354 -5.255033 -3.180156 14.282877 -0.826594 6.952496 -0.0 -12.690593 -1e-06 15.905366 -17.970255 2.688336 1.665665 -1.95592 -2.878297 4.727794 -4.170584 4.993919 11.020511 1e-06 -0.0 12.109032 -3.735715 -2.866778 0.0 -0.0 0.0 1.291985 -1.928548 -1.498088 14.800115 0.567467 3.865604 14.242553 -1.341738 -6.660648 19.631935 0.143921 -0.648243 50.167088 -0.618469 -6.320323 0.353029 -1.51115 -0.03194 20.222769 3.684305 2.316629 18.787249 1e-06 -1e-06 10.751608 -0.47987 1.397903 0.0 -0.0 0.0 3.273804 0.305947 -0.58011 21.48679 11.830364 2.266131 8.162915 0.0 -0.0 18.399052 -3.798986 -4.940567 3e-06 0.0 -1e-06 3.530442 4.279196 -2.389471 -0.015644 -0.302882 11.687611 -3.812428 3.189688 -14.377528 1.640757 -1.863354 0.486461 0.0 -0.0 2e-06 -4.169831 -2.825965 -0.674108 -0.023384 0.146812 8.231382 6.351881 -4.266007 -12.776929 -1.422024 0.968726 -0.32024 0.0 -0.0 -1e-06 
0.0 0.0 0.0 0.0 -0.0 0.0 0.20414 99.679001 6.999832 -0.384423 -0.32516 5.538908 0.390653 -0.028902 -2.637096 -0.178871 -0.058702 -5.706573 -0.258808 -1.719864 9.719714 0.076466 2.897389 -0.267537 -0.355947 1.030436 -3.599164 2.580604 -0.891746 -5.753091 7.7e-05 -2.2e-05 6e-06 -0.000723 0.099986 0.010745 0.750905 -3.622965 -10.624596 -0.757674 3.829032 -10.616366 -16.885166 -7.079798 10.732302 -48.728897 -16.535267 39.162624 0.223394 -29.386599 -0.056911 7.090381 -2.877607 -16.088837 -5.882102 9.861279 0.70259 -10.936861 -0.360574 7.156197 0.0 8.774815 -0.0 -15.780531 17.893503 6.230208 -1.844031 2.498503 -2.507276 -10.16359 4.678941 4.621104 -20.975996 -1e-06 1e-06 -21.226254 2.451698 -3.593995 0.0 -6e-06 -0.0 -1.362681 2.240797 -0.746323 -21.334892 0.58491 3.008319 -13.821196 -1e-06 1e-06 -23.887129 -0.249075 -0.839485 -59.696373 2.42479 -1.028676 -0.294025 1.679686 0.833255 -14.218195 0.093215 1.300579 -34.212002 -0.287561 0.967166 -20.033176 0.964536 1.212838 0.0 -0.0 0.0 -3.440387 0.788233 0.501655 -15.928172 -3.167306 2.999703 -6.338817 -0.0 1e-06 -18.123419 3.648181 -4.905662 -4e-06 0.0 -2e-06 12.296577 10.504601 10.932882 59.672672 6.418452 20.678553 -0.005615 26.974689 -0.090846 -5.319275 -1.507953 -13.965158 2.24354 -5.255033 -3.180156 14.282877 -0.826594 6.952496 -0.0 -12.690593 -1e-06 15.916473 -17.982687 2.671012 1.665665 -1.95592 -2.878297 4.727794 -4.170584 4.993919 11.020511 1e-06 -0.0 12.109032 -3.735715 -2.866778 0.0 -0.0 0.0 1.291985 -1.928548 -1.498088 14.800115 0.567467 3.865604 14.242553 -1.341738 -6.660648 19.631935 0.143921 -0.648243 50.182495 -0.623138 -6.32523 0.353029 -1.51115 -0.03194 20.222769 3.684305 2.316629 18.787249 1e-06 -1e-06 10.751608 -0.47987 1.397903 0.0 -0.0 0.0 3.273804 0.305947 -0.58011 21.48679 11.830364 2.266131 8.162915 0.0 -0.0 18.399052 -3.798986 -4.940567 3e-06 0.0 -1e-06 3.544651 4.477404 -2.647292 -0.017473 -0.305485 11.900159 -4.026251 2.958597 -14.597559 1.640545 -1.859569 0.424043 0.0 -0.0 2e-06 -4.194016 -3.129724 -1.001695 -0.017291 0.158462 8.617822 6.436892 -4.057401 -12.99617 -1.425166 0.962672 -0.341961 0.0 -0.0 -1e-06 
0.0 0.0 0.0 0.0 -0.0 0.0 0.16403 99.610756 7.252919 -0.404698 -0.349981 5.855418 0.382307 -0.019915 -2.666003 -0.187258 -0.061453 -5.703524 -0.308834 -1.715386 9.68908 0.212556 2.868722 -0.46752 -0.362646 0.923856 -3.595517 2.490894 -0.950417 -5.913944 7.7e-05 -2.2e-05 6e-06 -0.000922 0.084007 0.008334 0.749373 -3.634123 -10.616643 -0.756331 3.808482 -10.608566 -16.690569 -7.171678 10.773222 -48.949139 -16.385933 38.561867 0.190722 -29.4284 -0.033388 6.980054 -2.682659 -16.120953 -5.882102 9.861279 0.70259 -10.936861 -0.360574 7.156197 0.0 8.774815 -0.0 -15.805401 17.888807 6.203329 -1.844031 2.498503 -2.507276 -10.16359 4.678941 4.621104 -20.975996 -1e-06 1e-06 -21.226254 2.451698 -3.593995 0.0 -6e-06 -0.0 -1.362681 2.240797 -0.746323 -21.334892 0.58491 3.008319 -13.821196 -1e-06 1e-06 -23.887129 -0.249075 -0.839485 -59.700943 2.411384 -1.027518 -0.294025 1.679686 0.833255 -14.218195 0.093215 1.300579 -34.212002 -0.287561 0.967166 -20.033176 0.964536 1.212838 0.0 -0.0 0.0 -3.440387 0.788233 0.501655 -15.928172 -3.167306 2.999703 -6.338817 -0.0 1e-06 -18.123419 3.648181 -4.905662 -4e-06 0.0 -2e-06 12.250021 10.439803 10.975036 59.781498 6.290641 20.899506 -0.024782 27.003996 -0.101808 -5.178416 -1.561711 -13.602157 2.24354 -5.255033 -3.180156 14.282877 -0.826594 6.952496 -0.0 -12.690593 -1e-06 15.930766 -18.003197 2.660424 1.665665 -1.95592 -2.878297 4.727794 -4.170584 4.993919 11.020511 1e-06 -0.0 12.109032 -3.735715 -2.866778 0.0 -0.0 0.0 1.291985 -1.928548 -1.498088 14.800115 0.567467 3.865604 14.242553 -1.341738 -6.660648 19.631935 0.143921 -0.648243 50.229538 -0.632054 -6.305699 0.353029 -1.51115 -0.03194 20.222769 3.684305 2.316629 18.787249 1e-06 -1e-06 10.751608 -0.47987 1.397903 0.0 -0.0 0.0 3.273804 0.305947 -0.58011 21.48679 11.830364 2.266131 8.162915 0.0 -0.0 18.399052 -3.798986 -4.940567 3e-06 0.0 -1e-06 3.594127 4.656162 -2.980749 -0.01913 -0.304848 12.243847 -4.2497 2.776152 -14.91679 1.639781 -1.855155 0.360609 0.0 -0.0 2e-06 -4.17741 -3.443128 -1.378535 -0.01175 0.165935 9.053771 6.544024 -3.824492 -13.327679 -1.428059 0.95962 -0.35439 0.0 -0.0 -1e-06 
0.0 0.0 0.0 0.0 -0.0 0.0 0.130387 99.523399 7.564803 -0.469064 -0.408066 6.20626 0.384257 -0.01338 -2.691184 -0.193314 -0.054802 -5.700585 -0.345458 -1.717436 9.649426 0.375338 2.842052 -0.661573 -0.3754 0.838414 -3.592965 2.39535 -1.000087 -6.081169 7.7e-05 -2.2e-05 6e-06 -0.000346 0.075455 0.007463 0.747665 -3.639432 -10.612706 -0.753248 3.797329 -10.60452 -16.437851 -7.22989 10.809518 -49.193066 -16.080158 37.934319 0.15295 -29.694548 -0.002976 6.897935 -2.606707 -16.156809 -5.882102 9.861279 0.70259 -10.936861 -0.360574 7.156197 0.0 8.774815 -0.0 -15.853398 17.873758 6.153575 -1.844031 2.498503 -2.507276 -10.16359 4.678941 4.621104 -20.975996 -1e-06 1e-06 -21.226254 2.451698 -3.593995 0.0 -6e-06 -0.0 -1.362681 2.240797 -0.746323 -21.334892 0.58491 3.008319 -13.821196 -1e-06 1e-06 -23.887129 -0.249075 -0.839485 -59.704338 2.391215 -1.030866 -0.294025 1.679686 0.833255 -14.218195 0.093215 1.300579 -34.212002 -0.287561 0.967166 -20.033176 0.964536 1.212838 0.0 -0.0 0.0 -3.440387 0.788233 0.501655 -15.928172 -3.167306 2.999703 -6.338817 -0.0 1e-06 -18.123419 3.648181 -4.905662 -4e-06 0.0 -2e-06 12.200067 10.377489 11.03054 59.91283 6.099443 21.131531 -0.06491 27.046362 -0.113305 -5.05167 -1.585224 -13.315426 2.24354 -5.255033 -3.180156 14.282877 -0.826594 6.952496 -0.0 -12.690593 -1e-06 15.948045 -18.025816 2.644391 1.665665 -1.95592 -2.878297 4.727794 -4.170584 4.993919 11.020511 1e-06 -0.0 12.109032 -3.735715 -2.866778 0.0 -0.0 0.0 1.291985 -1.928548 -1.498088 14.800115 0.567467 3.865604 14.242553 -1.341738 -6.660648 19.631935 0.143921 -0.648243 50.265575 -0.624115 -6.294731 0.353029 -1.51115 -0.03194 20.222769 3.684305 2.316629 18.787249 1e-06 -1e-06 10.751608 -0.47987 1.397903 0.0 -0.0 0.0 3.273804 0.305947 -0.58011 21.48679 11.830364 2.266131 8.162915 0.0 -0.0 18.399052 -3.798986 -4.940567 3e-06 0.0 -1e-06 3.681455 4.855589 -3.36413 -0.018959 -0.306065 12.71177 -4.477518 2.648624 -15.341712 1.638075 -1.852988 0.283668 0.0 -0.0 2e-06 -4.113701 -3.762723 -1.786848 -0.007643 0.165043 9.496862 6.667511 -3.526943 -13.70069 -1.430252 0.954589 -0.371529 0.0 -0.0 -1e-06 
0.0 0.0 0.0 0.0 -0.0 0.0 0.117527 99.417961 7.975679 -0.562813 -0.513034 6.600393 0.38818 -0.008769 -2.713653 -0.202107 -0.043953 -5.702442 -0.372779 -1.732993 9.606022 0.548454 2.807889 -0.843769 -0.379308 0.79773 -3.589745 2.315835 -1.012435 -6.243661 7.7e-05 -2.2e-05 6e-06 0.000544 0.071214 0.00826 0.746054 -3.642035 -10.609145 -0.749555 3.792118 -10.601391 -16.144497 -7.24824 10.82763 -49.463322 -15.618171 37.315491 0.125075 -30.086311 0.024327 6.854659 -2.616363 -16.28948 -5.882102 9.861279 0.70259 -10.936861 -0.360574 7.156197 0.0 8.774815 -0.0 -15.88921 17.856092 6.106718 -1.844031 2.498503 -2.507276 -10.16359 4.678941 4.621104 -20.975996 -1e-06 1e-06 -21.226254 2.451698 -3.593995 0.0 -6e-06 -0.0 -1.362681 2.240797 -0.746323 -21.334892 0.58491 3.008319 -13.821196 -1e-06 1e-06 -23.887129 -0.249075 -0.839485 -59.686279 2.379491 -1.037877 -0.294025 1.679686 0.833255 -14.218195 0.093215 1.300579 -34.212002 -0.287561 0.967166 -20.033176 0.964536 1.212838 0.0 -0.0 0.0 -3.440387 0.788233 0.501655 -15.928172 -3.167306 2.999703 -6.338817 -0.0 1e-06 -18.123419 3.648181 -4.905662 -4e-06 0.0 -2e-06 12.156686 10.316032 11.078135 60.035801 5.86429 21.381298 -0.106624 27.065681 -0.119187 -4.920295 -1.577268 -13.054798 2.24354 -5.255033 -3.180156 14.282877 -0.826594 6.952496 -0.0 -12.690593 -1e-06 15.969462 -18.028074 2.619554 1.665665 -1.95592 -2.878297 4.727794 -4.170584 4.993919 11.020511 1e-06 -0.0 12.109032 -3.735715 -2.866778 0.0 -0.0 0.0 1.291985 -1.928548 -1.498088 14.800115 0.567467 3.865604 14.242553 -1.341738 -6.660648 19.631935 0.143921 -0.648243 50.260056 -0.611436 -6.289615 0.353029 -1.51115 -0.03194 20.222769 3.684305 2.316629 18.787249 1e-06 -1e-06 10.751608 -0.47987 1.397903 0.0 -0.0 0.0 3.273804 0.305947 -0.58011 21.48679 11.830364 2.266131 8.162915 0.0 -0.0 18.399052 -3.798986 -4.940567 3e-06 0.0 -1e-06 3.776762 5.053437 -3.71988 -0.016603 -0.308137 13.185266 -4.698716 2.567862 -15.843146 1.63558 -1.859498 0.175744 0.0 -0.0 2e-06 -4.057051 -4.081891 -2.104215 -0.004006 0.16609 9.853005 6.820702 -3.177836 -14.05965 -1.431979 0.942226 -0.404018 0.0 -0.0 -1e-06 
0.0 0.0 0.0 0.0 -0.0 0.0 0.132812 99.281799 8.536096 -0.681604 -0.680264 7.04172 0.395391 0.001944 -2.72674 -0.214405 -0.033238 -5.709124 -0.393944 -1.744002 9.554359 0.71632 2.769534 -1.021091 -0.371392 0.78401 -3.57971 2.241342 -0.980422 -6.402395 7.7e-05 -2.2e-05 6e-06 0.001746 0.07219 0.011196 0.745837 -3.641455 -10.605538 -0.746492 3.793808 -10.599647 -15.853195 -7.246374 10.845633 -49.746979 -15.018201 36.638145 0.098368 -30.450735 0.045617 6.832241 -2.684359 -16.452383 -5.882102 9.861279 0.70259 -10.936861 -0.360574 7.156197 0.0 8.774815 -0.0 -15.924262 17.846548 6.073503 -1.844031 2.498503 -2.507276 -10.16359 4.678941 4.621104 -20.975996 -1e-06 1e-06 -21.226254 2.451698 -3.593995 0.0 -6e-06 -0.0 -1.362681 2.240797 -0.746323 -21.334892 0.58491 3.008319 -13.821196 -1e-06 1e-06 -23.887129 -0.249075 -0.839485 -59.666649 2.377122 -1.040786 -0.294025 1.679686 0.833255 -14.218195 0.093215 1.300579 -34.212002 -0.287561 0.967166 -20.033176 0.964536 1.212838 0.0 -0.0 0.0 -3.440387 0.788233 0.501655 -15.928172 -3.167306 2.999703 -6.338817 -0.0 1e-06 -18.123419 3.648181 -4.905662 -4e-06 0.0 -2e-06 12.106389 10.257335 11.142979 60.167957 5.644639 21.619621 -0.139255 26.982174 -0.130581 -4.787282 -1.548833 -12.722734 2.24354 -5.255033 -3.180156 14.282877 -0.826594 6.952496 -0.0 -12.690593 -1e-06 15.999821 -18.021955 2.586792 1.665665 -1.95592 -2.878297 4.727794 -4.170584 4.993919 11.020511 1e-06 -0.0 12.109032 -3.735715 -2.866778 0.0 -0.0 0.0 1.291985 -1.928548 -1.498088 14.800115 0.567467 3.865604 14.242553 -1.341738 -6.660648 19.631935 0.143921 -0.648243 50.229244 -0.61739 -6.296317 0.353029 -1.51115 -0.03194 20.222769 3.684305 2.316629 18.787249 1e-06 -1e-06 10.751608 -0.47987 1.397903 0.0 -0.0 0.0 3.273804 0.305947 -0.58011 21.48679 11.830364 2.266131 8.162915 0.0 -0.0 18.399052 -3.798986 -4.940567 3e-06 0.0 -1e-06 3.874485 5.272431 -4.009049 -0.016126 -0.303418 13.655154 -4.916958 2.512534 -16.453276 1.63351 -1.870851 0.058828 0.0 -0.0 2e-06 -4.004039 -4.415016 -2.369254 0.006817 0.172624 10.140149 6.980659 -2.761736 -14.473586 -1.434102 0.932088 -0.46119 0.0 -0.0 -1e-06 
0.0 0.0 0.0 0.0 -0.0 0.0 0.177872 99.108353 9.272331 -0.797886 -0.917958 7.556315 0.403815 0.017581 -2.732751 -0.232781 -0.024303 -5.719347 -0.433789 -1.737271 9.494534 0.860862 2.752884 -1.230307 -0.355157 0.781214 -3.5717 2.195455 -0.910818 -6.522432 7.7e-05 -2.2e-05 6e-06 0.00246 0.073113 0.011043 0.746903 -3.641007 -10.603848 -0.745552 3.795401 -10.60161 -15.638507 -7.228869 10.848088 -49.97403 -14.296307 35.871925 0.063921 -30.65641 0.068812 6.814202 -2.787872 -16.685146 -5.882102 9.861279 0.70259 -10.936861 -0.360574 7.156197 0.0 8.774815 -0.0 -15.9519 17.841454 6.048553 -1.844031 2.498503 -2.507276 -10.16359 4.678941 4.621104 -20.975996 -1e-06 1e-06 -21.226254 2.451698 -3.593995 0.0 -6e-06 -0.0 -1.362681 2.240797 -0.746323 -21.334892 0.58491 3.008319 -13.821196 -1e-06 1e-06 -23.887129 -0.249075 -0.839485 -59.661026 2.379207 -1.035426 -0.294025 1.679686 0.833255 -14.218195 0.093215 1.300579 -34.212002 -0.287561 0.967166 -20.033176 0.964536 1.212838 0.0 -0.0 0.0 -3.440387 0.788233 0.501655 -15.928172 -3.167306 2.999703 -6.338817 -0.0 1e-06 -18.123419 3.648181 -4.905662 -4e-06 0.0 -2e-06 12.069489 10.218239 11.207155 60.297791 5.436933 21.881929 -0.170194 26.768383 -0.151525 -4.613829 -1.502986 -12.39199 2.24354 -5.255033 -3.180156 14.282877 -0.826594 6.952496 -0.0 -12.690593 -1e-06 16.010607 -17.995911 2.559712 1.665665 -1.95592 -2.878297 4.727794 -4.170584 4.993919 11.020511 1e-06 -0.0 12.109032 -3.735715 -2.866778 0.0 -0.0 0.0 1.291985 -1.928548 -1.498088 14.800115 0.567467 3.865604 14.242553 -1.341738 -6.660648 19.631935 0.143921 -0.648243 50.156174 -0.638956 -6.325982 0.353029 -1.51115 -0.03194 20.222769 3.684305 2.316629 18.787249 1e-06 -1e-06 10.751608 -0.47987 1.397903 0.0 -0.0 0.0 3.273804 0.305947 -0.58011 21.48679 11.830364 2.266131 8.162915 0.0 -0.0 18.399052 -3.798986 -4.940567 3e-06 0.0 -1e-06 3.936403 5.51887 -4.216161 -0.014132 -0.300206 14.070613 -5.115112 2.507565 -17.163244 1.632223 -1.881804 -0.053821 0.0 -0.0 2e-06 -3.992656 -4.722799 -2.597665 0.022682 0.190686 10.410014 7.174877 -2.297695 -14.976141 -1.436217 0.924149 -0.538174 0.0 -0.0 -1e-06 
0.0 0.0 0.0 0.0 -0.0 0.0 0.256998 98.896553 10.167294 -0.899022 -1.200795 8.189617 0.41552 0.036585 -2.742539 -0.253333 -0.010342 -5.727531 -0.513299 -1.700319 9.428067 0.976469 2.771187 -1.512967 -0.338419 0.773966 -3.575769 2.188727 -0.829657 -6.586669 7.7e-05 -2.2e-05 6e-06 0.002499 0.066012 0.007339 0.746442 -3.646538 -10.598935 -0.744288 3.786616 -10.601041 -15.541844 -7.204273 10.826515 -50.126457 -13.466365 34.955093 0.032773 -30.612738 0.077378 6.784606 -2.892234 -16.990353 -5.882102 9.861279 0.70259 -10.936861 -0.360574 7.156197 0.0 8.774815 -0.0 -15.98276 17.844181 6.013057 -1.844031 2.498503 -2.507276 -10.16359 4.678941 4.621104 -20.975996 -1e-06 1e-06 -21.226254 2.451698 -3.593995 0.0 -6e-06 -0.0 -1.362681 2.240797 -0.746323 -21.334892 0.58491 3.008319 -13.821196 -1e-06 1e-06 -23.887129 -0.249075 -0.839485 -59.668957 2.37134 -1.062181 -0.294025 1.679686 0.833255 -14.218195 0.093215 1.300579 -34.212002 -0.287561 0.967166 -20.033176 0.964536 1.212838 0.0 -0.0 0.0 -3.440387 0.788233 0.501655 -15.928172 -3.167306 2.999703 -6.338817 -0.0 1e-06 -18.123419 3.648181 -4.905662 -4e-06 0.0 -2e-06 12.067505 10.201921 11.283889 60.393013 5.236565 22.172375 -0.178581 26.421495 -0.161945 -4.35166 -1.449067 -12.119336 2.24354 -5.255033 -3.180156 14.282877 -0.826594 6.952496 -0.0 -12.690593 -1e-06 16.007517 -17.974617 2.546501 1.665665 -1.95592 -2.878297 4.727794 -4.170584 4.993919 11.020511 1e-06 -0.0 12.109032 -3.735715 -2.866778 0.0 -0.0 0.0 1.291985 -1.928548 -1.498088 14.800115 0.567467 3.865604 14.242553 -1.341738 -6.660648 19.631935 0.143921 -0.648243 50.096424 -0.678056 -6.374431 0.353029 -1.51115 -0.03194 20.222769 3.684305 2.316629 18.787249 1e-06 -1e-06 10.751608 -0.47987 1.397903 0.0 -0.0 0.0 3.273804 0.305947 -0.58011 21.48679 11.830364 2.266131 8.162915 0.0 -0.0 18.399052 -3.798986 -4.940567 3e-06 0.0 -1e-06 3.944603 5.812299 -4.418348 -0.013811 -0.30162 14.453365 -5.27765 2.544525 -17.96266 1.632518 -1.889599 -0.181874 0.0 -0.0 2e-06 -4.033095 -5.012262 -2.870071 0.043393 0.219044 10.712452 7.444718 -1.842344 -15.58204 -1.437157 0.920899 -0.634596 0.0 -0.0 -1e-06 
0.0 0.0 0.0 0.0 -0.0 0.0 0.358659 98.648796 11.193135 -0.973944 -1.497807 8.953335 0.429256 0.06076 -2.743375 -0.274569 0.015892 -5.730472 -0.65588 -1.63117 9.355841 1.054738 2.817174 -1.867133 -0.319751 0.763616 -3.592253 2.259848 -0.771934 -6.589883 7.7e-05 -2.2e-05 6e-06 0.001366 0.055098 -0.002927 0.744627 -3.653764 -10.593519 -0.744019 3.771829 -10.600671 -15.560431 -7.175671 10.802814 -50.199593 -12.587 33.811932 -0.018218 -30.370417 0.079043 6.78543 -2.973495 -17.307911 -5.882102 9.861279 0.70259 -10.936861 -0.360574 7.156197 0.0 8.774815 -0.0 -16.004 17.858616 6.000456 -1.844031 2.498503 -2.507276 -10.16359 4.678941 4.621104 -20.975996 -1e-06 1e-06 -21.226254 2.451698 -3.593995 0.0 -6e-06 -0.0 -1.362681 2.240797 -0.746323 -21.334892 0.58491 3.008319 -13.821196 -1e-06 1e-06 -23.887129 -0.249075 -0.839485 -59.68354 2.346264 -1.078783 -0.294025 1.679686 0.833255 -14.218195 0.093215 1.300579 -34.212002 -0.287561 0.967166 -20.033176 0.964536 1.212838 0.0 -0.0 0.0 -3.440387 0.788233 0.501655 -15.928172 -3.167306 2.999703 -6.338817 -0.0 1e-06 -18.123419 3.648181 -4.905662 -4e-06 0.0 -2e-06 12.088339 10.238155 11.425373 60.458576 5.102779 22.580315 -0.174973 25.922276 -0.159005 -3.941832 -1.419919 -11.869386 2.24354 -5.255033 -3.180156 14.282877 -0.826594 6.952496 -0.0 -12.690593 -1e-06 15.988888 -17.952282 2.553293 1.665665 -1.95592 -2.878297 4.727794 -4.170584 4.993919 11.020511 1e-06 -0.0 12.109032 -3.735715 -2.866778 0.0 -0.0 0.0 1.291985 -1.928548 -1.498088 14.800115 0.567467 3.865604 14.242553 -1.341738 -6.660648 19.631935 0.143921 -0.648243 50.043182 -0.721087 -6.435652 0.353029 -1.51115 -0.03194 20.222769 3.684305 2.316629 18.787249 1e-06 -1e-06 10.751608 -0.47987 1.397903 0.0 -0.0 0.0 3.273804 0.305947 -0.58011 21.48679 11.830364 2.266131 8.162915 0.0 -0.0 18.399052 -3.798986 -4.940567 3e-06 0.0 -1e-06 3.887613 6.126559 -4.651371 -0.007987 -0.315896 14.796453 -5.399107 2.634447 -18.823959 1.634109 -1.889697 -0.330717 0.0 -0.0 2e-06 -4.118508 -5.291721 -3.221938 0.06136 0.261371 11.066199 7.783291 -1.455638 -16.288475 -1.437309 0.913303 -0.762411 0.0 -0.0 -1e-06 
0.0 0.0 0.0 0.0 -0.0 0.0 0.485915 98.373642 12.31004 -1.028986 -1.744197 9.851863 0.441435 0.09076 -2.724729 -0.29723 0.054716 -5.719355 -0.864749 -1.531035 9.267306 1.123714 2.864497 -2.265119 -0.303097 0.729715 -3.620677 2.418162 -0.770504 -6.552171 7.7e-05 -2.2e-05 6e-06 -0.000723 0.042014 -0.017546 0.74171 -3.66099 -10.589417 -0.744505 3.752105 -10.601969 -15.6057 -7.155311 10.782966 -50.225986 -11.741097 32.583767 -0.055867 -30.118788 0.074004 6.809791 -3.046408 -17.598368 -5.882102 9.861279 0.70259 -10.936861 -0.360574 7.156197 0.0 8.774815 -0.0 -16.013559 17.880402 6.012573 -1.844031 2.498503 -2.507276 -10.16359 4.678941 4.621104 -20.975996 -1e-06 1e-06 -21.226254 2.451698 -3.593995 0.0 -6e-06 -0.0 -1.362681 2.240797 -0.746323 -21.334892 0.58491 3.008319 -13.821196 -1e-06 1e-06 -23.887129 -0.249075 -0.839485 -59.734535 2.321741 -1.082788 -0.294025 1.679686 0.833255 -14.218195 0.093215 1.300579 -34.212002 -0.287561 0.967166 -20.033176 0.964536 1.212838 0.0 -0.0 0.0 -3.440387 0.788233 0.501655 -15.928172 -3.167306 2.999703 -6.338817 -0.0 1e-06 -18.123419 3.648181 -4.905662 -4e-06 0.0 -2e-06 12.10169 10.32071 11.641063 60.51265 5.074919 23.118008 -0.126079 25.286682 -0.131044 -3.378364 -1.467475 -11.531651 2.24354 -5.255033 -3.180156 14.282877 -0.826594 6.952496 -0.0 -12.690593 -1e-06 15.97598 -17.937284 2.574605 1.665665 -1.95592 -2.878297 4.727794 -4.170584 4.993919 11.020511 1e-06 -0.0 12.109032 -3.735715 -2.866778 0.0 -0.0 0.0 1.291985 -1.928548 -1.498088 14.800115 0.567467 3.865604 14.242553 -1.341738 -6.660648 19.631935 0.143921 -0.648243 50.023487 -0.760454 -6.490621 0.353029 -1.51115 -0.03194 20.222769 3.684305 2.316629 18.787249 1e-06 -1e-06 10.751608 -0.47987 1.397903 0.0 -0.0 0.0 3.273804 0.305947 -0.58011 21.48679 11.830364 2.266131 8.162915 0.0 -0.0 18.399052 -3.798986 -4.940567 3e-06 0.0 -1e-06 3.778366 6.464885 -4.967421 0.005999 -0.34281 15.115094 -5.478526 2.691535 -19.713654 1.634466 -1.886551 -0.485668 0.0 -0.0 2e-06 -4.222732 -5.55209 -3.639671 0.069684 0.313161 11.399324 8.153054 -1.180568 -17.046526 -1.437335 0.892665 -0.920002 0.0 -0.0 -1e-06 
0.0 0.0 0.0 0.0 -0.0 0.0 0.644148 98.059151 13.544518 -1.046636 -1.911733 10.8638 0.434403 0.128544 -2.657828 -0.323758 0.130726 -5.678207 -1.152438 -1.40206 9.152097 1.205491 2.920685 -2.674209 -0.308078 0.650842 -3.647283 2.654932 -0.841406 -6.5082 7.7e-05 -2.2e-05 6e-06 -0.002461 0.033872 -0.031192 0.740162 -3.663745 -10.592393 -0.745713 3.737453 -10.610808 -15.563553 -7.173071 10.788707 -50.283405 -10.964713 31.347584 -0.076999 -30.07612 0.07896 6.869713 -3.125965 -17.806696 -5.882102 9.861279 0.70259 -10.936861 -0.360574 7.156197 0.0 8.774815 -0.0 -16.049011 17.906216 6.025916 -1.844031 2.498503 -2.507276 -10.16359 4.678941 4.621104 -20.975996 -1e-06 1e-06 -21.226254 2.451698 -3.593995 0.0 -6e-06 -0.0 -1.362681 2.240797 -0.746323 -21.334892 0.58491 3.008319 -13.821196 -1e-06 1e-06 -23.887129 -0.249075 -0.839485 -59.846188 2.299281 -1.074389 -0.294025 1.679686 0.833255 -14.218195 0.093215 1.300579 -34.212002 -0.287561 0.967166 -20.033176 0.964536 1.212838 0.0 -0.0 0.0 -3.440387 0.788233 0.501655 -15.928172 -3.167306 2.999703 -6.338817 -0.0 1e-06 -18.123419 3.648181 -4.905662 -4e-06 0.0 -2e-06 11.999165 10.467352 11.927993 60.681053 5.144236 23.734919 -0.022959 24.561274 -0.0742 -2.672126 -1.647348 -10.999694 2.24354 -5.255033 -3.180156 14.282877 -0.826594 6.952496 -0.0 -12.690593 -1e-06 15.970101 -17.92794 2.614973 1.665665 -1.95592 -2.878297 4.727794 -4.170584 4.993919 11.020511 1e-06 -0.0 12.109032 -3.735715 -2.866778 0.0 -0.0 0.0 1.291985 -1.928548 -1.498088 14.800115 0.567467 3.865604 14.242553 -1.341738 -6.660648 19.631935 0.143921 -0.648243 50.034679 -0.783 -6.524305 0.353029 -1.51115 -0.03194 20.222769 3.684305 2.316629 18.787249 1e-06 -1e-06 10.751608 -0.47987 1.397903 0.0 -0.0 0.0 3.273804 0.305947 -0.58011 21.48679 11.830364 2.266131 8.162915 0.0 -0.0 18.399052 -3.798986 -4.940567 3e-06 0.0 -1e-06 3.60705 6.790442 -5.324163 0.022042 -0.370021 15.397115 -5.512043 2.675634 -20.642458 1.634446 -1.872354 -0.636178 0.0 -0.0 2e-06 -4.367341 -5.764489 -4.077392 0.073392 0.357223 11.715814 8.517885 -1.017969 -17.887583 -1.436567 0.863381 -1.080213 0.0 -0.0 -1e-06 
0.0 0.0 0.0 0.0 -0.0 0.0 0.826349 97.676788 14.831471 -0.992597 -1.988981 11.972888 0.388251 0.178042 -2.505305 -0.365166 0.252559 -5.596325 -1.534453 -1.253794 9.006812 1.333167 2.966496 -3.089267 -0.371198 0.542304 -3.679678 2.978256 -0.997826 -6.467327 7.7e-05 -2.2e-05 6e-06 -0.003543 0.0349 -0.040981 0.741392 -3.658043 -10.602032 -0.74847 3.732637 -10.625525 -15.353571 -7.283583 10.808719 -50.460606 -10.262711 30.016329 -0.151884 -30.361502 0.105641 6.968364 -3.282191 -17.984667 -5.882102 9.861279 0.70259 -10.936861 -0.360574 7.156197 0.0 8.774815 -0.0 -16.137835 17.922626 6.005808 -1.844031 2.498503 -2.507276 -10.16359 4.678941 4.621104 -20.975996 -1e-06 1e-06 -21.226254 2.451698 -3.593995 0.0 -6e-06 -0.0 -1.362681 2.240797 -0.746323 -21.334892 0.58491 3.008319 -13.821196 -1e-06 1e-06 -23.887129 -0.249075 -0.839485 -59.980209 2.276263 -1.072204 -0.294025 1.679686 0.833255 -14.218195 0.093215 1.300579 -34.212002 -0.287561 0.967166 -20.033176 0.964536 1.212838 0.0 -0.0 0.0 -3.440387 0.788233 0.501655 -15.928172 -3.167306 2.999703 -6.338817 -0.0 1e-06 -18.123419 3.648181 -4.905662 -4e-06 0.0 -2e-06 11.732448 10.674468 12.251652 61.02253 5.285282 24.328287 0.152187 23.812935 0.020305 -1.893232 -1.972024 -10.190178 2.24354 -5.255033 -3.180156 14.282877 -0.826594 6.952496 -0.0 -12.690593 -1e-06 15.972601 -17.902554 2.672302 1.665665 -1.95592 -2.878297 4.727794 -4.170584 4.993919 11.020511 1e-06 -0.0 12.109032 -3.735715 -2.866778 0.0 -0.0 0.0 1.291985 -1.928548 -1.498088 14.800115 0.567467 3.865604 14.242553 -1.341738 -6.660648 19.631935 0.143921 -0.648243 50.055622 -0.808593 -6.551612 0.353029 -1.51115 -0.03194 20.222769 3.684305 2.316629 18.787249 1e-06 -1e-06 10.751608 -0.47987 1.397903 0.0 -0.0 0.0 3.273804 0.305947 -0.58011 21.48679 11.830364 2.266131 8.162915 0.0 -0.0 18.399052 -3.798986 -4.940567 3e-06 0.0 -1e-06 3.345887 7.106643 -5.883927 0.040297 -0.400104 15.922014 -5.541484 2.561282 -21.713017 1.633651 -1.857206 -0.807311 0.0 -0.0 2e-06 -4.573899 -5.862277 -4.764093 0.07335 0.378356 12.445996 8.845211 -0.980597 -19.006451 -1.435644 0.833013 -1.273398 0.0 -0.0 -1e-06 
0.0 0.0 0.0 0.0 -0.0 0.0 1.039317 97.205322 16.074263 -0.699813 -1.980486 13.193166 0.213589 0.23744 -2.235467 -0.463268 0.394401 -5.454559 -2.09306 -1.119629 8.817673 1.571352 2.959213 -3.55415 -0.473548 0.430356 -3.730811 3.386655 -1.222616 -6.409543 7.7e-05 -2.2e-05 6e-06 -0.004585 0.032667 -0.054448 0.74896 -3.657961 -10.626794 -0.757625 3.72712 -10.653597 -14.83604 -7.551182 10.848722 -50.884926 -9.744925 28.524223 -0.338295 -30.86849 0.152948 7.110181 -3.610136 -18.374918 -5.882102 9.861279 0.70259 -10.936861 -0.360574 7.156197 0.0 8.774815 -0.0 -16.278646 17.908998 5.921243 -1.844031 2.498503 -2.507276 -10.16359 4.678941 4.621104 -20.975996 -1e-06 1e-06 -21.226254 2.451698 -3.593995 0.0 -6e-06 -0.0 -1.362681 2.240797 -0.746323 -21.334892 0.58491 3.008319 -13.821196 -1e-06 1e-06 -23.887129 -0.249075 -0.839485 -60.081718 2.251463 -1.087094 -0.294025 1.679686 0.833255 -14.218195 0.093215 1.300579 -34.212002 -0.287561 0.967166 -20.033176 0.964536 1.212838 0.0 -0.0 0.0 -3.440387 0.788233 0.501655 -15.928172 -3.167306 2.999703 -6.338817 -0.0 1e-06 -18.123419 3.648181 -4.905662 -4e-06 0.0 -2e-06 11.243218 10.931302 12.55048 61.622616 5.513304 24.924103 0.373517 23.09639 0.145166 -1.041058 -2.482258 -9.031676 2.24354 -5.255033 -3.180156 14.282877 -0.826594 6.952496 -0.0 -12.690593 -1e-06 15.990602 -17.869333 2.712583 1.665665 -1.95592 -2.878297 4.727794 -4.170584 4.993919 11.020511 1e-06 -0.0 12.109032 -3.735715 -2.866778 0.0 -0.0 0.0 1.291985 -1.928548 -1.498088 14.800115 0.567467 3.865604 14.242553 -1.341738 -6.660648 19.631935 0.143921 -0.648243 50.05566 -0.859863 -6.629248 0.353029 -1.51115 -0.03194 20.222769 3.684305 2.316629 18.787249 1e-06 -1e-06 10.751608 -0.47987 1.397903 0.0 -0.0 0.0 3.273804 0.305947 -0.58011 21.48679 11.830364 2.266131 8.162915 0.0 -0.0 18.399052 -3.798986 -4.940567 3e-06 0.0 -1e-06 2.802621 7.350868 -6.802786 0.062904 -0.419969 16.829565 -5.613327 2.404874 -22.939064 1.635001 -1.842695 -1.084807 0.0 -0.0 2e-06 -5.013512 -5.852364 -6.052966 0.070289 0.392808 14.163434 9.137725 -1.047286 -20.64332 -1.43614 0.788275 -1.554496 0.0 -0.0 -1e-06 
0.0 0.0 0.0 0.0 -0.0 0.0 1.270192 96.625504 17.214705 0.001977 -1.811704 14.43658 -0.189218 0.283791 -1.751445 -0.64959 0.509346 -5.234097 -2.89509 -1.102404 8.629789 1.962229 2.882044 -4.04552 -0.587458 0.26995 -3.777505 3.825219 -1.566488 -6.475651 7.7e-05 -2.2e-05 6e-06 -0.005546 0.01275 -0.078345 0.762905 -3.677779 -10.658566 -0.773357 3.70687 -10.686683 -13.74939 -8.168661 10.985397 -51.784721 -9.7876 27.148144 -0.628388 -31.111216 0.221894 7.246168 -3.926762 -19.088289 -5.882102 9.861279 0.70259 -10.936861 -0.360574 7.156197 0.0 8.774815 -0.0 -16.463842 17.857548 5.78196 -1.844031 2.498503 -2.507276 -10.16359 4.678941 4.621104 -20.975996 -1e-06 1e-06 -21.226254 2.451698 -3.593995 0.0 -6e-06 -0.0 -1.362681 2.240797 -0.746323 -21.334892 0.58491 3.008319 -13.821196 -1e-06 1e-06 -23.887129 -0.249075 -0.839485 -60.156822 2.209547 -1.098098 -0.294025 1.679686 0.833255 -14.218195 0.093215 1.300579 -34.212002 -0.287561 0.967166 -20.033176 0.964536 1.212838 0.0 -0.0 0.0 -3.440387 0.788233 0.501655 -15.928172 -3.167306 2.999703 -6.338817 -0.0 1e-06 -18.123419 3.648181 -4.905662 -4e-06 0.0 -2e-06 10.337641 11.166737 12.803775 62.746613 5.889379 25.524374 0.527118 22.571989 0.271595 -0.168154 -3.094637 -7.539287 2.24354 -5.255033 -3.180156 14.282877 -0.826594 6.952496 -0.0 -12.690593 -1e-06 16.033577 -17.837317 2.726139 1.665665 -1.95592 -2.878297 4.727794 -4.170584 4.993919 11.020511 1e-06 -0.0 12.109032 -3.735715 -2.866778 0.0 -0.0 0.0 1.291985 -1.928548 -1.498088 14.800115 0.567467 3.865604 14.242553 -1.341738 -6.660648 19.631935 0.143921 -0.648243 50.00462 -0.905886 -6.736257 0.353029 -1.51115 -0.03194 20.222769 3.684305 2.316629 18.787249 1e-06 -1e-06 10.751608 -0.47987 1.397903 0.0 -0.0 0.0 3.273804 0.305947 -0.58011 21.48679 11.830364 2.266131 8.162915 0.0 -0.0 18.399052 -3.798986 -4.940567 3e-06 0.0 -1e-06 1.838935 7.409982 -8.041409 0.075627 -0.448161 18.128548 -5.727399 2.21946 -24.288254 1.64437 -1.82822 -1.631453 0.0 -0.0 2e-06 -5.838815 -5.69737 -7.925775 0.059017 0.400678 17.015619 9.318274 -1.326785 -22.887434 -1.438388 0.736953 -1.993955 0.0 -0.0 -1e-06 
0.0 0.0 0.0 0.0 -0.0 0.0 1.421535 95.938431 18.371664 1.092806 -1.356261 15.389448 -0.792955 0.227786 -0.863604 -0.908794 0.506218 -4.9027 -3.9016 -1.199296 8.608943 2.466171 2.815526 -4.548723 -0.787029 0.065722 -3.776387 4.396902 -2.155125 -6.870392 7.7e-05 -2.2e-05 6e-06 -0.002511 0.011035 -0.126026 0.760425 -3.675557 -10.671863 -0.765711 3.70473 -10.700206 -12.024689 -9.265431 11.304403 -53.129913 -10.925539 26.353741 -0.942728 -30.700865 0.295013 7.208961 -3.757779 -19.868309 -5.882102 9.861279 0.70259 -10.936861 -0.360574 7.156197 0.0 8.774815 -0.0 -16.77183 17.943687 5.687151 -1.844031 2.498503 -2.507276 -10.16359 4.678941 4.621104 -20.975996 -1e-06 1e-06 -21.226254 2.451698 -3.593995 0.0 -6e-06 -0.0 -1.362681 2.240797 -0.746323 -21.334892 0.58491 3.008319 -13.821196 -1e-06 1e-06 -23.887129 -0.249075 -0.839485 -60.50211 2.235174 -1.082626 -0.294025 1.679686 0.833255 -14.218195 0.093215 1.300579 -34.212002 -0.287561 0.967166 -20.033176 0.964536 1.212838 0.0 -0.0 0.0 -3.440387 0.788233 0.501655 -15.928172 -3.167306 2.999703 -6.338817 -0.0 1e-06 -18.123419 3.648181 -4.905662 -4e-06 0.0 -2e-06 8.962162 11.224266 12.981897 64.421936 6.426437 26.151714 0.580403 22.483065 0.437524 0.446587 -3.295355 -6.095833 2.24354 -5.255033 -3.180156 14.282877 -0.826594 6.952496 -0.0 -12.690593 -1e-06 16.196838 -17.676363 2.646724 1.665665 -1.95592 -2.878297 4.727794 -4.170584 4.993919 11.020511 1e-06 -0.0 12.109032 -3.735715 -2.866778 0.0 -0.0 0.0 1.291985 -1.928548 -1.498088 14.800115 0.567467 3.865604 14.242553 -1.341738 -6.660648 19.631935 0.143921 -0.648243 49.836132 -0.81679 -6.724025 0.353029 -1.51115 -0.03194 20.222769 3.684305 2.316629 18.787249 1e-06 -1e-06 10.751608 -0.47987 1.397903 0.0 -0.0 0.0 3.273804 0.305947 -0.58011 21.48679 11.830364 2.266131 8.162915 0.0 -0.0 18.399052 -3.798986 -4.940567 3e-06 0.0 -1e-06 0.636543 7.045329 -9.052876 0.086315 -0.479682 19.589884 -5.980076 1.86855 -25.63405 1.65725 -1.78896 -2.435067 0.0 -0.0 2e-06 -6.955235 -5.442351 -9.787328 0.015256 0.436151 20.799831 9.376864 -2.382137 -25.394623 -1.459951 0.741939 -2.846136 0.0 -0.0 -1e-06 
0.0 0.0 0.0 0.0 -0.0 0.0 1.441544 95.004166 19.63789 2.291707 -0.585706 15.828896 -1.451535 0.150092 0.507731 -1.21188 0.395993 -4.332345 -5.014977 -1.706229 8.754946 3.225904 2.738684 -4.963112 -0.902411 -0.064922 -3.726164 4.709659 -3.015889 -7.699678 7.7e-05 -2.2e-05 6e-06 -0.001093 0.076319 -0.144805 0.758988 -3.635299 -10.71521 -0.762431 3.799768 -10.7674 -9.666987 -10.93059 11.538415 -54.77663 -12.962095 26.369974 -1.20813 -30.144491 0.521014 6.735861 -2.915311 -20.082047 -5.882102 9.861279 0.70259 -10.936861 -0.360574 7.156197 0.0 8.774815 -0.0 -16.899147 17.873726 5.624497 -1.844031 2.498503 -2.507276 -10.16359 4.678941 4.621104 -20.975996 -1e-06 1e-06 -21.226254 2.451698 -3.593995 0.0 -6e-06 -0.0 -1.362681 2.240797 -0.746323 -21.334892 0.58491 3.008319 -13.821196 -1e-06 1e-06 -23.887129 -0.249075 -0.839485 -60.822227 2.347077 -1.014045 -0.294025 1.679686 0.833255 -14.218195 0.093215 1.300579 -34.212002 -0.287561 0.967166 -20.033176 0.964536 1.212838 0.0 -0.0 0.0 -3.440387 0.788233 0.501655 -15.928172 -3.167306 2.999703 -6.338817 -0.0 1e-06 -18.123419 3.648181 -4.905662 -4e-06 0.0 -2e-06 7.569433 11.199018 12.901195 66.308952 6.433032 26.291866 0.550792 22.872114 0.515882 1.059509 -2.838922 -4.773832 2.24354 -5.255033 -3.180156 14.282877 -0.826594 6.952496 -0.0 -12.690593 -1e-06 16.506048 -17.742773 2.459612 1.665665 -1.95592 -2.878297 4.727794 -4.170584 4.993919 11.020511 1e-06 -0.0 12.109032 -3.735715 -2.866778 0.0 -0.0 0.0 1.291985 -1.928548 -1.498088 14.800115 0.567467 3.865604 14.242553 -1.341738 -6.660648 19.631935 0.143921 -0.648243 49.951771 -0.853542 -6.817754 0.353029 -1.51115 -0.03194 20.222769 3.684305 2.316629 18.787249 1e-06 -1e-06 10.751608 -0.47987 1.397903 0.0 -0.0 0.0 3.273804 0.305947 -0.58011 21.48679 11.830364 2.266131 8.162915 0.0 -0.0 18.399052 -3.798986 -4.940567 3e-06 0.0 -1e-06 -0.390623 6.369104 -11.058088 0.086893 -0.54935 24.69412 -6.278187 1.409763 -26.76573 1.690727 -1.820904 -3.634615 0.0 -0.0 2e-06 -8.005708 -5.31183 -13.813625 -0.03712 0.591779 30.327129 9.135557 -3.960691 -26.186428 -1.487214 0.786296 -4.797317 0.0 -0.0 -1e-06 
0.0 0.0 0.0 0.0 -0.0 0.0 1.338877 93.999771 21.010448 3.239386 0.095209 15.828038 -1.97603 0.046796 2.100694 -1.436467 0.040311 -3.737349 -5.995143 -2.122024 9.36989 3.805194 2.683644 -5.609093 -1.010962 -0.456791 -3.645452 5.085618 -3.566993 -8.521684 7.7e-05 -2.2e-05 6e-06 -0.000854 0.073916 -0.140168 0.740185 -3.652635 -10.725568 -0.743818 3.812704 -10.791945 -8.236642 -12.454838 11.733428 -55.135349 -15.57924 26.471331 -1.11269 -31.259113 0.500633 6.15227 -1.92564 -19.198381 -5.882102 9.861279 0.70259 -10.936861 -0.360574 7.156197 0.0 8.774815 -0.0 -16.838921 17.897562 5.643179 -1.844031 2.498503 -2.507276 -10.16359 4.678941 4.621104 -20.975996 -1e-06 1e-06 -21.226254 2.451698 -3.593995 0.0 -6e-06 -0.0 -1.362681 2.240797 -0.746323 -21.334892 0.58491 3.008319 -13.821196 -1e-06 1e-06 -23.887129 -0.249075 -0.839485 -60.957985 2.524435 -1.052085 -0.294025 1.679686 0.833255 -14.218195 0.093215 1.300579 -34.212002 -0.287561 0.967166 -20.033176 0.964536 1.212838 0.0 -0.0 0.0 -3.440387 0.788233 0.501655 -15.928172 -3.167306 2.999703 -6.338817 -0.0 1e-06 -18.123419 3.648181 -4.905662 -4e-06 0.0 -2e-06 6.821369 10.967524 12.91123 67.444962 5.910173 26.205486 0.407798 23.623587 0.60611 1.684388 -1.922876 -4.420953 2.24354 -5.255033 -3.180156 14.282877 -0.826594 6.952496 -0.0 -12.690593 -1e-06 16.812458 -17.663521 2.275388 1.665665 -1.95592 -2.878297 4.727794 -4.170584 4.993919 11.020511 1e-06 -0.0 12.109032 -3.735715 -2.866778 0.0 -0.0 0.0 1.291985 -1.928548 -1.498088 14.800115 0.567467 3.865604 14.242553 -1.341738 -6.660648 19.631935 0.143921 -0.648243 50.167976 -0.720454 -6.606088 0.353029 -1.51115 -0.03194 20.222769 3.684305 2.316629 18.787249 1e-06 -1e-06 10.751608 -0.47987 1.397903 0.0 -0.0 0.0 3.273804 0.305947 -0.58011 21.48679 11.830364 2.266131 8.162915 0.0 -0.0 18.399052 -3.798986 -4.940567 3e-06 0.0 -1e-06 -1.024801 5.821994 -12.695116 0.100307 -0.724871 30.525209 -6.441716 0.830471 -26.920149 1.708589 -1.836177 -4.946042 0.0 -0.0 2e-06 -8.741075 -5.20141 -19.879597 0.00618 0.602433 44.374062 7.81707 -5.740995 -23.657919 -1.492739 0.815698 -7.496469 0.0 -0.0 -1e-06 
0.0 0.0 0.0 0.0 -0.0 0.0 1.153702 92.967667 22.811632 3.608345 0.246031 15.754361 -2.164356 -0.050336 3.494576 -1.56753 -0.198708 -3.150653 -6.792163 -2.405508 10.160432 4.170812 2.635946 -6.367433 -1.056556 -0.745612 -3.627403 5.343865 -3.875007 -9.189343 7.7e-05 -2.2e-05 6e-06 0.004437 0.048234 -0.119921 0.724602 -3.70066 -10.75427 -0.717354 3.806769 -10.821408 -8.112422 -13.545365 11.699857 -53.993603 -18.089447 25.653528 -0.658656 -35.723404 0.301551 6.64067 -1.382088 -18.7582 -5.882102 9.861279 0.70259 -10.936861 -0.360574 7.156197 0.0 8.774815 -0.0 -16.864359 18.02807 5.694253 -1.844031 2.498503 -2.507276 -10.16359 4.678941 4.621104 -20.975996 -1e-06 1e-06 -21.226254 2.451698 -3.593995 0.0 -6e-06 -0.0 -1.362681 2.240797 -0.746323 -21.334892 0.58491 3.008319 -13.821196 -1e-06 1e-06 -23.887129 -0.249075 -0.839485 -61.054665 2.592451 -1.126218 -0.294025 1.679686 0.833255 -14.218195 0.093215 1.300579 -34.212002 -0.287561 0.967166 -20.033176 0.964536 1.212838 0.0 -0.0 0.0 -3.440387 0.788233 0.501655 -15.928172 -3.167306 2.999703 -6.338817 -0.0 1e-06 -18.123419 3.648181 -4.905662 -4e-06 0.0 -2e-06 7.126854 10.862262 13.384065 67.520065 4.737142 25.61463 0.341861 23.778313 0.64314 2.655669 -1.039124 -4.124583 2.24354 -5.255033 -3.180156 14.282877 -0.826594 6.952496 -0.0 -12.690593 -1e-06 16.966131 -17.651514 2.140516 1.665665 -1.95592 -2.878297 4.727794 -4.170584 4.993919 11.020511 1e-06 -0.0 12.109032 -3.735715 -2.866778 0.0 -0.0 0.0 1.291985 -1.928548 -1.498088 14.800115 0.567467 3.865604 14.242553 -1.341738 -6.660648 19.631935 0.143921 -0.648243 50.205681 -0.628035 -6.549315 0.353029 -1.51115 -0.03194 20.222769 3.684305 2.316629 18.787249 1e-06 -1e-06 10.751608 -0.47987 1.397903 0.0 -0.0 0.0 3.273804 0.305947 -0.58011 21.48679 11.830364 2.266131 8.162915 0.0 -0.0 18.399052 -3.798986 -4.940567 3e-06 0.0 -1e-06 -1.062543 5.689768 -13.581154 0.068787 -0.905366 35.978592 -6.258818 0.621852 -25.975157 1.745298 -1.900369 -6.886324 0.0 -0.0 2e-06 -8.933896 -5.124762 -27.270304 0.075797 0.441404 59.569107 5.429706 -6.932469 -18.816624 -1.469317 0.828889 -7.075001 0.0 -0.0 -1e-06 
0.0 0.0 0.0 0.0 -0.0 0.0 0.885048 91.771637 25.125874 3.359947 -0.131347 15.895905 -2.045164 -0.092201 4.55428 -1.656676 -0.333064 -2.639288 -7.261085 -2.486178 10.945932 4.337934 2.586719 -7.48969 -1.1239 -0.974338 -3.656859 5.4049 -3.872848 -9.857183 7.7e-05 -2.2e-05 6e-06 0.008325 0.026157 -0.105152 0.71104 -3.735957 -10.760874 -0.695615 3.793039 -10.820894 -8.927416 -14.280455 11.535985 -51.889229 -20.705093 23.235424 0.085821 -43.589825 -0.230587 8.216398 -1.820969 -18.770823 -5.882102 9.861279 0.70259 -10.936861 -0.360574 7.156197 0.0 8.774815 -0.0 -16.980194 18.272804 5.786541 -1.844031 2.498503 -2.507276 -10.16359 4.678941 4.621104 -20.975996 -1e-06 1e-06 -21.226254 2.451698 -3.593995 0.0 -6e-06 -0.0 -1.362681 2.240797 -0.746323 -21.334892 0.58491 3.008319 -13.821196 -1e-06 1e-06 -23.887129 -0.249075 -0.839485 -61.231781 2.597379 -1.265353 -0.294025 1.679686 0.833255 -14.218195 0.093215 1.300579 -34.212002 -0.287561 0.967166 -20.033176 0.964536 1.212838 0.0 -0.0 0.0 -3.440387 0.788233 0.501655 -15.928172 -3.167306 2.999703 -6.338817 -0.0 1e-06 -18.123419 3.648181 -4.905662 -4e-06 0.0 -2e-06 8.211318 11.006479 14.179844 66.751808 2.77318 24.305902 0.563894 22.714693 0.568132 3.815876 -0.646724 -3.405454 2.24354 -5.255033 -3.180156 14.282877 -0.826594 6.952496 -0.0 -12.690593 -1e-06 16.954266 -17.49415 2.058856 1.665665 -1.95592 -2.878297 4.727794 -4.170584 4.993919 11.020511 1e-06 -0.0 12.109032 -3.735715 -2.866778 0.0 -0.0 0.0 1.291985 -1.928548 -1.498088 14.800115 0.567467 3.865604 14.242553 -1.341738 -6.660648 19.631935 0.143921 -0.648243 50.142265 -0.60507 -6.54374 0.353029 -1.51115 -0.03194 20.222769 3.684305 2.316629 18.787249 1e-06 -1e-06 10.751608 -0.47987 1.397903 0.0 -0.0 0.0 3.273804 0.305947 -0.58011 21.48679 11.830364 2.266131 8.162915 0.0 -0.0 18.399052 -3.798986 -4.940567 3e-06 0.0 -1e-06 -0.464477 6.12622 -13.589231 0.014128 -1.022748 40.169582 -6.141616 0.609046 -25.096933 1.793082 -1.923571 -9.155488 0.0 -0.0 2e-06 -8.577262 -5.146627 -35.243309 0.061338 0.197268 72.832825 3.903028 -6.272399 -16.046453 -1.455065 0.87296 -5.064853 0.0 -0.0 -1e-06 
0.0 0.0 0.0 0.0 -0.0 0.0 0.494636 90.57988 27.964615 2.649073 -0.701119 16.410904 -1.73386 -0.062963 5.345037 -1.707123 -0.509071 -2.229687 -7.361643 -2.514275 11.527734 4.405006 2.459177 -9.021307 -1.221303 -0.921946 -3.670957 5.321436 -3.649928 -10.494033 7.7e-05 -2.2e-05 6e-06 0.007328 0.034407 -0.095297 0.709744 -3.731009 -10.757831 -0.696443 3.798309 -10.807927 -9.613287 -14.971531 11.18027 -49.975182 -23.844608 19.134441 0.45985 -53.718159 -0.756707 9.739463 -2.916628 -19.080631 -5.882102 9.861279 0.70259 -10.936861 -0.360574 7.156197 0.0 8.774815 -0.0 -17.046896 18.490416 5.882645 -1.844031 2.498503 -2.507276 -10.16359 4.678941 4.621104 -20.975996 -1e-06 1e-06 -21.226254 2.451698 -3.593995 0.0 -6e-06 -0.0 -1.362681 2.240797 -0.746323 -21.334892 0.58491 3.008319 -13.821196 -1e-06 1e-06 -23.887129 -0.249075 -0.839485 -61.327667 2.538626 -1.302145 -0.294025 1.679686 0.833255 -14.218195 0.093215 1.300579 -34.212002 -0.287561 0.967166 -20.033176 0.964536 1.212838 0.0 -0.0 0.0 -3.440387 0.788233 0.501655 -15.928172 -3.167306 2.999703 -6.338817 -0.0 1e-06 -18.123419 3.648181 -4.905662 -4e-06 0.0 -2e-06 9.123245 11.391394 14.849622 66.107613 -0.127562 22.279602 0.893213 20.962273 0.37943 4.738347 -1.022487 -2.505235 2.24354 -5.255033 -3.180156 14.282877 -0.826594 6.952496 -0.0 -12.690593 -1e-06 16.830452 -17.170759 2.067582 1.665665 -1.95592 -2.878297 4.727794 -4.170584 4.993919 11.020511 1e-06 -0.0 12.109032 -3.735715 -2.866778 0.0 -0.0 0.0 1.291985 -1.928548 -1.498088 14.800115 0.567467 3.865604 14.242553 -1.341738 -6.660648 19.631935 0.143921 -0.648243 50.067402 -0.675285 -6.45828 0.353029 -1.51115 -0.03194 20.222769 3.684305 2.316629 18.787249 1e-06 -1e-06 10.751608 -0.47987 1.397903 0.0 -0.0 0.0 3.273804 0.305947 -0.58011 21.48679 11.830364 2.266131 8.162915 0.0 -0.0 18.399052 -3.798986 -4.940567 3e-06 0.0 -1e-06 0.68489 6.957644 -12.691247 -0.056596 -1.173371 42.516651 -6.381105 0.392688 -24.181023 1.838156 -1.927408 -11.265624 0.0 -0.0 2e-06 -7.712454 -5.254772 -43.489094 0.014964 -0.024348 82.354691 3.609869 -4.217226 -15.95238 -1.466136 0.891831 -4.254933 0.0 -0.0 -1e-06 
0.0 0.0 0.0 0.0 -0.0 0.0 -0.078176 89.68705 31.330421 1.584819 -1.017041 17.430796 -1.248584 -0.06621 5.831392 -1.69034 -0.848112 -1.924841 -7.113476 -2.729855 11.716846 4.540319 2.350624 -10.600243 -1.333928 -0.627115 -3.647327 5.089168 -3.200557 -11.113545 7.7e-05 -2.2e-05 6e-06 -0.000373 0.083976 -0.071368 0.716226 -3.669522 -10.715633 -0.719511 3.832277 -10.756939 -9.313152 -15.959251 10.51548 -48.975845 -27.921164 13.662944 -0.593289 -64.407867 -0.134286 10.568764 -3.734462 -19.578146 -5.882102 9.861279 0.70259 -10.936861 -0.360574 7.156197 0.0 8.774815 -0.0 -17.121763 18.600643 5.753822 -1.844031 2.498503 -2.507276 -10.16359 4.678941 4.621104 -20.975996 -1e-06 1e-06 -21.226254 2.451698 -3.593995 0.0 -6e-06 -0.0 -1.362681 2.240797 -0.746323 -21.334892 0.58491 3.008319 -13.821196 -1e-06 1e-06 -23.887129 -0.249075 -0.839485 -61.144272 2.438754 -1.328839 -0.294025 1.679686 0.833255 -14.218195 0.093215 1.300579 -34.212002 -0.287561 0.967166 -20.033176 0.964536 1.212838 0.0 -0.0 0.0 -3.440387 0.788233 0.501655 -15.928172 -3.167306 2.999703 -6.338817 -0.0 1e-06 -18.123419 3.648181 -4.905662 -4e-06 0.0 -2e-06 9.073156 11.780791 14.952826 66.417725 -3.886538 19.893353 1.134302 19.481306 0.283521 4.666433 -1.611511 -2.840878 2.24354 -5.255033 -3.180156 14.282877 -0.826594 6.952496 -0.0 -12.690593 -1e-06 16.594625 -16.77729 2.223529 1.665665 -1.95592 -2.878297 4.727794 -4.170584 4.993919 11.020511 1e-06 -0.0 12.109032 -3.735715 -2.866778 0.0 -0.0 0.0 1.291985 -1.928548 -1.498088 14.800115 0.567467 3.865604 14.242553 -1.341738 -6.660648 19.631935 0.143921 -0.648243 49.858257 -0.845882 -6.219458 0.353029 -1.51115 -0.03194 20.222769 3.684305 2.316629 18.787249 1e-06 -1e-06 10.751608 -0.47987 1.397903 0.0 -0.0 0.0 3.273804 0.305947 -0.58011 21.48679 11.830364 2.266131 8.162915 0.0 -0.0 18.399052 -3.798986 -4.940567 3e-06 0.0 -1e-06 2.363529 7.81913 -10.89176 -0.1122 -1.447482 42.383999 -6.704505 -0.099075 -22.639381 1.887321 -1.950799 -13.160326 0.0 -0.0 2e-06 -6.239351 -5.508076 -51.9673 -0.086332 -0.242316 87.505997 3.541302 -2.737314 -16.693422 -1.467386 0.880215 -4.217213 0.0 -0.0 -1e-06 
0.0 0.0 0.0 0.0 -0.0 0.0 -0.899587 89.24437 35.231243 0.299553 -0.783593 18.908234 -0.626975 -0.199589 6.011632 -1.60274 -1.405237 -1.759473 -6.446618 -3.241429 11.413695 4.574844 2.408619 -11.940063 -1.313207 -0.249434 -3.59561 4.586935 -2.422385 -11.574575 7.7e-05 -2.2e-05 6e-06 -0.008183 0.128718 -0.046273 0.740768 -3.604647 -10.646947 -0.761685 3.856478 -10.683447 -7.601038 -17.283272 9.512 -49.003139 -33.185795 8.068178 -2.643281 -73.096298 1.700131 11.392832 -4.15401 -19.969555 -5.882102 9.861279 0.70259 -10.936861 -0.360574 7.156197 0.0 8.774815 -0.0 -17.332998 18.578264 5.48357 -1.844031 2.498503 -2.507276 -10.16359 4.678941 4.621104 -20.975996 -1e-06 1e-06 -21.226254 2.451698 -3.593995 0.0 -6e-06 -0.0 -1.362681 2.240797 -0.746323 -21.334892 0.58491 3.008319 -13.821196 -1e-06 1e-06 -23.887129 -0.249075 -0.839485 -61.165874 2.380301 -1.460144 -0.294025 1.679686 0.833255 -14.218195 0.093215 1.300579 -34.212002 -0.287561 0.967166 -20.033176 0.964536 1.212838 0.0 -0.0 0.0 -3.440387 0.788233 0.501655 -15.928172 -3.167306 2.999703 -6.338817 -0.0 1e-06 -18.123419 3.648181 -4.905662 -4e-06 0.0 -2e-06 7.832569 11.967514 14.489282 67.815536 -8.104254 17.431004 1.350154 18.964481 0.265479 3.706787 -1.898562 -5.364609 2.24354 -5.255033 -3.180156 14.282877 -0.826594 6.952496 -0.0 -12.690593 -1e-06 16.26581 -16.400679 2.562921 1.665665 -1.95592 -2.878297 4.727794 -4.170584 4.993919 11.020511 1e-06 -0.0 12.109032 -3.735715 -2.866778 0.0 -0.0 0.0 1.291985 -1.928548 -1.498088 14.800115 0.567467 3.865604 14.242553 -1.341738 -6.660648 19.631935 0.143921 -0.648243 49.636421 -0.966981 -5.888477 0.353029 -1.51115 -0.03194 20.222769 3.684305 2.316629 18.787249 1e-06 -1e-06 10.751608 -0.47987 1.397903 0.0 -0.0 0.0 3.273804 0.305947 -0.58011 21.48679 11.830364 2.266131 8.162915 0.0 -0.0 18.399052 -3.798986 -4.940567 3e-06 0.0 -1e-06 4.521828 8.336009 -7.936548 -0.110211 -1.844586 38.903606 -6.879639 -0.564818 -20.45731 1.937155 -1.953539 -15.215105 0.0 -0.0 2e-06 -4.365381 -5.65364 -59.982231 -0.282178 -0.458957 87.981514 3.311982 -2.283569 -17.504677 -1.452229 0.856689 -4.559269 0.0 -0.0 -1e-06 
0.0 0.0 0.0 0.0 -0.0 0.0 -1.935387 89.480186 39.878376 -0.982725 -0.090633 20.571281 0.041322 -0.393135 6.012844 -1.336723 -2.262641 -1.719172 -5.341775 -3.972493 10.596188 4.119685 2.578493 -12.952535 -1.119685 0.416007 -3.516636 3.751153 -1.585041 -11.71068 7.7e-05 -2.2e-05 6e-06 -0.010025 0.166285 -0.035424 0.767431 -3.559918 -10.619851 -0.794963 3.888988 -10.648637 -4.514312 -18.532557 8.346153 -49.655529 -38.666515 3.177401 -4.242877 -77.789253 3.359042 12.657596 -4.177808 -19.719246 -5.882102 9.861279 0.70259 -10.936861 -0.360574 7.156197 0.0 8.774815 -0.0 -17.110474 18.490889 5.578156 -1.844031 2.498503 -2.507276 -10.16359 4.678941 4.621104 -20.975996 -1e-06 1e-06 -21.226254 2.451698 -3.593995 0.0 -6e-06 -0.0 -1.362681 2.240797 -0.746323 -21.334892 0.58491 3.008319 -13.821196 -1e-06 1e-06 -23.887129 -0.249075 -0.839485 -61.4566 2.338859 -1.615345 -0.294025 1.679686 0.833255 -14.218195 0.093215 1.300579 -34.212002 -0.287561 0.967166 -20.033176 0.964536 1.212838 0.0 -0.0 0.0 -3.440387 0.788233 0.501655 -15.928172 -3.167306 2.999703 -6.338817 -0.0 1e-06 -18.123419 3.648181 -4.905662 -4e-06 0.0 -2e-06 5.490445 11.917584 13.722572 69.993965 -11.802088 15.371805 1.709359 19.211411 0.176124 2.535754 -1.591768 -9.286185 2.24354 -5.255033 -3.180156 14.282877 -0.826594 6.952496 -0.0 -12.690593 -1e-06 16.049919 -16.325991 2.749435 1.665665 -1.95592 -2.878297 4.727794 -4.170584 4.993919 11.020511 1e-06 -0.0 12.109032 -3.735715 -2.866778 0.0 -0.0 0.0 1.291985 -1.928548 -1.498088 14.800115 0.567467 3.865604 14.242553 -1.341738 -6.660648 19.631935 0.143921 -0.648243 49.673653 -1.03459 -5.791286 0.353029 -1.51115 -0.03194 20.222769 3.684305 2.316629 18.787249 1e-06 -1e-06 10.751608 -0.47987 1.397903 0.0 -0.0 0.0 3.273804 0.305947 -0.58011 21.48679 11.830364 2.266131 8.162915 0.0 -0.0 18.399052 -3.798986 -4.940567 3e-06 0.0 -1e-06 6.924681 7.946629 -3.614117 -0.028608 -2.103861 32.139912 -7.144181 -0.451065 -16.434168 2.000462 -1.908962 -18.126915 0.0 -0.0 2e-06 -2.614685 -5.521292 -66.087044 -0.37891 -0.43617 83.93782 3.159102 -2.122479 -17.479305 -1.424321 0.823959 -4.980081 0.0 -0.0 -1e-06 
0.0 0.0 0.0 0.0 -0.0 0.0 -3.140462 90.12986 45.589111 -2.166949 0.510376 22.248793 0.703416 -0.654938 5.740147 -0.929805 -3.030806 -1.827491 -3.853039 -4.728256 9.509316 2.955927 2.883131 -13.45865 -0.85321 1.328768 -3.556568 2.60989 -0.43862 -11.535245 7.7e-05 -2.2e-05 6e-06 -0.010629 0.202715 -0.033632 0.803763 -3.535323 -10.65455 -0.835189 3.939726 -10.684817 -0.614517 -19.123171 7.014541 -50.99918 -42.563236 -0.604511 -6.495439 -78.372017 5.837901 14.257432 -2.760208 -17.984158 -5.882102 9.861279 0.70259 -10.936861 -0.360574 7.156197 0.0 8.774815 -0.0 -16.866112 18.469725 5.910623 -1.844031 2.498503 -2.507276 -10.16359 4.678941 4.621104 -20.975996 -1e-06 1e-06 -21.226254 2.451698 -3.593995 0.0 -6e-06 -0.0 -1.362681 2.240797 -0.746323 -21.334892 0.58491 3.008319 -13.821196 -1e-06 1e-06 -23.887129 -0.249075 -0.839485 -62.016037 2.351937 -1.671534 -0.294025 1.679686 0.833255 -14.218195 0.093215 1.300579 -34.212002 -0.287561 0.967166 -20.033176 0.964536 1.212838 0.0 -0.0 0.0 -3.440387 0.788233 0.501655 -15.928172 -3.167306 2.999703 -6.338817 -0.0 1e-06 -18.123419 3.648181 -4.905662 -4e-06 0.0 -2e-06 2.247252 11.941365 12.983961 72.593689 -14.158056 14.822004 2.306152 20.149225 0.15343 0.696114 -0.312787 -13.836267 2.24354 -5.255033 -3.180156 14.282877 -0.826594 6.952496 -0.0 -12.690593 -1e-06 16.297831 -16.737595 2.741138 1.665665 -1.95592 -2.878297 4.727794 -4.170584 4.993919 11.020511 1e-06 -0.0 12.109032 -3.735715 -2.866778 0.0 -0.0 0.0 1.291985 -1.928548 -1.498088 14.800115 0.567467 3.865604 14.242553 -1.341738 -6.660648 19.631935 0.143921 -0.648243 50.092922 -0.777422 -5.887426 0.353029 -1.51115 -0.03194 20.222769 3.684305 2.316629 18.787249 1e-06 -1e-06 10.751608 -0.47987 1.397903 0.0 -0.0 0.0 3.273804 0.305947 -0.58011 21.48679 11.830364 2.266131 8.162915 0.0 -0.0 18.399052 -3.798986 -4.940567 3e-06 0.0 -1e-06 9.081806 6.984213 1.839785 0.102475 -2.26151 23.238937 -7.002225 1.039215 -9.571019 2.120169 -1.864965 -21.571684 0.0 -0.0 2e-06 -1.708995 -4.865644 -69.197601 -0.21308 -0.236943 77.303329 2.601753 -2.266995 -16.478062 -1.422353 0.727285 -5.415762 0.0 -0.0 -1e-06 
0.0 0.0 0.0 0.0 -0.0 0.0 -4.445404 90.859901 52.189266 -3.082267 1.016822 23.823446 1.488002 -0.968921 5.051405 -0.515122 -3.684419 -2.115927 -2.33902 -5.367477 8.511413 1.434059 3.267289 -13.70175 -0.574241 2.31406 -3.565754 1.382058 0.772354 -11.089284 7.7e-05 -2.2e-05 6e-06 -0.007015 0.245537 -0.042012 0.839271 -3.51198 -10.692338 -0.866191 4.002004 -10.741805 2.743484 -19.022499 5.967739 -53.047192 -43.538696 -1.887587 -8.087309 -76.256241 7.524627 15.664838 -0.178727 -15.114953 -5.882102 9.861279 0.70259 -10.936861 -0.360574 7.156197 0.0 8.774815 -0.0 -16.581173 18.457291 6.147401 -1.844031 2.498503 -2.507276 -10.16359 4.678941 4.621104 -20.975996 -1e-06 1e-06 -21.226254 2.451698 -3.593995 0.0 -6e-06 -0.0 -1.362681 2.240797 -0.746323 -21.334892 0.58491 3.008319 -13.821196 -1e-06 1e-06 -23.887129 -0.249075 -0.839485 -62.126877 2.429051 -1.654999 -0.294025 1.679686 0.833255 -14.218195 0.093215 1.300579 -34.212002 -0.287561 0.967166 -20.033176 0.964536 1.212838 0.0 -0.0 0.0 -3.440387 0.788233 0.501655 -15.928172 -3.167306 2.999703 -6.338817 -0.0 1e-06 -18.123419 3.648181 -4.905662 -4e-06 0.0 -2e-06 -0.485124 12.108416 12.583982 74.579147 -15.051152 15.373209 2.805456 21.961355 0.261404 -1.327909 1.134685 -17.695354 2.24354 -5.255033 -3.180156 14.282877 -0.826594 6.952496 -0.0 -12.690593 -1e-06 16.668823 -17.32461 2.586547 1.665665 -1.95592 -2.878297 4.727794 -4.170584 4.993919 11.020511 1e-06 -0.0 12.109032 -3.735715 -2.866778 0.0 -0.0 0.0 1.291985 -1.928548 -1.498088 14.800115 0.567467 3.865604 14.242553 -1.341738 -6.660648 19.631935 0.143921 -0.648243 50.556564 -0.709758 -6.053656 0.353029 -1.51115 -0.03194 20.222769 3.684305 2.316629 18.787249 1e-06 -1e-06 10.751608 -0.47987 1.397903 0.0 -0.0 0.0 3.273804 0.305947 -0.58011 21.48679 11.830364 2.266131 8.162915 0.0 -0.0 18.399052 -3.798986 -4.940567 3e-06 0.0 -1e-06 10.770401 5.985435 7.121594 0.225536 -2.277096 14.689381 -5.421153 3.919911 0.8747 2.27379 -1.783597 -24.889778 0.0 -0.0 2e-06 -1.739679 -3.920936 -69.023651 0.007386 0.039031 70.184769 1.270376 -3.10298 -15.294399 -1.449608 0.627819 -5.807951 0.0 -0.0 -1e-06 
0.0 0.0 0.0 0.0 -0.0 0.0 -5.865628 91.364113 59.387051 -3.331683 1.25128 24.652857 2.031249 -1.240499 4.281935 -0.22356 -4.131992 -2.490955 -1.179248 -5.794426 8.049831 0.121393 3.743447 -13.798751 -0.42799 2.966327 -3.509682 0.431796 1.547535 -10.226067 7.7e-05 -2.2e-05 6e-06 0.001044 0.234936 -0.054303 0.856268 -3.520672 -10.653082 -0.869049 3.987558 -10.728871 3.698663 -18.243221 6.042336 -55.269039 -41.552578 0.327423 -8.465836 -73.487419 7.576633 16.909781 1.249474 -12.992487 -5.882102 9.861279 0.70259 -10.936861 -0.360574 7.156197 0.0 8.774815 -0.0 -16.322403 18.298477 6.199337 -1.844031 2.498503 -2.507276 -10.16359 4.678941 4.621104 -20.975996 -1e-06 1e-06 -21.226254 2.451698 -3.593995 0.0 -6e-06 -0.0 -1.362681 2.240797 -0.746323 -21.334892 0.58491 3.008319 -13.821196 -1e-06 1e-06 -23.887129 -0.249075 -0.839485 -61.843872 2.438692 -1.481345 -0.294025 1.679686 0.833255 -14.218195 0.093215 1.300579 -34.212002 -0.287561 0.967166 -20.033176 0.964536 1.212838 0.0 -0.0 0.0 -3.440387 0.788233 0.501655 -15.928172 -3.167306 2.999703 -6.338817 -0.0 1e-06 -18.123419 3.648181 -4.905662 -4e-06 0.0 -2e-06 -1.096462 12.295157 12.779634 74.639435 -14.761839 16.515997 2.913839 25.13357 0.274504 -3.115771 1.699281 -20.487875 2.24354 -5.255033 -3.180156 14.282877 -0.826594 6.952496 -0.0 -12.690593 -1e-06 17.164062 -17.820642 2.291984 1.665665 -1.95592 -2.878297 4.727794 -4.170584 4.993919 11.020511 1e-06 -0.0 12.109032 -3.735715 -2.866778 0.0 -0.0 0.0 1.291985 -1.928548 -1.498088 14.800115 0.567467 3.865604 14.242553 -1.341738 -6.660648 19.631935 0.143921 -0.648243 51.025009 -0.794627 -6.285137 0.353029 -1.51115 -0.03194 20.222769 3.684305 2.316629 18.787249 1e-06 -1e-06 10.751608 -0.47987 1.397903 0.0 -0.0 0.0 3.273804 0.305947 -0.58011 21.48679 11.830364 2.266131 8.162915 0.0 -0.0 18.399052 -3.798986 -4.940567 3e-06 0.0 -1e-06 11.612653 5.82091 10.351926 0.268465 -2.159741 11.491241 -1.072558 7.731773 11.196909 2.351647 -1.697312 -22.828201 0.0 -0.0 2e-06 -2.328902 -3.045443 -65.498924 0.084535 0.272576 64.549637 0.168187 -4.191072 -14.87982 -1.461692 0.536607 -6.481458 0.0 -0.0 -1e-06 
0.0 0.0 0.0 0.0 -0.0 0.0 -7.367295 91.382904 67.041382 -2.83019 0.945253 23.892939 1.871091 -1.284695 4.145918 0.057565 -4.398681 -2.84094 -0.470305 -5.790629 8.468717 -0.897913 3.895161 -13.59853 -0.463683 3.496447 -3.458286 -0.155294 1.681145 -9.292885 7.7e-05 -2.2e-05 6e-06 0.007019 0.187911 -0.032326 0.849742 -3.560373 -10.58463 -0.851127 3.93572 -10.69477 2.508389 -16.807671 7.426358 -57.97374 -37.140572 5.558581 -7.446561 -70.450615 6.149706 17.705446 0.828027 -12.11488 -5.882102 9.861279 0.70259 -10.936861 -0.360574 7.156197 0.0 8.774815 -0.0 -16.250566 18.258566 6.210036 -1.844031 2.498503 -2.507276 -10.16359 4.678941 4.621104 -20.975996 -1e-06 1e-06 -21.226254 2.451698 -3.593995 0.0 -6e-06 -0.0 -1.362681 2.240797 -0.746323 -21.334892 0.58491 3.008319 -13.821196 -1e-06 1e-06 -23.887129 -0.249075 -0.839485 -61.496593 2.343934 -1.301181 -0.294025 1.679686 0.833255 -14.218195 0.093215 1.300579 -34.212002 -0.287561 0.967166 -20.033176 0.964536 1.212838 0.0 -0.0 0.0 -3.440387 0.788233 0.501655 -15.928172 -3.167306 2.999703 -6.338817 -0.0 1e-06 -18.123419 3.648181 -4.905662 -4e-06 0.0 -2e-06 0.227478 12.328506 13.62571 72.949585 -12.965359 17.667421 2.598585 29.725878 0.032838 -5.696456 1.448183 -22.369741 2.24354 -5.255033 -3.180156 14.282877 -0.826594 6.952496 -0.0 -12.690593 -1e-06 17.611151 -18.013847 1.91879 1.665665 -1.95592 -2.878297 4.727794 -4.170584 4.993919 11.020511 1e-06 -0.0 12.109032 -3.735715 -2.866778 0.0 -0.0 0.0 1.291985 -1.928548 -1.498088 14.800115 0.567467 3.865604 14.242553 -1.341738 -6.660648 19.631935 0.143921 -0.648243 51.288719 -0.680927 -6.449938 0.353029 -1.51115 -0.03194 20.222769 3.684305 2.316629 18.787249 1e-06 -1e-06 10.751608 -0.47987 1.397903 0.0 -0.0 0.0 3.273804 0.305947 -0.58011 21.48679 11.830364 2.266131 8.162915 0.0 -0.0 18.399052 -3.798986 -4.940567 3e-06 0.0 -1e-06 11.005254 6.206583 10.053933 0.239262 -1.914876 18.898844 6.112101 13.288807 16.195698 2.351715 -1.816817 -11.863518 0.0 -0.0 2e-06 -2.765811 -2.586488 -58.202774 0.085417 0.4886 60.700882 1.278691 -4.066025 -16.754663 -1.429301 0.512211 -7.878066 0.0 -0.0 -1e-06 
0.0 0.0 0.0 0.0 -0.0 0.0 -8.91262 90.504135 74.973709 -2.107126 0.191531 21.871397 1.493503 -1.085222 4.804957 0.283488 -4.110427 -3.097971 -0.074099 -5.272004 9.087074 -1.958264 3.495895 -12.585377 -0.291243 3.360743 -3.389607 -0.542547 1.791977 -9.386935 7.7e-05 -2.2e-05 6e-06 -0.003061 0.173402 -0.041729 0.808994 -3.578357 -10.535837 -0.829918 3.928452 -10.676444 0.958085 -14.865198 9.123087 -62.165154 -30.614941 13.4192 -3.055869 -65.106194 1.63574 17.49794 -0.666575 -13.462664 -5.882102 9.861279 0.70259 -10.936861 -0.360574 7.156197 0.0 8.774815 -0.0 -16.254103 18.40621 6.122812 -1.844031 2.498503 -2.507276 -10.16359 4.678941 4.621104 -20.975996 -1e-06 1e-06 -21.226254 2.451698 -3.593995 0.0 -6e-06 -0.0 -1.362681 2.240797 -0.746323 -21.334892 0.58491 3.008319 -13.821196 -1e-06 1e-06 -23.887129 -0.249075 -0.839485 -60.657585 2.344893 -1.278604 -0.294025 1.679686 0.833255 -14.218195 0.093215 1.300579 -34.212002 -0.287561 0.967166 -20.033176 0.964536 1.212838 0.0 -0.0 0.0 -3.440387 0.788233 0.501655 -15.928172 -3.167306 2.999703 -6.338817 -0.0 1e-06 -18.123419 3.648181 -4.905662 -4e-06 0.0 -2e-06 2.348023 12.077155 14.684054 70.627327 -10.234979 18.436699 1.24744 35.983162 -0.433627 -9.86153 1.487346 -23.715832 2.24354 -5.255033 -3.180156 14.282877 -0.826594 6.952496 -0.0 -12.690593 -1e-06 17.591883 -17.773716 1.941977 1.665665 -1.95592 -2.878297 4.727794 -4.170584 4.993919 11.020511 1e-06 -0.0 12.109032 -3.735715 -2.866778 0.0 -0.0 0.0 1.291985 -1.928548 -1.498088 14.800115 0.567467 3.865604 14.242553 -1.341738 -6.660648 19.631935 0.143921 -0.648243 50.865791 -0.648374 -6.36105 0.353029 -1.51115 -0.03194 20.222769 3.684305 2.316629 18.787249 1e-06 -1e-06 10.751608 -0.47987 1.397903 0.0 -0.0 0.0 3.273804 0.305947 -0.58011 21.48679 11.830364 2.266131 8.162915 0.0 -0.0 18.399052 -3.798986 -4.940567 3e-06 0.0 -1e-06 9.701491 6.066012 5.973929 0.077045 -1.531989 37.62957 7.138446 14.78236 13.165601 2.395092 -1.972238 -5.857384 0.0 -0.0 2e-06 -2.714164 -2.757517 -48.188923 0.289114 0.781325 57.89801 4.576474 -2.641975 -25.902218 -1.44119 0.595312 -6.866544 0.0 -0.0 -1e-06 
0.0 0.0 0.0 0.0 -0.0 0.0 -10.308814 88.741531 82.403427 -2.589876 -1.480637 20.139433 2.004775 -0.456711 5.740333 0.476741 -3.089911 -3.051685 0.355517 -4.424087 9.398043 -3.42037 3.199899 -11.663942 -0.246507 2.805694 -3.503058 -0.678243 1.84771 -10.558455 7.7e-05 -2.2e-05 6e-06 -0.001167 0.154172 -0.060982 0.810955 -3.601388 -10.516252 -0.827435 3.913063 -10.639956 -0.870155 -12.264107 10.316055 -65.624207 -22.543283 18.999485 -1.244789 -55.718155 0.296721 16.978519 -1.700512 -15.816782 -5.882102 9.861279 0.70259 -10.936861 -0.360574 7.156197 0.0 8.774815 -0.0 -16.015709 18.562405 6.264711 -1.844031 2.498503 -2.507276 -10.16359 4.678941 4.621104 -20.975996 -1e-06 1e-06 -21.226254 2.451698 -3.593995 0.0 -6e-06 -0.0 -1.362681 2.240797 -0.746323 -21.334892 0.58491 3.008319 -13.821196 -1e-06 1e-06 -23.887129 -0.249075 -0.839485 -60.529385 2.289587 -0.971235 -0.294025 1.679686 0.833255 -14.218195 0.093215 1.300579 -34.212002 -0.287561 0.967166 -20.033176 0.964536 1.212838 0.0 -0.0 0.0 -3.440387 0.788233 0.501655 -15.928172 -3.167306 2.999703 -6.338817 -0.0 1e-06 -18.123419 3.648181 -4.905662 -4e-06 0.0 -2e-06 3.833777 12.594961 15.136721 68.417656 -6.015544 18.617708 -0.929847 44.028751 -1.340159 -15.286216 1.892024 -23.090441 2.24354 -5.255033 -3.180156 14.282877 -0.826594 6.952496 -0.0 -12.690593 -1e-06 16.92156 -17.784897 2.316157 1.665665 -1.95592 -2.878297 4.727794 -4.170584 4.993919 11.020511 1e-06 -0.0 12.109032 -3.735715 -2.866778 0.0 -0.0 0.0 1.291985 -1.928548 -1.498088 14.800115 0.567467 3.865604 14.242553 -1.341738 -6.660648 19.631935 0.143921 -0.648243 50.605164 -0.709562 -6.284947 0.353029 -1.51115 -0.03194 20.222769 3.684305 2.316629 18.787249 1e-06 -1e-06 10.751608 -0.47987 1.397903 0.0 -0.0 0.0 3.273804 0.305947 -0.58011 21.48679 11.830364 2.266131 8.162915 0.0 -0.0 18.399052 -3.798986 -4.940567 3e-06 0.0 -1e-06 9.081222 7.200143 -1.547317 -0.154346 -1.081001 61.46788 4.021153 10.516641 5.644947 2.365009 -2.062424 -5.013608 0.0 -0.0 2e-06 -1.866591 -1.314192 -41.219975 0.176609 0.880902 59.067463 5.291849 -1.316952 -33.900539 -1.452158 0.664171 -5.509994 0.0 -0.0 -1e-06 
0.0 0.0 0.0 0.0 -0.0 0.0 -11.633511 86.84391 89.685738 -3.955821 -3.501713 18.920822 3.047975 0.319827 6.604785 0.610548 -1.852066 -2.78212 1.085922 -3.555449 9.972841 -5.032705 3.462074 -11.373575 -0.370566 1.893092 -3.665198 -0.751552 1.650078 -11.766379 7.7e-05 -2.2e-05 6e-06 -0.000329 0.086579 -0.066684 0.787273 -3.667477 -10.560542 -0.800741 3.843277 -10.623609 -3.34855 -9.850003 11.579253 -66.846443 -13.423203 19.318281 -1.306258 -45.32859 0.414086 15.993264 -0.550772 -17.166245 -5.882102 9.861279 0.70259 -10.936861 -0.360574 7.156197 0.0 8.774815 -0.0 -15.582808 17.636576 6.527678 -1.844031 2.498503 -2.507276 -10.16359 4.678941 4.621104 -20.975996 -1e-06 1e-06 -21.226254 2.451698 -3.593995 0.0 -6e-06 -0.0 -1.362681 2.240797 -0.746323 -21.334892 0.58491 3.008319 -13.821196 -1e-06 1e-06 -23.887129 -0.249075 -0.839485 -61.020008 2.295116 -0.38805 -0.294025 1.679686 0.833255 -14.218195 0.093215 1.300579 -34.212002 -0.287561 0.967166 -20.033176 0.964536 1.212838 0.0 -0.0 0.0 -3.440387 0.788233 0.501655 -15.928172 -3.167306 2.999703 -6.338817 -0.0 1e-06 -18.123419 3.648181 -4.905662 -4e-06 0.0 -2e-06 4.558384 13.465838 15.429136 65.337769 1.588922 18.080196 -1.929079 52.950699 -1.602697 -20.547993 2.960536 -18.963634 2.24354 -5.255033 -3.180156 14.282877 -0.826594 6.952496 -0.0 -12.690593 -1e-06 16.307661 -17.701193 2.575629 1.665665 -1.95592 -2.878297 4.727794 -4.170584 4.993919 11.020511 1e-06 -0.0 12.109032 -3.735715 -2.866778 0.0 -0.0 0.0 1.291985 -1.928548 -1.498088 14.800115 0.567467 3.865604 14.242553 -1.341738 -6.660648 19.631935 0.143921 -0.648243 50.506111 -0.806566 -6.345619 0.353029 -1.51115 -0.03194 20.222769 3.684305 2.316629 18.787249 1e-06 -1e-06 10.751608 -0.47987 1.397903 0.0 -0.0 0.0 3.273804 0.305947 -0.58011 21.48679 11.830364 2.266131 8.162915 0.0 -0.0 18.399052 -3.798986 -4.940567 3e-06 0.0 -1e-06 8.804158 9.800837 -12.363567 -0.191307 -0.541464 84.134842 3.090945 7.345666 -1.599234 2.398287 -2.033406 -5.264031 0.0 -0.0 2e-06 -0.365763 0.747664 -34.779358 0.079712 0.915295 60.483635 5.301763 -0.38351 -37.953667 -1.450636 0.709962 -6.289199 0.0 -0.0 -1e-06 
0.0 0.0 0.0 0.0 -0.0 0.0 -13.002339 85.333633 97.398964 -4.076019 -4.915912 18.034603 3.33882 0.773907 7.198733 0.498521 -0.725238 -2.484507 1.082308 -2.612706 10.60358 -5.898146 3.907655 -11.422383 -0.664275 0.742992 -3.524513 -0.733602 1.124058 -12.873667 7.7e-05 -2.2e-05 6e-06 -0.011929 0.040978 -0.023926 0.767179 -3.706662 -10.569839 -0.802113 3.788839 -10.569382 -5.355265 -8.051452 12.65606 -65.154709 -2.240651 18.964905 -0.545521 -41.542141 0.405883 13.529547 1.805801 -15.388763 -5.882102 9.861279 0.70259 -10.936861 -0.360574 7.156197 0.0 8.774815 -0.0 -15.953441 16.415806 6.402153 -1.844031 2.498503 -2.507276 -10.16359 4.678941 4.621104 -20.975996 -1e-06 1e-06 -21.226254 2.451698 -3.593995 0.0 -6e-06 -0.0 -1.362681 2.240797 -0.746323 -21.334892 0.58491 3.008319 -13.821196 -1e-06 1e-06 -23.887129 -0.249075 -0.839485 -62.395706 2.099499 -0.190905 -0.294025 1.679686 0.833255 -14.218195 0.093215 1.300579 -34.212002 -0.287561 0.967166 -20.033176 0.964536 1.212838 0.0 -0.0 0.0 -3.440387 0.788233 0.501655 -15.928172 -3.167306 2.999703 -6.338817 -0.0 1e-06 -18.123419 3.648181 -4.905662 -4e-06 0.0 -2e-06 4.585077 14.179764 14.830494 62.387508 11.406863 16.1087 -1.495639 63.979496 -1.475353 -23.708284 6.012971 -13.445205 2.24354 -5.255033 -3.180156 14.282877 -0.826594 6.952496 -0.0 -12.690593 -1e-06 16.024933 -17.741777 2.396306 1.665665 -1.95592 -2.878297 4.727794 -4.170584 4.993919 11.020511 1e-06 -0.0 12.109032 -3.735715 -2.866778 0.0 -0.0 0.0 1.291985 -1.928548 -1.498088 14.800115 0.567467 3.865604 14.242553 -1.341738 -6.660648 19.631935 0.143921 -0.648243 50.657539 -0.446748 -7.068108 0.353029 -1.51115 -0.03194 20.222769 3.684305 2.316629 18.787249 1e-06 -1e-06 10.751608 -0.47987 1.397903 0.0 -0.0 0.0 3.273804 0.305947 -0.58011 21.48679 11.830364 2.266131 8.162915 0.0 -0.0 18.399052 -3.798986 -4.940567 3e-06 0.0 -1e-06 6.521907 11.920721 -26.625914 -0.050535 0.218716 101.400749 3.680462 6.646386 -7.225025 2.363882 -1.991755 -5.536269 0.0 -0.0 2e-06 0.002077 1.154932 -26.994953 0.028809 1.070544 59.221539 5.002114 0.711434 -40.455105 -1.439489 0.748931 -7.965147 0.0 -0.0 -1e-06 
0.0 0.0 0.0 0.0 -0.0 0.0 -14.235348 84.379921 105.535378 -2.806351 -5.852588 17.480497 2.978567 1.099702 7.703931 0.004827 0.87494 -2.231206 0.476539 -1.236329 10.650535 -6.397617 4.181072 -11.203225 -1.182231 -0.705751 -3.33656 -0.366157 -0.177888 -13.879354 7.7e-05 -2.2e-05 6e-06 -0.020792 0.057703 -0.012984 0.770221 -3.6726 -10.581996 -0.822214 3.786578 -10.577412 -4.929832 -5.622785 12.87522 -62.094891 9.829358 21.318239 0.265824 -45.976662 0.887173 11.002086 2.163251 -13.832457 -5.882102 9.861279 0.70259 -10.936861 -0.360574 7.156197 0.0 8.774815 -0.0 -16.653803 16.187216 6.118346 -1.844031 2.498503 -2.507276 -10.16359 4.678941 4.621104 -20.975996 -1e-06 1e-06 -21.226254 2.451698 -3.593995 0.0 -6e-06 -0.0 -1.362681 2.240797 -0.746323 -21.334892 0.58491 3.008319 -13.821196 -1e-06 1e-06 -23.887129 -0.249075 -0.839485 -63.429947 1.956392 -0.287896 -0.294025 1.679686 0.833255 -14.218195 0.093215 1.300579 -34.212002 -0.287561 0.967166 -20.033176 0.964536 1.212838 0.0 -0.0 0.0 -3.440387 0.788233 0.501655 -15.928172 -3.167306 2.999703 -6.338817 -0.0 1e-06 -18.123419 3.648181 -4.905662 -4e-06 0.0 -2e-06 3.111453 15.440265 12.975041 61.215012 21.042704 11.311969 -2.792984 77.498985 -3.427705 -25.499165 10.683156 -10.393947 2.24354 -5.255033 -3.180156 14.282877 -0.826594 6.952496 -0.0 -12.690593 -1e-06 15.80509 -17.069357 2.168469 1.665665 -1.95592 -2.878297 4.727794 -4.170584 4.993919 11.020511 1e-06 -0.0 12.109032 -3.735715 -2.866778 0.0 -0.0 0.0 1.291985 -1.928548 -1.498088 14.800115 0.567467 3.865604 14.242553 -1.341738 -6.660648 19.631935 0.143921 -0.648243 50.599369 0.750873 -7.054094 0.353029 -1.51115 -0.03194 20.222769 3.684305 2.316629 18.787249 1e-06 -1e-06 10.751608 -0.47987 1.397903 0.0 -0.0 0.0 3.273804 0.305947 -0.58011 21.48679 11.830364 2.266131 8.162915 0.0 -0.0 18.399052 -3.798986 -4.940567 3e-06 0.0 -1e-06 1.689391 12.750833 -43.797794 0.245932 0.90484 109.959137 4.122565 5.557456 -9.988482 2.037793 -1.967413 -5.385032 0.0 -0.0 2e-06 -1.358684 -0.06563 -17.888889 -0.194401 1.354267 54.358719 5.104323 2.567978 -40.80595 -1.472271 0.943888 -9.728332 0.0 -0.0 -1e-06 
0.0 0.0 0.0 0.0 -0.0 0.0 -15.272984 84.20179 114.613426 -0.701774 -6.430989 17.218889 2.105749 1.695379 7.747559 -0.572746 2.894769 -2.104882 -0.34332 0.482253 10.17082 -6.874814 4.432723 -9.789618 -1.549259 -2.364434 -3.45776 0.417481 -2.258104 -13.678758 7.7e-05 -2.2e-05 6e-06 -0.016058 0.063996 -0.056572 0.726066 -3.645578 -10.668075 -0.767969 3.769016 -10.677608 -1.610887 -3.266064 13.100519 -59.557236 19.635239 22.878729 0.095874 -52.513134 1.804023 11.219824 0.855323 -13.464796 -5.882102 9.861279 0.70259 -10.936861 -0.360574 7.156197 0.0 8.774815 -0.0 -17.240259 16.13625 5.888002 -1.844031 2.498503 -2.507276 -10.16359 4.678941 4.621104 -20.975996 -1e-06 1e-06 -21.226254 2.451698 -3.593995 0.0 -6e-06 -0.0 -1.362681 2.240797 -0.746323 -21.334892 0.58491 3.008319 -13.821196 -1e-06 1e-06 -23.887129 -0.249075 -0.839485 -63.314713 1.712281 -0.165495 -0.294025 1.679686 0.833255 -14.218195 0.093215 1.300579 -34.212002 -0.287561 0.967166 -20.033176 0.964536 1.212838 0.0 -0.0 0.0 -3.440387 0.788233 0.501655 -15.928172 -3.167306 2.999703 -6.338817 -0.0 1e-06 -18.123419 3.648181 -4.905662 -4e-06 0.0 -2e-06 0.365856 17.510857 10.787589 59.703865 29.28866 3.571969 -34.065895 89.355629 -34.629715 -27.391314 14.202474 -6.344412 2.24354 -5.255033 -3.180156 14.282877 -0.826594 6.952496 -0.0 -12.690593 -1e-06 15.884432 -16.473476 2.448726 1.665665 -1.95592 -2.878297 4.727794 -4.170584 4.993919 11.020511 1e-06 -0.0 12.109032 -3.735715 -2.866778 0.0 -0.0 0.0 1.291985 -1.928548 -1.498088 14.800115 0.567467 3.865604 14.242553 -1.341738 -6.660648 19.631935 0.143921 -0.648243 50.485912 0.86159 -6.387073 0.353029 -1.51115 -0.03194 20.222769 3.684305 2.316629 18.787249 1e-06 -1e-06 10.751608 -0.47987 1.397903 0.0 -0.0 0.0 3.273804 0.305947 -0.58011 21.48679 11.830364 2.266131 8.162915 0.0 -0.0 18.399052 -3.798986 -4.940567 3e-06 0.0 -1e-06 -4.344472 11.043031 -59.684166 0.721434 1.191939 108.229851 2.550477 3.781725 -9.591369 1.744138 -1.861726 -6.061346 0.0 -0.0 2e-06 -4.185258 -2.198162 -6.366879 -0.507376 1.757418 43.929081 5.792758 4.926676 -36.28141 -1.558776 1.099262 -13.870925 0.0 -0.0 -1e-06 
0.0 0.0 0.0 0.0 -0.0 0.0 -16.262669 84.855888 125.04557 2.591419 -5.841534 17.756672 0.379188 2.248894 6.974363 -1.058145 4.300857 -2.203568 -1.761774 2.403601 9.268909 -6.530518 4.382203 -8.037586 -1.839609 -4.055003 -3.681854 1.358324 -4.729798 -12.209239 7.7e-05 -2.2e-05 6e-06 -0.000589 0.055222 -0.07262 0.667749 -3.669088 -10.782408 -0.677075 3.769139 -10.783117 4.023216 -2.662945 13.681036 -59.683464 25.463472 22.263182 -0.06875 -56.934689 1.549531 13.898578 0.20247 -13.586686 -5.882102 9.861279 0.70259 -10.936861 -0.360574 7.156197 0.0 8.774815 -0.0 -17.409191 15.933017 5.714124 -1.844031 2.498503 -2.507276 -10.16359 4.678941 4.621104 -20.975996 -1e-06 1e-06 -21.226254 2.451698 -3.593995 0.0 -6e-06 -0.0 -1.362681 2.240797 -0.746323 -21.334892 0.58491 3.008319 -13.821196 -1e-06 1e-06 -23.887129 -0.249075 -0.839485 -62.273022 1.722577 -0.053192 -0.294025 1.679686 0.833255 -14.218195 0.093215 1.300579 -34.212002 -0.287561 0.967166 -20.033176 0.964536 1.212838 0.0 -0.0 0.0 -3.440387 0.788233 0.501655 -15.928172 -3.167306 2.999703 -6.338817 -0.0 1e-06 -18.123419 3.648181 -4.905662 -4e-06 0.0 -2e-06 -2.345813 19.456915 9.322996 56.482525 33.337162 -5.452669 174.395386 80.40712 174.019073 -28.366194 16.143904 0.02978 2.24354 -5.255033 -3.180156 14.282877 -0.826594 6.952496 -0.0 -12.690593 -1e-06 16.047508 -16.593679 2.931856 1.665665 -1.95592 -2.878297 4.727794 -4.170584 4.993919 11.020511 1e-06 -0.0 12.109032 -3.735715 -2.866778 0.0 -0.0 0.0 1.291985 -1.928548 -1.498088 14.800115 0.567467 3.865604 14.242553 -1.341738 -6.660648 19.631935 0.143921 -0.648243 51.174877 0.04974 -5.923406 0.353029 -1.51115 -0.03194 20.222769 3.684305 2.316629 18.787249 1e-06 -1e-06 10.751608 -0.47987 1.397903 0.0 -0.0 0.0 3.273804 0.305947 -0.58011 21.48679 11.830364 2.266131 8.162915 0.0 -0.0 18.399052 -3.798986 -4.940567 3e-06 0.0 -1e-06 -9.819599 5.58649 -70.778023 1.070778 1.082572 98.845978 -0.180997 4.177655 -8.856703 1.72177 -1.863981 -6.707061 0.0 -0.0 2e-06 -8.495609 -4.910137 5.062421 -0.616741 2.14772 30.440319 7.104644 6.535193 -23.897747 -1.720586 1.04216 -23.09025 0.0 -0.0 -1e-06 
0.0 0.0 0.0 0.0 -0.0 0.0 -17.205631 86.430794 136.277145 6.441033 -3.687754 19.425556 -1.827513 2.426659 5.657293 -1.568902 5.117868 -2.613045 -3.504664 3.63296 8.417084 -5.350104 3.597357 -7.778021 -2.11673 -5.4187 -3.608055 2.330595 -7.27831 -10.502215 7.7e-05 -2.2e-05 6e-06 -0.006621 0.024818 -0.110519 0.673898 -3.701128 -10.803423 -0.692197 3.737908 -10.780985 9.655594 -3.814929 13.577233 -62.122948 27.574165 20.487488 -0.003854 -59.263382 1.067064 16.921116 0.215355 -13.908529 -5.882102 9.861279 0.70259 -10.936861 -0.360574 7.156197 0.0 8.774815 -0.0 -17.270195 16.206018 5.828233 -1.844031 2.498503 -2.507276 -10.16359 4.678941 4.621104 -20.975996 -1e-06 1e-06 -21.226254 2.451698 -3.593995 0.0 -6e-06 -0.0 -1.362681 2.240797 -0.746323 -21.334892 0.58491 3.008319 -13.821196 -1e-06 1e-06 -23.887129 -0.249075 -0.839485 -61.025249 2.12524 -0.302225 -0.294025 1.679686 0.833255 -14.218195 0.093215 1.300579 -34.212002 -0.287561 0.967166 -20.033176 0.964536 1.212838 0.0 -0.0 0.0 -3.440387 0.788233 0.501655 -15.928172 -3.167306 2.999703 -6.338817 -0.0 1e-06 -18.123419 3.648181 -4.905662 -4e-06 0.0 -2e-06 -3.473659 19.98328 8.854024 53.398487 32.187737 -11.201752 172.039261 73.134117 172.12883 -27.388933 16.5387 4.711515 2.24354 -5.255033 -3.180156 14.282877 -0.826594 6.952496 -0.0 -12.690593 -1e-06 15.971225 -17.297773 3.408314 1.665665 -1.95592 -2.878297 4.727794 -4.170584 4.993919 11.020511 1e-06 -0.0 12.109032 -3.735715 -2.866778 0.0 -0.0 0.0 1.291985 -1.928548 -1.498088 14.800115 0.567467 3.865604 14.242553 -1.341738 -6.660648 19.631935 0.143921 -0.648243 51.705532 -0.315785 -5.919037 0.353029 -1.51115 -0.03194 20.222769 3.684305 2.316629 18.787249 1e-06 -1e-06 10.751608 -0.47987 1.397903 0.0 -0.0 0.0 3.273804 0.305947 -0.58011 21.48679 11.830364 2.266131 8.162915 0.0 -0.0 18.399052 -3.798986 -4.940567 3e-06 0.0 -1e-06 -13.508494 -1.414879 -76.399551 0.807067 0.723463 83.965485 -2.468644 5.232759 -10.013234 1.7145 -2.01894 -5.888617 0.0 -0.0 2e-06 -12.236395 -7.104569 15.039168 -0.357701 2.111736 16.640127 8.418177 4.881547 -3.033107 -1.734576 0.735024 -34.506306 0.0 -0.0 -1e-06 
0.0 0.0 0.0 0.0 -0.0 0.0 -18.141247 88.271294 148.17984 7.963183 -1.274544 21.386333 -2.696193 2.585815 4.28789 -1.786758 5.806768 -2.89115 -4.823593 4.026175 8.272017 -4.548888 3.024632 -9.08319 -2.590163 -6.679491 -3.543257 3.774798 -9.800344 -9.121266 7.7e-05 -2.2e-05 6e-06 -0.014471 0.064045 -0.186888 0.753474 -3.637461 -10.818643 -0.785083 3.754292 -10.782894 11.654854 -5.206188 12.061058 -64.500992 26.461887 18.870691 -0.202608 -60.508945 0.517395 19.662874 -0.783643 -13.599858 -5.882102 9.861279 0.70259 -10.936861 -0.360574 7.156197 0.0 8.774815 -0.0 -17.158527 16.599613 6.001136 -1.844031 2.498503 -2.507276 -10.16359 4.678941 4.621104 -20.975996 -1e-06 1e-06 -21.226254 2.451698 -3.593995 0.0 -6e-06 -0.0 -1.362681 2.240797 -0.746323 -21.334892 0.58491 3.008319 -13.821196 -1e-06 1e-06 -23.887129 -0.249075 -0.839485 -61.138813 2.389423 -0.601887 -0.294025 1.679686 0.833255 -14.218195 0.093215 1.300579 -34.212002 -0.287561 0.967166 -20.033176 0.964536 1.212838 0.0 -0.0 0.0 -3.440387 0.788233 0.501655 -15.928172 -3.167306 2.999703 -6.338817 -0.0 1e-06 -18.123419 3.648181 -4.905662 -4e-06 0.0 -2e-06 -2.213006 19.59516 9.589738 51.811207 27.852003 -9.934791 172.242523 72.829102 172.314774 -25.670527 15.565752 7.991283 2.24354 -5.255033 -3.180156 14.282877 -0.826594 6.952496 -0.0 -12.690593 -1e-06 15.645419 -17.561163 3.371238 1.665665 -1.95592 -2.878297 4.727794 -4.170584 4.993919 11.020511 1e-06 -0.0 12.109032 -3.735715 -2.866778 0.0 -0.0 0.0 1.291985 -1.928548 -1.498088 14.800115 0.567467 3.865604 14.242553 -1.341738 -6.660648 19.631935 0.143921 -0.648243 50.831505 -0.428692 -6.232121 0.353029 -1.51115 -0.03194 20.222769 3.684305 2.316629 18.787249 1e-06 -1e-06 10.751608 -0.47987 1.397903 0.0 -0.0 0.0 3.273804 0.305947 -0.58011 21.48679 11.830364 2.266131 8.162915 0.0 -0.0 18.399052 -3.798986 -4.940567 3e-06 0.0 -1e-06 -14.080817 -5.513291 -76.620041 0.472382 0.459999 65.289543 -5.532455 4.967732 -13.533953 1.594727 -1.998039 -6.230848 0.0 -0.0 2e-06 -11.929277 -6.848374 20.604502 -0.02503 1.673731 8.809412 11.234168 1.592041 21.336349 -1.256595 0.603178 -25.691139 0.0 -0.0 -1e-06 
0.0 0.0 0.0 0.0 -0.0 0.0 -19.023027 89.370605 159.56189 6.530846 0.408998 20.699053 -1.864279 2.579707 4.309251 -1.757158 5.839944 -2.709948 -5.121122 4.218621 9.101389 -4.040083 3.014859 -10.525357 -2.985093 -7.635801 -3.400881 4.931928 -10.886519 -9.323352 7.7e-05 -2.2e-05 6e-06 -0.000991 0.143304 -0.16982 0.821251 -3.516891 -10.757429 -0.824022 3.796897 -10.727369 9.74207 -5.366834 10.884311 -65.71759 21.663767 19.018692 0.439459 -61.891399 -1.319257 21.712751 -3.241058 -12.2198 -5.882102 9.861279 0.70259 -10.936861 -0.360574 7.156197 0.0 8.774815 -0.0 -17.101759 17.198961 6.021721 -1.844031 2.498503 -2.507276 -10.16359 4.678941 4.621104 -20.975996 -1e-06 1e-06 -21.226254 2.451698 -3.593995 0.0 -6e-06 -0.0 -1.362681 2.240797 -0.746323 -21.334892 0.58491 3.008319 -13.821196 -1e-06 1e-06 -23.887129 -0.249075 -0.839485 -62.250755 2.027221 -1.014809 -0.294025 1.679686 0.833255 -14.218195 0.093215 1.300579 -34.212002 -0.287561 0.967166 -20.033176 0.964536 1.212838 0.0 -0.0 0.0 -3.440387 0.788233 0.501655 -15.928172 -3.167306 2.999703 -6.338817 -0.0 1e-06 -18.123419 3.648181 -4.905662 -4e-06 0.0 -2e-06 -0.451261 19.083967 10.741673 52.694225 23.862146 -2.095985 169.011414 83.062767 168.48082 -24.956259 14.184878 7.687894 2.24354 -5.255033 -3.180156 14.282877 -0.826594 6.952496 -0.0 -12.690593 -1e-06 15.405606 -17.786959 3.160894 1.665665 -1.95592 -2.878297 4.727794 -4.170584 4.993919 11.020511 1e-06 -0.0 12.109032 -3.735715 -2.866778 0.0 -0.0 0.0 1.291985 -1.928548 -1.498088 14.800115 0.567467 3.865604 14.242553 -1.341738 -6.660648 19.631935 0.143921 -0.648243 50.042168 -0.476953 -6.291253 0.353029 -1.51115 -0.03194 20.222769 3.684305 2.316629 18.787249 1e-06 -1e-06 10.751608 -0.47987 1.397903 0.0 -0.0 0.0 3.273804 0.305947 -0.58011 21.48679 11.830364 2.266131 8.162915 0.0 -0.0 18.399052 -3.798986 -4.940567 3e-06 0.0 -1e-06 -12.74964 -5.877573 -71.783875 0.327442 0.447034 51.078289 -5.056377 5.494665 -17.062927 1.615135 -1.787161 -6.85798 0.0 -0.0 2e-06 -7.769712 -5.040061 21.618713 -0.398633 1.281048 16.496103 14.060085 3.25158 30.699707 -1.081782 0.969998 -4.962258 0.0 -0.0 -1e-06 
0.0 0.0 0.0 0.0 -0.0 0.0 -19.578865 89.556587 170.732132 4.231114 0.921963 17.855762 -0.930873 2.131825 5.50872 -1.789862 5.388601 -2.47511 -4.796441 4.123021 10.043999 -3.005279 2.834504 -10.728419 -2.964684 -7.313056 -3.339931 5.394806 -10.10192 -9.829325 7.7e-05 -2.2e-05 6e-06 0.031349 0.074577 -0.076649 0.820863 -3.594198 -10.678604 -0.756037 3.74003 -10.685214 4.635564 -5.217003 10.797278 -64.673645 13.860777 18.780716 -0.360869 -63.240482 -0.637744 22.052156 -5.647876 -11.014629 -5.882102 9.861279 0.70259 -10.936861 -0.360574 7.156197 0.0 8.774815 -0.0 -17.016031 17.901686 6.033896 -1.844031 2.498503 -2.507276 -10.16359 4.678941 4.621104 -20.975996 -1e-06 1e-06 -21.226254 2.451698 -3.593995 0.0 -6e-06 -0.0 -1.362681 2.240797 -0.746323 -21.334892 0.58491 3.008319 -13.821196 -1e-06 1e-06 -23.887129 -0.249075 -0.839485 -62.463165 1.728108 -1.444098 -0.294025 1.679686 0.833255 -14.218195 0.093215 1.300579 -34.212002 -0.287561 0.967166 -20.033176 0.964536 1.212838 0.0 -0.0 0.0 -3.440387 0.788233 0.501655 -15.928172 -3.167306 2.999703 -6.338817 -0.0 1e-06 -18.123419 3.648181 -4.905662 -4e-06 0.0 -2e-06 1.313982 18.682913 11.745069 55.068768 21.682671 9.472227 -0.128765 75.169861 -0.687151 -23.543234 11.249297 2.960243 2.24354 -5.255033 -3.180156 14.282877 -0.826594 6.952496 -0.0 -12.690593 -1e-06 14.827988 -18.0998 3.222975 1.665665 -1.95592 -2.878297 4.727794 -4.170584 4.993919 11.020511 1e-06 -0.0 12.109032 -3.735715 -2.866778 0.0 -0.0 0.0 1.291985 -1.928548 -1.498088 14.800115 0.567467 3.865604 14.242553 -1.341738 -6.660648 19.631935 0.143921 -0.648243 50.08028 -0.906894 -6.237419 0.353029 -1.51115 -0.03194 20.222769 3.684305 2.316629 18.787249 1e-06 -1e-06 10.751608 -0.47987 1.397903 0.0 -0.0 0.0 3.273804 0.305947 -0.58011 21.48679 11.830364 2.266131 8.162915 0.0 -0.0 18.399052 -3.798986 -4.940567 3e-06 0.0 -1e-06 -11.941671 -3.388762 -63.928059 0.406785 0.788406 46.712276 -1.384458 6.401719 -18.282722 1.616626 -1.806977 -7.028712 0.0 -0.0 2e-06 -5.212339 -5.705366 17.225029 -0.404369 1.545966 40.347923 12.312516 8.452916 27.719151 -1.46661 1.012596 -3.482701 0.0 -0.0 -1e-06 
0.0 0.0 0.0 0.0 -0.0 0.0 -19.843439 88.93261 181.428574 3.682708 0.873571 15.465487 -1.436519 1.596212 6.578739 -1.764633 4.420388 -2.569331 -5.194233 3.762018 10.332527 -1.558207 2.244941 -9.35734 -2.112874 -6.329792 -3.413691 5.577022 -8.549923 -10.31421 7.7e-05 -2.2e-05 6e-06 0.06302 -0.045826 0.005808 0.796951 -3.759997 -10.603223 -0.665125 3.662982 -10.619297 -2.702391 -5.898742 11.456412 -59.429394 3.6965 17.73834 -2.695798 -64.660454 1.787302 21.053669 -7.873194 -11.799117 -5.882102 9.861279 0.70259 -10.936861 -0.360574 7.156197 0.0 8.774815 -0.0 -16.649519 18.683062 6.266184 -1.844031 2.498503 -2.507276 -10.16359 4.678941 4.621104 -20.975996 -1e-06 1e-06 -21.226254 2.451698 -3.593995 0.0 -6e-06 -0.0 -1.362681 2.240797 -0.746323 -21.334892 0.58491 3.008319 -13.821196 -1e-06 1e-06 -23.887129 -0.249075 -0.839485 -61.975266 2.18656 -1.997096 -0.294025 1.679686 0.833255 -14.218195 0.093215 1.300579 -34.212002 -0.287561 0.967166 -20.033176 0.964536 1.212838 0.0 -0.0 0.0 -3.440387 0.788233 0.501655 -15.928172 -3.167306 2.999703 -6.338817 -0.0 1e-06 -18.123419 3.648181 -4.905662 -4e-06 0.0 -2e-06 4.670203 17.841694 13.039924 57.349533 20.606546 19.936121 -0.871441 47.967033 -0.629774 -16.654642 5.548441 1.238286 2.24354 -5.255033 -3.180156 14.282877 -0.826594 6.952496 -0.0 -12.690593 -1e-06 15.102051 -17.979776 3.019673 1.665665 -1.95592 -2.878297 4.727794 -4.170584 4.993919 11.020511 1e-06 -0.0 12.109032 -3.735715 -2.866778 0.0 -0.0 0.0 1.291985 -1.928548 -1.498088 14.800115 0.567467 3.865604 14.242553 -1.341738 -6.660648 19.631935 0.143921 -0.648243 51.635094 -1.260457 -5.948493 0.353029 -1.51115 -0.03194 20.222769 3.684305 2.316629 18.787249 1e-06 -1e-06 10.751608 -0.47987 1.397903 0.0 -0.0 0.0 3.273804 0.305947 -0.58011 21.48679 11.830364 2.266131 8.162915 0.0 -0.0 18.399052 -3.798986 -4.940567 3e-06 0.0 -1e-06 -12.448841 -0.548848 -56.881142 0.480186 1.009487 52.018353 3.274731 7.782423 -16.080561 1.671392 -1.762522 -4.80201 0.0 -0.0 2e-06 -6.662022 -8.880866 8.4453 0.183003 2.085719 67.750565 6.71009 9.239972 24.257418 -1.672814 0.955836 -2.82437 0.0 -0.0 -1e-06 
0.0 0.0 0.0 0.0 -0.0 0.0 -20.033768 87.899612 192.639557 5.960434 1.477252 13.34983 -2.935498 0.787308 7.503974 -2.307965 3.940842 -2.370669 -7.121914 2.028903 11.015757 1.09038 2.143782 -8.681165 -2.083683 -5.791509 -3.529879 5.881847 -7.252727 -11.546175 7.7e-05 -2.2e-05 6e-06 0.072835 -0.242588 0.015805 0.813482 -3.977365 -10.637997 -0.662718 3.485534 -10.621057 -8.754395 -7.931428 11.711687 -51.015381 -7.105124 16.719559 -1.905885 -69.116814 1.551682 20.185818 -8.590528 -14.512088 -5.882102 9.861279 0.70259 -10.936861 -0.360574 7.156197 0.0 8.774815 -0.0 -16.643383 18.911409 6.379104 -1.844031 2.498503 -2.507276 -10.16359 4.678941 4.621104 -20.975996 -1e-06 1e-06 -21.226254 2.451698 -3.593995 0.0 -6e-06 -0.0 -1.362681 2.240797 -0.746323 -21.334892 0.58491 3.008319 -13.821196 -1e-06 1e-06 -23.887129 -0.249075 -0.839485 -61.418407 2.383743 -1.550244 -0.294025 1.679686 0.833255 -14.218195 0.093215 1.300579 -34.212002 -0.287561 0.967166 -20.033176 0.964536 1.212838 0.0 -0.0 0.0 -3.440387 0.788233 0.501655 -15.928172 -3.167306 2.999703 -6.338817 -0.0 1e-06 -18.123419 3.648181 -4.905662 -4e-06 0.0 -2e-06 8.968125 15.519464 14.510934 58.907406 15.99088 22.881006 0.45128 30.660118 0.307704 -11.406755 -0.346585 6.823193 2.24354 -5.255033 -3.180156 14.282877 -0.826594 6.952496 -0.0 -12.690593 -1e-06 14.837253 -16.845158 2.797833 1.665665 -1.95592 -2.878297 4.727794 -4.170584 4.993919 11.020511 1e-06 -0.0 12.109032 -3.735715 -2.866778 0.0 -0.0 0.0 1.291985 -1.928548 -1.498088 14.800115 0.567467 3.865604 14.242553 -1.341738 -6.660648 19.631935 0.143921 -0.648243 51.099598 -0.625198 -5.026493 0.353029 -1.51115 -0.03194 20.222769 3.684305 2.316629 18.787249 1e-06 -1e-06 10.751608 -0.47987 1.397903 0.0 -0.0 0.0 3.273804 0.305947 -0.58011 21.48679 11.830364 2.266131 8.162915 0.0 -0.0 18.399052 -3.798986 -4.940567 3e-06 0.0 -1e-06 -14.301233 -0.393858 -49.468559 0.578689 0.936371 58.863171 4.384224 8.61013 -22.970938 1.629974 -1.674444 -2.950988 0.0 -0.0 2e-06 -10.35567 -11.67655 -2.274922 0.509665 2.041611 91.467316 1.034439 6.50822 18.468788 -1.562335 1.041143 -2.378349 0.0 -0.0 -1e-06 
0.0 0.0 0.0 0.0 -0.0 0.0 -20.125542 87.371239 204.495377 7.613954 3.449956 12.509346 -3.961769 0.069361 8.155374 -2.465485 2.840649 -2.340539 -8.42756 -0.13793 11.492721 2.732147 1.874041 -8.997394 -2.039235 -4.683772 -3.502475 5.847823 -7.440358 -12.714455 7.7e-05 -2.2e-05 6e-06 0.020333 -0.094715 0.014714 0.770568 -3.841893 -10.675236 -0.726642 3.646084 -10.671957 -9.673943 -10.996928 11.207281 -44.495998 -16.924969 13.102121 0.218903 -75.761787 -0.358758 19.221975 -8.249293 -15.782235 -5.882102 9.861279 0.70259 -10.936861 -0.360574 7.156197 0.0 8.774815 -0.0 -16.269009 18.81657 6.458698 -1.844031 2.498503 -2.507276 -10.16359 4.678941 4.621104 -20.975996 -1e-06 1e-06 -21.226254 2.451698 -3.593995 0.0 -6e-06 -0.0 -1.362681 2.240797 -0.746323 -21.334892 0.58491 3.008319 -13.821196 -1e-06 1e-06 -23.887129 -0.249075 -0.839485 -60.686752 2.293574 -1.380342 -0.294025 1.679686 0.833255 -14.218195 0.093215 1.300579 -34.212002 -0.287561 0.967166 -20.033176 0.964536 1.212838 0.0 -0.0 0.0 -3.440387 0.788233 0.501655 -15.928172 -3.167306 2.999703 -6.338817 -0.0 1e-06 -18.123419 3.648181 -4.905662 -4e-06 0.0 -2e-06 9.815248 11.673552 15.331543 61.404144 5.91077 20.876717 -0.311003 27.033556 0.276307 -11.15274 -3.790143 8.785756 2.24354 -5.255033 -3.180156 14.282877 -0.826594 6.952496 -0.0 -12.690593 -1e-06 15.252149 -16.051516 2.572533 1.665665 -1.95592 -2.878297 4.727794 -4.170584 4.993919 11.020511 1e-06 -0.0 12.109032 -3.735715 -2.866778 0.0 -0.0 0.0 1.291985 -1.928548 -1.498088 14.800115 0.567467 3.865604 14.242553 -1.341738 -6.660648 19.631935 0.143921 -0.648243 50.115658 -0.42567 -4.610265 0.353029 -1.51115 -0.03194 20.222769 3.684305 2.316629 18.787249 1e-06 -1e-06 10.751608 -0.47987 1.397903 0.0 -0.0 0.0 3.273804 0.305947 -0.58011 21.48679 11.830364 2.266131 8.162915 0.0 -0.0 18.399052 -3.798986 -4.940567 3e-06 0.0 -1e-06 -14.945342 -0.933929 -39.22699 0.396819 1.09411 59.51965 3.716524 7.355714 -32.505955 1.613407 -1.575933 -2.815081 0.0 -0.0 2e-06 -11.321762 -12.679329 -16.686543 0.668267 1.341483 108.544159 -3.208355 3.498859 9.084423 -1.426962 1.076286 -2.831536 0.0 -0.0 -1e-06 
0.0 0.0 0.0 0.0 -0.0 0.0 -20.160343 87.827682 215.841217 7.04813 5.447343 12.697829 -3.691379 -0.798833 8.118962 -2.21683 1.050448 -2.149575 -8.090964 -2.182481 10.860336 3.061824 1.869284 -9.452476 -1.94938 -3.643738 -3.39876 5.103585 -6.757785 -13.044529 7.7e-05 -2.2e-05 6e-06 -0.002538 0.116585 0.017726 0.752711 -3.593074 -10.514801 -0.757667 3.817871 -10.53124 -8.231368 -14.263412 10.159367 -38.52277 -23.279083 6.415712 -0.650788 -84.689499 -0.059113 17.618238 -7.99938 -15.346479 -5.882102 9.861279 0.70259 -10.936861 -0.360574 7.156197 0.0 8.774815 -0.0 -16.262817 18.736961 6.305075 -1.844031 2.498503 -2.507276 -10.16359 4.678941 4.621104 -20.975996 -1e-06 1e-06 -21.226254 2.451698 -3.593995 0.0 -6e-06 -0.0 -1.362681 2.240797 -0.746323 -21.334892 0.58491 3.008319 -13.821196 -1e-06 1e-06 -23.887129 -0.249075 -0.839485 -60.392754 2.322572 -1.60841 -0.294025 1.679686 0.833255 -14.218195 0.093215 1.300579 -34.212002 -0.287561 0.967166 -20.033176 0.964536 1.212838 0.0 -0.0 0.0 -3.440387 0.788233 0.501655 -15.928172 -3.167306 2.999703 -6.338817 -0.0 1e-06 -18.123419 3.648181 -4.905662 -4e-06 0.0 -2e-06 9.058226 8.49104 15.284202 61.471813 -6.955864 18.270063 -0.131396 29.91687 0.932523 -10.724588 -3.575767 6.085072 2.24354 -5.255033 -3.180156 14.282877 -0.826594 6.952496 -0.0 -12.690593 -1e-06 15.792537 -15.62373 2.090432 1.665665 -1.95592 -2.878297 4.727794 -4.170584 4.993919 11.020511 1e-06 -0.0 12.109032 -3.735715 -2.866778 0.0 -0.0 0.0 1.291985 -1.928548 -1.498088 14.800115 0.567467 3.865604 14.242553 -1.341738 -6.660648 19.631935 0.143921 -0.648243 49.243675 -0.695962 -4.769771 0.353029 -1.51115 -0.03194 20.222769 3.684305 2.316629 18.787249 1e-06 -1e-06 10.751608 -0.47987 1.397903 0.0 -0.0 0.0 3.273804 0.305947 -0.58011 21.48679 11.830364 2.266131 8.162915 0.0 -0.0 18.399052 -3.798986 -4.940567 3e-06 0.0 -1e-06 -13.092856 -0.973475 -28.914705 0.309256 1.040549 56.213146 2.760314 4.847428 -36.369892 1.602827 -1.701268 -3.947741 0.0 -0.0 2e-06 -9.919109 -11.40975 -33.461597 0.450513 0.329682 115.829918 -7.171003 -1.604234 -1.312652 -1.392198 0.959681 -4.835717 0.0 -0.0 -1e-06 
0.0 0.0 0.0 0.0 -0.0 0.0 -19.983227 89.533989 226.8703 4.811349 6.07364 13.08102 -2.55979 -1.471796 7.404605 -1.794504 -0.980238 -2.079525 -6.714026 -3.481803 9.621385 2.634581 1.879803 -9.101678 -1.620651 -2.145949 -3.459493 4.07594 -5.2952 -12.04738 7.7e-05 -2.2e-05 6e-06 0.004277 0.216178 -0.009888 0.743504 -3.454502 -10.480392 -0.737504 3.874456 -10.50736 -5.908927 -16.320959 8.652638 -33.808323 -26.553957 -1.09992 -173.357315 -84.458466 171.941681 16.330605 -8.156618 -14.947063 -5.882102 9.861279 0.70259 -10.936861 -0.360574 7.156197 0.0 8.774815 -0.0 -16.323513 18.54146 6.057924 -1.844031 2.498503 -2.507276 -10.16359 4.678941 4.621104 -20.975996 -1e-06 1e-06 -21.226254 2.451698 -3.593995 0.0 -6e-06 -0.0 -1.362681 2.240797 -0.746323 -21.334892 0.58491 3.008319 -13.821196 -1e-06 1e-06 -23.887129 -0.249075 -0.839485 -60.741058 2.481521 -1.816108 -0.294025 1.679686 0.833255 -14.218195 0.093215 1.300579 -34.212002 -0.287561 0.967166 -20.033176 0.964536 1.212838 0.0 -0.0 0.0 -3.440387 0.788233 0.501655 -15.928172 -3.167306 2.999703 -6.338817 -0.0 1e-06 -18.123419 3.648181 -4.905662 -4e-06 0.0 -2e-06 7.129765 7.000503 14.945947 60.752052 -17.338318 17.034788 0.958414 29.885521 1.231467 -9.71616 -4.144883 1.839397 2.24354 -5.255033 -3.180156 14.282877 -0.826594 6.952496 -0.0 -12.690593 -1e-06 15.332096 -15.264459 1.863993 1.665665 -1.95592 -2.878297 4.727794 -4.170584 4.993919 11.020511 1e-06 -0.0 12.109032 -3.735715 -2.866778 0.0 -0.0 0.0 1.291985 -1.928548 -1.498088 14.800115 0.567467 3.865604 14.242553 -1.341738 -6.660648 19.631935 0.143921 -0.648243 47.872009 -1.090932 -5.287491 0.353029 -1.51115 -0.03194 20.222769 3.684305 2.316629 18.787249 1e-06 -1e-06 10.751608 -0.47987 1.397903 0.0 -0.0 0.0 3.273804 0.305947 -0.58011 21.48679 11.830364 2.266131 8.162915 0.0 -0.0 18.399052 -3.798986 -4.940567 3e-06 0.0 -1e-06 -9.279927 -0.190736 -18.082596 0.233605 0.821464 49.233162 2.137909 1.454857 -33.763756 1.693799 -1.796023 -7.838196 0.0 -0.0 2e-06 -8.300017 -8.040629 -48.876709 -0.086879 -0.180102 112.336105 -9.414596 -4.349453 -5.911378 -1.560205 0.883997 -5.966763 0.0 -0.0 -1e-06 
0.0 0.0 0.0 0.0 -0.0 0.0 -19.696774 91.830482 239.092834 1.854788 4.737276 13.276348 -1.276354 -1.774532 6.429629 -1.385086 -2.546602 -2.408597 -4.834183 -4.100867 8.306228 1.287178 2.000034 -7.56749 -0.790878 0.047072 -3.608206 3.100595 -3.083881 -10.462151 7.7e-05 -2.2e-05 6e-06 0.015772 0.20204 -0.03824 0.765868 -3.465528 -10.558773 -0.738999 3.858741 -10.595197 -3.941629 -16.600386 7.553437 -31.284803 -28.121443 -7.712307 -175.897537 -73.522949 174.657791 16.265305 -7.895809 -15.459268 -5.882102 9.861279 0.70259 -10.936861 -0.360574 7.156197 0.0 8.774815 -0.0 -16.313211 18.441687 6.13442 -1.844031 2.498503 -2.507276 -10.16359 4.678941 4.621104 -20.975996 -1e-06 1e-06 -21.226254 2.451698 -3.593995 0.0 -6e-06 -0.0 -1.362681 2.240797 -0.746323 -21.334892 0.58491 3.008319 -13.821196 -1e-06 1e-06 -23.887129 -0.249075 -0.839485 -60.974922 2.4837 -1.651684 -0.294025 1.679686 0.833255 -14.218195 0.093215 1.300579 -34.212002 -0.287561 0.967166 -20.033176 0.964536 1.212838 0.0 -0.0 0.0 -3.440387 0.788233 0.501655 -15.928172 -3.167306 2.999703 -6.338817 -0.0 1e-06 -18.123419 3.648181 -4.905662 -4e-06 0.0 -2e-06 4.195446 7.42944 14.607154 61.229156 -24.376858 16.499292 1.294384 26.424959 0.337441 -9.077412 -6.10617 -2.982038 2.24354 -5.255033 -3.180156 14.282877 -0.826594 6.952496 -0.0 -12.690593 -1e-06 14.791787 -14.685987 2.245415 1.665665 -1.95592 -2.878297 4.727794 -4.170584 4.993919 11.020511 1e-06 -0.0 12.109032 -3.735715 -2.866778 0.0 -0.0 0.0 1.291985 -1.928548 -1.498088 14.800115 0.567467 3.865604 14.242553 -1.341738 -6.660648 19.631935 0.143921 -0.648243 47.299084 -1.148606 -5.108384 0.353029 -1.51115 -0.03194 20.222769 3.684305 2.316629 18.787249 1e-06 -1e-06 10.751608 -0.47987 1.397903 0.0 -0.0 0.0 3.273804 0.305947 -0.58011 21.48679 11.830364 2.266131 8.162915 0.0 -0.0 18.399052 -3.798986 -4.940567 3e-06 0.0 -1e-06 -4.977799 1.153658 -5.9705 0.225357 0.331235 38.379726 0.907137 -1.55598 -21.938377 1.922258 -1.780624 -17.941971 0.0 -0.0 2e-06 -6.280758 -4.076636 -59.773376 -0.332999 -0.186818 100.727478 -8.684085 -4.776366 -4.120154 -1.542672 0.877138 -6.091114 0.0 -0.0 -1e-06 
0.0 0.0 0.0 0.0 -0.0 0.0 -19.63282 94.691795 252.799988 -1.057085 1.607822 13.244004 -0.211401 -1.906092 5.099699 -0.949219 -3.746792 -2.977896 -3.075454 -4.236653 7.6092 -0.149795 2.551373 -5.688421 -0.162225 2.703368 -3.527211 2.420971 -0.22534 -8.285396 7.7e-05 -2.2e-05 6e-06 0.000391 0.239312 -0.032452 0.763608 -3.471727 -10.651972 -0.767579 3.94079 -10.677246 -3.058677 -15.536922 6.809095 -30.724306 -28.09483 -11.495477 -175.070343 -64.736816 174.565063 16.366257 -8.321047 -16.716948 -5.882102 9.861279 0.70259 -10.936861 -0.360574 7.156197 0.0 8.774815 -0.0 -16.173613 18.506029 6.37827 -1.844031 2.498503 -2.507276 -10.16359 4.678941 4.621104 -20.975996 -1e-06 1e-06 -21.226254 2.451698 -3.593995 0.0 -6e-06 -0.0 -1.362681 2.240797 -0.746323 -21.334892 0.58491 3.008319 -13.821196 -1e-06 1e-06 -23.887129 -0.249075 -0.839485 -61.083599 2.427223 -1.48414 -0.294025 1.679686 0.833255 -14.218195 0.093215 1.300579 -34.212002 -0.287561 0.967166 -20.033176 0.964536 1.212838 0.0 -0.0 0.0 -3.440387 0.788233 0.501655 -15.928172 -3.167306 2.999703 -6.338817 -0.0 1e-06 -18.123419 3.648181 -4.905662 -4e-06 0.0 -2e-06 1.303101 9.305209 15.313942 62.492264 -27.912054 17.189852 1.139245 22.924412 -0.568528 -6.996767 -7.664047 -6.188671 2.24354 -5.255033 -3.180156 14.282877 -0.826594 6.952496 -0.0 -12.690593 -1e-06 15.119985 -15.132403 2.720292 1.665665 -1.95592 -2.878297 4.727794 -4.170584 4.993919 11.020511 1e-06 -0.0 12.109032 -3.735715 -2.866778 0.0 -0.0 0.0 1.291985 -1.928548 -1.498088 14.800115 0.567467 3.865604 14.242553 -1.341738 -6.660648 19.631935 0.143921 -0.648243 48.491802 -1.296297 -5.046998 0.353029 -1.51115 -0.03194 20.222769 3.684305 2.316629 18.787249 1e-06 -1e-06 10.751608 -0.47987 1.397903 0.0 -0.0 0.0 3.273804 0.305947 -0.58011 21.48679 11.830364 2.266131 8.162915 0.0 -0.0 18.399052 -3.798986 -4.940567 3e-06 0.0 -1e-06 -1.731421 1.74429 6.515508 0.105699 0.148944 24.656679 -0.990227 -1.87084 -0.577879 2.234453 -1.61591 -27.86504 0.0 -0.0 2e-06 -3.444905 -0.296431 -64.094475 -0.159582 0.042699 82.752762 -4.998669 -3.683836 -0.627532 -1.486911 0.831765 -6.046731 0.0 -0.0 -1e-06 
0.0 0.0 0.0 0.0 -0.0 0.0 -19.586924 97.001938 266.826782 -2.233077 -1.065352 12.871248 -0.123552 -2.363805 3.803199 -0.591864 -4.379451 -3.43888 -1.749147 -4.787924 7.471749 -1.384473 3.369285 -4.046464 0.374183 4.544987 -3.330226 1.810505 2.762641 -6.479286 7.7e-05 -2.2e-05 6e-06 -0.022823 0.240683 -0.025618 0.717004 -3.504529 -10.723807 -0.768198 3.985194 -10.745934 -2.48501 -14.339036 6.320443 -32.910294 -26.865147 -9.593419 -173.754288 -60.305004 174.264923 15.261448 -9.708519 -17.643486 -5.882102 9.861279 0.70259 -10.936861 -0.360574 7.156197 0.0 8.774815 -0.0 -16.121307 18.405523 6.172928 -1.844031 2.498503 -2.507276 -10.16359 4.678941 4.621104 -20.975996 -1e-06 1e-06 -21.226254 2.451698 -3.593995 0.0 -6e-06 -0.0 -1.362681 2.240797 -0.746323 -21.334892 0.58491 3.008319 -13.821196 -1e-06 1e-06 -23.887129 -0.249075 -0.839485 -61.296394 2.450371 -1.621765 -0.294025 1.679686 0.833255 -14.218195 0.093215 1.300579 -34.212002 -0.287561 0.967166 -20.033176 0.964536 1.212838 0.0 -0.0 0.0 -3.440387 0.788233 0.501655 -15.928172 -3.167306 2.999703 -6.338817 -0.0 1e-06 -18.123419 3.648181 -4.905662 -4e-06 0.0 -2e-06 -1.472737 10.955549 16.907236 63.863552 -29.292992 20.647177 1.2234 22.704306 -0.681308 -1.593018 -7.363503 -5.877749 2.24354 -5.255033 -3.180156 14.282877 -0.826594 6.952496 -0.0 -12.690593 -1e-06 16.036829 -16.151876 2.530103 1.665665 -1.95592 -2.878297 4.727794 -4.170584 4.993919 11.020511 1e-06 -0.0 12.109032 -3.735715 -2.866778 0.0 -0.0 0.0 1.291985 -1.928548 -1.498088 14.800115 0.567467 3.865604 14.242553 -1.341738 -6.660648 19.631935 0.143921 -0.648243 50.131992 -1.230691 -5.23516 0.353029 -1.51115 -0.03194 20.222769 3.684305 2.316629 18.787249 1e-06 -1e-06 10.751608 -0.47987 1.397903 0.0 -0.0 0.0 3.273804 0.305947 -0.58011 21.48679 11.830364 2.266131 8.162915 0.0 -0.0 18.399052 -3.798986 -4.940567 3e-06 0.0 -1e-06 -1.797987 -0.79649 16.265398 -0.124979 0.40843 15.302455 -4.317262 1.436693 17.60878 2.105675 -1.710109 -12.70199 0.0 -0.0 2e-06 -1.088117 1.417021 -62.067787 -0.023889 0.110856 61.227428 0.498291 -0.941424 -1.040891 -1.425509 0.747327 -6.191953 0.0 -0.0 -1e-06 
0.0 0.0 0.0 0.0 -0.0 0.0 -19.502489 98.315514 280.133972 -1.437357 -2.627473 11.525534 -0.764791 -2.471483 3.561299 -0.421987 -4.187109 -3.656137 -1.296771 -5.544242 7.670636 -2.482987 3.912442 -2.858026 0.663781 5.485233 -3.310618 1.573962 4.16097 -6.45139 7.7e-05 -2.2e-05 6e-06 -0.027722 0.269604 -0.044532 0.702009 -3.476061 -10.755838 -0.765221 4.022283 -10.785066 -1.565393 -13.630546 6.729587 -37.396309 -25.821577 -2.739034 -172.195282 -62.808113 173.050964 13.397851 -10.153114 -17.920486 -5.882102 9.861279 0.70259 -10.936861 -0.360574 7.156197 0.0 8.774815 -0.0 -16.401932 18.46628 5.650487 -1.844031 2.498503 -2.507276 -10.16359 4.678941 4.621104 -20.975996 -1e-06 1e-06 -21.226254 2.451698 -3.593995 0.0 -6e-06 -0.0 -1.362681 2.240797 -0.746323 -21.334892 0.58491 3.008319 -13.821196 -1e-06 1e-06 -23.887129 -0.249075 -0.839485 -61.230972 2.594267 -2.112191 -0.294025 1.679686 0.833255 -14.218195 0.093215 1.300579 -34.212002 -0.287561 0.967166 -20.033176 0.964536 1.212838 0.0 -0.0 0.0 -3.440387 0.788233 0.501655 -15.928172 -3.167306 2.999703 -6.338817 -0.0 1e-06 -18.123419 3.648181 -4.905662 -4e-06 0.0 -2e-06 -3.983108 10.930386 18.113451 64.882454 -30.108643 26.638483 1.221812 27.420153 -0.567925 4.543632 -5.733518 -3.003304 2.24354 -5.255033 -3.180156 14.282877 -0.826594 6.952496 -0.0 -12.690593 -1e-06 17.021202 -16.780504 1.832802 1.665665 -1.95592 -2.878297 4.727794 -4.170584 4.993919 11.020511 1e-06 -0.0 12.109032 -3.735715 -2.866778 0.0 -0.0 0.0 1.291985 -1.928548 -1.498088 14.800115 0.567467 3.865604 14.242553 -1.341738 -6.660648 19.631935 0.143921 -0.648243 50.599236 -1.038725 -5.739145 0.353029 -1.51115 -0.03194 20.222769 3.684305 2.316629 18.787249 1e-06 -1e-06 10.751608 -0.47987 1.397903 0.0 -0.0 0.0 3.273804 0.305947 -0.58011 21.48679 11.830364 2.266131 8.162915 0.0 -0.0 18.399052 -3.798986 -4.940567 3e-06 0.0 -1e-06 -4.533746 -2.950004 19.33246 0.291139 0.653407 22.875036 -7.933294 3.843491 17.859978 2.123971 -1.908237 -4.331501 0.0 -0.0 2e-06 -0.447762 2.194737 -56.659344 0.246858 0.212061 41.105797 4.632066 1.180156 -3.850235 -1.464759 0.595765 -6.038643 0.0 -0.0 -1e-06 
0.0 0.0 0.0 0.0 -0.0 0.0 -19.477943 98.476639 293.381561 -0.525796 -3.47076 9.554487 -0.984736 -1.905053 4.211666 -0.281678 -3.90887 -3.603087 -1.096163 -5.823819 7.917619 -3.743793 4.52805 -1.512851 0.680494 5.611656 -3.420126 1.398393 4.363673 -7.882992 7.7e-05 -2.2e-05 6e-06 -0.030044 0.417035 -0.040863 0.711497 -3.321327 -10.744305 -0.780983 4.1589 -10.775222 -5.8e-05 -12.901596 7.468009 -45.011738 -25.067944 5.513599 -169.568741 -72.213455 169.874237 12.887871 -8.328106 -16.653164 -5.882102 9.861279 0.70259 -10.936861 -0.360574 7.156197 0.0 8.774815 -0.0 -16.808249 18.421238 5.261528 -1.844031 2.498503 -2.507276 -10.16359 4.678941 4.621104 -20.975996 -1e-06 1e-06 -21.226254 2.451698 -3.593995 0.0 -6e-06 -0.0 -1.362681 2.240797 -0.746323 -21.334892 0.58491 3.008319 -13.821196 -1e-06 1e-06 -23.887129 -0.249075 -0.839485 -61.148022 2.641011 -2.169993 -0.294025 1.679686 0.833255 -14.218195 0.093215 1.300579 -34.212002 -0.287561 0.967166 -20.033176 0.964536 1.212838 0.0 -0.0 0.0 -3.440387 0.788233 0.501655 -15.928172 -3.167306 2.999703 -6.338817 -0.0 1e-06 -18.123419 3.648181 -4.905662 -4e-06 0.0 -2e-06 -6.464584 10.374126 18.96172 66.431763 -29.611801 31.181662 0.121668 35.382668 -0.671977 6.454998 -2.7601 -2.831498 2.24354 -5.255033 -3.180156 14.282877 -0.826594 6.952496 -0.0 -12.690593 -1e-06 18.015728 -17.204935 1.590515 1.665665 -1.95592 -2.878297 4.727794 -4.170584 4.993919 11.020511 1e-06 -0.0 12.109032 -3.735715 -2.866778 0.0 -0.0 0.0 1.291985 -1.928548 -1.498088 14.800115 0.567467 3.865604 14.242553 -1.341738 -6.660648 19.631935 0.143921 -0.648243 51.803963 -0.867645 -5.913404 0.353029 -1.51115 -0.03194 20.222769 3.684305 2.316629 18.787249 1e-06 -1e-06 10.751608 -0.47987 1.397903 0.0 -0.0 0.0 3.273804 0.305947 -0.58011 21.48679 11.830364 2.266131 8.162915 0.0 -0.0 18.399052 -3.798986 -4.940567 3e-06 0.0 -1e-06 -5.535989 -1.922579 16.048338 0.714953 0.379397 42.305817 -11.147981 2.391734 11.977422 2.224324 -1.981265 -3.893615 0.0 -0.0 2e-06 -1.406263 4.361968 -51.543247 0.310563 0.605744 30.3528 5.16601 0.836436 -6.123336 -1.562962 0.542559 -5.462731 0.0 -0.0 -1e-06 
0.0 0.0 0.0 0.0 -0.0 0.0 -19.635204 97.456779 306.446259 0.639345 -3.088823 7.186473 -1.021077 -0.967711 5.205577 -0.138342 -3.988876 -3.486511 -1.345523 -5.788153 8.335838 -4.669816 4.816982 0.100449 0.875832 5.438663 -3.601267 1.08161 4.188866 -9.509986 7.7e-05 -2.2e-05 6e-06 -0.037397 0.394851 -0.062011 0.71312 -3.334857 -10.730186 -0.79825 4.118495 -10.759117 1.991031 -12.096524 8.14038 -54.656376 -23.606564 12.200204 -148.909668 -84.971252 148.797989 15.262767 -5.552374 -17.204451 -5.882102 9.861279 0.70259 -10.936861 -0.360574 7.156197 0.0 8.774815 -0.0 -16.75165 18.005606 5.469141 -1.844031 2.498503 -2.507276 -10.16359 4.678941 4.621104 -20.975996 -1e-06 1e-06 -21.226254 2.451698 -3.593995 0.0 -6e-06 -0.0 -1.362681 2.240797 -0.746323 -21.334892 0.58491 3.008319 -13.821196 -1e-06 1e-06 -23.887129 -0.249075 -0.839485 -60.788116 2.356978 -1.653838 -0.294025 1.679686 0.833255 -14.218195 0.093215 1.300579 -34.212002 -0.287561 0.967166 -20.033176 0.964536 1.212838 0.0 -0.0 0.0 -3.440387 0.788233 0.501655 -15.928172 -3.167306 2.999703 -6.338817 -0.0 1e-06 -18.123419 3.648181 -4.905662 -4e-06 0.0 -2e-06 -8.02771 9.507925 19.688704 67.986664 -27.259659 32.439816 -2.148742 45.157173 -1.822395 3.038974 0.471016 -4.762073 2.24354 -5.255033 -3.180156 14.282877 -0.826594 6.952496 -0.0 -12.690593 -1e-06 18.442036 -17.713242 1.964945 1.665665 -1.95592 -2.878297 4.727794 -4.170584 4.993919 11.020511 1e-06 -0.0 12.109032 -3.735715 -2.866778 0.0 -0.0 0.0 1.291985 -1.928548 -1.498088 14.800115 0.567467 3.865604 14.242553 -1.341738 -6.660648 19.631935 0.143921 -0.648243 52.926598 -0.601355 -5.935034 0.353029 -1.51115 -0.03194 20.222769 3.684305 2.316629 18.787249 1e-06 -1e-06 10.751608 -0.47987 1.397903 0.0 -0.0 0.0 3.273804 0.305947 -0.58011 21.48679 11.830364 2.266131 8.162915 0.0 -0.0 18.399052 -3.798986 -4.940567 3e-06 0.0 -1e-06 -4.916037 -0.254259 9.379309 0.654107 0.010353 62.920372 -10.441596 2.568231 5.898659 2.229521 -2.00433 -4.151594 0.0 -0.0 2e-06 -2.914802 5.521679 -46.218403 0.292821 0.758583 31.050137 3.231368 0.374316 -9.265834 -1.594653 0.706089 -4.967469 0.0 -0.0 -1e-06 
0.0 0.0 0.0 0.0 -0.0 0.0 -20.164125 95.434998 319.358459 0.911068 -1.373879 5.23731 -0.261751 -0.097344 5.906218 0.048121 -3.985774 -3.418662 -1.888803 -5.405069 8.94569 -4.696788 4.700389 1.453857 0.666599 4.49979 -3.749239 0.932419 3.503179 -10.324768 7.7e-05 -2.2e-05 6e-06 -0.048514 0.271299 -0.078249 0.664325 -3.432642 -10.62413 -0.772168 3.969646 -10.655755 0.866042 -11.289684 9.485804 -60.200928 -20.367868 16.089025 -11.149981 -81.175552 11.235194 17.968077 -5.535963 -19.67745 -5.882102 9.861279 0.70259 -10.936861 -0.360574 7.156197 0.0 8.774815 -0.0 -16.344063 17.7449 5.86102 -1.844031 2.498503 -2.507276 -10.16359 4.678941 4.621104 -20.975996 -1e-06 1e-06 -21.226254 2.451698 -3.593995 0.0 -6e-06 -0.0 -1.362681 2.240797 -0.746323 -21.334892 0.58491 3.008319 -13.821196 -1e-06 1e-06 -23.887129 -0.249075 -0.839485 -60.46701 2.192566 -1.166147 -0.294025 1.679686 0.833255 -14.218195 0.093215 1.300579 -34.212002 -0.287561 0.967166 -20.033176 0.964536 1.212838 0.0 -0.0 0.0 -3.440387 0.788233 0.501655 -15.928172 -3.167306 2.999703 -6.338817 -0.0 1e-06 -18.123419 3.648181 -4.905662 -4e-06 0.0 -2e-06 -6.165668 8.371509 19.715475 67.725372 -22.756805 30.480972 -4.726397 54.358181 -3.845842 -3.771856 2.870881 -7.391666 2.24354 -5.255033 -3.180156 14.282877 -0.826594 6.952496 -0.0 -12.690593 -1e-06 17.758867 -18.082516 2.390745 1.665665 -1.95592 -2.878297 4.727794 -4.170584 4.993919 11.020511 1e-06 -0.0 12.109032 -3.735715 -2.866778 0.0 -0.0 0.0 1.291985 -1.928548 -1.498088 14.800115 0.567467 3.865604 14.242553 -1.341738 -6.660648 19.631935 0.143921 -0.648243 52.426586 -0.881967 -6.411738 0.353029 -1.51115 -0.03194 20.222769 3.684305 2.316629 18.787249 1e-06 -1e-06 10.751608 -0.47987 1.397903 0.0 -0.0 0.0 3.273804 0.305947 -0.58011 21.48679 11.830364 2.266131 8.162915 0.0 -0.0 18.399052 -3.798986 -4.940567 3e-06 0.0 -1e-06 -1.677642 1.992845 -1.03813 0.336456 -0.128706 81.399452 -6.046522 7.028706 0.402509 2.327466 -1.955804 -4.219725 0.0 -0.0 2e-06 -2.658694 5.108356 -40.645939 0.442347 0.623282 38.465176 1.499271 0.393398 -10.131118 -1.562697 0.892713 -4.28963 0.0 -0.0 -1e-06 
0.0 0.0 0.0 0.0 -0.0 0.0 -20.910227 92.812363 331.897797 -1.074732 0.499788 3.767868 1.470949 0.319123 6.609105 0.279988 -3.2732 -3.255346 -1.413586 -4.536487 9.564322 -4.303825 4.527174 1.744222 0.120367 2.759657 -3.866242 0.672565 2.606618 -11.36817 7.7e-05 -2.2e-05 6e-06 -0.050944 0.192443 -0.047737 0.632764 -3.498233 -10.548209 -0.746694 3.88694 -10.584124 -3.475758 -9.554588 11.009317 -60.222393 -15.358082 17.05232 -3.360377 -71.087143 3.158497 20.324415 -7.314729 -19.710951 -5.882102 9.861279 0.70259 -10.936861 -0.360574 7.156197 0.0 8.774815 -0.0 -16.050581 18.387775 6.103577 -1.844031 2.498503 -2.507276 -10.16359 4.678941 4.621104 -20.975996 -1e-06 1e-06 -21.226254 2.451698 -3.593995 0.0 -6e-06 -0.0 -1.362681 2.240797 -0.746323 -21.334892 0.58491 3.008319 -13.821196 -1e-06 1e-06 -23.887129 -0.249075 -0.839485 -60.531277 2.203122 -1.395698 -0.294025 1.679686 0.833255 -14.218195 0.093215 1.300579 -34.212002 -0.287561 0.967166 -20.033176 0.964536 1.212838 0.0 -0.0 0.0 -3.440387 0.788233 0.501655 -15.928172 -3.167306 2.999703 -6.338817 -0.0 1e-06 -18.123419 3.648181 -4.905662 -4e-06 0.0 -2e-06 -1.240563 7.902412 18.589266 64.39711 -15.557513 26.773968 -6.014863 61.686142 -5.266824 -11.469619 4.138164 -8.621794 2.24354 -5.255033 -3.180156 14.282877 -0.826594 6.952496 -0.0 -12.690593 -1e-06 16.949129 -17.619917 2.462145 1.665665 -1.95592 -2.878297 4.727794 -4.170584 4.993919 11.020511 1e-06 -0.0 12.109032 -3.735715 -2.866778 0.0 -0.0 0.0 1.291985 -1.928548 -1.498088 14.800115 0.567467 3.865604 14.242553 -1.341738 -6.660648 19.631935 0.143921 -0.648243 51.513161 -0.920017 -6.732039 0.353029 -1.51115 -0.03194 20.222769 3.684305 2.316629 18.787249 1e-06 -1e-06 10.751608 -0.47987 1.397903 0.0 -0.0 0.0 3.273804 0.305947 -0.58011 21.48679 11.830364 2.266131 8.162915 0.0 -0.0 18.399052 -3.798986 -4.940567 3e-06 0.0 -1e-06 3.842695 5.176256 -15.581183 0.132718 -0.071203 95.854485 -0.181375 11.146939 -4.964417 2.38313 -1.908733 -3.766732 0.0 -0.0 2e-06 0.819579 4.777583 -35.725796 0.131868 0.113734 49.038677 -0.64592 -1.391304 -17.078703 -1.529619 1.011667 -0.887875 0.0 -0.0 -1e-06 
0.0 0.0 0.0 0.0 -0.0 0.0 -21.811176 89.977974 344.292175 -4.48131 1.446627 2.281721 3.308589 0.456248 7.320698 0.505479 -1.605593 -2.824909 0.734149 -3.747764 10.606195 -4.652634 4.66059 0.634241 -0.174791 1.137668 -3.845541 -0.313443 1.641693 -13.87167 7.7e-05 -2.2e-05 6e-06 -0.03143 0.146043 0.019879 0.661443 -3.564201 -10.575583 -0.736912 3.858613 -10.609273 -8.703687 -6.396794 12.653586 -58.075775 -9.326415 14.237179 -3.055616 -64.06765 2.346897 23.287313 -8.655951 -14.878601 -5.882102 9.861279 0.70259 -10.936861 -0.360574 7.156197 0.0 8.774815 -0.0 -16.23975 18.622286 6.506025 -1.844031 2.498503 -2.507276 -10.16359 4.678941 4.621104 -20.975996 -1e-06 1e-06 -21.226254 2.451698 -3.593995 0.0 -6e-06 -0.0 -1.362681 2.240797 -0.746323 -21.334892 0.58491 3.008319 -13.821196 -1e-06 1e-06 -23.887129 -0.249075 -0.839485 -61.56163 2.677741 -1.204257 -0.294025 1.679686 0.833255 -14.218195 0.093215 1.300579 -34.212002 -0.287561 0.967166 -20.033176 0.964536 1.212838 0.0 -0.0 0.0 -3.440387 0.788233 0.501655 -15.928172 -3.167306 2.999703 -6.338817 -0.0 1e-06 -18.123419 3.648181 -4.905662 -4e-06 0.0 -2e-06 4.268685 9.107907 17.358929 58.772106 -5.202399 19.655519 -4.542877 68.831345 -4.717306 -18.411697 4.343549 -8.84159 2.24354 -5.255033 -3.180156 14.282877 -0.826594 6.952496 -0.0 -12.690593 -1e-06 16.497677 -17.902578 2.599931 1.665665 -1.95592 -2.878297 4.727794 -4.170584 4.993919 11.020511 1e-06 -0.0 12.109032 -3.735715 -2.866778 0.0 -0.0 0.0 1.291985 -1.928548 -1.498088 14.800115 0.567467 3.865604 14.242553 -1.341738 -6.660648 19.631935 0.143921 -0.648243 50.808926 -0.493843 -7.08119 0.353029 -1.51115 -0.03194 20.222769 3.684305 2.316629 18.787249 1e-06 -1e-06 10.751608 -0.47987 1.397903 0.0 -0.0 0.0 3.273804 0.305947 -0.58011 21.48679 11.830364 2.266131 8.162915 0.0 -0.0 18.399052 -3.798986 -4.940567 3e-06 0.0 -1e-06 8.009722 7.609004 -32.574966 0.058387 -0.108041 102.570755 4.130979 10.761528 -8.236093 2.208562 -2.024316 -3.652235 0.0 -0.0 2e-06 6.224618 3.141235 -27.676218 -0.266078 -0.207596 55.197025 -1.781762 -3.182938 -29.768604 -1.467105 0.966308 1.006425 0.0 -0.0 -1e-06 
0.0 0.0 0.0 0.0 -0.0 0.0 -22.548195 87.780525 357.016998 -4.613472 1.936644 1.434951 3.247619 0.834545 7.484551 0.367023 0.400664 -2.536775 1.639838 -2.805896 11.121097 -4.536643 4.819699 -0.040668 -0.470753 -0.375095 -3.771345 -0.758649 -0.56261 -13.82907 7.7e-05 -2.2e-05 6e-06 -0.034009 0.318382 0.03293 0.621549 -3.424035 -10.628508 -0.704844 4.058167 -10.651041 -12.362102 -3.04529 14.06924 -55.988686 -1.394125 11.290875 -2.027478 -61.942551 0.877923 26.775537 -8.265808 -13.056723 -5.882102 9.861279 0.70259 -10.936861 -0.360574 7.156197 0.0 8.774815 -0.0 -16.593262 18.38471 6.694776 -1.844031 2.498503 -2.507276 -10.16359 4.678941 4.621104 -20.975996 -1e-06 1e-06 -21.226254 2.451698 -3.593995 0.0 -6e-06 -0.0 -1.362681 2.240797 -0.746323 -21.334892 0.58491 3.008319 -13.821196 -1e-06 1e-06 -23.887129 -0.249075 -0.839485 -61.937038 2.70211 -0.443641 -0.294025 1.679686 0.833255 -14.218195 0.093215 1.300579 -34.212002 -0.287561 0.967166 -20.033176 0.964536 1.212838 0.0 -0.0 0.0 -3.440387 0.788233 0.501655 -15.928172 -3.167306 2.999703 -6.338817 -0.0 1e-06 -18.123419 3.648181 -4.905662 -4e-06 0.0 -2e-06 8.105995 12.010292 16.611103 53.693245 5.809215 10.090945 -2.171609 76.785957 -2.707476 -24.228905 6.150853 -7.855377 2.24354 -5.255033 -3.180156 14.282877 -0.826594 6.952496 -0.0 -12.690593 -1e-06 15.638085 -17.653261 2.425962 1.665665 -1.95592 -2.878297 4.727794 -4.170584 4.993919 11.020511 1e-06 -0.0 12.109032 -3.735715 -2.866778 0.0 -0.0 0.0 1.291985 -1.928548 -1.498088 14.800115 0.567467 3.865604 14.242553 -1.341738 -6.660648 19.631935 0.143921 -0.648243 49.148212 -0.041759 -6.972797 0.353029 -1.51115 -0.03194 20.222769 3.684305 2.316629 18.787249 1e-06 -1e-06 10.751608 -0.47987 1.397903 0.0 -0.0 0.0 3.273804 0.305947 -0.58011 21.48679 11.830364 2.266131 8.162915 0.0 -0.0 18.399052 -3.798986 -4.940567 3e-06 0.0 -1e-06 6.053418 6.991745 -49.143841 0.141216 -0.082093 97.943466 4.235157 10.485413 -9.506175 1.885632 -2.023168 -3.686764 0.0 -0.0 2e-06 6.90595 -1.631584 -16.66868 -0.086829 0.067551 54.844917 -1.867441 -1.720407 -39.799915 -1.473528 1.137686 0.531483 0.0 -0.0 -1e-06 
0.0 0.0 0.0 0.0 -0.0 0.0 -23.03548 86.545837 369.871368 -2.238797 2.348233 2.226477 2.122129 1.43125 6.72331 -0.043762 1.999178 -2.629724 0.809241 -0.400722 10.512302 -3.552667 4.400134 -0.818741 -0.997784 -2.177793 -3.685124 -0.768814 -3.21745 -12.67658 7.7e-05 -2.2e-05 6e-06 -0.003805 0.225066 0.018702 0.638039 -3.505292 -10.604883 -0.661735 3.948252 -10.617637 -12.463417 0.496604 14.853579 -54.231205 7.111359 13.481266 1.151906 -66.501541 -1.567472 26.373802 -7.331456 -14.480237 -5.882102 9.861279 0.70259 -10.936861 -0.360574 7.156197 0.0 8.774815 -0.0 -16.647024 18.261806 6.611035 -1.844031 2.498503 -2.507276 -10.16359 4.678941 4.621104 -20.975996 -1e-06 1e-06 -21.226254 2.451698 -3.593995 0.0 -6e-06 -0.0 -1.362681 2.240797 -0.746323 -21.334892 0.58491 3.008319 -13.821196 -1e-06 1e-06 -23.887129 -0.249075 -0.839485 -61.995857 2.420171 -0.066572 -0.294025 1.679686 0.833255 -14.218195 0.093215 1.300579 -34.212002 -0.287561 0.967166 -20.033176 0.964536 1.212838 0.0 -0.0 0.0 -3.440387 0.788233 0.501655 -15.928172 -3.167306 2.999703 -6.338817 -0.0 1e-06 -18.123419 3.648181 -4.905662 -4e-06 0.0 -2e-06 7.378494 15.579428 14.340256 52.619499 13.161159 1.592656 -1.621507 87.046532 -2.177916 -28.691372 9.495552 -4.542751 2.24354 -5.255033 -3.180156 14.282877 -0.826594 6.952496 -0.0 -12.690593 -1e-06 14.791965 -16.056278 2.463561 1.665665 -1.95592 -2.878297 4.727794 -4.170584 4.993919 11.020511 1e-06 -0.0 12.109032 -3.735715 -2.866778 0.0 -0.0 0.0 1.291985 -1.928548 -1.498088 14.800115 0.567467 3.865604 14.242553 -1.341738 -6.660648 19.631935 0.143921 -0.648243 48.04665 -0.224532 -6.137748 0.353029 -1.51115 -0.03194 20.222769 3.684305 2.316629 18.787249 1e-06 -1e-06 10.751608 -0.47987 1.397903 0.0 -0.0 0.0 3.273804 0.305947 -0.58011 21.48679 11.830364 2.266131 8.162915 0.0 -0.0 18.399052 -3.798986 -4.940567 3e-06 0.0 -1e-06 0.998144 4.68328 -60.807632 0.366041 -0.111958 83.011703 1.422848 10.139095 -12.977196 1.731254 -2.164836 -3.354126 0.0 -0.0 2e-06 3.62747 -5.042825 -4.457248 -0.217631 0.666179 48.497292 -1.859682 0.990466 -44.127079 -1.487341 1.102926 -2.703079 0.0 -0.0 -1e-06 
0.0 0.0 0.0 0.0 -0.0 0.0 -23.229084 86.108444 383.492889 1.339278 3.340356 3.234971 0.855438 2.08891 5.434187 -0.876141 4.104394 -2.916492 -1.34724 2.490082 9.946665 -1.890131 3.658929 -1.698052 -2.017358 -4.811139 -3.424029 -0.304342 -6.694014 -11.489119 7.7e-05 -2.2e-05 6e-06 0.002833 0.186717 -0.038159 0.673177 -3.513804 -10.550818 -0.684093 3.873161 -10.563471 -9.252604 3.030675 16.095156 -52.71463 13.352807 17.030905 2.526229 -73.017258 -1.900342 23.520931 -6.031008 -14.397369 -5.882102 9.861279 0.70259 -10.936861 -0.360574 7.156197 0.0 8.774815 -0.0 -16.419561 18.356977 6.511858 -1.844031 2.498503 -2.507276 -10.16359 4.678941 4.621104 -20.975996 -1e-06 1e-06 -21.226254 2.451698 -3.593995 0.0 -6e-06 -0.0 -1.362681 2.240797 -0.746323 -21.334892 0.58491 3.008319 -13.821196 -1e-06 1e-06 -23.887129 -0.249075 -0.839485 -61.990414 2.374978 -0.611783 -0.294025 1.679686 0.833255 -14.218195 0.093215 1.300579 -34.212002 -0.287561 0.967166 -20.033176 0.964536 1.212838 0.0 -0.0 0.0 -3.440387 0.788233 0.501655 -15.928172 -3.167306 2.999703 -6.338817 -0.0 1e-06 -18.123419 3.648181 -4.905662 -4e-06 0.0 -2e-06 3.779215 18.238226 12.311762 53.537434 16.305574 -3.996814 -176.858856 79.86525 -177.227844 -30.555529 12.243883 -0.631086 2.24354 -5.255033 -3.180156 14.282877 -0.826594 6.952496 -0.0 -12.690593 -1e-06 14.258128 -16.112223 3.048588 1.665665 -1.95592 -2.878297 4.727794 -4.170584 4.993919 11.020511 1e-06 -0.0 12.109032 -3.735715 -2.866778 0.0 -0.0 0.0 1.291985 -1.928548 -1.498088 14.800115 0.567467 3.865604 14.242553 -1.341738 -6.660648 19.631935 0.143921 -0.648243 48.284683 -0.748116 -5.841115 0.353029 -1.51115 -0.03194 20.222769 3.684305 2.316629 18.787249 1e-06 -1e-06 10.751608 -0.47987 1.397903 0.0 -0.0 0.0 3.273804 0.305947 -0.58011 21.48679 11.830364 2.266131 8.162915 0.0 -0.0 18.399052 -3.798986 -4.940567 3e-06 0.0 -1e-06 -4.233738 2.288063 -64.604218 0.217919 0.018873 60.354645 -2.576877 7.957678 -13.863944 1.615273 -2.032733 -4.50176 0.0 -0.0 2e-06 -0.263891 -5.182008 8.820275 -0.501055 0.588701 38.997974 -1.629922 0.772801 -38.969646 -1.489396 0.901166 -11.544828 0.0 -0.0 -1e-06 
0.0 0.0 0.0 0.0 -0.0 0.0 -23.390703 85.500305 398.504822 2.789664 4.872979 2.983479 0.245315 2.675511 4.121815 -1.257163 6.324535 -3.154002 -2.691005 4.855411 9.886505 -1.099895 3.053432 -1.847173 -2.589958 -7.733523 -3.245708 0.842649 -8.852575 -10.187878 7.7e-05 -2.2e-05 6e-06 -0.008864 -0.021439 -0.092515 0.781063 -3.709303 -10.685817 -0.813413 3.639767 -10.685447 -3.369612 3.336801 18.11375 -55.455059 15.221406 18.737499 4.138665 -77.310883 -2.290113 23.368204 -4.174155 -13.926018 -5.882102 9.861279 0.70259 -10.936861 -0.360574 7.156197 0.0 8.774815 -0.0 -15.995405 18.454254 6.946082 -1.844031 2.498503 -2.507276 -10.16359 4.678941 4.621104 -20.975996 -1e-06 1e-06 -21.226254 2.451698 -3.593995 0.0 -6e-06 -0.0 -1.362681 2.240797 -0.746323 -21.334892 0.58491 3.008319 -13.821196 -1e-06 1e-06 -23.887129 -0.249075 -0.839485 -61.792294 2.47075 -1.049028 -0.294025 1.679686 0.833255 -14.218195 0.093215 1.300579 -34.212002 -0.287561 0.967166 -20.033176 0.964536 1.212838 0.0 -0.0 0.0 -3.440387 0.788233 0.501655 -15.928172 -3.167306 2.999703 -6.338817 -0.0 1e-06 -18.123419 3.648181 -4.905662 -4e-06 0.0 -2e-06 0.050195 19.489874 12.210614 55.936108 15.487057 -7.179302 -179.574478 69.163361 179.988876 -28.37743 18.616756 1.434378 2.24354 -5.255033 -3.180156 14.282877 -0.826594 6.952496 -0.0 -12.690593 -1e-06 13.964957 -17.230013 3.829548 1.665665 -1.95592 -2.878297 4.727794 -4.170584 4.993919 11.020511 1e-06 -0.0 12.109032 -3.735715 -2.866778 0.0 -0.0 0.0 1.291985 -1.928548 -1.498088 14.800115 0.567467 3.865604 14.242553 -1.341738 -6.660648 19.631935 0.143921 -0.648243 48.469395 -0.600742 -6.277479 0.353029 -1.51115 -0.03194 20.222769 3.684305 2.316629 18.787249 1e-06 -1e-06 10.751608 -0.47987 1.397903 0.0 -0.0 0.0 3.273804 0.305947 -0.58011 21.48679 11.830364 2.266131 8.162915 0.0 -0.0 18.399052 -3.798986 -4.940567 3e-06 0.0 -1e-06 -5.219347 -0.583234 -63.353081 -0.029492 -0.013458 42.952938 -7.655567 2.768093 -14.692074 1.670718 -1.752955 -4.781957 0.0 -0.0 2e-06 -0.703446 -5.391244 20.4615 -0.497773 0.170752 32.676548 -2.313663 -2.260246 -21.808403 -1.429615 0.654594 -19.867521 0.0 -0.0 -1e-06 
0.0 0.0 0.0 0.0 -0.0 0.0 -23.188004 85.276405 413.578796 -0.363208 5.077436 1.058539 1.336769 2.709041 3.578842 -0.95479 6.867383 -3.162096 -1.624368 6.111896 10.112819 -1.22576 2.30154 -1.857507 -2.160026 -7.86131 -3.455081 1.962202 -8.482913 -7.409152 7.7e-05 -2.2e-05 6e-06 0.010522 -0.275447 -0.063331 0.808242 -3.918946 -10.574355 -0.797101 3.361735 -10.566178 -5.347006 3.535803 16.613237 -55.918137 15.358232 16.864643 3.118548 -81.565689 -1.547708 24.972187 -4.107653 -14.315886 -5.882102 9.861279 0.70259 -10.936861 -0.360574 7.156197 0.0 8.774815 -0.0 -16.218254 18.41341 6.982121 -1.844031 2.498503 -2.507276 -10.16359 4.678941 4.621104 -20.975996 -1e-06 1e-06 -21.226254 2.451698 -3.593995 0.0 -6e-06 -0.0 -1.362681 2.240797 -0.746323 -21.334892 0.58491 3.008319 -13.821196 -1e-06 1e-06 -23.887129 -0.249075 -0.839485 -61.683754 2.005919 -0.763716 -0.294025 1.679686 0.833255 -14.218195 0.093215 1.300579 -34.212002 -0.287561 0.967166 -20.033176 0.964536 1.212838 0.0 -0.0 0.0 -3.440387 0.788233 0.501655 -15.928172 -3.167306 2.999703 -6.338817 -0.0 1e-06 -18.123419 3.648181 -4.905662 -4e-06 0.0 -2e-06 1.788608 20.564594 13.127275 56.671017 10.931824 -6.493987 177.494034 73.450096 176.973907 -25.325811 25.284031 6.921936 2.24354 -5.255033 -3.180156 14.282877 -0.826594 6.952496 -0.0 -12.690593 -1e-06 13.227675 -17.850183 4.788546 1.665665 -1.95592 -2.878297 4.727794 -4.170584 4.993919 11.020511 1e-06 -0.0 12.109032 -3.735715 -2.866778 0.0 -0.0 0.0 1.291985 -1.928548 -1.498088 14.800115 0.567467 3.865604 14.242553 -1.341738 -6.660648 19.631935 0.143921 -0.648243 48.142056 -0.220856 -5.673635 0.353029 -1.51115 -0.03194 20.222769 3.684305 2.316629 18.787249 1e-06 -1e-06 10.751608 -0.47987 1.397903 0.0 -0.0 0.0 3.273804 0.305947 -0.58011 21.48679 11.830364 2.266131 8.162915 0.0 -0.0 18.399052 -3.798986 -4.940567 3e-06 0.0 -1e-06 -0.740114 -1.028192 -59.288502 -0.086207 -0.153537 40.373119 -9.273845 -0.950288 -14.421679 1.477583 -1.979291 -5.712167 0.0 -0.0 2e-06 1.051094 -8.703149 21.292952 -0.324404 0.399796 44.753799 -3.195361 -5.29041 -6.596045 -1.172015 0.736212 -5.853205 0.0 -0.0 -1e-06 
0.0 0.0 0.0 0.0 -0.0 0.0 -22.782402 85.218719 428.29303 -0.522609 5.632048 -0.488492 -0.203234 2.63162 3.659224 -0.793997 5.68905 -3.187891 -1.743975 5.746649 10.384737 -0.425319 1.450199 -2.319467 -1.329067 -5.286648 -3.47851 2.815561 -8.742017 -5.596117 7.7e-05 -2.2e-05 6e-06 0.039161 0.035986 -0.034994 0.760449 -3.617929 -10.432498 -0.687906 3.69017 -10.389585 -11.287948 3.366328 14.850942 -53.852242 8.098502 13.747432 -5.984324 -86.72834 6.78672 27.0877 -6.82021 -17.507187 -5.882102 9.861279 0.70259 -10.936861 -0.360574 7.156197 0.0 8.774815 -0.0 -16.183697 18.568924 7.073551 -1.844031 2.498503 -2.507276 -10.16359 4.678941 4.621104 -20.975996 -1e-06 1e-06 -21.226254 2.451698 -3.593995 0.0 -6e-06 -0.0 -1.362681 2.240797 -0.746323 -21.334892 0.58491 3.008319 -13.821196 -1e-06 1e-06 -23.887129 -0.249075 -0.839485 -62.290657 2.357919 -1.310433 -0.294025 1.679686 0.833255 -14.218195 0.093215 1.300579 -34.212002 -0.287561 0.967166 -20.033176 0.964536 1.212838 0.0 -0.0 0.0 -3.440387 0.788233 0.501655 -15.928172 -3.167306 2.999703 -6.338817 -0.0 1e-06 -18.123419 3.648181 -4.905662 -4e-06 0.0 -2e-06 4.939096 19.152647 13.472086 60.269638 5.096198 -4.362027 15.080241 84.950226 14.14324 -32.216892 31.936773 15.614938 2.24354 -5.255033 -3.180156 14.282877 -0.826594 6.952496 -0.0 -12.690593 -1e-06 14.142508 -18.547398 4.562403 1.665665 -1.95592 -2.878297 4.727794 -4.170584 4.993919 11.020511 1e-06 -0.0 12.109032 -3.735715 -2.866778 0.0 -0.0 0.0 1.291985 -1.928548 -1.498088 14.800115 0.567467 3.865604 14.242553 -1.341738 -6.660648 19.631935 0.143921 -0.648243 49.319244 -1.099778 -4.962496 0.353029 -1.51115 -0.03194 20.222769 3.684305 2.316629 18.787249 1e-06 -1e-06 10.751608 -0.47987 1.397903 0.0 -0.0 0.0 3.273804 0.305947 -0.58011 21.48679 11.830364 2.266131 8.162915 0.0 -0.0 18.399052 -3.798986 -4.940567 3e-06 0.0 -1e-06 -0.04266 -0.920564 -52.570351 0.118339 0.42602 44.905972 -7.611014 -4.463305 2.234614 1.599127 -1.969286 -3.223202 0.0 -0.0 2e-06 -1.959433 -13.700604 11.099679 0.17414 0.954849 72.254684 -7.6606 -7.315055 -9.491474 -1.270841 0.962735 -1.982315 0.0 -0.0 -1e-06 
0.0 0.0 0.0 0.0 -0.0 0.0 -22.740755 85.124504 441.330872 2.490424 8.140259 -2.852359 -3.161563 1.350358 5.694884 -1.369431 5.012041 -2.712852 -4.483204 2.592777 11.334561 3.783861 1.529741 -3.41428 -1.989291 -4.205872 -3.439922 3.464968 -7.730181 -9.335478 7.7e-05 -2.2e-05 6e-06 0.031541 -0.124717 0.040456 0.831876 -3.811654 -10.296463 -0.775159 3.551311 -10.271534 -13.951996 -0.127834 13.762476 -52.725647 -6.506267 8.419796 -156.625092 -87.134338 156.40152 28.248753 -5.772541 -19.857153 -5.882102 9.861279 0.70259 -10.936861 -0.360574 7.156197 0.0 8.774815 -0.0 -15.163074 17.728851 7.076815 -1.844031 2.498503 -2.507276 -10.16359 4.678941 4.621104 -20.975996 -1e-06 1e-06 -21.226254 2.451698 -3.593995 0.0 -6e-06 -0.0 -1.362681 2.240797 -0.746323 -21.334892 0.58491 3.008319 -13.821196 -1e-06 1e-06 -23.887129 -0.249075 -0.839485 -60.867332 2.206308 -1.151111 -0.294025 1.679686 0.833255 -14.218195 0.093215 1.300579 -34.212002 -0.287561 0.967166 -20.033176 0.964536 1.212838 0.0 -0.0 0.0 -3.440387 0.788233 0.501655 -15.928172 -3.167306 2.999703 -6.338817 -0.0 1e-06 -18.123419 3.648181 -4.905662 -4e-06 0.0 -2e-06 5.496794 15.633502 14.598768 65.553902 0.233199 -3.973226 1.826346 62.679253 1.093272 -43.901424 32.371803 10.678231 2.24354 -5.255033 -3.180156 14.282877 -0.826594 6.952496 -0.0 -12.690593 -1e-06 15.868164 -17.811131 2.711674 1.665665 -1.95592 -2.878297 4.727794 -4.170584 4.993919 11.020511 1e-06 -0.0 12.109032 -3.735715 -2.866778 0.0 -0.0 0.0 1.291985 -1.928548 -1.498088 14.800115 0.567467 3.865604 14.242553 -1.341738 -6.660648 19.631935 0.143921 -0.648243 49.954021 -0.627714 -5.183875 0.353029 -1.51115 -0.03194 20.222769 3.684305 2.316629 18.787249 1e-06 -1e-06 10.751608 -0.47987 1.397903 0.0 -0.0 0.0 3.273804 0.305947 -0.58011 21.48679 11.830364 2.266131 8.162915 0.0 -0.0 18.399052 -3.798986 -4.940567 3e-06 0.0 -1e-06 -3.374573 -3.439264 -47.710567 0.659911 0.266366 58.159779 -2.067169 -6.223166 -6.928295 1.547806 -1.852806 0.674599 0.0 -0.0 2e-06 -6.246043 -17.106583 -3.992679 0.33427 0.816979 101.640732 -12.681606 -6.572529 -17.526258 -1.308493 0.973732 -2.977293 0.0 -0.0 -1e-06 
0.0 0.0 0.0 0.0 -0.0 0.0 -23.485998 87.27729 453.547821 2.433302 11.981379 -5.702243 -4.27459 0.409818 8.325656 -1.635393 3.155856 -1.794252 -6.014648 -1.213115 12.57842 6.319186 1.300173 -4.649109 -2.144151 -3.018411 -3.186458 4.030004 -6.90507 -11.758938 7.7e-05 -2.2e-05 6e-06 0.001399 -0.177243 0.087225 0.838339 -3.884369 -10.2083 -0.841678 3.518344 -10.228569 -12.364482 -6.529287 12.255982 -48.937645 -24.047924 2.293159 -161.033493 -85.873695 159.959656 25.358788 -4.346884 -10.770226 -5.882102 9.861279 0.70259 -10.936861 -0.360574 7.156197 0.0 8.774815 -0.0 -14.945465 16.626638 6.804526 -1.844031 2.498503 -2.507276 -10.16359 4.678941 4.621104 -20.975996 -1e-06 1e-06 -21.226254 2.451698 -3.593995 0.0 -6e-06 -0.0 -1.362681 2.240797 -0.746323 -21.334892 0.58491 3.008319 -13.821196 -1e-06 1e-06 -23.887129 -0.249075 -0.839485 -59.597164 1.744878 -1.354656 -0.294025 1.679686 0.833255 -14.218195 0.093215 1.300579 -34.212002 -0.287561 0.967166 -20.033176 0.964536 1.212838 0.0 -0.0 0.0 -3.440387 0.788233 0.501655 -15.928172 -3.167306 2.999703 -6.338817 -0.0 1e-06 -18.123419 3.648181 -4.905662 -4e-06 0.0 -2e-06 7.084006 10.211886 16.056898 65.619514 -7.290706 -0.900028 -3.596127 54.012394 -1.988998 -48.471546 26.185991 1.58221 2.24354 -5.255033 -3.180156 14.282877 -0.826594 6.952496 -0.0 -12.690593 -1e-06 15.476974 -17.436731 1.942934 1.665665 -1.95592 -2.878297 4.727794 -4.170584 4.993919 11.020511 1e-06 -0.0 12.109032 -3.735715 -2.866778 0.0 -0.0 0.0 1.291985 -1.928548 -1.498088 14.800115 0.567467 3.865604 14.242553 -1.341738 -6.660648 19.631935 0.143921 -0.648243 50.05489 -0.073574 -4.872054 0.353029 -1.51115 -0.03194 20.222769 3.684305 2.316629 18.787249 1e-06 -1e-06 10.751608 -0.47987 1.397903 0.0 -0.0 0.0 3.273804 0.305947 -0.58011 21.48679 11.830364 2.266131 8.162915 0.0 -0.0 18.399052 -3.798986 -4.940567 3e-06 0.0 -1e-06 -2.600865 -3.643854 -36.281971 0.404812 0.627322 60.116615 -0.016845 -10.594514 -17.391851 1.507112 -1.651101 1.990597 0.0 -0.0 2e-06 -3.578343 -16.300579 -22.932104 0.139912 -0.047951 121.1903 -15.253963 -2.61332 -24.261984 -1.244036 0.917706 -3.895195 0.0 -0.0 -1e-06 
0.0 0.0 0.0 0.0 -0.0 0.0 -24.257416 91.045929 464.772858 -0.687696 15.216619 -9.193606 -4.074777 -0.817264 10.961472 -1.670002 0.222645 -0.753153 -5.165625 -4.853377 12.399251 6.820343 0.58373 -3.96772 -1.633295 -1.552391 -3.120201 4.032647 -5.134485 -11.617637 7.7e-05 -2.2e-05 6e-06 -0.001954 -0.103718 0.07997 0.833121 -3.759384 -10.088945 -0.847225 3.551004 -10.187517 -6.524913 -12.995048 10.194563 -40.048817 -36.31374 -6.772817 -161.823303 -83.556122 161.222092 19.305716 -0.303361 -4.335732 -5.882102 9.861279 0.70259 -10.936861 -0.360574 7.156197 0.0 8.774815 -0.0 -15.835618 16.960506 6.282027 -1.844031 2.498503 -2.507276 -10.16359 4.678941 4.621104 -20.975996 -1e-06 1e-06 -21.226254 2.451698 -3.593995 0.0 -6e-06 -0.0 -1.362681 2.240797 -0.746323 -21.334892 0.58491 3.008319 -13.821196 -1e-06 1e-06 -23.887129 -0.249075 -0.839485 -61.051353 1.733809 -1.583382 -0.294025 1.679686 0.833255 -14.218195 0.093215 1.300579 -34.212002 -0.287561 0.967166 -20.033176 0.964536 1.212838 0.0 -0.0 0.0 -3.440387 0.788233 0.501655 -15.928172 -3.167306 2.999703 -6.338817 -0.0 1e-06 -18.123419 3.648181 -4.905662 -4e-06 0.0 -2e-06 7.423996 4.957999 16.056185 61.620102 -17.324057 3.247654 -5.81712 54.030022 -2.434703 -44.219799 20.816084 -3.998094 2.24354 -5.255033 -3.180156 14.282877 -0.826594 6.952496 -0.0 -12.690593 -1e-06 15.084261 -17.969162 1.825549 1.665665 -1.95592 -2.878297 4.727794 -4.170584 4.993919 11.020511 1e-06 -0.0 12.109032 -3.735715 -2.866778 0.0 -0.0 0.0 1.291985 -1.928548 -1.498088 14.800115 0.567467 3.865604 14.242553 -1.341738 -6.660648 19.631935 0.143921 -0.648243 49.755695 -0.17513 -5.014541 0.353029 -1.51115 -0.03194 20.222769 3.684305 2.316629 18.787249 1e-06 -1e-06 10.751608 -0.47987 1.397903 0.0 -0.0 0.0 3.273804 0.305947 -0.58011 21.48679 11.830364 2.266131 8.162915 0.0 -0.0 18.399052 -3.798986 -4.940567 3e-06 0.0 -1e-06 2.15914 -3.656639 -21.938719 0.020785 0.442296 53.782261 0.654311 -14.41163 -22.882429 1.480053 -1.66302 0.74919 0.0 -0.0 2e-06 0.500469 -11.079582 -42.904434 -0.44971 -0.778631 129.366776 -14.158082 0.534193 -28.711868 -1.510305 0.959469 -4.431736 0.0 -0.0 -1e-06 
0.0 0.0 0.0 0.0 -0.0 0.0 -25.062502 96.977959 475.604584 -5.120544 15.894569 -12.413121 -2.939513 -1.963953 13.011626 -1.526655 -2.878896 -0.229177 -3.113477 -7.164849 11.562053 5.580609 -0.115713 -1.541581 -0.358461 0.774958 -3.45358 3.825825 -2.955458 -9.565666 7.7e-05 -2.2e-05 6e-06 0.023013 0.088653 -0.007037 0.806096 -3.5219 -10.256671 -0.775591 3.714027 -10.370955 -0.262569 -16.684645 7.838928 -27.187796 -39.017776 -18.275505 -160.139832 -80.92366 159.932541 14.809517 2.70648 -8.120131 -5.882102 9.861279 0.70259 -10.936861 -0.360574 7.156197 0.0 8.774815 -0.0 -16.385155 17.728212 5.870853 -1.844031 2.498503 -2.507276 -10.16359 4.678941 4.621104 -20.975996 -1e-06 1e-06 -21.226254 2.451698 -3.593995 0.0 -6e-06 -0.0 -1.362681 2.240797 -0.746323 -21.334892 0.58491 3.008319 -13.821196 -1e-06 1e-06 -23.887129 -0.249075 -0.839485 -60.700146 2.238344 -1.694098 -0.294025 1.679686 0.833255 -14.218195 0.093215 1.300579 -34.212002 -0.287561 0.967166 -20.033176 0.964536 1.212838 0.0 -0.0 0.0 -3.440387 0.788233 0.501655 -15.928172 -3.167306 2.999703 -6.338817 -0.0 1e-06 -18.123419 3.648181 -4.905662 -4e-06 0.0 -2e-06 6.625669 1.194498 16.50106 55.049957 -24.132542 7.258452 -4.866145 57.720325 -1.187259 -33.515659 18.1091 -5.15663 2.24354 -5.255033 -3.180156 14.282877 -0.826594 6.952496 -0.0 -12.690593 -1e-06 14.975923 -17.572649 1.834126 1.665665 -1.95592 -2.878297 4.727794 -4.170584 4.993919 11.020511 1e-06 -0.0 12.109032 -3.735715 -2.866778 0.0 -0.0 0.0 1.291985 -1.928548 -1.498088 14.800115 0.567467 3.865604 14.242553 -1.341738 -6.660648 19.631935 0.143921 -0.648243 49.187252 -0.285526 -5.154465 0.353029 -1.51115 -0.03194 20.222769 3.684305 2.316629 18.787249 1e-06 -1e-06 10.751608 -0.47987 1.397903 0.0 -0.0 0.0 3.273804 0.305947 -0.58011 21.48679 11.830364 2.266131 8.162915 0.0 -0.0 18.399052 -3.798986 -4.940567 3e-06 0.0 -1e-06 8.561973 -4.778893 -4.871233 -0.363016 -0.633244 39.408329 -1.633846 -15.711438 -17.418245 1.582529 -1.653945 -3.591877 0.0 -0.0 2e-06 3.846134 -5.540162 -61.672176 -0.163032 -0.437235 126.889305 -10.239069 -0.082196 -31.590137 -1.543983 1.164947 -3.806648 0.0 -0.0 -1e-06 
0.0 0.0 0.0 0.0 -0.0 0.0 -26.152113 104.440796 486.584381 -8.80577 13.04292 -12.904237 -1.46533 -2.484267 12.943624 -1.078202 -4.942425 -0.431119 -1.172439 -8.10981 10.859867 3.024913 0.138108 1.506714 0.59271 3.7105 -3.752557 3.627702 -0.826139 -5.413948 7.7e-05 -2.2e-05 6e-06 0.021404 0.236683 -0.137709 0.808604 -3.392836 -10.612577 -0.783349 3.880733 -10.693371 4.056067 -16.755499 5.581775 -19.322611 -34.153591 -24.149179 -164.986099 -77.531517 164.675339 11.854986 4.181083 -12.821549 -5.882102 9.861279 0.70259 -10.936861 -0.360574 7.156197 0.0 8.774815 -0.0 -16.721378 17.876356 5.493202 -1.844031 2.498503 -2.507276 -10.16359 4.678941 4.621104 -20.975996 -1e-06 1e-06 -21.226254 2.451698 -3.593995 0.0 -6e-06 -0.0 -1.362681 2.240797 -0.746323 -21.334892 0.58491 3.008319 -13.821196 -1e-06 1e-06 -23.887129 -0.249075 -0.839485 -60.552982 2.683131 -1.815459 -0.294025 1.679686 0.833255 -14.218195 0.093215 1.300579 -34.212002 -0.287561 0.967166 -20.033176 0.964536 1.212838 0.0 -0.0 0.0 -3.440387 0.788233 0.501655 -15.928172 -3.167306 2.999703 -6.338817 -0.0 1e-06 -18.123419 3.648181 -4.905662 -4e-06 0.0 -2e-06 5.455946 -0.236486 17.424389 48.084412 -27.768675 11.818176 -3.949316 64.690811 -1.199509 -21.725128 15.837178 -2.449622 2.24354 -5.255033 -3.180156 14.282877 -0.826594 6.952496 -0.0 -12.690593 -1e-06 15.123523 -17.034756 2.404604 1.665665 -1.95592 -2.878297 4.727794 -4.170584 4.993919 11.020511 1e-06 -0.0 12.109032 -3.735715 -2.866778 0.0 -0.0 0.0 1.291985 -1.928548 -1.498088 14.800115 0.567467 3.865604 14.242553 -1.341738 -6.660648 19.631935 0.143921 -0.648243 49.313782 -0.107724 -4.968007 0.353029 -1.51115 -0.03194 20.222769 3.684305 2.316629 18.787249 1e-06 -1e-06 10.751608 -0.47987 1.397903 0.0 -0.0 0.0 3.273804 0.305947 -0.58011 21.48679 11.830364 2.266131 8.162915 0.0 -0.0 18.399052 -3.798986 -4.940567 3e-06 0.0 -1e-06 13.395776 -5.867561 10.575207 -0.06354 -1.528667 20.171953 -6.713952 -10.647171 6.819522 1.845292 -1.729885 -16.807987 0.0 -0.0 2e-06 6.699749 -1.641054 -75.906273 0.468145 -0.04087 116.379677 -7.621697 -1.823212 -31.47493 -1.362937 1.193654 -3.682082 0.0 -0.0 -1e-06 
0.0 0.0 0.0 0.0 -0.0 0.0 -27.07642 112.056145 496.878479 -10.734375 9.62201 -11.564964 0.08558 -2.851197 12.16905 -0.675634 -5.817998 -0.593561 -0.771747 -8.250663 10.634864 0.956101 1.376917 4.37246 0.785082 4.513236 -3.817274 3.666039 1.457953 -0.965603 7.7e-05 -2.2e-05 6e-06 -0.006703 0.330932 -0.249326 0.823142 -3.327678 -10.909633 -0.854819 3.999248 -10.90741 6.995178 -15.64387 3.66533 -17.149326 -26.637901 -25.463446 -171.126465 -74.439911 170.261261 9.562718 3.479091 -16.284878 -5.882102 9.861279 0.70259 -10.936861 -0.360574 7.156197 0.0 8.774815 -0.0 -16.517784 17.759926 5.472674 -1.844031 2.498503 -2.507276 -10.16359 4.678941 4.621104 -20.975996 -1e-06 1e-06 -21.226254 2.451698 -3.593995 0.0 -6e-06 -0.0 -1.362681 2.240797 -0.746323 -21.334892 0.58491 3.008319 -13.821196 -1e-06 1e-06 -23.887129 -0.249075 -0.839485 -60.853291 2.768707 -1.482304 -0.294025 1.679686 0.833255 -14.218195 0.093215 1.300579 -34.212002 -0.287561 0.967166 -20.033176 0.964536 1.212838 0.0 -0.0 0.0 -3.440387 0.788233 0.501655 -15.928172 -3.167306 2.999703 -6.338817 -0.0 1e-06 -18.123419 3.648181 -4.905662 -4e-06 0.0 -2e-06 3.017159 -0.095189 18.438423 44.038624 -28.911953 14.92613 -2.860457 73.695671 -1.004576 -11.058649 13.073694 -0.537265 2.24354 -5.255033 -3.180156 14.282877 -0.826594 6.952496 -0.0 -12.690593 -1e-06 15.635614 -17.076401 2.859543 1.665665 -1.95592 -2.878297 4.727794 -4.170584 4.993919 11.020511 1e-06 -0.0 12.109032 -3.735715 -2.866778 0.0 -0.0 0.0 1.291985 -1.928548 -1.498088 14.800115 0.567467 3.865604 14.242553 -1.341738 -6.660648 19.631935 0.143921 -0.648243 49.775974 -0.022339 -5.17659 0.353029 -1.51115 -0.03194 20.222769 3.684305 2.316629 18.787249 1e-06 -1e-06 10.751608 -0.47987 1.397903 0.0 -0.0 0.0 3.273804 0.305947 -0.58011 21.48679 11.830364 2.266131 8.162915 0.0 -0.0 18.399052 -3.798986 -4.940567 3e-06 0.0 -1e-06 15.741064 -5.53139 15.979149 0.086956 -1.682764 11.647243 -12.666283 -1.401882 37.945942 1.871955 -1.745474 -11.857388 0.0 -0.0 2e-06 9.299176 0.607235 -85.732559 0.413764 0.271955 103.450577 -6.721291 -0.999074 -29.146774 -1.258855 1.09627 -4.744947 0.0 -0.0 -1e-06 
0.0 0.0 0.0 0.0 -0.0 0.0 -27.945677 119.435326 505.689056 -10.225301 7.654014 -11.941396 0.004277 -2.74331 13.453712 -0.662721 -5.404864 0.196666 -1.825199 -8.198317 11.486081 0.418656 1.723681 7.28473 0.512209 4.51654 -3.975676 3.589285 2.595892 1.6487 7.7e-05 -2.2e-05 6e-06 -0.044863 0.348128 -0.284807 0.79032 -3.337118 -11.111747 -0.903311 4.045829 -11.067365 8.185714 -15.164681 3.505882 -15.84191 -20.157335 -26.422199 -175.966232 -74.710251 173.868881 9.832055 1.078144 -17.848949 -5.882102 9.861279 0.70259 -10.936861 -0.360574 7.156197 0.0 8.774815 -0.0 -16.479473 17.829689 5.874824 -1.844031 2.498503 -2.507276 -10.16359 4.678941 4.621104 -20.975996 -1e-06 1e-06 -21.226254 2.451698 -3.593995 0.0 -6e-06 -0.0 -1.362681 2.240797 -0.746323 -21.334892 0.58491 3.008319 -13.821196 -1e-06 1e-06 -23.887129 -0.249075 -0.839485 -61.248096 2.678258 -1.320043 -0.294025 1.679686 0.833255 -14.218195 0.093215 1.300579 -34.212002 -0.287561 0.967166 -20.033176 0.964536 1.212838 0.0 -0.0 0.0 -3.440387 0.788233 0.501655 -15.928172 -3.167306 2.999703 -6.338817 -0.0 1e-06 -18.123419 3.648181 -4.905662 -4e-06 0.0 -2e-06 -0.553139 0.270356 18.747074 43.933086 -27.21913 16.388414 1.452048 80.897202 2.959022 -2.85832 10.396385 -2.926388 2.24354 -5.255033 -3.180156 14.282877 -0.826594 6.952496 -0.0 -12.690593 -1e-06 15.727962 -17.608728 3.104961 1.665665 -1.95592 -2.878297 4.727794 -4.170584 4.993919 11.020511 1e-06 -0.0 12.109032 -3.735715 -2.866778 0.0 -0.0 0.0 1.291985 -1.928548 -1.498088 14.800115 0.567467 3.865604 14.242553 -1.341738 -6.660648 19.631935 0.143921 -0.648243 50.043724 0.079687 -5.809381 0.353029 -1.51115 -0.03194 20.222769 3.684305 2.316629 18.787249 1e-06 -1e-06 10.751608 -0.47987 1.397903 0.0 -0.0 0.0 3.273804 0.305947 -0.58011 21.48679 11.830364 2.266131 8.162915 0.0 -0.0 18.399052 -3.798986 -4.940567 3e-06 0.0 -1e-06 14.66826 -4.595183 12.465979 -0.109261 -1.594917 22.442839 -20.417639 0.212845 47.369579 1.898857 -1.93758 -0.559753 0.0 -0.0 2e-06 11.128774 1.125601 -88.446968 0.274318 0.365603 90.489761 -6.151182 1.344711 -24.614777 -1.268562 0.950141 -5.113622 0.0 -0.0 -1e-06 
0.0 0.0 0.0 0.0 -0.0 0.0 -29.394377 126.000305 514.180298 -8.458223 7.226943 -14.66854 -1.250382 -1.973837 17.160027 -1.011399 -4.892112 1.414313 -3.615404 -7.715961 13.655039 1.231793 1.224323 10.544932 -0.098779 4.111547 -4.093638 3.763639 2.242048 2.787791 7.7e-05 -2.2e-05 6e-06 -0.086247 0.320862 -0.232975 0.725847 -3.386264 -11.208727 -0.925301 4.036817 -11.152089 7.915232 -15.493267 4.817966 -15.488701 -15.9038 -27.40995 -179.795593 -79.266777 176.584351 12.345602 -2.666378 -18.512932 -5.882102 9.861279 0.70259 -10.936861 -0.360574 7.156197 0.0 8.774815 -0.0 -16.245962 17.601721 6.416865 -1.844031 2.498503 -2.507276 -10.16359 4.678941 4.621104 -20.975996 -1e-06 1e-06 -21.226254 2.451698 -3.593995 0.0 -6e-06 -0.0 -1.362681 2.240797 -0.746323 -21.334892 0.58491 3.008319 -13.821196 -1e-06 1e-06 -23.887129 -0.249075 -0.839485 -60.651413 2.453776 -1.420143 -0.294025 1.679686 0.833255 -14.218195 0.093215 1.300579 -34.212002 -0.287561 0.967166 -20.033176 0.964536 1.212838 0.0 -0.0 0.0 -3.440387 0.788233 0.501655 -15.928172 -3.167306 2.999703 -6.338817 -0.0 1e-06 -18.123419 3.648181 -4.905662 -4e-06 0.0 -2e-06 -4.178915 0.306575 18.289288 45.626446 -21.821388 17.167776 11.963608 82.711555 13.375084 2.176562 8.587296 -7.523358 2.24354 -5.255033 -3.180156 14.282877 -0.826594 6.952496 -0.0 -12.690593 -1e-06 15.69759 -18.328098 3.258696 1.665665 -1.95592 -2.878297 4.727794 -4.170584 4.993919 11.020511 1e-06 -0.0 12.109032 -3.735715 -2.866778 0.0 -0.0 0.0 1.291985 -1.928548 -1.498088 14.800115 0.567467 3.865604 14.242553 -1.341738 -6.660648 19.631935 0.143921 -0.648243 50.249588 -0.084063 -6.660063 0.353029 -1.51115 -0.03194 20.222769 3.684305 2.316629 18.787249 1e-06 -1e-06 10.751608 -0.47987 1.397903 0.0 -0.0 0.0 3.273804 0.305947 -0.58011 21.48679 11.830364 2.266131 8.162915 0.0 -0.0 18.399052 -3.798986 -4.940567 3e-06 0.0 -1e-06 12.908777 -2.380056 1.849559 -0.494419 -1.376778 48.533016 -21.899176 -5.418715 35.312836 2.046977 -1.957485 -0.671762 0.0 -0.0 2e-06 12.261438 -0.192122 -84.345551 0.243524 0.026841 78.974052 -5.240472 3.519075 -18.921913 -1.349337 0.860326 -4.952836 0.0 -0.0 -1e-06 
0.0 0.0 0.0 0.0 -0.0 0.0 -31.031809 130.91571 524.404358 -6.694428 6.980201 -17.925694 -2.437991 -0.982195 21.475483 -1.523247 -4.402127 2.498833 -5.30116 -6.473597 16.689421 2.523836 0.665554 12.56314 -0.465726 3.228733 -4.104551 3.714924 1.504175 1.918812 7.7e-05 -2.2e-05 6e-06 -0.147208 0.31134 -0.19192 0.665839 -3.370619 -11.116256 -0.989604 4.000618 -11.051706 7.535027 -15.982228 6.316527 -17.181871 -14.641335 -27.248325 170.657516 -87.832916 -174.131226 14.031052 -5.078134 -18.056189 -5.882102 9.861279 0.70259 -10.936861 -0.360574 7.156197 0.0 8.774815 -0.0 -16.274809 17.418736 6.429062 -1.844031 2.498503 -2.507276 -10.16359 4.678941 4.621104 -20.975996 -1e-06 1e-06 -21.226254 2.451698 -3.593995 0.0 -6e-06 -0.0 -1.362681 2.240797 -0.746323 -21.334892 0.58491 3.008319 -13.821196 -1e-06 1e-06 -23.887129 -0.249075 -0.839485 -60.690105 2.098761 -1.69823 -0.294025 1.679686 0.833255 -14.218195 0.093215 1.300579 -34.212002 -0.287561 0.967166 -20.033176 0.964536 1.212838 0.0 -0.0 0.0 -3.440387 0.788233 0.501655 -15.928172 -3.167306 2.999703 -6.338817 -0.0 1e-06 -18.123419 3.648181 -4.905662 -4e-06 0.0 -2e-06 -7.021498 0.634439 17.606472 47.144512 -13.606689 18.1845 8.385829 76.54808 10.502833 2.71417 7.156949 -8.799284 2.24354 -5.255033 -3.180156 14.282877 -0.826594 6.952496 -0.0 -12.690593 -1e-06 15.818382 -18.133186 3.238405 1.665665 -1.95592 -2.878297 4.727794 -4.170584 4.993919 11.020511 1e-06 -0.0 12.109032 -3.735715 -2.866778 0.0 -0.0 0.0 1.291985 -1.928548 -1.498088 14.800115 0.567467 3.865604 14.242553 -1.341738 -6.660648 19.631935 0.143921 -0.648243 49.852772 -0.176727 -6.956089 0.353029 -1.51115 -0.03194 20.222769 3.684305 2.316629 18.787249 1e-06 -1e-06 10.751608 -0.47987 1.397903 0.0 -0.0 0.0 3.273804 0.305947 -0.58011 21.48679 11.830364 2.266131 8.162915 0.0 -0.0 18.399052 -3.798986 -4.940567 3e-06 0.0 -1e-06 12.52312 0.80355 -12.545201 -0.646007 -0.679226 76.785896 -15.827194 -8.515814 16.375637 2.149493 -2.003444 -1.820281 0.0 -0.0 2e-06 12.695775 -2.712621 -78.080727 0.303113 -0.537875 70.137993 -3.857737 5.90766 -12.200607 -1.406688 0.945756 -4.191803 0.0 -0.0 -1e-06 
0.0 0.0 0.0 0.0 -0.0 0.0 -32.137775 134.327164 534.7547 -5.388262 5.884048 -21.480389 -2.945181 0.131001 25.452467 -1.830283 -3.56044 3.736517 -6.55928 -5.009425 20.046703 3.417071 0.713058 12.349492 -0.825229 2.275971 -4.03176 3.387475 0.629955 -0.319815 7.7e-05 -2.2e-05 6e-06 -0.154744 0.231976 -0.186022 0.682397 -3.389037 -10.930147 -1.021509 3.861972 -10.871095 6.706069 -15.70204 7.275728 -19.409203 -16.031723 -24.976278 0.222402 -79.579681 -3.240777 14.706618 -3.767326 -15.493605 -5.882102 9.861279 0.70259 -10.936861 -0.360574 7.156197 0.0 8.774815 -0.0 -16.988638 17.931715 6.179267 -1.844031 2.498503 -2.507276 -10.16359 4.678941 4.621104 -20.975996 -1e-06 1e-06 -21.226254 2.451698 -3.593995 0.0 -6e-06 -0.0 -1.362681 2.240797 -0.746323 -21.334892 0.58491 3.008319 -13.821196 -1e-06 1e-06 -23.887129 -0.249075 -0.839485 -62.97345 1.685103 -1.659521 -0.294025 1.679686 0.833255 -14.218195 0.093215 1.300579 -34.212002 -0.287561 0.967166 -20.033176 0.964536 1.212838 0.0 -0.0 0.0 -3.440387 0.788233 0.501655 -15.928172 -3.167306 2.999703 -6.338817 -0.0 1e-06 -18.123419 3.648181 -4.905662 -4e-06 0.0 -2e-06 -8.049632 2.303721 16.873346 46.377987 -5.639828 19.675592 4.349328 64.955994 6.712865 0.794865 5.351551 -5.4952 2.24354 -5.255033 -3.180156 14.282877 -0.826594 6.952496 -0.0 -12.690593 -1e-06 16.066206 -16.586956 2.859544 1.665665 -1.95592 -2.878297 4.727794 -4.170584 4.993919 11.020511 1e-06 -0.0 12.109032 -3.735715 -2.866778 0.0 -0.0 0.0 1.291985 -1.928548 -1.498088 14.800115 0.567467 3.865604 14.242553 -1.341738 -6.660648 19.631935 0.143921 -0.648243 49.417309 0.179995 -6.236066 0.353029 -1.51115 -0.03194 20.222769 3.684305 2.316629 18.787249 1e-06 -1e-06 10.751608 -0.47987 1.397903 0.0 -0.0 0.0 3.273804 0.305947 -0.58011 21.48679 11.830364 2.266131 8.162915 0.0 -0.0 18.399052 -3.798986 -4.940567 3e-06 0.0 -1e-06 13.133449 4.396963 -28.003027 -0.500555 -0.108445 99.29808 -8.691692 -7.474444 1.962143 2.04049 -1.984957 -2.385461 0.0 -0.0 2e-06 12.242976 -5.955771 -71.937202 0.308187 -0.903634 65.654083 -1.371085 7.517038 -5.600467 -1.447985 1.13164 -3.579157 0.0 -0.0 -1e-06 
0.0 0.0 0.0 0.0 -0.0 0.0 -32.592209 136.803253 544.960388 -4.407614 4.136728 -25.263325 -2.929423 1.053209 28.54347 -1.850605 -2.27201 5.194342 -7.487054 -3.760467 23.546743 3.381086 1.217846 10.363564 -1.040559 1.428936 -3.895849 3.173604 -0.243603 -2.645369 7.7e-05 -2.2e-05 6e-06 -0.094573 0.09356 -0.191511 0.738683 -3.493783 -10.732219 -0.950875 3.685298 -10.707672 4.576035 -15.409863 8.070763 -19.551941 -18.846725 -21.165565 -2.704243 -63.474445 0.703527 15.52155 -0.044526 -12.445771 -5.882102 9.861279 0.70259 -10.936861 -0.360574 7.156197 0.0 8.774815 -0.0 -17.30905 18.330093 6.170173 -1.844031 2.498503 -2.507276 -10.16359 4.678941 4.621104 -20.975996 -1e-06 1e-06 -21.226254 2.451698 -3.593995 0.0 -6e-06 -0.0 -1.362681 2.240797 -0.746323 -21.334892 0.58491 3.008319 -13.821196 -1e-06 1e-06 -23.887129 -0.249075 -0.839485 -64.111473 1.721217 -1.167625 -0.294025 1.679686 0.833255 -14.218195 0.093215 1.300579 -34.212002 -0.287561 0.967166 -20.033176 0.964536 1.212838 0.0 -0.0 0.0 -3.440387 0.788233 0.501655 -15.928172 -3.167306 2.999703 -6.338817 -0.0 1e-06 -18.123419 3.648181 -4.905662 -4e-06 0.0 -2e-06 -7.298525 5.460763 16.345566 43.229 -0.384231 21.385559 3.026727 52.992565 5.106564 -1.322344 3.87621 -2.016915 2.24354 -5.255033 -3.180156 14.282877 -0.826594 6.952496 -0.0 -12.690593 -1e-06 15.628036 -14.788087 2.38593 1.665665 -1.95592 -2.878297 4.727794 -4.170584 4.993919 11.020511 1e-06 -0.0 12.109032 -3.735715 -2.866778 0.0 -0.0 0.0 1.291985 -1.928548 -1.498088 14.800115 0.567467 3.865604 14.242553 -1.341738 -6.660648 19.631935 0.143921 -0.648243 49.39827 0.581568 -5.349711 0.353029 -1.51115 -0.03194 20.222769 3.684305 2.316629 18.787249 1e-06 -1e-06 10.751608 -0.47987 1.397903 0.0 -0.0 0.0 3.273804 0.305947 -0.58011 21.48679 11.830364 2.266131 8.162915 0.0 -0.0 18.399052 -3.798986 -4.940567 3e-06 0.0 -1e-06 13.678927 8.121511 -43.99094 -0.581714 0.07701 115.933723 -2.098423 -5.12597 -8.466567 1.856912 -1.792715 -2.81731 0.0 -0.0 2e-06 10.199615 -9.8246 -66.594818 0.120277 -1.061574 66.680313 3.036877 8.889277 0.380908 -1.522363 1.159861 -2.932059 0.0 -0.0 -1e-06 
0.0 0.0 0.0 0.0 -0.0 0.0 -32.813553 137.927124 555.834656 -3.041291 2.345114 -28.69536 -3.09129 1.68962 30.235998 -2.01443 -1.150229 6.53049 -8.113912 -2.358246 27.030624 3.201349 1.236268 7.515754 -1.422817 1.234129 -3.759927 2.965685 -1.215322 -4.720746 7.7e-05 -2.2e-05 6e-06 -0.073298 0.003831 -0.175976 0.740365 -3.623681 -10.626473 -0.89959 3.622878 -10.652055 1.430692 -16.238018 9.476465 -16.7013 -20.781902 -16.345879 -3.231186 -51.319702 1.99183 16.137346 3.05001 -8.847638 -5.882102 9.861279 0.70259 -10.936861 -0.360574 7.156197 0.0 8.774815 -0.0 -16.688869 18.026056 6.294162 -1.844031 2.498503 -2.507276 -10.16359 4.678941 4.621104 -20.975996 -1e-06 1e-06 -21.226254 2.451698 -3.593995 0.0 -6e-06 -0.0 -1.362681 2.240797 -0.746323 -21.334892 0.58491 3.008319 -13.821196 -1e-06 1e-06 -23.887129 -0.249075 -0.839485 -63.015846 2.171942 -0.863076 -0.294025 1.679686 0.833255 -14.218195 0.093215 1.300579 -34.212002 -0.287561 0.967166 -20.033176 0.964536 1.212838 0.0 -0.0 0.0 -3.440387 0.788233 0.501655 -15.928172 -3.167306 2.999703 -6.338817 -0.0 1e-06 -18.123419 3.648181 -4.905662 -4e-06 0.0 -2e-06 -5.42784 9.05407 16.679504 38.69566 1.328086 23.319897 2.225745 44.826176 3.602522 -3.043789 2.943188 -0.353532 2.24354 -5.255033 -3.180156 14.282877 -0.826594 6.952496 -0.0 -12.690593 -1e-06 14.785419 -14.373517 2.337484 1.665665 -1.95592 -2.878297 4.727794 -4.170584 4.993919 11.020511 1e-06 -0.0 12.109032 -3.735715 -2.866778 0.0 -0.0 0.0 1.291985 -1.928548 -1.498088 14.800115 0.567467 3.865604 14.242553 -1.341738 -6.660648 19.631935 0.143921 -0.648243 50.602917 0.747824 -4.840173 0.353029 -1.51115 -0.03194 20.222769 3.684305 2.316629 18.787249 1e-06 -1e-06 10.751608 -0.47987 1.397903 0.0 -0.0 0.0 3.273804 0.305947 -0.58011 21.48679 11.830364 2.266131 8.162915 0.0 -0.0 18.399052 -3.798986 -4.940567 3e-06 0.0 -1e-06 12.83224 11.365926 -60.366634 -0.673718 0.189026 125.208977 3.003144 -3.092415 -15.662311 1.734203 -1.679623 -3.130301 0.0 -0.0 2e-06 6.122677 -13.636607 -61.879375 -0.155392 -1.022869 70.934372 7.546604 11.854272 6.406351 -1.610815 0.931147 -2.218859 0.0 -0.0 -1e-06 
0.0 0.0 0.0 0.0 -0.0 0.0 -33.023968 137.032669 567.421509 -0.911881 0.961623 -30.798994 -3.618531 2.207475 30.507788 -2.34679 -0.914435 7.424127 -8.733121 -0.7572 29.007996 3.234407 0.962237 6.126513 -1.904224 1.629161 -3.582675 2.595458 -1.872818 -6.196962 7.7e-05 -2.2e-05 6e-06 -0.118238 0.024286 -0.15063 0.670886 -3.632161 -10.50582 -0.912515 3.662942 -10.556702 -0.1608 -16.088943 10.512774 -15.435457 -19.433899 -12.985216 -3.394169 -55.694656 2.151329 18.574057 2.451962 -8.352837 -5.882102 9.861279 0.70259 -10.936861 -0.360574 7.156197 0.0 8.774815 -0.0 -16.047276 17.930975 6.298496 -1.844031 2.498503 -2.507276 -10.16359 4.678941 4.621104 -20.975996 -1e-06 1e-06 -21.226254 2.451698 -3.593995 0.0 -6e-06 -0.0 -1.362681 2.240797 -0.746323 -21.334892 0.58491 3.008319 -13.821196 -1e-06 1e-06 -23.887129 -0.249075 -0.839485 -61.566132 2.352622 -1.253732 -0.294025 1.679686 0.833255 -14.218195 0.093215 1.300579 -34.212002 -0.287561 0.967166 -20.033176 0.964536 1.212838 0.0 -0.0 0.0 -3.440387 0.788233 0.501655 -15.928172 -3.167306 2.999703 -6.338817 -0.0 1e-06 -18.123419 3.648181 -4.905662 -4e-06 0.0 -2e-06 -4.945003 11.396727 17.061617 35.597195 -0.92623 25.960991 1.731508 43.370407 2.25937 -4.473571 2.979768 0.356616 2.24354 -5.255033 -3.180156 14.282877 -0.826594 6.952496 -0.0 -12.690593 -1e-06 14.951283 -14.835919 2.325992 1.665665 -1.95592 -2.878297 4.727794 -4.170584 4.993919 11.020511 1e-06 -0.0 12.109032 -3.735715 -2.866778 0.0 -0.0 0.0 1.291985 -1.928548 -1.498088 14.800115 0.567467 3.865604 14.242553 -1.341738 -6.660648 19.631935 0.143921 -0.648243 52.269432 0.47298 -4.653655 0.353029 -1.51115 -0.03194 20.222769 3.684305 2.316629 18.787249 1e-06 -1e-06 10.751608 -0.47987 1.397903 0.0 -0.0 0.0 3.273804 0.305947 -0.58011 21.48679 11.830364 2.266131 8.162915 0.0 -0.0 18.399052 -3.798986 -4.940567 3e-06 0.0 -1e-06 10.636689 13.618831 -75.489861 -0.875229 0.157547 126.396378 3.893718 -3.957536 -17.245785 1.615061 -1.685968 -2.381041 0.0 -0.0 2e-06 1.444009 -16.379873 -57.407097 -0.132279 -0.988116 74.2463 8.668738 14.612528 9.736902 -1.625361 0.729317 -1.681799 0.0 -0.0 -1e-06 
0.0 0.0 0.0 0.0 -0.0 0.0 -33.232071 134.975555 578.724854 1.413651 0.180037 -31.480408 -4.342977 2.667033 30.199921 -2.613648 -1.012173 7.545779 -9.140249 0.279452 28.790985 2.801173 1.134475 7.475143 -2.033394 1.854965 -3.465647 2.265266 -1.96982 -7.505781 7.7e-05 -2.2e-05 6e-06 -0.137018 0.03775 -0.152465 0.615952 -3.634784 -10.496425 -0.892474 3.692339 -10.56699 0.884315 -14.237014 10.846739 -16.747702 -16.179079 -9.780125 -0.725457 -71.114746 0.162237 21.287397 2.509307 -8.007951 -5.882102 9.861279 0.70259 -10.936861 -0.360574 7.156197 0.0 8.774815 -0.0 -15.297174 17.521526 6.582381 -1.844031 2.498503 -2.507276 -10.16359 4.678941 4.621104 -20.975996 -1e-06 1e-06 -21.226254 2.451698 -3.593995 0.0 -6e-06 -0.0 -1.362681 2.240797 -0.746323 -21.334892 0.58491 3.008319 -13.821196 -1e-06 1e-06 -23.887129 -0.249075 -0.839485 -59.91774 2.374077 -1.468339 -0.294025 1.679686 0.833255 -14.218195 0.093215 1.300579 -34.212002 -0.287561 0.967166 -20.033176 0.964536 1.212838 0.0 -0.0 0.0 -3.440387 0.788233 0.501655 -15.928172 -3.167306 2.999703 -6.338817 -0.0 1e-06 -18.123419 3.648181 -4.905662 -4e-06 0.0 -2e-06 -6.816189 11.921844 16.995317 34.404724 -6.516148 31.336969 -0.168497 47.942387 0.427519 -5.567874 3.219845 0.344858 2.24354 -5.255033 -3.180156 14.282877 -0.826594 6.952496 -0.0 -12.690593 -1e-06 15.743279 -15.275841 2.226791 1.665665 -1.95592 -2.878297 4.727794 -4.170584 4.993919 11.020511 1e-06 -0.0 12.109032 -3.735715 -2.866778 0.0 -0.0 0.0 1.291985 -1.928548 -1.498088 14.800115 0.567467 3.865604 14.242553 -1.341738 -6.660648 19.631935 0.143921 -0.648243 53.638454 -0.127791 -4.694014 0.353029 -1.51115 -0.03194 20.222769 3.684305 2.316629 18.787249 1e-06 -1e-06 10.751608 -0.47987 1.397903 0.0 -0.0 0.0 3.273804 0.305947 -0.58011 21.48679 11.830364 2.266131 8.162915 0.0 -0.0 18.399052 -3.798986 -4.940567 3e-06 0.0 -1e-06 8.839994 14.662709 -84.847427 -1.141807 0.231971 121.265396 1.839332 -5.88147 -14.247228 1.5863 -1.676216 -1.98003 0.0 -0.0 2e-06 -2.318147 -17.591116 -52.11755 0.098422 -0.987146 73.945839 8.972327 14.585942 10.858583 -1.575406 0.599932 -1.044416 0.0 -0.0 -1e-06 
0.0 0.0 0.0 0.0 -0.0 0.0 -33.63295 131.915878 590.734558 3.568683 -0.440794 -31.341021 -5.108296 2.872046 29.590508 -2.882946 -1.032106 7.000448 -9.266575 0.799497 27.18948 1.63267 1.810073 10.568831 -1.753287 1.959215 -3.458002 2.165961 -1.562272 -8.247114 7.7e-05 -2.2e-05 6e-06 -0.111773 0.000936 -0.162972 0.605642 -3.702387 -10.660099 -0.830329 3.688334 -10.739443 3.381032 -11.139437 10.813861 -19.255434 -12.912174 -6.327871 64.839325 -87.653564 -64.138542 21.772346 3.826174 -5.025824 -5.882102 9.861279 0.70259 -10.936861 -0.360574 7.156197 0.0 8.774815 -0.0 -14.823464 17.11841 6.792802 -1.844031 2.498503 -2.507276 -10.16359 4.678941 4.621104 -20.975996 -1e-06 1e-06 -21.226254 2.451698 -3.593995 0.0 -6e-06 -0.0 -1.362681 2.240797 -0.746323 -21.334892 0.58491 3.008319 -13.821196 -1e-06 1e-06 -23.887129 -0.249075 -0.839485 -58.811562 2.447559 -1.352381 -0.294025 1.679686 0.833255 -14.218195 0.093215 1.300579 -34.212002 -0.287561 0.967166 -20.033176 0.964536 1.212838 0.0 -0.0 0.0 -3.440387 0.788233 0.501655 -15.928172 -3.167306 2.999703 -6.338817 -0.0 1e-06 -18.123419 3.648181 -4.905662 -4e-06 0.0 -2e-06 -10.371364 11.406477 16.534231 33.08746 -14.25186 38.233738 -3.54094 55.408756 -2.183194 -6.618502 3.316734 0.511883 2.24354 -5.255033 -3.180156 14.282877 -0.826594 6.952496 -0.0 -12.690593 -1e-06 16.733408 -15.741898 1.938859 1.665665 -1.95592 -2.878297 4.727794 -4.170584 4.993919 11.020511 1e-06 -0.0 12.109032 -3.735715 -2.866778 0.0 -0.0 0.0 1.291985 -1.928548 -1.498088 14.800115 0.567467 3.865604 14.242553 -1.341738 -6.660648 19.631935 0.143921 -0.648243 54.606934 -0.584042 -4.816546 0.353029 -1.51115 -0.03194 20.222769 3.684305 2.316629 18.787249 1e-06 -1e-06 10.751608 -0.47987 1.397903 0.0 -0.0 0.0 3.273804 0.305947 -0.58011 21.48679 11.830364 2.266131 8.162915 0.0 -0.0 18.399052 -3.798986 -4.940567 3e-06 0.0 -1e-06 8.579015 14.579514 -88.0112 -1.234042 0.275788 114.837341 -0.115629 -6.985625 -9.825596 1.594797 -1.717558 -2.076284 0.0 -0.0 2e-06 -4.955834 -17.445492 -45.52087 0.43709 -0.9122 70.537987 10.325199 11.806635 12.156822 -1.511277 0.489546 -0.530392 0.0 -0.0 -1e-06 
0.0 0.0 0.0 0.0 -0.0 0.0 -34.353035 127.79808 603.799377 5.653461 -1.58488 -30.89995 -5.902986 2.949642 28.254156 -3.175948 -1.001446 6.213024 -9.290563 1.163995 25.182119 -0.225295 2.938431 14.044923 -1.168336 2.297334 -3.507514 2.174933 -0.748675 -8.368235 7.7e-05 -2.2e-05 6e-06 -0.109448 0.031724 -0.149793 0.571407 -3.711515 -10.815233 -0.790303 3.75825 -10.897003 6.063994 -7.555776 10.912683 -22.10301 -9.868593 -4.184366 168.221054 -73.883698 -166.657837 21.133757 4.507699 -0.676517 -5.882102 9.861279 0.70259 -10.936861 -0.360574 7.156197 0.0 8.774815 -0.0 -14.680673 17.307961 7.068846 -1.844031 2.498503 -2.507276 -10.16359 4.678941 4.621104 -20.975996 -1e-06 1e-06 -21.226254 2.451698 -3.593995 0.0 -6e-06 -0.0 -1.362681 2.240797 -0.746323 -21.334892 0.58491 3.008319 -13.821196 -1e-06 1e-06 -23.887129 -0.249075 -0.839485 -58.877407 2.644381 -1.264911 -0.294025 1.679686 0.833255 -14.218195 0.093215 1.300579 -34.212002 -0.287561 0.967166 -20.033176 0.964536 1.212838 0.0 -0.0 0.0 -3.440387 0.788233 0.501655 -15.928172 -3.167306 2.999703 -6.338817 -0.0 1e-06 -18.123419 3.648181 -4.905662 -4e-06 0.0 -2e-06 -14.799615 10.765166 15.822442 29.58939 -22.705612 45.672714 -6.369762 63.158951 -4.622832 -8.629214 3.203974 1.522686 2.24354 -5.255033 -3.180156 14.282877 -0.826594 6.952496 -0.0 -12.690593 -1e-06 17.896935 -16.534494 1.204221 1.665665 -1.95592 -2.878297 4.727794 -4.170584 4.993919 11.020511 1e-06 -0.0 12.109032 -3.735715 -2.866778 0.0 -0.0 0.0 1.291985 -1.928548 -1.498088 14.800115 0.567467 3.865604 14.242553 -1.341738 -6.660648 19.631935 0.143921 -0.648243 54.83836 -0.691913 -5.047374 0.353029 -1.51115 -0.03194 20.222769 3.684305 2.316629 18.787249 1e-06 -1e-06 10.751608 -0.47987 1.397903 0.0 -0.0 0.0 3.273804 0.305947 -0.58011 21.48679 11.830364 2.266131 8.162915 0.0 -0.0 18.399052 -3.798986 -4.940567 3e-06 0.0 -1e-06 9.407777 13.816558 -87.179459 -1.327955 0.152776 111.035904 -0.481191 -6.895884 -5.586451 1.607589 -1.809784 -2.039758 0.0 -0.0 2e-06 -6.669599 -15.852893 -37.829628 0.846526 -0.689796 64.1689 12.319276 7.407958 14.280557 -1.465045 0.407458 -0.210099 0.0 -0.0 -1e-06 
0.0 0.0 0.0 0.0 -0.0 0.0 -35.379906 122.747299 616.931702 7.806793 -3.714797 -30.583693 -6.74952 3.051834 26.228039 -3.384655 -0.775015 5.388588 -9.488954 1.387016 23.087576 -2.579181 4.603757 17.233545 -0.356565 3.006258 -3.590019 2.377506 0.172 -8.220896 7.7e-05 -2.2e-05 6e-06 -0.131786 0.11639 -0.115701 0.50259 -3.653639 -10.836636 -0.765253 3.865158 -10.907438 7.962243 -4.408108 11.449424 -25.505083 -7.275407 -3.760597 173.273499 -61.930386 -171.705872 20.686094 4.538484 3.421554 -5.882102 9.861279 0.70259 -10.936861 -0.360574 7.156197 0.0 8.774815 -0.0 -14.586583 17.771147 7.403244 -1.844031 2.498503 -2.507276 -10.16359 4.678941 4.621104 -20.975996 -1e-06 1e-06 -21.226254 2.451698 -3.593995 0.0 -6e-06 -0.0 -1.362681 2.240797 -0.746323 -21.334892 0.58491 3.008319 -13.821196 -1e-06 1e-06 -23.887129 -0.249075 -0.839485 -59.606113 2.76021 -1.31128 -0.294025 1.679686 0.833255 -14.218195 0.093215 1.300579 -34.212002 -0.287561 0.967166 -20.033176 0.964536 1.212838 0.0 -0.0 0.0 -3.440387 0.788233 0.501655 -15.928172 -3.167306 2.999703 -6.338817 -0.0 1e-06 -18.123419 3.648181 -4.905662 -4e-06 0.0 -2e-06 -18.994911 10.33434 15.175569 23.639688 -29.461805 53.087471 -6.646391 69.333199 -5.508781 -11.873547 1.93873 4.639807 2.24354 -5.255033 -3.180156 14.282877 -0.826594 6.952496 -0.0 -12.690593 -1e-06 18.928772 -17.442728 0.121336 1.665665 -1.95592 -2.878297 4.727794 -4.170584 4.993919 11.020511 1e-06 -0.0 12.109032 -3.735715 -2.866778 0.0 -0.0 0.0 1.291985 -1.928548 -1.498088 14.800115 0.567467 3.865604 14.242553 -1.341738 -6.660648 19.631935 0.143921 -0.648243 54.280487 -0.543735 -5.46948 0.353029 -1.51115 -0.03194 20.222769 3.684305 2.316629 18.787249 1e-06 -1e-06 10.751608 -0.47987 1.397903 0.0 -0.0 0.0 3.273804 0.305947 -0.58011 21.48679 11.830364 2.266131 8.162915 0.0 -0.0 18.399052 -3.798986 -4.940567 3e-06 0.0 -1e-06 10.340549 13.261433 -83.912575 -1.413199 -0.107478 111.465309 0.430692 -5.32993 -2.035104 1.626602 -1.887458 -1.754198 0.0 -0.0 2e-06 -7.497792 -13.110464 -29.804003 1.150465 -0.347612 55.822056 14.90087 3.121004 16.534081 -1.40665 0.413184 -0.115368 0.0 -0.0 -1e-06 
0.0 0.0 0.0 0.0 -0.0 0.0 -36.543983 116.384087 629.782654 10.028146 -6.799846 -30.463444 -7.52478 3.220684 23.845093 -3.515634 -0.18536 4.598541 -9.937004 1.170826 20.941902 -4.926888 6.727797 19.328203 0.718843 3.781785 -3.671102 2.60137 1.221025 -8.097449 7.7e-05 -2.2e-05 6e-06 -0.110775 0.13331 -0.0846 0.4763 -3.646574 -10.736767 -0.696853 3.886991 -10.801435 8.024313 -2.414962 12.382375 -29.61883 -5.727883 -3.810803 175.441315 -58.284435 -174.222168 20.745729 4.915779 6.338384 -5.882102 9.861279 0.70259 -10.936861 -0.360574 7.156197 0.0 8.774815 -0.0 -14.563481 18.021946 7.51166 -1.844031 2.498503 -2.507276 -10.16359 4.678941 4.621104 -20.975996 -1e-06 1e-06 -21.226254 2.451698 -3.593995 0.0 -6e-06 -0.0 -1.362681 2.240797 -0.746323 -21.334892 0.58491 3.008319 -13.821196 -1e-06 1e-06 -23.887129 -0.249075 -0.839485 -60.15073 2.663098 -1.297939 -0.294025 1.679686 0.833255 -14.218195 0.093215 1.300579 -34.212002 -0.287561 0.967166 -20.033176 0.964536 1.212838 0.0 -0.0 0.0 -3.440387 0.788233 0.501655 -15.928172 -3.167306 2.999703 -6.338817 -0.0 1e-06 -18.123419 3.648181 -4.905662 -4e-06 0.0 -2e-06 -21.614836 10.155753 15.246555 17.450127 -33.41048 58.275154 -6.421401 73.4748 -6.700765 -16.03414 -0.555904 9.946702 2.24354 -5.255033 -3.180156 14.282877 -0.826594 6.952496 -0.0 -12.690593 -1e-06 19.310085 -18.076061 -0.707128 1.665665 -1.95592 -2.878297 4.727794 -4.170584 4.993919 11.020511 1e-06 -0.0 12.109032 -3.735715 -2.866778 0.0 -0.0 0.0 1.291985 -1.928548 -1.498088 14.800115 0.567467 3.865604 14.242553 -1.341738 -6.660648 19.631935 0.143921 -0.648243 53.101307 -0.458872 -5.991923 0.353029 -1.51115 -0.03194 20.222769 3.684305 2.316629 18.787249 1e-06 -1e-06 10.751608 -0.47987 1.397903 0.0 -0.0 0.0 3.273804 0.305947 -0.58011 21.48679 11.830364 2.266131 8.162915 0.0 -0.0 18.399052 -3.798986 -4.940567 3e-06 0.0 -1e-06 10.69999 13.673264 -79.770721 -1.335854 -0.376346 115.022583 2.143636 -2.353916 -0.575355 1.654989 -1.960468 -1.520413 0.0 -0.0 2e-06 -7.395914 -10.24593 -22.043137 1.265 -0.028298 46.87859 18.653234 0.131096 19.09136 -1.278023 0.465479 -0.059252 0.0 -0.0 -1e-06 
0.0 0.0 0.0 0.0 -0.0 0.0 -37.306427 108.613037 641.325256 12.093145 -10.345011 -30.185486 -7.95262 3.47674 21.475002 -3.706871 0.362671 3.762829 -10.793271 0.536358 18.978294 -6.780395 8.469168 19.346006 2.107616 4.386787 -3.827123 2.552022 2.5592 -8.333352 7.7e-05 -2.2e-05 6e-06 -0.029045 0.030603 -0.095193 0.514506 -3.774081 -10.59065 -0.574795 3.811118 -10.665113 5.530622 -1.916182 12.949388 -32.595135 -5.913348 -3.397007 178.582062 -64.456955 -177.266098 20.766737 6.293301 6.984627 -5.882102 9.861279 0.70259 -10.936861 -0.360574 7.156197 0.0 8.774815 -0.0 -14.693902 18.025778 7.342997 -1.844031 2.498503 -2.507276 -10.16359 4.678941 4.621104 -20.975996 -1e-06 1e-06 -21.226254 2.451698 -3.593995 0.0 -6e-06 -0.0 -1.362681 2.240797 -0.746323 -21.334892 0.58491 3.008319 -13.821196 -1e-06 1e-06 -23.887129 -0.249075 -0.839485 -60.240505 2.599071 -1.067051 -0.294025 1.679686 0.833255 -14.218195 0.093215 1.300579 -34.212002 -0.287561 0.967166 -20.033176 0.964536 1.212838 0.0 -0.0 0.0 -3.440387 0.788233 0.501655 -15.928172 -3.167306 2.999703 -6.338817 -0.0 1e-06 -18.123419 3.648181 -4.905662 -4e-06 0.0 -2e-06 -21.490757 9.764866 16.217173 14.468149 -35.327202 58.400372 -10.986422 76.549934 -12.866882 -21.48468 -3.499778 17.299656 2.24354 -5.255033 -3.180156 14.282877 -0.826594 6.952496 -0.0 -12.690593 -1e-06 18.995384 -18.120655 -0.845741 1.665665 -1.95592 -2.878297 4.727794 -4.170584 4.993919 11.020511 1e-06 -0.0 12.109032 -3.735715 -2.866778 0.0 -0.0 0.0 1.291985 -1.928548 -1.498088 14.800115 0.567467 3.865604 14.242553 -1.341738 -6.660648 19.631935 0.143921 -0.648243 51.440022 -0.664515 -6.378024 0.353029 -1.51115 -0.03194 20.222769 3.684305 2.316629 18.787249 1e-06 -1e-06 10.751608 -0.47987 1.397903 0.0 -0.0 0.0 3.273804 0.305947 -0.58011 21.48679 11.830364 2.266131 8.162915 0.0 -0.0 18.399052 -3.798986 -4.940567 3e-06 0.0 -1e-06 9.779244 15.424172 -77.190643 -0.946174 -0.561785 118.245316 4.010747 1.409175 -1.8607 1.724378 -2.051275 -1.50448 0.0 -0.0 2e-06 -6.498615 -8.369534 -15.576646 1.364211 0.218732 39.870163 21.796215 0.042732 22.898752 -0.990108 0.43011 0.404028 0.0 -0.0 -1e-06 
0.0 0.0 0.0 0.0 -0.0 0.0 -37.797112 100.202354 650.917236 13.503949 -12.896811 -29.059282 -7.84431 3.791822 19.299067 -3.786939 0.177418 2.872233 -11.774511 -0.438414 17.534033 -7.416309 8.186968 17.269608 2.627448 4.964886 -3.950967 3.190978 3.936507 -8.695392 7.7e-05 -2.2e-05 6e-06 -0.049215 0.080018 -0.055119 0.450936 -3.740651 -10.44474 -0.557668 3.891113 -10.520625 1.656855 -3.620446 12.444017 -33.94545 -7.878149 -1.429879 -178.717499 -77.178185 -179.934982 20.214619 7.686458 5.452486 -5.882102 9.861279 0.70259 -10.936861 -0.360574 7.156197 0.0 8.774815 -0.0 -14.325109 17.776991 7.384245 -1.844031 2.498503 -2.507276 -10.16359 4.678941 4.621104 -20.975996 -1e-06 1e-06 -21.226254 2.451698 -3.593995 0.0 -6e-06 -0.0 -1.362681 2.240797 -0.746323 -21.334892 0.58491 3.008319 -13.821196 -1e-06 1e-06 -23.887129 -0.249075 -0.839485 -59.948715 2.679602 -0.626529 -0.294025 1.679686 0.833255 -14.218195 0.093215 1.300579 -34.212002 -0.287561 0.967166 -20.033176 0.964536 1.212838 0.0 -0.0 0.0 -3.440387 0.788233 0.501655 -15.928172 -3.167306 2.999703 -6.338817 -0.0 1e-06 -18.123419 3.648181 -4.905662 -4e-06 0.0 -2e-06 -19.627077 8.256847 17.148777 17.859903 -35.846333 52.034901 -22.334843 79.547371 -26.313204 -27.713364 -4.406862 28.068542 2.24354 -5.255033 -3.180156 14.282877 -0.826594 6.952496 -0.0 -12.690593 -1e-06 17.158663 -16.856571 0.088548 1.665665 -1.95592 -2.878297 4.727794 -4.170584 4.993919 11.020511 1e-06 -0.0 12.109032 -3.735715 -2.866778 0.0 -0.0 0.0 1.291985 -1.928548 -1.498088 14.800115 0.567467 3.865604 14.242553 -1.341738 -6.660648 19.631935 0.143921 -0.648243 49.062294 -1.059651 -6.190279 0.353029 -1.51115 -0.03194 20.222769 3.684305 2.316629 18.787249 1e-06 -1e-06 10.751608 -0.47987 1.397903 0.0 -0.0 0.0 3.273804 0.305947 -0.58011 21.48679 11.830364 2.266131 8.162915 0.0 -0.0 18.399052 -3.798986 -4.940567 3e-06 0.0 -1e-06 5.868214 17.398794 -78.046852 -0.367449 -0.589365 115.859909 3.999783 4.428583 -5.978297 1.6703 -2.060607 -0.950644 0.0 -0.0 2e-06 -5.815985 -8.441552 -10.639135 1.330216 0.081927 36.771084 13.241648 4.845952 23.781578 -0.758893 0.261548 -2.762033 0.0 -0.0 -1e-06 
0.0 0.0 0.0 0.0 -0.0 0.0 -38.830906 92.172714 660.642456 13.508994 -14.139697 -27.280434 -6.738886 2.44868 18.286325 -3.846179 -0.371174 2.347595 -13.380773 -1.377203 16.134399 -6.683303 6.200785 12.879989 3.276066 6.05165 -3.611883 3.682405 5.352814 -9.680135 7.7e-05 -2.2e-05 6e-06 -0.05112 0.044291 -0.156157 0.48503 -3.729938 -10.30145 -0.592549 3.806673 -10.287821 -2.29941 -7.101289 11.024994 -33.204754 -11.295373 1.672729 30.415604 -88.071259 -29.278234 17.693581 9.922319 1.579877 -5.882102 9.861279 0.70259 -10.936861 -0.360574 7.156197 0.0 8.774815 -0.0 -14.893984 18.176687 7.473288 -1.844031 2.498503 -2.507276 -10.16359 4.678941 4.621104 -20.975996 -1e-06 1e-06 -21.226254 2.451698 -3.593995 0.0 -6e-06 -0.0 -1.362681 2.240797 -0.746323 -21.334892 0.58491 3.008319 -13.821196 -1e-06 1e-06 -23.887129 -0.249075 -0.839485 -60.158878 2.586929 -0.418005 -0.294025 1.679686 0.833255 -14.218195 0.093215 1.300579 -34.212002 -0.287561 0.967166 -20.033176 0.964536 1.212838 0.0 -0.0 0.0 -3.440387 0.788233 0.501655 -15.928172 -3.167306 2.999703 -6.338817 -0.0 1e-06 -18.123419 3.648181 -4.905662 -4e-06 0.0 -2e-06 -16.154654 7.017696 16.514528 26.982813 -35.037716 39.013466 -22.930355 83.017113 -25.455202 -34.589535 -1.775345 33.882576 2.24354 -5.255033 -3.180156 14.282877 -0.826594 6.952496 -0.0 -12.690593 -1e-06 16.192566 -15.574759 1.840412 1.665665 -1.95592 -2.878297 4.727794 -4.170584 4.993919 11.020511 1e-06 -0.0 12.109032 -3.735715 -2.866778 0.0 -0.0 0.0 1.291985 -1.928548 -1.498088 14.800115 0.567467 3.865604 14.242553 -1.341738 -6.660648 19.631935 0.143921 -0.648243 48.156029 -1.903303 -4.411508 0.353029 -1.51115 -0.03194 20.222769 3.684305 2.316629 18.787249 1e-06 -1e-06 10.751608 -0.47987 1.397903 0.0 -0.0 0.0 3.273804 0.305947 -0.58011 21.48679 11.830364 2.266131 8.162915 0.0 -0.0 18.399052 -3.798986 -4.940567 3e-06 0.0 -1e-06 1.822907 18.490582 -78.565926 -0.534376 -0.404374 99.572906 0.965915 1.902093 -11.187723 1.42944 -1.999978 -1.576487 0.0 -0.0 2e-06 -4.847855 -6.153921 -9.312896 1.449851 -0.289804 46.782524 -8.647614 4.650432 -14.027725 -1.547425 0.640818 0.41456 0.0 -0.0 -1e-06 
0.0 0.0 0.0 0.0 -0.0 0.0 -39.17696 86.00161 666.481567 9.692286 -15.05442 -25.038845 -4.771271 1.252908 18.9687 -3.456425 -2.032478 2.450669 -12.790255 -3.226291 17.280642 -7.10055 5.20505 6.51706 3.549347 6.788581 -3.69499 4.852932 5.695696 -15.425238 7.7e-05 -2.2e-05 6e-06 -0.032673 0.141059 -0.201515 0.553025 -3.54644 -10.177973 -0.628271 3.815657 -10.168405 -8.084232 -11.756979 11.996396 -28.676788 -17.384426 -3.89044 3.271195 -74.288704 -3.100925 12.580826 9.154979 -2.171716 -5.882102 9.861279 0.70259 -10.936861 -0.360574 7.156197 0.0 8.774815 -0.0 -15.654208 18.873978 7.309989 -1.844031 2.498503 -2.507276 -10.16359 4.678941 4.621104 -20.975996 -1e-06 1e-06 -21.226254 2.451698 -3.593995 0.0 -6e-06 -0.0 -1.362681 2.240797 -0.746323 -21.334892 0.58491 3.008319 -13.821196 -1e-06 1e-06 -23.887129 -0.249075 -0.839485 -60.864567 2.242629 -0.55511 -0.294025 1.679686 0.833255 -14.218195 0.093215 1.300579 -34.212002 -0.287561 0.967166 -20.033176 0.964536 1.212838 0.0 -0.0 0.0 -3.440387 0.788233 0.501655 -15.928172 -3.167306 2.999703 -6.338817 -0.0 1e-06 -18.123419 3.648181 -4.905662 -4e-06 0.0 -2e-06 -10.4756 4.469551 16.872484 39.366581 -23.818542 24.328821 -17.264948 83.039787 -18.917538 -41.070175 2.818803 25.555109 2.24354 -5.255033 -3.180156 14.282877 -0.826594 6.952496 -0.0 -12.690593 -1e-06 14.942996 -16.157419 2.927245 1.665665 -1.95592 -2.878297 4.727794 -4.170584 4.993919 11.020511 1e-06 -0.0 12.109032 -3.735715 -2.866778 0.0 -0.0 0.0 1.291985 -1.928548 -1.498088 14.800115 0.567467 3.865604 14.242553 -1.341738 -6.660648 19.631935 0.143921 -0.648243 46.62891 -1.134936 -4.690559 0.353029 -1.51115 -0.03194 20.222769 3.684305 2.316629 18.787249 1e-06 -1e-06 10.751608 -0.47987 1.397903 0.0 -0.0 0.0 3.273804 0.305947 -0.58011 21.48679 11.830364 2.266131 8.162915 0.0 -0.0 18.399052 -3.798986 -4.940567 3e-06 0.0 -1e-06 3.246366 16.193481 -72.906311 -0.062234 -0.369078 72.22403 -4.601198 0.531105 -12.460803 1.30398 -1.945158 -1.950861 0.0 -0.0 2e-06 0.809683 -3.491342 -15.326674 0.130367 0.011502 63.825306 -12.286599 -6.178397 -25.869631 -1.534899 0.929021 0.620248 0.0 -0.0 -1e-06 
0.0 0.0 0.0 0.0 -0.0 0.0 -39.355236 83.270149 674.345764 7.052414 -16.75256 -23.002983 -4.279295 0.491916 18.500164 -3.504761 -2.817581 1.800066 -11.80808 -4.503088 18.918257 -6.71907 4.990697 4.699544 3.395987 7.893123 -3.321874 4.482195 7.00547 -18.783758 7.7e-05 -2.2e-05 6e-06 -0.024669 0.355125 -0.137191 0.52906 -3.277189 -10.108996 -0.588962 3.965063 -10.046263 -7.226528 -16.529818 13.158175 -30.978447 -23.572201 -7.591359 1.023383 -63.365891 -1.564103 11.599828 3.472958 -7.624462 -5.882102 9.861279 0.70259 -10.936861 -0.360574 7.156197 0.0 8.774815 -0.0 -16.146975 19.305826 6.623623 -1.844031 2.498503 -2.507276 -10.16359 4.678941 4.621104 -20.975996 -1e-06 1e-06 -21.226254 2.451698 -3.593995 0.0 -6e-06 -0.0 -1.362681 2.240797 -0.746323 -21.334892 0.58491 3.008319 -13.821196 -1e-06 1e-06 -23.887129 -0.249075 -0.839485 -59.967861 2.844393 -1.337216 -0.294025 1.679686 0.833255 -14.218195 0.093215 1.300579 -34.212002 -0.287561 0.967166 -20.033176 0.964536 1.212838 0.0 -0.0 0.0 -3.440387 0.788233 0.501655 -15.928172 -3.167306 2.999703 -6.338817 -0.0 1e-06 -18.123419 3.648181 -4.905662 -4e-06 0.0 -2e-06 -6.415445 2.509221 17.242039 49.633625 -7.488365 19.084169 -8.287844 78.060539 -8.799505 -41.12009 10.836987 16.488846 2.24354 -5.255033 -3.180156 14.282877 -0.826594 6.952496 -0.0 -12.690593 -1e-06 14.362572 -17.448507 2.603783 1.665665 -1.95592 -2.878297 4.727794 -4.170584 4.993919 11.020511 1e-06 -0.0 12.109032 -3.735715 -2.866778 0.0 -0.0 0.0 1.291985 -1.928548 -1.498088 14.800115 0.567467 3.865604 14.242553 -1.341738 -6.660648 19.631935 0.143921 -0.648243 47.17231 -0.697873 -5.955265 0.353029 -1.51115 -0.03194 20.222769 3.684305 2.316629 18.787249 1e-06 -1e-06 10.751608 -0.47987 1.397903 0.0 -0.0 0.0 3.273804 0.305947 -0.58011 21.48679 11.830364 2.266131 8.162915 0.0 -0.0 18.399052 -3.798986 -4.940567 3e-06 0.0 -1e-06 3.844199 15.838623 -59.036945 -0.19758 -0.19929 37.883759 -10.41261 1.355564 -10.49855 1.292694 -1.770876 -2.45739 0.0 -0.0 2e-06 2.974423 -2.079271 -13.889178 0.040924 -0.184125 70.23127 -8.690579 -8.585915 -35.116993 -1.559731 1.020674 0.157236 0.0 -0.0 -1e-06 
0.0 0.0 0.0 0.0 -0.0 0.0 -39.13744 80.762459 683.472046 4.382605 -21.088245 -20.528231 -3.110256 -0.279928 17.183891 -3.339968 -2.898986 0.928591 -10.324682 -5.473852 18.269728 -8.165428 5.906385 6.397736 3.192909 9.30734 -3.279417 3.392385 8.524505 -20.387011 7.7e-05 -2.2e-05 6e-06 -0.018608 0.305831 -0.044725 0.564695 -3.364225 -10.262074 -0.611456 3.937759 -10.241007 -4.133536 -17.933975 13.178841 -35.96278 -29.223511 -4.065234 -0.06311 -56.632366 -0.758241 8.153722 -0.860841 -4.492355 -5.882102 9.861279 0.70259 -10.936861 -0.360574 7.156197 0.0 8.774815 -0.0 -16.554173 19.356853 6.179783 -1.844031 2.498503 -2.507276 -10.16359 4.678941 4.621104 -20.975996 -1e-06 1e-06 -21.226254 2.451698 -3.593995 0.0 -6e-06 -0.0 -1.362681 2.240797 -0.746323 -21.334892 0.58491 3.008319 -13.821196 -1e-06 1e-06 -23.887129 -0.249075 -0.839485 -60.013477 3.175111 -1.781786 -0.294025 1.679686 0.833255 -14.218195 0.093215 1.300579 -34.212002 -0.287561 0.967166 -20.033176 0.964536 1.212838 0.0 -0.0 0.0 -3.440387 0.788233 0.501655 -15.928172 -3.167306 2.999703 -6.338817 -0.0 1e-06 -18.123419 3.648181 -4.905662 -4e-06 0.0 -2e-06 -6.039625 2.089493 17.36828 57.7346 3.205583 20.792875 -9.446039 75.725861 -9.77462 -35.49873 14.553735 14.185308 2.24354 -5.255033 -3.180156 14.282877 -0.826594 6.952496 -0.0 -12.690593 -1e-06 14.362438 -17.414686 2.528472 1.665665 -1.95592 -2.878297 4.727794 -4.170584 4.993919 11.020511 1e-06 -0.0 12.109032 -3.735715 -2.866778 0.0 -0.0 0.0 1.291985 -1.928548 -1.498088 14.800115 0.567467 3.865604 14.242553 -1.341738 -6.660648 19.631935 0.143921 -0.648243 47.836273 -0.890905 -6.04948 0.353029 -1.51115 -0.03194 20.222769 3.684305 2.316629 18.787249 1e-06 -1e-06 10.751608 -0.47987 1.397903 0.0 -0.0 0.0 3.273804 0.305947 -0.58011 21.48679 11.830364 2.266131 8.162915 0.0 -0.0 18.399052 -3.798986 -4.940567 3e-06 0.0 -1e-06 6.622295 17.718605 -45.481476 -0.673654 -0.353042 12.652793 -14.687096 4.29611 -11.463908 1.199366 -1.693056 -3.179548 0.0 -0.0 2e-06 4.786017 0.28393 -10.441572 0.055074 -0.076221 74.09391 -5.45385 -6.722022 -44.249813 -1.595302 1.11875 -0.405491 0.0 -0.0 -1e-06 
0.0 0.0 0.0 0.0 -0.0 0.0 -38.60783 79.288849 693.235107 2.262425 -27.350798 -16.807514 -1.804066 -0.748933 14.852091 -2.879361 -2.548753 0.038903 -9.055545 -6.440139 16.467928 -10.256436 7.344863 7.47302 3.122744 10.906448 -3.354954 2.512502 10.608584 -21.141993 7.7e-05 -2.2e-05 6e-06 -0.016101 0.245465 0.015711 0.587471 -3.464711 -10.445719 -0.630048 3.912214 -10.465338 -4.240941 -16.652681 13.325934 -38.477657 -32.9119 1.4687 -0.861596 -53.712048 0.029114 4.118033 -4.613014 4.29019 -5.882102 9.861279 0.70259 -10.936861 -0.360574 7.156197 0.0 8.774815 -0.0 -16.889681 19.49707 6.303934 -1.844031 2.498503 -2.507276 -10.16359 4.678941 4.621104 -20.975996 -1e-06 1e-06 -21.226254 2.451698 -3.593995 0.0 -6e-06 -0.0 -1.362681 2.240797 -0.746323 -21.334892 0.58491 3.008319 -13.821196 -1e-06 1e-06 -23.887129 -0.249075 -0.839485 -60.857185 3.257742 -1.662024 -0.294025 1.679686 0.833255 -14.218195 0.093215 1.300579 -34.212002 -0.287561 0.967166 -20.033176 0.964536 1.212838 0.0 -0.0 0.0 -3.440387 0.788233 0.501655 -15.928172 -3.167306 2.999703 -6.338817 -0.0 1e-06 -18.123419 3.648181 -4.905662 -4e-06 0.0 -2e-06 -5.965924 3.254503 17.361227 61.321289 6.942319 23.848787 -10.038254 76.425156 -10.387472 -29.347322 12.874497 12.034259 2.24354 -5.255033 -3.180156 14.282877 -0.826594 6.952496 -0.0 -12.690593 -1e-06 14.736782 -17.311861 2.587346 1.665665 -1.95592 -2.878297 4.727794 -4.170584 4.993919 11.020511 1e-06 -0.0 12.109032 -3.735715 -2.866778 0.0 -0.0 0.0 1.291985 -1.928548 -1.498088 14.800115 0.567467 3.865604 14.242553 -1.341738 -6.660648 19.631935 0.143921 -0.648243 48.831104 -0.887028 -5.984848 0.353029 -1.51115 -0.03194 20.222769 3.684305 2.316629 18.787249 1e-06 -1e-06 10.751608 -0.47987 1.397903 0.0 -0.0 0.0 3.273804 0.305947 -0.58011 21.48679 11.830364 2.266131 8.162915 0.0 -0.0 18.399052 -3.798986 -4.940567 3e-06 0.0 -1e-06 10.234682 19.210297 -35.464783 -0.576643 -0.716367 0.491084 -15.054077 7.805299 -14.7713 0.999232 -1.788374 -4.135872 0.0 -0.0 2e-06 4.278032 3.56888 -6.455908 0.150298 0.192153 74.154877 -3.377815 -2.294622 -51.346088 -1.58546 1.064779 -3.373054 0.0 -0.0 -1e-06 
0.0 0.0 0.0 0.0 -0.0 0.0 -37.932251 78.901001 702.981201 2.511241 -33.196541 -12.783251 -2.346501 -0.634544 11.957044 -2.388389 -1.776093 -0.749671 -8.59869 -6.576389 14.788024 -10.752766 7.412576 6.133862 3.036665 12.504 -3.221725 2.428492 13.059772 -20.71151 7.7e-05 -2.2e-05 6e-06 0.014965 0.294011 0.014076 0.608194 -3.402631 -10.340695 -0.590503 3.94775 -10.339087 -7.794454 -15.517476 13.233255 -36.732792 -32.912323 4.082668 -1.009939 -56.29406 0.374535 1.742327 -7.409431 9.522782 -5.882102 9.861279 0.70259 -10.936861 -0.360574 7.156197 0.0 8.774815 -0.0 -16.749838 19.36076 6.697942 -1.844031 2.498503 -2.507276 -10.16359 4.678941 4.621104 -20.975996 -1e-06 1e-06 -21.226254 2.451698 -3.593995 0.0 -6e-06 -0.0 -1.362681 2.240797 -0.746323 -21.334892 0.58491 3.008319 -13.821196 -1e-06 1e-06 -23.887129 -0.249075 -0.839485 -61.320782 3.158408 -1.487162 -0.294025 1.679686 0.833255 -14.218195 0.093215 1.300579 -34.212002 -0.287561 0.967166 -20.033176 0.964536 1.212838 0.0 -0.0 0.0 -3.440387 0.788233 0.501655 -15.928172 -3.167306 2.999703 -6.338817 -0.0 1e-06 -18.123419 3.648181 -4.905662 -4e-06 0.0 -2e-06 -4.324536 4.716068 16.083645 60.068359 5.463835 26.391302 -9.016443 77.894058 -8.799355 -23.591448 8.459836 9.637586 2.24354 -5.255033 -3.180156 14.282877 -0.826594 6.952496 -0.0 -12.690593 -1e-06 14.990853 -17.55092 2.177371 1.665665 -1.95592 -2.878297 4.727794 -4.170584 4.993919 11.020511 1e-06 -0.0 12.109032 -3.735715 -2.866778 0.0 -0.0 0.0 1.291985 -1.928548 -1.498088 14.800115 0.567467 3.865604 14.242553 -1.341738 -6.660648 19.631935 0.143921 -0.648243 49.032543 -0.933744 -6.600808 0.353029 -1.51115 -0.03194 20.222769 3.684305 2.316629 18.787249 1e-06 -1e-06 10.751608 -0.47987 1.397903 0.0 -0.0 0.0 3.273804 0.305947 -0.58011 21.48679 11.830364 2.266131 8.162915 0.0 -0.0 18.399052 -3.798986 -4.940567 3e-06 0.0 -1e-06 10.461948 19.624212 -32.550449 -0.302272 -0.654381 2.54341 -11.292553 9.734915 -10.121397 1.141383 -1.983664 -5.746352 0.0 -0.0 2e-06 -0.742704 5.840092 -4.970846 0.223956 0.567525 74.154472 -3.046032 4.987808 -52.826679 -1.579559 0.963133 -9.445535 0.0 -0.0 -1e-06 
0.0 0.0 0.0 0.0 -0.0 0.0 -37.659565 79.561852 711.906433 4.352655 -37.10302 -10.074887 -4.167659 -0.220353 9.7058 -2.08705 -1.016364 -1.337235 -9.138563 -5.514755 14.283638 -9.483013 6.397283 2.985915 3.494935 13.152692 -2.844229 2.414635 15.551622 -19.271746 7.7e-05 -2.2e-05 6e-06 0.018628 0.26435 -0.051315 0.584014 -3.441382 -10.365061 -0.560308 3.930568 -10.388548 -12.133745 -16.152582 11.427444 -32.272533 -29.608795 5.198375 -1.465135 -64.199722 0.712035 3.004233 -8.552049 10.340712 -5.882102 9.861279 0.70259 -10.936861 -0.360574 7.156197 0.0 8.774815 -0.0 -15.938182 18.768534 6.942674 -1.844031 2.498503 -2.507276 -10.16359 4.678941 4.621104 -20.975996 -1e-06 1e-06 -21.226254 2.451698 -3.593995 0.0 -6e-06 -0.0 -1.362681 2.240797 -0.746323 -21.334892 0.58491 3.008319 -13.821196 -1e-06 1e-06 -23.887129 -0.249075 -0.839485 -60.336895 3.075948 -1.491461 -0.294025 1.679686 0.833255 -14.218195 0.093215 1.300579 -34.212002 -0.287561 0.967166 -20.033176 0.964536 1.212838 0.0 -0.0 0.0 -3.440387 0.788233 0.501655 -15.928172 -3.167306 2.999703 -6.338817 -0.0 1e-06 -18.123419 3.648181 -4.905662 -4e-06 0.0 -2e-06 -0.357208 4.817939 14.748998 55.548557 2.959737 28.11216 -7.26757 77.775208 -6.278882 -20.009903 6.603756 9.621992 2.24354 -5.255033 -3.180156 14.282877 -0.826594 6.952496 -0.0 -12.690593 -1e-06 15.381197 -17.937551 2.217551 1.665665 -1.95592 -2.878297 4.727794 -4.170584 4.993919 11.020511 1e-06 -0.0 12.109032 -3.735715 -2.866778 0.0 -0.0 0.0 1.291985 -1.928548 -1.498088 14.800115 0.567467 3.865604 14.242553 -1.341738 -6.660648 19.631935 0.143921 -0.648243 49.332546 -0.628286 -6.888373 0.353029 -1.51115 -0.03194 20.222769 3.684305 2.316629 18.787249 1e-06 -1e-06 10.751608 -0.47987 1.397903 0.0 -0.0 0.0 3.273804 0.305947 -0.58011 21.48679 11.830364 2.266131 8.162915 0.0 -0.0 18.399052 -3.798986 -4.940567 3e-06 0.0 -1e-06 8.145547 19.137081 -39.988312 -0.094452 -0.47338 16.401283 -1.848538 10.000344 21.391401 1.729378 -1.820693 -0.546835 0.0 -0.0 2e-06 -9.231915 5.612428 -4.278778 0.249179 0.61266 73.987251 -0.984402 15.585731 -48.53326 -1.501153 0.756594 -17.260798 0.0 -0.0 -1e-06 
0.0 0.0 0.0 0.0 -0.0 0.0 -37.974094 80.241302 721.087646 4.282169 -38.866829 -10.285753 -4.407586 0.137049 9.821568 -2.066462 -0.506233 -1.165952 -9.652387 -4.103202 14.261816 -8.647277 6.023804 2.527987 3.421357 13.549965 -2.839895 2.487751 15.949359 -20.99625 7.7e-05 -2.2e-05 6e-06 0.04297 0.316323 -0.036741 0.675196 -3.373812 -10.320549 -0.605313 3.968473 -10.370324 -12.744466 -15.16323 11.639773 -31.832212 -28.03006 4.057067 -4.149229 -73.998962 4.033247 5.772334 -7.97026 9.628614 -5.882102 9.861279 0.70259 -10.936861 -0.360574 7.156197 0.0 8.774815 -0.0 -15.917197 18.39171 6.688105 -1.844031 2.498503 -2.507276 -10.16359 4.678941 4.621104 -20.975996 -1e-06 1e-06 -21.226254 2.451698 -3.593995 0.0 -6e-06 -0.0 -1.362681 2.240797 -0.746323 -21.334892 0.58491 3.008319 -13.821196 -1e-06 1e-06 -23.887129 -0.249075 -0.839485 -60.055813 3.090733 -1.310388 -0.294025 1.679686 0.833255 -14.218195 0.093215 1.300579 -34.212002 -0.287561 0.967166 -20.033176 0.964536 1.212838 0.0 -0.0 0.0 -3.440387 0.788233 0.501655 -15.928172 -3.167306 2.999703 -6.338817 -0.0 1e-06 -18.123419 3.648181 -4.905662 -4e-06 0.0 -2e-06 0.293312 5.005628 15.03299 54.554543 1.678508 28.409967 -5.522449 74.293297 -4.141518 -18.950537 5.745008 8.639671 2.24354 -5.255033 -3.180156 14.282877 -0.826594 6.952496 -0.0 -12.690593 -1e-06 15.778743 -17.972569 2.285565 1.665665 -1.95592 -2.878297 4.727794 -4.170584 4.993919 11.020511 1e-06 -0.0 12.109032 -3.735715 -2.866778 0.0 -0.0 0.0 1.291985 -1.928548 -1.498088 14.800115 0.567467 3.865604 14.242553 -1.341738 -6.660648 19.631935 0.143921 -0.648243 49.773567 -0.531834 -6.824901 0.353029 -1.51115 -0.03194 20.222769 3.684305 2.316629 18.787249 1e-06 -1e-06 10.751608 -0.47987 1.397903 0.0 -0.0 0.0 3.273804 0.305947 -0.58011 21.48679 11.830364 2.266131 8.162915 0.0 -0.0 18.399052 -3.798986 -4.940567 3e-06 0.0 -1e-06 8.02988 18.358267 -45.363419 0.073768 -0.519269 34.694241 0.799455 9.41695 21.070833 1.744911 -1.905011 0.662976 0.0 -0.0 2e-06 -14.900567 5.169185 -0.387838 0.467601 1.21072 73.203766 2.671113 24.490145 -38.605026 -1.548092 0.716961 -22.089697 0.0 -0.0 -1e-06 
0.0 0.0 0.0 0.0 -0.0 0.0 -38.285049 82.179024 729.812134 3.618616 -39.539783 -10.429236 -4.292796 0.665975 9.728351 -2.135102 0.282702 -1.156096 -9.623187 -2.951854 14.693053 -9.100749 6.730158 3.900718 3.543074 13.910907 -2.858474 2.436242 15.501499 -22.254042 7.7e-05 -2.2e-05 6e-06 0.02568 0.28802 0.02565 0.701397 -3.426368 -10.403086 -0.665434 3.960108 -10.456412 -12.329486 -13.044015 12.31025 -34.569061 -27.280354 4.586186 -7.147653 -81.49218 7.748054 7.26314 -7.429025 10.890488 -5.882102 9.861279 0.70259 -10.936861 -0.360574 7.156197 0.0 8.774815 -0.0 -16.118912 18.466999 6.735204 -1.844031 2.498503 -2.507276 -10.16359 4.678941 4.621104 -20.975996 -1e-06 1e-06 -21.226254 2.451698 -3.593995 0.0 -6e-06 -0.0 -1.362681 2.240797 -0.746323 -21.334892 0.58491 3.008319 -13.821196 -1e-06 1e-06 -23.887129 -0.249075 -0.839485 -60.530346 2.916537 -1.033104 -0.294025 1.679686 0.833255 -14.218195 0.093215 1.300579 -34.212002 -0.287561 0.967166 -20.033176 0.964536 1.212838 0.0 -0.0 0.0 -3.440387 0.788233 0.501655 -15.928172 -3.167306 2.999703 -6.338817 -0.0 1e-06 -18.123419 3.648181 -4.905662 -4e-06 0.0 -2e-06 0.123743 5.661384 15.703513 55.618156 1.455102 27.840488 -3.402978 67.688202 -2.643111 -19.460619 5.526791 6.44056 2.24354 -5.255033 -3.180156 14.282877 -0.826594 6.952496 -0.0 -12.690593 -1e-06 15.895542 -17.949186 2.592541 1.665665 -1.95592 -2.878297 4.727794 -4.170584 4.993919 11.020511 1e-06 -0.0 12.109032 -3.735715 -2.866778 0.0 -0.0 0.0 1.291985 -1.928548 -1.498088 14.800115 0.567467 3.865604 14.242553 -1.341738 -6.660648 19.631935 0.143921 -0.648243 50.090805 -0.805158 -6.649665 0.353029 -1.51115 -0.03194 20.222769 3.684305 2.316629 18.787249 1e-06 -1e-06 10.751608 -0.47987 1.397903 0.0 -0.0 0.0 3.273804 0.305947 -0.58011 21.48679 11.830364 2.266131 8.162915 0.0 -0.0 18.399052 -3.798986 -4.940567 3e-06 0.0 -1e-06 7.096221 18.000963 -44.781029 0.427302 -0.230263 44.090019 1.789996 10.616482 13.510802 1.700428 -1.951928 1.290508 0.0 -0.0 2e-06 -18.625095 5.348485 2.87479 0.694907 1.884136 71.059647 9.816739 30.296413 -18.428282 -1.537012 0.60843 -24.929379 0.0 -0.0 -1e-06 
0.0 0.0 0.0 0.0 -0.0 0.0 -38.808678 85.382202 737.627441 1.38348 -38.946579 -8.339224 -3.897562 0.962024 9.384666 -2.004103 0.783814 -1.393823 -8.859891 -2.144485 14.61278 -9.442301 7.640153 5.797682 3.247623 13.803224 -2.954192 2.542117 14.676254 -21.869865 7.7e-05 -2.2e-05 6e-06 -0.003617 0.270216 0.023488 0.653875 -3.460686 -10.479498 -0.671861 3.957224 -10.528265 -12.175479 -11.211759 12.188951 -38.276802 -25.381254 6.50736 -15.442555 -85.690117 16.337502 7.778568 -6.696538 12.243979 -5.882102 9.861279 0.70259 -10.936861 -0.360574 7.156197 0.0 8.774815 -0.0 -15.984756 18.573303 6.732498 -1.844031 2.498503 -2.507276 -10.16359 4.678941 4.621104 -20.975996 -1e-06 1e-06 -21.226254 2.451698 -3.593995 0.0 -6e-06 -0.0 -1.362681 2.240797 -0.746323 -21.334892 0.58491 3.008319 -13.821196 -1e-06 1e-06 -23.887129 -0.249075 -0.839485 -60.489632 2.764515 -0.954574 -0.294025 1.679686 0.833255 -14.218195 0.093215 1.300579 -34.212002 -0.287561 0.967166 -20.033176 0.964536 1.212838 0.0 -0.0 0.0 -3.440387 0.788233 0.501655 -15.928172 -3.167306 2.999703 -6.338817 -0.0 1e-06 -18.123419 3.648181 -4.905662 -4e-06 0.0 -2e-06 0.26195 6.294951 15.874699 57.231361 1.420711 26.853434 -1.456656 61.404167 -1.595004 -19.49506 4.393521 3.414064 2.24354 -5.255033 -3.180156 14.282877 -0.826594 6.952496 -0.0 -12.690593 -1e-06 15.820901 -17.730541 2.707221 1.665665 -1.95592 -2.878297 4.727794 -4.170584 4.993919 11.020511 1e-06 -0.0 12.109032 -3.735715 -2.866778 0.0 -0.0 0.0 1.291985 -1.928548 -1.498088 14.800115 0.567467 3.865604 14.242553 -1.341738 -6.660648 19.631935 0.143921 -0.648243 49.67144 -0.881605 -6.809561 0.353029 -1.51115 -0.03194 20.222769 3.684305 2.316629 18.787249 1e-06 -1e-06 10.751608 -0.47987 1.397903 0.0 -0.0 0.0 3.273804 0.305947 -0.58011 21.48679 11.830364 2.266131 8.162915 0.0 -0.0 18.399052 -3.798986 -4.940567 3e-06 0.0 -1e-06 6.430344 17.542126 -42.209927 0.513736 -0.021502 47.428173 2.0081 11.50372 5.654042 1.67989 -1.971973 1.284993 0.0 -0.0 2e-06 -18.487644 4.791382 3.367527 0.694917 2.130253 68.838348 19.338167 27.196686 6.490115 -1.318419 0.627245 -18.212624 0.0 -0.0 -1e-06 
0.0 0.0 0.0 0.0 -0.0 0.0 -39.700275 88.756546 744.968384 -1.351972 -36.673618 -5.201933 -3.478709 1.052001 9.094411 -1.845723 0.974893 -1.628415 -7.928423 -1.881514 14.342807 -9.184111 8.022067 7.261003 2.704988 13.376219 -3.107972 2.683451 13.613952 -20.984489 7.7e-05 -2.2e-05 6e-06 -0.014262 0.228163 -0.020815 0.611378 -3.495521 -10.528371 -0.645824 3.910976 -10.570099 -11.664845 -10.070918 12.093984 -41.874676 -22.922554 8.05414 -25.243597 -87.117584 26.137098 7.893347 -5.615782 13.048133 -5.882102 9.861279 0.70259 -10.936861 -0.360574 7.156197 0.0 8.774815 -0.0 -15.948915 18.561573 6.523803 -1.844031 2.498503 -2.507276 -10.16359 4.678941 4.621104 -20.975996 -1e-06 1e-06 -21.226254 2.451698 -3.593995 0.0 -6e-06 -0.0 -1.362681 2.240797 -0.746323 -21.334892 0.58491 3.008319 -13.821196 -1e-06 1e-06 -23.887129 -0.249075 -0.839485 -60.495075 2.580995 -1.051856 -0.294025 1.679686 0.833255 -14.218195 0.093215 1.300579 -34.212002 -0.287561 0.967166 -20.033176 0.964536 1.212838 0.0 -0.0 0.0 -3.440387 0.788233 0.501655 -15.928172 -3.167306 2.999703 -6.338817 -0.0 1e-06 -18.123419 3.648181 -4.905662 -4e-06 0.0 -2e-06 -0.094932 6.546975 15.969071 59.834846 1.537304 26.470381 -0.53423 56.504223 -1.164591 -19.102421 3.403269 0.054234 2.24354 -5.255033 -3.180156 14.282877 -0.826594 6.952496 -0.0 -12.690593 -1e-06 15.855832 -17.626167 2.761896 1.665665 -1.95592 -2.878297 4.727794 -4.170584 4.993919 11.020511 1e-06 -0.0 12.109032 -3.735715 -2.866778 0.0 -0.0 0.0 1.291985 -1.928548 -1.498088 14.800115 0.567467 3.865604 14.242553 -1.341738 -6.660648 19.631935 0.143921 -0.648243 49.471737 -0.876783 -6.860578 0.353029 -1.51115 -0.03194 20.222769 3.684305 2.316629 18.787249 1e-06 -1e-06 10.751608 -0.47987 1.397903 0.0 -0.0 0.0 3.273804 0.305947 -0.58011 21.48679 11.830364 2.266131 8.162915 0.0 -0.0 18.399052 -3.798986 -4.940567 3e-06 0.0 -1e-06 5.807974 17.16736 -39.256699 0.424824 0.062084 47.356049 2.06204 10.466931 0.00167 1.676142 -1.906807 1.164747 0.0 -0.0 2e-06 -15.92544 2.711552 1.820355 0.598401 2.071695 68.093201 23.671478 19.346418 24.446812 -1.21649 0.799822 -5.948348 0.0 -0.0 -1e-06 
0.0 0.0 0.0 0.0 -0.0 0.0 -40.830906 91.865028 751.80658 -3.069233 -33.101746 -2.533407 -3.322543 0.943512 8.924907 -1.769415 0.833476 -1.846382 -7.32374 -1.91983 14.097241 -8.502903 7.798069 8.096351 2.260911 12.565119 -3.234951 2.796778 12.474371 -20.005783 7.7e-05 -2.2e-05 6e-06 -0.017642 0.189094 -0.042701 0.584238 -3.52154 -10.551611 -0.622382 3.863938 -10.593859 -11.010462 -9.489776 12.350069 -44.296532 -20.750393 8.613406 -22.013233 -86.702538 22.784639 8.62409 -4.565624 13.240828 -5.882102 9.861279 0.70259 -10.936861 -0.360574 7.156197 0.0 8.774815 -0.0 -15.921582 18.525368 6.384015 -1.844031 2.498503 -2.507276 -10.16359 4.678941 4.621104 -20.975996 -1e-06 1e-06 -21.226254 2.451698 -3.593995 0.0 -6e-06 -0.0 -1.362681 2.240797 -0.746323 -21.334892 0.58491 3.008319 -13.821196 -1e-06 1e-06 -23.887129 -0.249075 -0.839485 -60.63258 2.476489 -1.137254 -0.294025 1.679686 0.833255 -14.218195 0.093215 1.300579 -34.212002 -0.287561 0.967166 -20.033176 0.964536 1.212838 0.0 -0.0 0.0 -3.440387 0.788233 0.501655 -15.928172 -3.167306 2.999703 -6.338817 -0.0 1e-06 -18.123419 3.648181 -4.905662 -4e-06 0.0 -2e-06 -0.661627 6.343219 15.98138 62.571808 1.137422 26.679146 -0.145637 53.401478 -0.810164 -18.491039 3.094291 -2.387232 2.24354 -5.255033 -3.180156 14.282877 -0.826594 6.952496 -0.0 -12.690593 -1e-06 15.990437 -17.59454 2.649284 1.665665 -1.95592 -2.878297 4.727794 -4.170584 4.993919 11.020511 1e-06 -0.0 12.109032 -3.735715 -2.866778 0.0 -0.0 0.0 1.291985 -1.928548 -1.498088 14.800115 0.567467 3.865604 14.242553 -1.341738 -6.660648 19.631935 0.143921 -0.648243 49.4296 -0.713473 -6.9269 0.353029 -1.51115 -0.03194 20.222769 3.684305 2.316629 18.787249 1e-06 -1e-06 10.751608 -0.47987 1.397903 0.0 -0.0 0.0 3.273804 0.305947 -0.58011 21.48679 11.830364 2.266131 8.162915 0.0 -0.0 18.399052 -3.798986 -4.940567 3e-06 0.0 -1e-06 4.670816 17.002243 -35.836918 0.335365 0.159444 44.998558 2.349717 8.042827 -4.04946 1.642185 -1.866484 0.967089 0.0 -0.0 2e-06 -13.250441 -0.518174 -1.294239 0.5927 1.77477 69.705612 23.430151 16.709414 27.589773 -1.241745 0.848944 -2.538448 0.0 -0.0 -1e-06 
0.0 0.0 0.0 0.0 -0.0 0.0 -42.06551 94.412781 757.89801 -3.49769 -28.919363 -0.890884 -3.353255 0.663673 8.87899 -1.729974 0.528245 -1.975965 -7.111845 -2.090389 13.875815 -7.580773 7.30644 8.550661 1.940903 11.601059 -3.333203 2.803984 11.28903 -19.341753 7.7e-05 -2.2e-05 6e-06 -0.023609 0.183926 -0.047609 0.568762 -3.523525 -10.579995 -0.61764 3.859978 -10.625173 -10.511045 -9.27969 12.572515 -45.717232 -19.107203 8.607265 -13.190291 -85.04789 13.847751 9.639718 -4.054656 13.121598 -5.882102 9.861279 0.70259 -10.936861 -0.360574 7.156197 0.0 8.774815 -0.0 -15.88052 18.528791 6.349612 -1.844031 2.498503 -2.507276 -10.16359 4.678941 4.621104 -20.975996 -1e-06 1e-06 -21.226254 2.451698 -3.593995 0.0 -6e-06 -0.0 -1.362681 2.240797 -0.746323 -21.334892 0.58491 3.008319 -13.821196 -1e-06 1e-06 -23.887129 -0.249075 -0.839485 -60.816864 2.465199 -1.145053 -0.294025 1.679686 0.833255 -14.218195 0.093215 1.300579 -34.212002 -0.287561 0.967166 -20.033176 0.964536 1.212838 0.0 -0.0 0.0 -3.440387 0.788233 0.501655 -15.928172 -3.167306 2.999703 -6.338817 -0.0 1e-06 -18.123419 3.648181 -4.905662 -4e-06 0.0 -2e-06 -1.026157 5.868466 15.969352 64.916656 0.242697 26.920176 0.412788 51.059711 -0.261433 -17.779602 3.041295 -3.012177 2.24354 -5.255033 -3.180156 14.282877 -0.826594 6.952496 -0.0 -12.690593 -1e-06 16.275692 -17.56332 2.401928 1.665665 -1.95592 -2.878297 4.727794 -4.170584 4.993919 11.020511 1e-06 -0.0 12.109032 -3.735715 -2.866778 0.0 -0.0 0.0 1.291985 -1.928548 -1.498088 14.800115 0.567467 3.865604 14.242553 -1.341738 -6.660648 19.631935 0.143921 -0.648243 49.388752 -0.540097 -7.034736 0.353029 -1.51115 -0.03194 20.222769 3.684305 2.316629 18.787249 1e-06 -1e-06 10.751608 -0.47987 1.397903 0.0 -0.0 0.0 3.273804 0.305947 -0.58011 21.48679 11.830364 2.266131 8.162915 0.0 -0.0 18.399052 -3.798986 -4.940567 3e-06 0.0 -1e-06 3.185348 16.954845 -31.960672 0.241455 0.197619 41.343491 2.400212 4.937814 -6.754491 1.603754 -1.860599 0.502342 0.0 -0.0 2e-06 -11.112968 -3.918752 -5.624562 0.564361 1.219112 72.683929 21.584011 17.104959 20.725887 -1.196943 0.813142 -2.847255 0.0 -0.0 -1e-06 
0.0 0.0 0.0 0.0 -0.0 0.0 -43.296993 96.292969 763.599609 -3.174627 -24.615389 0.032358 -3.370325 0.314299 8.828712 -1.677647 0.160289 -2.020308 -7.03997 -2.32634 13.68482 -6.583985 6.69055 8.725686 1.63085 10.643009 -3.435232 2.80176 10.113394 -18.944908 7.7e-05 -2.2e-05 6e-06 -0.032004 0.203183 -0.050192 0.55932 -3.50632 -10.609653 -0.624718 3.885409 -10.65776 -10.350825 -9.27808 12.712317 -46.459686 -18.192217 8.213412 -8.502826 -82.817635 8.985195 10.404543 -4.145751 12.816929 -5.882102 9.861279 0.70259 -10.936861 -0.360574 7.156197 0.0 8.774815 -0.0 -15.927651 18.547213 6.33285 -1.844031 2.498503 -2.507276 -10.16359 4.678941 4.621104 -20.975996 -1e-06 1e-06 -21.226254 2.451698 -3.593995 0.0 -6e-06 -0.0 -1.362681 2.240797 -0.746323 -21.334892 0.58491 3.008319 -13.821196 -1e-06 1e-06 -23.887129 -0.249075 -0.839485 -61.02755 2.523993 -1.157077 -0.294025 1.679686 0.833255 -14.218195 0.093215 1.300579 -34.212002 -0.287561 0.967166 -20.033176 0.964536 1.212838 0.0 -0.0 0.0 -3.440387 0.788233 0.501655 -15.928172 -3.167306 2.999703 -6.338817 -0.0 1e-06 -18.123419 3.648181 -4.905662 -4e-06 0.0 -2e-06 -0.917973 5.281191 16.033226 66.579979 -0.751965 26.962633 1.076022 48.65102 0.247009 -17.038544 2.750175 -2.376031 2.24354 -5.255033 -3.180156 14.282877 -0.826594 6.952496 -0.0 -12.690593 -1e-06 16.517841 -17.59527 2.225451 1.665665 -1.95592 -2.878297 4.727794 -4.170584 4.993919 11.020511 1e-06 -0.0 12.109032 -3.735715 -2.866778 0.0 -0.0 0.0 1.291985 -1.928548 -1.498088 14.800115 0.567467 3.865604 14.242553 -1.341738 -6.660648 19.631935 0.143921 -0.648243 49.379467 -0.471758 -7.089089 0.353029 -1.51115 -0.03194 20.222769 3.684305 2.316629 18.787249 1e-06 -1e-06 10.751608 -0.47987 1.397903 0.0 -0.0 0.0 3.273804 0.305947 -0.58011 21.48679 11.830364 2.266131 8.162915 0.0 -0.0 18.399052 -3.798986 -4.940567 3e-06 0.0 -1e-06 1.775663 16.760574 -27.85113 0.154942 0.189693 37.628777 2.056493 1.902554 -8.908812 1.579973 -1.845826 -0.075784 0.0 -0.0 2e-06 -9.206518 -6.732907 -11.064301 0.46911 0.682177 75.403145 18.492128 15.759116 10.650119 -1.194463 0.779222 -3.716892 0.0 -0.0 -1e-06 
0.0 0.0 0.0 0.0 -0.0 0.0 -44.454437 97.551949 769.105042 -2.443367 -20.26952 0.46521 -3.32372 -0.035711 8.716898 -1.589188 -0.311734 -1.987021 -6.997338 -2.5524 13.49227 -5.510672 5.946988 8.674416 1.327288 9.768652 -3.536144 2.897811 8.915297 -18.617197 7.7e-05 -2.2e-05 6e-06 -0.036727 0.224633 -0.048424 0.561575 -3.493283 -10.652524 -0.636411 3.918706 -10.697372 -10.332606 -9.425227 12.901999 -46.983974 -17.950504 7.45621 -6.255858 -80.423508 6.547583 10.948102 -4.579765 12.190295 -5.882102 9.861279 0.70259 -10.936861 -0.360574 7.156197 0.0 8.774815 -0.0 -16.083281 18.600111 6.284517 -1.844031 2.498503 -2.507276 -10.16359 4.678941 4.621104 -20.975996 -1e-06 1e-06 -21.226254 2.451698 -3.593995 0.0 -6e-06 -0.0 -1.362681 2.240797 -0.746323 -21.334892 0.58491 3.008319 -13.821196 -1e-06 1e-06 -23.887129 -0.249075 -0.839485 -61.207394 2.565669 -1.181532 -0.294025 1.679686 0.833255 -14.218195 0.093215 1.300579 -34.212002 -0.287561 0.967166 -20.033176 0.964536 1.212838 0.0 -0.0 0.0 -3.440387 0.788233 0.501655 -15.928172 -3.167306 2.999703 -6.338817 -0.0 1e-06 -18.123419 3.648181 -4.905662 -4e-06 0.0 -2e-06 -0.420793 4.641386 16.06851 67.797325 -1.827783 26.75123 1.542749 45.859444 0.495214 -16.249413 2.135401 -1.322202 2.24354 -5.255033 -3.180156 14.282877 -0.826594 6.952496 -0.0 -12.690593 -1e-06 16.599623 -17.630747 2.159934 1.665665 -1.95592 -2.878297 4.727794 -4.170584 4.993919 11.020511 1e-06 -0.0 12.109032 -3.735715 -2.866778 0.0 -0.0 0.0 1.291985 -1.928548 -1.498088 14.800115 0.567467 3.865604 14.242553 -1.341738 -6.660648 19.631935 0.143921 -0.648243 49.414539 -0.474176 -7.07462 0.353029 -1.51115 -0.03194 20.222769 3.684305 2.316629 18.787249 1e-06 -1e-06 10.751608 -0.47987 1.397903 0.0 -0.0 0.0 3.273804 0.305947 -0.58011 21.48679 11.830364 2.266131 8.162915 0.0 -0.0 18.399052 -3.798986 -4.940567 3e-06 0.0 -1e-06 0.600275 16.315884 -23.599836 0.070629 0.145789 34.310448 1.450119 -0.939137 -10.856853 1.569052 -1.804945 -0.571408 0.0 -0.0 2e-06 -7.490043 -8.627669 -17.451487 0.33583 0.317813 76.951614 14.722635 11.494777 0.284104 -1.257617 0.776796 -4.359537 0.0 -0.0 -1e-06 
0.0 0.0 0.0 0.0 -0.0 0.0 -45.496746 98.190598 774.285095 -1.630569 -16.030262 0.559944 -3.201038 -0.371189 8.541957 -1.464535 -0.820864 -1.917053 -6.912616 -2.808606 13.251128 -4.351405 5.144074 8.481136 1.121629 8.900882 -3.603314 3.031027 7.819433 -18.255077 7.7e-05 -2.2e-05 6e-06 -0.034252 0.237368 -0.03152 0.575835 -3.495741 -10.693138 -0.645862 3.94937 -10.725292 -10.180874 -9.709699 13.093683 -47.53297 -18.097214 6.546324 -4.747799 -78.087662 4.892405 11.548602 -5.175209 11.305299 -5.882102 9.861279 0.70259 -10.936861 -0.360574 7.156197 0.0 8.774815 -0.0 -16.211767 18.652611 6.24059 -1.844031 2.498503 -2.507276 -10.16359 4.678941 4.621104 -20.975996 -1e-06 1e-06 -21.226254 2.451698 -3.593995 0.0 -6e-06 -0.0 -1.362681 2.240797 -0.746323 -21.334892 0.58491 3.008319 -13.821196 -1e-06 1e-06 -23.887129 -0.249075 -0.839485 -61.283039 2.584239 -1.210748 -0.294025 1.679686 0.833255 -14.218195 0.093215 1.300579 -34.212002 -0.287561 0.967166 -20.033176 0.964536 1.212838 0.0 -0.0 0.0 -3.440387 0.788233 0.501655 -15.928172 -3.167306 2.999703 -6.338817 -0.0 1e-06 -18.123419 3.648181 -4.905662 -4e-06 0.0 -2e-06 0.381441 3.982305 15.989258 68.699135 -3.095088 26.069431 1.725067 43.005241 0.556527 -15.475378 1.301895 -0.562872 2.24354 -5.255033 -3.180156 14.282877 -0.826594 6.952496 -0.0 -12.690593 -1e-06 16.546745 -17.614985 2.132643 1.665665 -1.95592 -2.878297 4.727794 -4.170584 4.993919 11.020511 1e-06 -0.0 12.109032 -3.735715 -2.866778 0.0 -0.0 0.0 1.291985 -1.928548 -1.498088 14.800115 0.567467 3.865604 14.242553 -1.341738 -6.660648 19.631935 0.143921 -0.648243 49.411461 -0.480475 -7.04444 0.353029 -1.51115 -0.03194 20.222769 3.684305 2.316629 18.787249 1e-06 -1e-06 10.751608 -0.47987 1.397903 0.0 -0.0 0.0 3.273804 0.305947 -0.58011 21.48679 11.830364 2.266131 8.162915 0.0 -0.0 18.399052 -3.798986 -4.940567 3e-06 0.0 -1e-06 -0.125122 15.501417 -19.710949 0.002014 0.074162 32.250198 0.822548 -3.357538 -12.696631 1.569503 -1.754386 -0.84367 0.0 -0.0 2e-06 -6.210207 -9.593193 -24.029728 0.205831 0.133367 76.525864 11.281156 5.638778 -7.953209 -1.351871 0.810813 -4.610518 0.0 -0.0 -1e-06 
0.0 0.0 0.0 0.0 -0.0 0.0 -46.580635 98.290947 779.75415 -0.973789 -11.96214 0.556995 -3.031685 -0.685651 8.265974 -1.343942 -1.286852 -1.886578 -6.672813 -3.202812 12.973239 -3.059116 4.360923 8.090994 1.029307 7.992231 -3.629099 3.095981 6.836098 -17.830107 7.7e-05 -2.2e-05 6e-06 -0.022766 0.212782 -0.002277 0.60577 -3.533664 -10.710219 -0.653155 3.940562 -10.727707 -9.620605 -10.085408 13.190879 -48.207996 -18.479198 5.760811 -3.540441 -75.874992 3.625259 12.283245 -5.901063 10.221182 -5.882102 9.861279 0.70259 -10.936861 -0.360574 7.156197 0.0 8.774815 -0.0 -16.28298 18.657883 6.173567 -1.844031 2.498503 -2.507276 -10.16359 4.678941 4.621104 -20.975996 -1e-06 1e-06 -21.226254 2.451698 -3.593995 0.0 -6e-06 -0.0 -1.362681 2.240797 -0.746323 -21.334892 0.58491 3.008319 -13.821196 -1e-06 1e-06 -23.887129 -0.249075 -0.839485 -61.186905 2.621781 -1.232058 -0.294025 1.679686 0.833255 -14.218195 0.093215 1.300579 -34.212002 -0.287561 0.967166 -20.033176 0.964536 1.212838 0.0 -0.0 0.0 -3.440387 0.788233 0.501655 -15.928172 -3.167306 2.999703 -6.338817 -0.0 1e-06 -18.123419 3.648181 -4.905662 -4e-06 0.0 -2e-06 1.448629 3.29683 15.869567 69.242775 -4.468819 24.679785 1.767909 40.583508 0.540702 -14.918028 0.426352 -0.204471 2.24354 -5.255033 -3.180156 14.282877 -0.826594 6.952496 -0.0 -12.690593 -1e-06 16.430618 -17.524824 2.130654 1.665665 -1.95592 -2.878297 4.727794 -4.170584 4.993919 11.020511 1e-06 -0.0 12.109032 -3.735715 -2.866778 0.0 -0.0 0.0 1.291985 -1.928548 -1.498088 14.800115 0.567467 3.865604 14.242553 -1.341738 -6.660648 19.631935 0.143921 -0.648243 49.346516 -0.465595 -6.989117 0.353029 -1.51115 -0.03194 20.222769 3.684305 2.316629 18.787249 1e-06 -1e-06 10.751608 -0.47987 1.397903 0.0 -0.0 0.0 3.273804 0.305947 -0.58011 21.48679 11.830364 2.266131 8.162915 0.0 -0.0 18.399052 -3.798986 -4.940567 3e-06 0.0 -1e-06 -0.203913 14.217389 -15.63354 -0.054002 -0.015663 30.823572 0.322575 -5.273036 -15.464195 1.580082 -1.726932 -0.949335 0.0 -0.0 2e-06 -5.422249 -10.120219 -30.044664 0.133557 0.071127 73.417534 8.803836 0.272137 -13.187943 -1.414934 0.870884 -4.688312 0.0 -0.0 -1e-06 
0.0 0.0 0.0 0.0 -0.0 0.0 -47.792831 98.012306 785.955078 -0.627897 -7.986021 0.653863 -2.855012 -0.981534 7.834909 -1.226725 -1.736111 -1.962175 -6.19163 -3.73123 12.605449 -1.589893 3.60253 7.556448 1.027585 7.004663 -3.621017 3.073136 5.926188 -17.39945 7.7e-05 -2.2e-05 6e-06 -0.00979 0.162838 0.024818 0.638389 -3.591724 -10.703823 -0.660398 3.901527 -10.713439 -8.487552 -10.553141 13.18022 -49.09074 -18.969425 5.204318 -3.112899 -73.733124 3.22873 13.254619 -6.698144 9.062437 -5.882102 9.861279 0.70259 -10.936861 -0.360574 7.156197 0.0 8.774815 -0.0 -16.352816 18.608263 6.054173 -1.844031 2.498503 -2.507276 -10.16359 4.678941 4.621104 -20.975996 -1e-06 1e-06 -21.226254 2.451698 -3.593995 0.0 -6e-06 -0.0 -1.362681 2.240797 -0.746323 -21.334892 0.58491 3.008319 -13.821196 -1e-06 1e-06 -23.887129 -0.249075 -0.839485 -60.969021 2.647122 -1.239902 -0.294025 1.679686 0.833255 -14.218195 0.093215 1.300579 -34.212002 -0.287561 0.967166 -20.033176 0.964536 1.212838 0.0 -0.0 0.0 -3.440387 0.788233 0.501655 -15.928172 -3.167306 2.999703 -6.338817 -0.0 1e-06 -18.123419 3.648181 -4.905662 -4e-06 0.0 -2e-06 2.742751 2.538604 15.792578 69.414833 -5.866717 22.649141 1.747413 38.830406 0.536767 -14.609172 -0.443853 0.127711 2.24354 -5.255033 -3.180156 14.282877 -0.826594 6.952496 -0.0 -12.690593 -1e-06 16.323391 -17.43836 2.166792 1.665665 -1.95592 -2.878297 4.727794 -4.170584 4.993919 11.020511 1e-06 -0.0 12.109032 -3.735715 -2.866778 0.0 -0.0 0.0 1.291985 -1.928548 -1.498088 14.800115 0.567467 3.865604 14.242553 -1.341738 -6.660648 19.631935 0.143921 -0.648243 49.337109 -0.438892 -6.852552 0.353029 -1.51115 -0.03194 20.222769 3.684305 2.316629 18.787249 1e-06 -1e-06 10.751608 -0.47987 1.397903 0.0 -0.0 0.0 3.273804 0.305947 -0.58011 21.48679 11.830364 2.266131 8.162915 0.0 -0.0 18.399052 -3.798986 -4.940567 3e-06 0.0 -1e-06 0.49056 12.525929 -11.049983 -0.105315 -0.125061 29.430162 -0.089775 -6.77469 -18.871626 1.604715 -1.735423 -1.060313 0.0 -0.0 2e-06 -4.813162 -10.624137 -35.082832 0.090357 0.069371 67.288582 7.22365 -3.752246 -16.171141 -1.424728 0.937792 -4.503781 0.0 -0.0 -1e-06 
0.0 0.0 0.0 0.0 -0.0 0.0 -49.170132 97.490776 791.78949 -0.595251 -4.106459 0.935558 -2.724061 -1.161937 7.184097 -1.081574 -2.331785 -2.191168 -5.49521 -4.3601 12.105283 0.061589 2.886065 7.023798 1.010117 5.933294 -3.600493 3.038943 5.014318 -16.86064 7.7e-05 -2.2e-05 6e-06 -0.004862 0.1044 0.03813 0.660349 -3.650898 -10.694192 -0.673105 3.848423 -10.703836 -6.78732 -11.13925 13.094882 -50.208549 -19.329182 5.101872 -2.892727 -71.650314 3.086382 14.448256 -7.48314 7.848472 -5.882102 9.861279 0.70259 -10.936861 -0.360574 7.156197 0.0 8.774815 -0.0 -16.344652 18.503822 5.944972 -1.844031 2.498503 -2.507276 -10.16359 4.678941 4.621104 -20.975996 -1e-06 1e-06 -21.226254 2.451698 -3.593995 0.0 -6e-06 -0.0 -1.362681 2.240797 -0.746323 -21.334892 0.58491 3.008319 -13.821196 -1e-06 1e-06 -23.887129 -0.249075 -0.839485 -60.806526 2.636538 -1.233461 -0.294025 1.679686 0.833255 -14.218195 0.093215 1.300579 -34.212002 -0.287561 0.967166 -20.033176 0.964536 1.212838 0.0 -0.0 0.0 -3.440387 0.788233 0.501655 -15.928172 -3.167306 2.999703 -6.338817 -0.0 1e-06 -18.123419 3.648181 -4.905662 -4e-06 0.0 -2e-06 4.115846 1.674791 15.713383 69.31926 -7.324289 20.05925 1.644186 37.954308 0.56341 -14.550549 -1.278196 0.374017 2.24354 -5.255033 -3.180156 14.282877 -0.826594 6.952496 -0.0 -12.690593 -1e-06 16.260565 -17.449076 2.239265 1.665665 -1.95592 -2.878297 4.727794 -4.170584 4.993919 11.020511 1e-06 -0.0 12.109032 -3.735715 -2.866778 0.0 -0.0 0.0 1.291985 -1.928548 -1.498088 14.800115 0.567467 3.865604 14.242553 -1.341738 -6.660648 19.631935 0.143921 -0.648243 49.580086 -0.376721 -6.658369 0.353029 -1.51115 -0.03194 20.222769 3.684305 2.316629 18.787249 1e-06 -1e-06 10.751608 -0.47987 1.397903 0.0 -0.0 0.0 3.273804 0.305947 -0.58011 21.48679 11.830364 2.266131 8.162915 0.0 -0.0 18.399052 -3.798986 -4.940567 3e-06 0.0 -1e-06 1.862645 10.577783 -7.035758 -0.152991 -0.281036 28.225513 -0.500581 -7.788314 -21.815821 1.64398 -1.757276 -1.366297 0.0 -0.0 2e-06 -4.241635 -11.262741 -38.663303 0.094741 0.16873 57.704811 6.505186 -6.61867 -16.78182 -1.425725 1.029233 -4.098797 0.0 -0.0 -1e-06 
0.0 0.0 0.0 0.0 -0.0 0.0 -50.737499 96.837585 798.132874 -0.747479 -0.424735 1.348488 -2.730689 -1.25265 6.332085 -0.929401 -2.993875 -2.593902 -4.624443 -5.109052 11.48084 1.761738 2.164161 6.630225 0.789093 5.110348 -3.60373 3.084625 3.908138 -16.007753 7.7e-05 -2.2e-05 6e-06 -0.006234 0.090347 0.038998 0.668037 -3.666172 -10.677002 -0.683327 3.842335 -10.69752 -4.704099 -11.838984 12.901493 -51.486176 -19.141811 5.712756 -2.272586 -69.801765 2.589838 15.646253 -8.151314 6.390405 -5.882102 9.861279 0.70259 -10.936861 -0.360574 7.156197 0.0 8.774815 -0.0 -16.152231 18.348331 5.880719 -1.844031 2.498503 -2.507276 -10.16359 4.678941 4.621104 -20.975996 -1e-06 1e-06 -21.226254 2.451698 -3.593995 0.0 -6e-06 -0.0 -1.362681 2.240797 -0.746323 -21.334892 0.58491 3.008319 -13.821196 -1e-06 1e-06 -23.887129 -0.249075 -0.839485 -60.526581 2.686121 -1.413235 -0.294025 1.679686 0.833255 -14.218195 0.093215 1.300579 -34.212002 -0.287561 0.967166 -20.033176 0.964536 1.212838 0.0 -0.0 0.0 -3.440387 0.788233 0.501655 -15.928172 -3.167306 2.999703 -6.338817 -0.0 1e-06 -18.123419 3.648181 -4.905662 -4e-06 0.0 -2e-06 5.330635 0.770476 15.647305 69.095078 -8.948503 16.898836 1.387148 38.524349 0.470695 -14.504242 -1.755461 0.176768 2.24354 -5.255033 -3.180156 14.282877 -0.826594 6.952496 -0.0 -12.690593 -1e-06 16.151567 -17.654697 2.33614 1.665665 -1.95592 -2.878297 4.727794 -4.170584 4.993919 11.020511 1e-06 -0.0 12.109032 -3.735715 -2.866778 0.0 -0.0 0.0 1.291985 -1.928548 -1.498088 14.800115 0.567467 3.865604 14.242553 -1.341738 -6.660648 19.631935 0.143921 -0.648243 49.821621 -0.371365 -6.551044 0.353029 -1.51115 -0.03194 20.222769 3.684305 2.316629 18.787249 1e-06 -1e-06 10.751608 -0.47987 1.397903 0.0 -0.0 0.0 3.273804 0.305947 -0.58011 21.48679 11.830364 2.266131 8.162915 0.0 -0.0 18.399052 -3.798986 -4.940567 3e-06 0.0 -1e-06 3.809024 8.493095 -2.253627 -0.186546 -0.51623 25.593334 -1.148586 -8.038627 -24.16172 1.705984 -1.760388 -1.813803 0.0 -0.0 2e-06 -3.843713 -11.838372 -40.233402 0.210257 0.334852 44.548473 6.393509 -8.544503 -15.614817 -1.425844 1.136029 -3.928701 0.0 -0.0 -1e-06 
0.0 0.0 0.0 0.0 -0.0 0.0 -52.452312 95.997505 804.817505 -0.501855 3.217525 1.668636 -3.218464 -1.437356 5.357046 -0.824376 -3.76894 -3.021054 -3.869936 -5.738724 10.836789 3.471014 1.583282 6.421645 0.466924 4.12762 -3.624741 3.095602 2.73184 -15.243671 7.7e-05 -2.2e-05 6e-06 0.003765 0.031572 0.039754 0.693091 -3.714877 -10.66039 -0.689626 3.77951 -10.684313 -2.733428 -12.595911 12.719887 -52.370644 -18.415283 7.289118 -0.854908 -68.171974 1.078525 16.703091 -8.958724 4.955139 -5.882102 9.861279 0.70259 -10.936861 -0.360574 7.156197 0.0 8.774815 -0.0 -15.986454 18.130152 5.964224 -1.844031 2.498503 -2.507276 -10.16359 4.678941 4.621104 -20.975996 -1e-06 1e-06 -21.226254 2.451698 -3.593995 0.0 -6e-06 -0.0 -1.362681 2.240797 -0.746323 -21.334892 0.58491 3.008319 -13.821196 -1e-06 1e-06 -23.887129 -0.249075 -0.839485 -60.44294 2.63269 -1.51287 -0.294025 1.679686 0.833255 -14.218195 0.093215 1.300579 -34.212002 -0.287561 0.967166 -20.033176 0.964536 1.212838 0.0 -0.0 0.0 -3.440387 0.788233 0.501655 -15.928172 -3.167306 2.999703 -6.338817 -0.0 1e-06 -18.123419 3.648181 -4.905662 -4e-06 0.0 -2e-06 6.272638 -0.330946 15.607747 68.897789 -10.761629 13.439338 0.942727 40.973572 0.276519 -14.513641 -1.97458 -0.630435 2.24354 -5.255033 -3.180156 14.282877 -0.826594 6.952496 -0.0 -12.690593 -1e-06 15.96614 -17.713865 2.621754 1.665665 -1.95592 -2.878297 4.727794 -4.170584 4.993919 11.020511 1e-06 -0.0 12.109032 -3.735715 -2.866778 0.0 -0.0 0.0 1.291985 -1.928548 -1.498088 14.800115 0.567467 3.865604 14.242553 -1.341738 -6.660648 19.631935 0.143921 -0.648243 50.229015 -0.502143 -6.304641 0.353029 -1.51115 -0.03194 20.222769 3.684305 2.316629 18.787249 1e-06 -1e-06 10.751608 -0.47987 1.397903 0.0 -0.0 0.0 3.273804 0.305947 -0.58011 21.48679 11.830364 2.266131 8.162915 0.0 -0.0 18.399052 -3.798986 -4.940567 3e-06 0.0 -1e-06 5.739412 6.543633 2.709032 -0.089579 -0.87987 22.941311 -2.515998 -8.353075 -24.495607 1.736212 -1.716036 -3.110278 0.0 -0.0 2e-06 -4.541353 -12.19866 -39.603123 0.293535 0.356775 29.69272 6.645108 -8.84605 -13.774052 -1.379295 1.267482 -4.622938 0.0 -0.0 -1e-06 
0.0 0.0 0.0 0.0 -0.0 0.0 -54.351414 95.126282 812.437988 0.380885 6.684216 1.67045 -4.125248 -1.642507 4.343242 -0.874735 -4.370047 -3.360939 -3.579673 -6.363096 10.296085 5.009426 0.995176 6.331234 0.251377 3.231898 -3.629113 3.027991 1.429227 -14.438871 7.7e-05 -2.2e-05 6e-06 0.014581 0.066073 0.027115 0.708677 -3.669903 -10.683848 -0.68689 3.807297 -10.7078 -1.276139 -13.40936 12.526869 -52.552532 -16.989864 9.188207 -0.072819 -66.602646 0.240884 17.596645 -9.766789 3.296749 -5.882102 9.861279 0.70259 -10.936861 -0.360574 7.156197 0.0 8.774815 -0.0 -15.853703 18.225794 6.264093 -1.844031 2.498503 -2.507276 -10.16359 4.678941 4.621104 -20.975996 -1e-06 1e-06 -21.226254 2.451698 -3.593995 0.0 -6e-06 -0.0 -1.362681 2.240797 -0.746323 -21.334892 0.58491 3.008319 -13.821196 -1e-06 1e-06 -23.887129 -0.249075 -0.839485 -60.336517 2.665193 -1.560967 -0.294025 1.679686 0.833255 -14.218195 0.093215 1.300579 -34.212002 -0.287561 0.967166 -20.033176 0.964536 1.212838 0.0 -0.0 0.0 -3.440387 0.788233 0.501655 -15.928172 -3.167306 2.999703 -6.338817 -0.0 1e-06 -18.123419 3.648181 -4.905662 -4e-06 0.0 -2e-06 7.002736 -1.467791 15.399819 69.014839 -12.833797 9.538872 0.60577 44.753582 0.000342 -14.63177 -1.576226 -2.108934 2.24354 -5.255033 -3.180156 14.282877 -0.826594 6.952496 -0.0 -12.690593 -1e-06 15.994476 -17.501249 2.815633 1.665665 -1.95592 -2.878297 4.727794 -4.170584 4.993919 11.020511 1e-06 -0.0 12.109032 -3.735715 -2.866778 0.0 -0.0 0.0 1.291985 -1.928548 -1.498088 14.800115 0.567467 3.865604 14.242553 -1.341738 -6.660648 19.631935 0.143921 -0.648243 50.408779 -0.691091 -6.000909 0.353029 -1.51115 -0.03194 20.222769 3.684305 2.316629 18.787249 1e-06 -1e-06 10.751608 -0.47987 1.397903 0.0 -0.0 0.0 3.273804 0.305947 -0.58011 21.48679 11.830364 2.266131 8.162915 0.0 -0.0 18.399052 -3.798986 -4.940567 3e-06 0.0 -1e-06 7.510876 4.993619 7.32983 0.001441 -1.206968 21.810793 -3.762867 -9.29469 -22.474981 1.770992 -1.662362 -6.206452 0.0 -0.0 2e-06 -6.423572 -11.977823 -37.404884 0.160106 0.398748 16.509855 7.483001 -8.565857 -13.218599 -1.265615 1.26376 -5.38638 0.0 -0.0 -1e-06 
0.0 0.0 0.0 0.0 -0.0 0.0 -56.557648 94.440369 820.900818 1.477824 9.412339 1.208066 -4.847621 -1.849457 3.23125 -1.183945 -4.242826 -3.605329 -3.843251 -7.073396 9.947938 6.116218 0.360241 6.626698 0.163331 2.398926 -3.735652 2.927395 0.264958 -13.091704 7.7e-05 -2.2e-05 6e-06 0.015514 0.109107 0.009083 0.724492 -3.617503 -10.71665 -0.704463 3.84135 -10.740207 -0.654016 -13.71909 12.264359 -52.293171 -15.051509 11.44965 0.106368 -63.92025 0.096527 18.521738 -10.522006 1.530786 -5.882102 9.861279 0.70259 -10.936861 -0.360574 7.156197 0.0 8.774815 -0.0 -16.038 18.451534 6.321221 -1.844031 2.498503 -2.507276 -10.16359 4.678941 4.621104 -20.975996 -1e-06 1e-06 -21.226254 2.451698 -3.593995 0.0 -6e-06 -0.0 -1.362681 2.240797 -0.746323 -21.334892 0.58491 3.008319 -13.821196 -1e-06 1e-06 -23.887129 -0.249075 -0.839485 -60.404972 2.623266 -1.650305 -0.294025 1.679686 0.833255 -14.218195 0.093215 1.300579 -34.212002 -0.287561 0.967166 -20.033176 0.964536 1.212838 0.0 -0.0 0.0 -3.440387 0.788233 0.501655 -15.928172 -3.167306 2.999703 -6.338817 -0.0 1e-06 -18.123419 3.648181 -4.905662 -4e-06 0.0 -2e-06 7.557837 -2.111103 15.055246 69.571754 -14.563879 5.605667 0.135717 48.821716 -0.605566 -14.679673 -0.850564 -3.462732 2.24354 -5.255033 -3.180156 14.282877 -0.826594 6.952496 -0.0 -12.690593 -1e-06 16.191683 -17.512129 2.929785 1.665665 -1.95592 -2.878297 4.727794 -4.170584 4.993919 11.020511 1e-06 -0.0 12.109032 -3.735715 -2.866778 0.0 -0.0 0.0 1.291985 -1.928548 -1.498088 14.800115 0.567467 3.865604 14.242553 -1.341738 -6.660648 19.631935 0.143921 -0.648243 50.375572 -0.889065 -5.871655 0.353029 -1.51115 -0.03194 20.222769 3.684305 2.316629 18.787249 1e-06 -1e-06 10.751608 -0.47987 1.397903 0.0 -0.0 0.0 3.273804 0.305947 -0.58011 21.48679 11.830364 2.266131 8.162915 0.0 -0.0 18.399052 -3.798986 -4.940567 3e-06 0.0 -1e-06 9.303082 4.271744 10.540198 0.081626 -1.418596 24.639902 -4.199804 -9.342212 -16.081812 1.914126 -1.70782 -14.348158 0.0 -0.0 2e-06 -7.760303 -12.103306 -35.049847 0.015161 0.432599 10.44169 6.925826 -8.537656 -14.99032 -1.226209 1.14692 -5.655018 0.0 -0.0 -1e-06 
0.0 0.0 0.0 0.0 -0.0 0.0 -58.679665 93.667442 829.450134 1.649233 11.082266 0.141894 -4.446262 -1.976155 2.301696 -1.348355 -3.981833 -3.873914 -4.273584 -7.046607 9.765162 6.219676 0.209046 6.855791 -0.041404 1.360679 -3.705163 3.043328 -0.632158 -11.02973 7.7e-05 -2.2e-05 6e-06 0.006882 0.088395 -0.008018 0.711663 -3.633519 -10.695058 -0.71023 3.811842 -10.705101 -1.223307 -13.148791 11.912099 -51.778675 -12.717348 13.530547 0.475087 -60.715683 -0.357579 18.375191 -10.322674 -0.474994 -5.882102 9.861279 0.70259 -10.936861 -0.360574 7.156197 0.0 8.774815 -0.0 -16.034422 18.155432 6.187924 -1.844031 2.498503 -2.507276 -10.16359 4.678941 4.621104 -20.975996 -1e-06 1e-06 -21.226254 2.451698 -3.593995 0.0 -6e-06 -0.0 -1.362681 2.240797 -0.746323 -21.334892 0.58491 3.008319 -13.821196 -1e-06 1e-06 -23.887129 -0.249075 -0.839485 -60.304363 2.471236 -1.506331 -0.294025 1.679686 0.833255 -14.218195 0.093215 1.300579 -34.212002 -0.287561 0.967166 -20.033176 0.964536 1.212838 0.0 -0.0 0.0 -3.440387 0.788233 0.501655 -15.928172 -3.167306 2.999703 -6.338817 -0.0 1e-06 -18.123419 3.648181 -4.905662 -4e-06 0.0 -2e-06 7.500437 -1.923187 14.955069 70.283928 -15.046532 2.087638 -0.025798 52.829655 -1.015887 -14.814704 -0.320088 -4.884107 2.24354 -5.255033 -3.180156 14.282877 -0.826594 6.952496 -0.0 -12.690593 -1e-06 16.123421 -17.399559 2.877533 1.665665 -1.95592 -2.878297 4.727794 -4.170584 4.993919 11.020511 1e-06 -0.0 12.109032 -3.735715 -2.866778 0.0 -0.0 0.0 1.291985 -1.928548 -1.498088 14.800115 0.567467 3.865604 14.242553 -1.341738 -6.660648 19.631935 0.143921 -0.648243 50.450512 -0.852099 -5.927996 0.353029 -1.51115 -0.03194 20.222769 3.684305 2.316629 18.787249 1e-06 -1e-06 10.751608 -0.47987 1.397903 0.0 -0.0 0.0 3.273804 0.305947 -0.58011 21.48679 11.830364 2.266131 8.162915 0.0 -0.0 18.399052 -3.798986 -4.940567 3e-06 0.0 -1e-06 11.485627 4.019987 10.344505 -0.025996 -1.527332 33.971622 -2.550495 -6.400918 -6.592932 2.035992 -1.628144 -23.160437 0.0 -0.0 2e-06 -6.737803 -13.57018 -33.630844 0.293829 0.458545 14.359341 4.81749 -7.176026 -13.530648 -1.356948 1.067693 -6.135888 0.0 -0.0 -1e-06 
0.0 0.0 0.0 0.0 -0.0 0.0 -60.572262 92.691917 837.586487 -0.553219 11.279606 -1.782675 -2.354361 -1.630225 1.950886 -1.115255 -3.471998 -3.981474 -3.837046 -6.428402 9.604261 5.385931 0.646226 6.911471 -0.524844 0.168282 -3.593311 3.672647 -1.921198 -9.151095 7.7e-05 -2.2e-05 6e-06 0.019506 0.115796 0.00348 0.698695 -3.607572 -10.579575 -0.672773 3.839404 -10.572009 -3.85351 -11.855581 11.699812 -50.078674 -10.169543 13.732967 -0.165186 -57.891769 -0.019903 17.003845 -9.436681 -1.028497 -5.882102 9.861279 0.70259 -10.936861 -0.360574 7.156197 0.0 8.774815 -0.0 -16.005453 17.923826 5.990458 -1.844031 2.498503 -2.507276 -10.16359 4.678941 4.621104 -20.975996 -1e-06 1e-06 -21.226254 2.451698 -3.593995 0.0 -6e-06 -0.0 -1.362681 2.240797 -0.746323 -21.334892 0.58491 3.008319 -13.821196 -1e-06 1e-06 -23.887129 -0.249075 -0.839485 -59.752922 2.42101 -1.216052 -0.294025 1.679686 0.833255 -14.218195 0.093215 1.300579 -34.212002 -0.287561 0.967166 -20.033176 0.964536 1.212838 0.0 -0.0 0.0 -3.440387 0.788233 0.501655 -15.928172 -3.167306 2.999703 -6.338817 -0.0 1e-06 -18.123419 3.648181 -4.905662 -4e-06 0.0 -2e-06 8.149628 -0.108192 14.732321 69.191414 -14.556293 -0.325306 -0.274535 56.563736 -0.925353 -15.206138 0.584768 -8.476699 2.24354 -5.255033 -3.180156 14.282877 -0.826594 6.952496 -0.0 -12.690593 -1e-06 16.008179 -17.028187 2.586514 1.665665 -1.95592 -2.878297 4.727794 -4.170584 4.993919 11.020511 1e-06 -0.0 12.109032 -3.735715 -2.866778 0.0 -0.0 0.0 1.291985 -1.928548 -1.498088 14.800115 0.567467 3.865604 14.242553 -1.341738 -6.660648 19.631935 0.143921 -0.648243 50.274101 -0.683806 -6.108461 0.353029 -1.51115 -0.03194 20.222769 3.684305 2.316629 18.787249 1e-06 -1e-06 10.751608 -0.47987 1.397903 0.0 -0.0 0.0 3.273804 0.305947 -0.58011 21.48679 11.830364 2.266131 8.162915 0.0 -0.0 18.399052 -3.798986 -4.940567 3e-06 0.0 -1e-06 15.372111 5.378842 6.288954 -0.296449 -1.581895 49.767414 0.82436 -0.093327 5.176075 2.150184 -1.705833 -18.351698 0.0 -0.0 2e-06 -3.207405 -13.910764 -34.957066 0.385425 0.368149 25.492533 3.538384 -4.734712 -2.14471 -1.447193 0.994653 -5.15112 0.0 -0.0 -1e-06 
0.0 0.0 0.0 0.0 -0.0 0.0 -62.119884 91.506691 845.042542 -3.228332 9.884614 -4.976691 -0.907335 -0.856506 2.737338 -0.614723 -3.033298 -3.684392 -2.35779 -5.498919 9.87342 4.746765 0.818584 6.981688 -0.82437 -0.304605 -3.674502 3.586861 -2.76139 -9.475927 7.7e-05 -2.2e-05 6e-06 0.01883 0.148015 0.006611 0.73012 -3.591134 -10.56848 -0.706743 3.890515 -10.56019 -5.701307 -9.980494 11.893942 -50.249454 -8.076343 12.131161 -1.306551 -56.040257 1.262354 17.269115 -9.619744 -0.390899 -5.882102 9.861279 0.70259 -10.936861 -0.360574 7.156197 0.0 8.774815 -0.0 -16.066933 17.94751 6.059117 -1.844031 2.498503 -2.507276 -10.16359 4.678941 4.621104 -20.975996 -1e-06 1e-06 -21.226254 2.451698 -3.593995 0.0 -6e-06 -0.0 -1.362681 2.240797 -0.746323 -21.334892 0.58491 3.008319 -13.821196 -1e-06 1e-06 -23.887129 -0.249075 -0.839485 -59.898972 2.252371 -0.793092 -0.294025 1.679686 0.833255 -14.218195 0.093215 1.300579 -34.212002 -0.287561 0.967166 -20.033176 0.964536 1.212838 0.0 -0.0 0.0 -3.440387 0.788233 0.501655 -15.928172 -3.167306 2.999703 -6.338817 -0.0 1e-06 -18.123419 3.648181 -4.905662 -4e-06 0.0 -2e-06 8.502013 2.505497 14.508526 65.870544 -11.421288 0.656228 -0.572801 57.595604 -0.672971 -16.197596 2.172836 -12.541923 2.24354 -5.255033 -3.180156 14.282877 -0.826594 6.952496 -0.0 -12.690593 -1e-06 15.799276 -17.186245 2.651394 1.665665 -1.95592 -2.878297 4.727794 -4.170584 4.993919 11.020511 1e-06 -0.0 12.109032 -3.735715 -2.866778 0.0 -0.0 0.0 1.291985 -1.928548 -1.498088 14.800115 0.567467 3.865604 14.242553 -1.341738 -6.660648 19.631935 0.143921 -0.648243 49.929733 -0.610547 -5.890537 0.353029 -1.51115 -0.03194 20.222769 3.684305 2.316629 18.787249 1e-06 -1e-06 10.751608 -0.47987 1.397903 0.0 -0.0 0.0 3.273804 0.305947 -0.58011 21.48679 11.830364 2.266131 8.162915 0.0 -0.0 18.399052 -3.798986 -4.940567 3e-06 0.0 -1e-06 18.25631 6.48735 1.362624 -0.276166 -1.512098 66.508049 3.624752 4.667266 11.346406 2.372037 -1.924274 -5.078898 0.0 -0.0 2e-06 0.083174 -13.024995 -35.173878 0.237925 0.412052 37.611153 3.940661 -2.372674 -0.833737 -1.450649 0.986014 -2.979248 0.0 -0.0 -1e-06 
0.0 0.0 0.0 0.0 -0.0 0.0 -63.2463 91.198021 851.341125 -4.885362 8.208177 -7.583483 -0.212779 -0.267466 3.32204 -0.446645 -2.424014 -3.514364 -1.278831 -4.529385 10.537591 4.98143 0.727773 7.477366 -0.973905 -0.959446 -3.647506 3.402319 -3.236124 -9.96739 7.7e-05 -2.2e-05 6e-06 0.005954 0.125514 0.050905 0.720581 -3.614449 -10.547868 -0.722665 3.870935 -10.543798 -6.866807 -8.323429 12.126192 -51.624954 -5.737107 11.612418 -1.357942 -53.789902 1.256111 18.932455 -11.104328 -1.662822 -5.882102 9.861279 0.70259 -10.936861 -0.360574 7.156197 0.0 8.774815 -0.0 -16.092192 18.307787 6.082083 -1.844031 2.498503 -2.507276 -10.16359 4.678941 4.621104 -20.975996 -1e-06 1e-06 -21.226254 2.451698 -3.593995 0.0 -6e-06 -0.0 -1.362681 2.240797 -0.746323 -21.334892 0.58491 3.008319 -13.821196 -1e-06 1e-06 -23.887129 -0.249075 -0.839485 -60.332176 2.456849 -0.895084 -0.294025 1.679686 0.833255 -14.218195 0.093215 1.300579 -34.212002 -0.287561 0.967166 -20.033176 0.964536 1.212838 0.0 -0.0 0.0 -3.440387 0.788233 0.501655 -15.928172 -3.167306 2.999703 -6.338817 -0.0 1e-06 -18.123419 3.648181 -4.905662 -4e-06 0.0 -2e-06 9.851493 4.092158 14.668799 60.075401 -4.575723 5.197556 -1.197832 54.715359 -0.686605 -17.592524 3.961946 -14.077476 2.24354 -5.255033 -3.180156 14.282877 -0.826594 6.952496 -0.0 -12.690593 -1e-06 15.618915 -17.623241 2.676537 1.665665 -1.95592 -2.878297 4.727794 -4.170584 4.993919 11.020511 1e-06 -0.0 12.109032 -3.735715 -2.866778 0.0 -0.0 0.0 1.291985 -1.928548 -1.498088 14.800115 0.567467 3.865604 14.242553 -1.341738 -6.660648 19.631935 0.143921 -0.648243 49.706039 -0.73128 -6.217644 0.353029 -1.51115 -0.03194 20.222769 3.684305 2.316629 18.787249 1e-06 -1e-06 10.751608 -0.47987 1.397903 0.0 -0.0 0.0 3.273804 0.305947 -0.58011 21.48679 11.830364 2.266131 8.162915 0.0 -0.0 18.399052 -3.798986 -4.940567 3e-06 0.0 -1e-06 18.073885 7.20456 -5.192333 -0.23132 -1.082507 79.992401 4.829875 6.019485 7.32952 2.436975 -1.938498 -3.140467 0.0 -0.0 2e-06 2.160919 -12.203365 -31.402161 0.105528 0.229145 43.139202 2.729385 -0.094709 -4.459389 -1.416943 0.969733 -1.223857 0.0 -0.0 -1e-06 
0.0 0.0 0.0 0.0 -0.0 0.0 -63.970852 91.544266 857.288635 -5.481319 6.965112 -9.308514 0.128876 0.062442 3.781706 -0.492024 -1.543465 -3.345648 -0.821337 -3.643363 10.792921 5.354662 0.388147 7.797904 -1.0334 -1.513399 -3.63602 3.333766 -3.967709 -9.102001 7.7e-05 -2.2e-05 6e-06 -0.003068 0.142406 0.069155 0.703519 -3.596777 -10.542922 -0.723214 3.886058 -10.546539 -7.121967 -7.240939 12.333425 -53.849648 -3.457466 12.977985 -0.563294 -50.724739 0.557815 18.741564 -10.922661 -2.950801 -5.882102 9.861279 0.70259 -10.936861 -0.360574 7.156197 0.0 8.774815 -0.0 -15.832788 18.566067 6.293254 -1.844031 2.498503 -2.507276 -10.16359 4.678941 4.621104 -20.975996 -1e-06 1e-06 -21.226254 2.451698 -3.593995 0.0 -6e-06 -0.0 -1.362681 2.240797 -0.746323 -21.334892 0.58491 3.008319 -13.821196 -1e-06 1e-06 -23.887129 -0.249075 -0.839485 -60.671253 2.56734 -0.966969 -0.294025 1.679686 0.833255 -14.218195 0.093215 1.300579 -34.212002 -0.287561 0.967166 -20.033176 0.964536 1.212838 0.0 -0.0 0.0 -3.440387 0.788233 0.501655 -15.928172 -3.167306 2.999703 -6.338817 -0.0 1e-06 -18.123419 3.648181 -4.905662 -4e-06 0.0 -2e-06 10.288459 5.558042 14.533196 55.669441 3.147654 9.684282 -1.496256 50.116909 -0.662041 -18.382048 5.573747 -11.577771 2.24354 -5.255033 -3.180156 14.282877 -0.826594 6.952496 -0.0 -12.690593 -1e-06 15.675293 -17.991148 2.540345 1.665665 -1.95592 -2.878297 4.727794 -4.170584 4.993919 11.020511 1e-06 -0.0 12.109032 -3.735715 -2.866778 0.0 -0.0 0.0 1.291985 -1.928548 -1.498088 14.800115 0.567467 3.865604 14.242553 -1.341738 -6.660648 19.631935 0.143921 -0.648243 49.865219 -0.677728 -6.447942 0.353029 -1.51115 -0.03194 20.222769 3.684305 2.316629 18.787249 1e-06 -1e-06 10.751608 -0.47987 1.397903 0.0 -0.0 0.0 3.273804 0.305947 -0.58011 21.48679 11.830364 2.266131 8.162915 0.0 -0.0 18.399052 -3.798986 -4.940567 3e-06 0.0 -1e-06 15.099025 7.631798 -13.393232 -0.14627 -0.418732 87.564308 4.398018 5.351985 0.27839 2.187355 -1.984006 -3.428241 0.0 -0.0 2e-06 2.941466 -10.751279 -26.540472 0.004742 0.126332 45.560307 1.843364 -0.303547 -10.093928 -1.403081 1.026724 -0.582148 0.0 -0.0 -1e-06 
0.0 0.0 0.0 0.0 -0.0 0.0 -64.128868 92.248955 863.51947 -5.198475 5.908887 -10.319653 0.251718 0.340405 4.191281 -0.57032 -0.56994 -3.179102 -0.744938 -2.772232 10.598381 5.589884 0.201973 7.759329 -1.201074 -2.080506 -3.605194 3.276713 -4.619784 -8.098754 7.7e-05 -2.2e-05 6e-06 -0.007983 0.084504 0.055641 0.692847 -3.659706 -10.589373 -0.722035 3.833731 -10.594143 -7.301119 -6.254979 12.714299 -56.006756 -1.579918 15.283976 -0.002299 -47.427914 -0.07257 17.436913 -9.360972 -3.822873 -5.882102 9.861279 0.70259 -10.936861 -0.360574 7.156197 0.0 8.774815 -0.0 -15.814486 18.681822 6.409331 -1.844031 2.498503 -2.507276 -10.16359 4.678941 4.621104 -20.975996 -1e-06 1e-06 -21.226254 2.451698 -3.593995 0.0 -6e-06 -0.0 -1.362681 2.240797 -0.746323 -21.334892 0.58491 3.008319 -13.821196 -1e-06 1e-06 -23.887129 -0.249075 -0.839485 -60.805916 2.676919 -0.908356 -0.294025 1.679686 0.833255 -14.218195 0.093215 1.300579 -34.212002 -0.287561 0.967166 -20.033176 0.964536 1.212838 0.0 -0.0 0.0 -3.440387 0.788233 0.501655 -15.928172 -3.167306 2.999703 -6.338817 -0.0 1e-06 -18.123419 3.648181 -4.905662 -4e-06 0.0 -2e-06 9.27715 7.433519 13.935321 53.938183 9.030104 11.192256 -1.354113 47.459759 -0.427693 -19.263641 6.78857 -10.383347 2.24354 -5.255033 -3.180156 14.282877 -0.826594 6.952496 -0.0 -12.690593 -1e-06 15.898624 -18.113487 2.351521 1.665665 -1.95592 -2.878297 4.727794 -4.170584 4.993919 11.020511 1e-06 -0.0 12.109032 -3.735715 -2.866778 0.0 -0.0 0.0 1.291985 -1.928548 -1.498088 14.800115 0.567467 3.865604 14.242553 -1.341738 -6.660648 19.631935 0.143921 -0.648243 50.011436 -0.625147 -6.526927 0.353029 -1.51115 -0.03194 20.222769 3.684305 2.316629 18.787249 1e-06 -1e-06 10.751608 -0.47987 1.397903 0.0 -0.0 0.0 3.273804 0.305947 -0.58011 21.48679 11.830364 2.266131 8.162915 0.0 -0.0 18.399052 -3.798986 -4.940567 3e-06 0.0 -1e-06 10.505554 8.15052 -21.754486 0.060356 0.101005 87.862892 2.262851 3.215386 -5.716455 1.883421 -1.944009 -4.250277 0.0 -0.0 2e-06 2.605613 -8.778536 -21.012331 0.054824 0.136001 45.936256 2.098262 -1.132977 -14.906731 -1.412384 1.102682 -0.380151 0.0 -0.0 -1e-06 
0.0 0.0 0.0 0.0 -0.0 0.0 -64.013359 93.240494 870.093079 -4.382323 4.917937 -10.605292 0.19656 0.616235 4.281497 -0.582538 0.367857 -3.155858 -0.972014 -2.005186 10.329252 5.522785 0.187191 7.225521 -1.360915 -2.428409 -3.609082 3.114768 -5.29966 -7.107191 7.7e-05 -2.2e-05 6e-06 -0.007193 0.044857 0.01877 0.695179 -3.701586 -10.661338 -0.722503 3.79377 -10.651273 -8.244391 -5.123005 13.117413 -57.026581 0.455173 17.255737 -0.041532 -45.090248 -0.152714 15.633884 -7.897146 -4.285476 -5.882102 9.861279 0.70259 -10.936861 -0.360574 7.156197 0.0 8.774815 -0.0 -15.886841 18.740801 6.348455 -1.844031 2.498503 -2.507276 -10.16359 4.678941 4.621104 -20.975996 -1e-06 1e-06 -21.226254 2.451698 -3.593995 0.0 -6e-06 -0.0 -1.362681 2.240797 -0.746323 -21.334892 0.58491 3.008319 -13.821196 -1e-06 1e-06 -23.887129 -0.249075 -0.839485 -60.783699 2.651266 -0.826514 -0.294025 1.679686 0.833255 -14.218195 0.093215 1.300579 -34.212002 -0.287561 0.967166 -20.033176 0.964536 1.212838 0.0 -0.0 0.0 -3.440387 0.788233 0.501655 -15.928172 -3.167306 2.999703 -6.338817 -0.0 1e-06 -18.123419 3.648181 -4.905662 -4e-06 0.0 -2e-06 7.919436 9.329778 13.220466 53.397419 12.848289 10.411171 -1.085618 47.237621 -0.281476 -20.839298 8.081638 -11.536481 2.24354 -5.255033 -3.180156 14.282877 -0.826594 6.952496 -0.0 -12.690593 -1e-06 15.78068 -18.032129 2.384895 1.665665 -1.95592 -2.878297 4.727794 -4.170584 4.993919 11.020511 1e-06 -0.0 12.109032 -3.735715 -2.866778 0.0 -0.0 0.0 1.291985 -1.928548 -1.498088 14.800115 0.567467 3.865604 14.242553 -1.341738 -6.660648 19.631935 0.143921 -0.648243 49.941628 -0.683737 -6.433783 0.353029 -1.51115 -0.03194 20.222769 3.684305 2.316629 18.787249 1e-06 -1e-06 10.751608 -0.47987 1.397903 0.0 -0.0 0.0 3.273804 0.305947 -0.58011 21.48679 11.830364 2.266131 8.162915 0.0 -0.0 18.399052 -3.798986 -4.940567 3e-06 0.0 -1e-06 5.652122 8.348519 -28.358809 0.266887 0.338549 81.259773 -0.572921 2.259381 -9.29158 1.775637 -1.903332 -4.970873 0.0 -0.0 2e-06 1.806064 -6.886702 -14.974322 0.172864 0.244891 44.226597 2.931799 -1.440498 -18.847218 -1.439352 1.104451 -0.446239 0.0 -0.0 -1e-06 
0.0 0.0 0.0 0.0 -0.0 0.0 -63.875092 94.496735 876.469971 -3.406786 4.121644 -10.285022 -0.005001 0.699546 3.968667 -0.584168 1.191459 -3.379398 -1.289893 -1.105732 10.052936 5.268253 0.175406 6.475411 -1.489145 -2.63312 -3.602482 2.912614 -5.777425 -6.076247 7.7e-05 -2.2e-05 6e-06 -0.008857 0.085296 -0.028572 0.676865 -3.650828 -10.667936 -0.707255 3.819426 -10.659007 -9.381198 -4.017444 13.544971 -57.616737 2.602705 18.696091 -0.102314 -43.841778 -0.00218 14.088985 -6.661797 -4.060678 -5.882102 9.861279 0.70259 -10.936861 -0.360574 7.156197 0.0 8.774815 -0.0 -15.818979 18.842051 6.311649 -1.844031 2.498503 -2.507276 -10.16359 4.678941 4.621104 -20.975996 -1e-06 1e-06 -21.226254 2.451698 -3.593995 0.0 -6e-06 -0.0 -1.362681 2.240797 -0.746323 -21.334892 0.58491 3.008319 -13.821196 -1e-06 1e-06 -23.887129 -0.249075 -0.839485 -60.843372 2.511232 -0.972059 -0.294025 1.679686 0.833255 -14.218195 0.093215 1.300579 -34.212002 -0.287561 0.967166 -20.033176 0.964536 1.212838 0.0 -0.0 0.0 -3.440387 0.788233 0.501655 -15.928172 -3.167306 2.999703 -6.338817 -0.0 1e-06 -18.123419 3.648181 -4.905662 -4e-06 0.0 -2e-06 6.549637 10.860993 12.597205 53.51255 15.363968 8.636946 -0.254027 47.887753 0.210798 -22.778183 9.518838 -13.249297 2.24354 -5.255033 -3.180156 14.282877 -0.826594 6.952496 -0.0 -12.690593 -1e-06 15.539893 -17.918623 2.451855 1.665665 -1.95592 -2.878297 4.727794 -4.170584 4.993919 11.020511 1e-06 -0.0 12.109032 -3.735715 -2.866778 0.0 -0.0 0.0 1.291985 -1.928548 -1.498088 14.800115 0.567467 3.865604 14.242553 -1.341738 -6.660648 19.631935 0.143921 -0.648243 49.611073 -0.7916 -6.349752 0.353029 -1.51115 -0.03194 20.222769 3.684305 2.316629 18.787249 1e-06 -1e-06 10.751608 -0.47987 1.397903 0.0 -0.0 0.0 3.273804 0.305947 -0.58011 21.48679 11.830364 2.266131 8.162915 0.0 -0.0 18.399052 -3.798986 -4.940567 3e-06 0.0 -1e-06 1.718526 7.742179 -31.937494 0.378143 0.413801 68.562828 -2.656831 3.503363 -10.738251 1.705511 -1.954637 -4.658699 0.0 -0.0 2e-06 0.949127 -5.363469 -8.626731 0.19675 0.440529 39.975315 3.553107 -1.461563 -21.181061 -1.473821 1.071425 -0.720002 0.0 -0.0 -1e-06 
0.0 0.0 0.0 0.0 -0.0 0.0 -63.65123 95.578941 882.800964 -2.901362 3.087555 -9.811559 0.100577 0.669452 3.182017 -0.589303 1.913985 -3.687454 -1.497791 -0.16017 9.745729 4.857361 0.183862 6.188355 -1.581255 -2.749461 -3.514958 2.743664 -5.897478 -5.501898 7.7e-05 -2.2e-05 6e-06 -0.016877 0.095498 -0.034545 0.64947 -3.617465 -10.583698 -0.695016 3.802881 -10.593955 -9.813367 -2.814654 13.805819 -58.60191 5.194112 19.750315 0.010826 -43.933605 9e-05 13.345572 -6.067527 -4.057987 -5.882102 9.861279 0.70259 -10.936861 -0.360574 7.156197 0.0 8.774815 -0.0 -15.944271 18.81599 6.20753 -1.844031 2.498503 -2.507276 -10.16359 4.678941 4.621104 -20.975996 -1e-06 1e-06 -21.226254 2.451698 -3.593995 0.0 -6e-06 -0.0 -1.362681 2.240797 -0.746323 -21.334892 0.58491 3.008319 -13.821196 -1e-06 1e-06 -23.887129 -0.249075 -0.839485 -60.88335 2.579549 -1.244316 -0.294025 1.679686 0.833255 -14.218195 0.093215 1.300579 -34.212002 -0.287561 0.967166 -20.033176 0.964536 1.212838 0.0 -0.0 0.0 -3.440387 0.788233 0.501655 -15.928172 -3.167306 2.999703 -6.338817 -0.0 1e-06 -18.123419 3.648181 -4.905662 -4e-06 0.0 -2e-06 5.074272 12.010531 11.935216 54.32172 16.860079 8.622149 -0.149894 48.242218 0.267542 -24.23411 10.461236 -14.183581 2.24354 -5.255033 -3.180156 14.282877 -0.826594 6.952496 -0.0 -12.690593 -1e-06 15.35967 -17.788988 2.562852 1.665665 -1.95592 -2.878297 4.727794 -4.170584 4.993919 11.020511 1e-06 -0.0 12.109032 -3.735715 -2.866778 0.0 -0.0 0.0 1.291985 -1.928548 -1.498088 14.800115 0.567467 3.865604 14.242553 -1.341738 -6.660648 19.631935 0.143921 -0.648243 49.279182 -0.954824 -6.301846 0.353029 -1.51115 -0.03194 20.222769 3.684305 2.316629 18.787249 1e-06 -1e-06 10.751608 -0.47987 1.397903 0.0 -0.0 0.0 3.273804 0.305947 -0.58011 21.48679 11.830364 2.266131 8.162915 0.0 -0.0 18.399052 -3.798986 -4.940567 3e-06 0.0 -1e-06 -0.019649 7.016115 -31.45256 0.27894 0.424833 50.34742 -3.219014 5.060205 -9.428049 1.664279 -2.003492 -4.288801 0.0 -0.0 2e-06 0.608878 -3.924806 -1.771671 0.048175 0.453639 33.831303 4.04237 -1.40024 -22.327019 -1.482246 0.989136 -1.517347 0.0 -0.0 -1e-06 
0.0 0.0 0.0 0.0 -0.0 0.0 -63.395275 96.172806 889.62439 -3.256861 1.353657 -9.585952 0.708435 0.625565 2.185396 -0.493688 2.714097 -4.061446 -1.394862 0.54769 9.3034 4.290233 0.387884 6.562562 -1.526145 -2.597188 -3.501827 2.652964 -5.504972 -4.865705 7.7e-05 -2.2e-05 6e-06 -0.016157 0.138295 -0.03911 0.648746 -3.56301 -10.543983 -0.691873 3.830996 -10.550697 -9.13353 -1.332562 14.125071 -60.420189 8.550787 19.820192 0.23052 -45.808609 -0.092235 13.218282 -6.228323 -4.922516 -5.882102 9.861279 0.70259 -10.936861 -0.360574 7.156197 0.0 8.774815 -0.0 -16.218849 18.603443 6.091985 -1.844031 2.498503 -2.507276 -10.16359 4.678941 4.621104 -20.975996 -1e-06 1e-06 -21.226254 2.451698 -3.593995 0.0 -6e-06 -0.0 -1.362681 2.240797 -0.746323 -21.334892 0.58491 3.008319 -13.821196 -1e-06 1e-06 -23.887129 -0.249075 -0.839485 -60.894306 2.681189 -1.312551 -0.294025 1.679686 0.833255 -14.218195 0.093215 1.300579 -34.212002 -0.287561 0.967166 -20.033176 0.964536 1.212838 0.0 -0.0 0.0 -3.440387 0.788233 0.501655 -15.928172 -3.167306 2.999703 -6.338817 -0.0 1e-06 -18.123419 3.648181 -4.905662 -4e-06 0.0 -2e-06 3.37937 13.066387 11.728684 55.781967 17.915178 10.479006 -0.554693 47.89254 -0.016911 -24.924129 10.639275 -13.718363 2.24354 -5.255033 -3.180156 14.282877 -0.826594 6.952496 -0.0 -12.690593 -1e-06 15.368655 -17.6394 2.589525 1.665665 -1.95592 -2.878297 4.727794 -4.170584 4.993919 11.020511 1e-06 -0.0 12.109032 -3.735715 -2.866778 0.0 -0.0 0.0 1.291985 -1.928548 -1.498088 14.800115 0.567467 3.865604 14.242553 -1.341738 -6.660648 19.631935 0.143921 -0.648243 49.076878 -0.992491 -6.284438 0.353029 -1.51115 -0.03194 20.222769 3.684305 2.316629 18.787249 1e-06 -1e-06 10.751608 -0.47987 1.397903 0.0 -0.0 0.0 3.273804 0.305947 -0.58011 21.48679 11.830364 2.266131 8.162915 0.0 -0.0 18.399052 -3.798986 -4.940567 3e-06 0.0 -1e-06 1.144473 5.726956 -27.775759 0.029951 0.403264 30.327793 -3.982835 4.373417 -5.665954 1.653812 -1.982174 -4.539076 0.0 -0.0 2e-06 0.856973 -3.00519 5.034133 -0.093887 0.328909 28.723244 4.400799 -0.633815 -21.266069 -1.487679 0.946689 -3.261138 0.0 -0.0 -1e-06 
0.0 0.0 0.0 0.0 -0.0 0.0 -63.205177 96.186501 896.493835 -3.89546 -0.655856 -9.622867 1.192325 0.456641 1.121731 -0.281405 3.296255 -4.412005 -0.844669 1.060348 8.853826 3.559868 0.687875 7.241202 -1.243355 -2.004761 -3.507998 2.488601 -4.528811 -4.139365 7.7e-05 -2.2e-05 6e-06 -0.002813 0.142945 -0.024228 0.661149 -3.569738 -10.579305 -0.676519 3.84423 -10.584211 -8.112983 -0.124763 14.884183 -62.499756 12.220488 18.878347 0.75015 -49.250824 -0.222666 13.174838 -6.53704 -8.128453 -5.882102 9.861279 0.70259 -10.936861 -0.360574 7.156197 0.0 8.774815 -0.0 -16.407103 18.361092 6.140195 -1.844031 2.498503 -2.507276 -10.16359 4.678941 4.621104 -20.975996 -1e-06 1e-06 -21.226254 2.451698 -3.593995 0.0 -6e-06 -0.0 -1.362681 2.240797 -0.746323 -21.334892 0.58491 3.008319 -13.821196 -1e-06 1e-06 -23.887129 -0.249075 -0.839485 -60.970284 2.649849 -1.17262 -0.294025 1.679686 0.833255 -14.218195 0.093215 1.300579 -34.212002 -0.287561 0.967166 -20.033176 0.964536 1.212838 0.0 -0.0 0.0 -3.440387 0.788233 0.501655 -15.928172 -3.167306 2.999703 -6.338817 -0.0 1e-06 -18.123419 3.648181 -4.905662 -4e-06 0.0 -2e-06 2.039227 13.8249 11.580433 56.889118 18.635183 13.429969 -0.352181 46.675465 0.034901 -24.219452 10.457276 -11.984399 2.24354 -5.255033 -3.180156 14.282877 -0.826594 6.952496 -0.0 -12.690593 -1e-06 15.364403 -17.45997 2.592156 1.665665 -1.95592 -2.878297 4.727794 -4.170584 4.993919 11.020511 1e-06 -0.0 12.109032 -3.735715 -2.866778 0.0 -0.0 0.0 1.291985 -1.928548 -1.498088 14.800115 0.567467 3.865604 14.242553 -1.341738 -6.660648 19.631935 0.143921 -0.648243 49.236504 -0.957645 -6.104064 0.353029 -1.51115 -0.03194 20.222769 3.684305 2.316629 18.787249 1e-06 -1e-06 10.751608 -0.47987 1.397903 0.0 -0.0 0.0 3.273804 0.305947 -0.58011 21.48679 11.830364 2.266131 8.162915 0.0 -0.0 18.399052 -3.798986 -4.940567 3e-06 0.0 -1e-06 3.557533 4.038115 -23.526791 -0.030393 0.141918 15.339068 -5.832363 3.207648 -2.409661 1.601816 -1.994334 -4.571201 0.0 -0.0 2e-06 0.429931 -3.375695 9.611282 -0.080357 0.235693 28.263813 5.085299 2.000497 -19.052683 -1.500645 0.889028 -7.192685 0.0 -0.0 -1e-06 
0.0 0.0 0.0 0.0 -0.0 0.0 -63.065552 95.376167 902.645752 -3.577913 -2.517235 -9.848598 0.81889 0.468086 0.227043 -0.17745 3.514788 -4.669229 -0.401997 1.273439 8.732106 2.962626 0.756682 7.227549 -0.842759 -0.990088 -3.373018 2.468568 -3.416255 -3.164074 7.7e-05 -2.2e-05 6e-06 0.000393 0.094447 0.015719 0.651695 -3.616201 -10.521244 -0.659694 3.791379 -10.531712 -8.061264 0.75288 15.042385 -62.9048 15.512671 18.674845 1.83672 -52.470291 -0.845742 13.477758 -7.04055 -12.648879 -5.882102 9.861279 0.70259 -10.936861 -0.360574 7.156197 0.0 8.774815 -0.0 -16.602112 18.650391 6.298078 -1.844031 2.498503 -2.507276 -10.16359 4.678941 4.621104 -20.975996 -1e-06 1e-06 -21.226254 2.451698 -3.593995 0.0 -6e-06 -0.0 -1.362681 2.240797 -0.746323 -21.334892 0.58491 3.008319 -13.821196 -1e-06 1e-06 -23.887129 -0.249075 -0.839485 -61.301563 2.774126 -1.399523 -0.294025 1.679686 0.833255 -14.218195 0.093215 1.300579 -34.212002 -0.287561 0.967166 -20.033176 0.964536 1.212838 0.0 -0.0 0.0 -3.440387 0.788233 0.501655 -15.928172 -3.167306 2.999703 -6.338817 -0.0 1e-06 -18.123419 3.648181 -4.905662 -4e-06 0.0 -2e-06 2.558711 13.92523 11.576654 56.200367 19.302313 16.991505 -0.055826 45.374626 0.270195 -23.036356 9.950941 -10.449315 2.24354 -5.255033 -3.180156 14.282877 -0.826594 6.952496 -0.0 -12.690593 -1e-06 15.651992 -17.520294 2.497998 1.665665 -1.95592 -2.878297 4.727794 -4.170584 4.993919 11.020511 1e-06 -0.0 12.109032 -3.735715 -2.866778 0.0 -0.0 0.0 1.291985 -1.928548 -1.498088 14.800115 0.567467 3.865604 14.242553 -1.341738 -6.660648 19.631935 0.143921 -0.648243 49.415268 -1.026955 -6.14224 0.353029 -1.51115 -0.03194 20.222769 3.684305 2.316629 18.787249 1e-06 -1e-06 10.751608 -0.47987 1.397903 0.0 -0.0 0.0 3.273804 0.305947 -0.58011 21.48679 11.830364 2.266131 8.162915 0.0 -0.0 18.399052 -3.798986 -4.940567 3e-06 0.0 -1e-06 4.23152 3.802929 -21.335011 -0.022085 0.136149 11.736439 -6.746261 1.94968 -0.249533 1.487509 -2.12954 -4.500907 0.0 -0.0 2e-06 -2.120916 -4.486372 11.426016 0.023175 0.233379 32.611847 6.422604 6.508756 -16.696114 -1.513148 0.837397 -11.572581 0.0 -0.0 -1e-06 
0.0 0.0 0.0 0.0 -0.0 0.0 -62.620186 94.355835 908.819702 -1.516722 -3.56691 -10.204408 -0.858745 0.749138 -0.37332 -0.260311 3.234021 -4.835296 -0.434064 1.552404 9.362358 2.790156 0.757167 6.131242 -0.466215 -0.16862 -3.364838 2.432556 -3.005982 -2.452398 7.7e-05 -2.2e-05 6e-06 0.012895 0.148405 -0.005047 0.65417 -3.553241 -10.478956 -0.636229 3.835064 -10.461558 -10.001037 0.943577 14.475621 -60.464375 17.315571 18.563055 1.718501 -54.669472 -0.896905 14.612934 -7.401647 -17.77758 -5.882102 9.861279 0.70259 -10.936861 -0.360574 7.156197 0.0 8.774815 -0.0 -16.514193 18.727118 6.345759 -1.844031 2.498503 -2.507276 -10.16359 4.678941 4.621104 -20.975996 -1e-06 1e-06 -21.226254 2.451698 -3.593995 0.0 -6e-06 -0.0 -1.362681 2.240797 -0.746323 -21.334892 0.58491 3.008319 -13.821196 -1e-06 1e-06 -23.887129 -0.249075 -0.839485 -61.056168 2.840249 -1.520867 -0.294025 1.679686 0.833255 -14.218195 0.093215 1.300579 -34.212002 -0.287561 0.967166 -20.033176 0.964536 1.212838 0.0 -0.0 0.0 -3.440387 0.788233 0.501655 -15.928172 -3.167306 2.999703 -6.338817 -0.0 1e-06 -18.123419 3.648181 -4.905662 -4e-06 0.0 -2e-06 5.6455 13.273998 11.855014 53.315186 19.874189 18.97814 0.194128 43.951374 0.135432 -21.867529 9.376131 -9.178849 2.24354 -5.255033 -3.180156 14.282877 -0.826594 6.952496 -0.0 -12.690593 -1e-06 15.948198 -17.815935 2.558055 1.665665 -1.95592 -2.878297 4.727794 -4.170584 4.993919 11.020511 1e-06 -0.0 12.109032 -3.735715 -2.866778 0.0 -0.0 0.0 1.291985 -1.928548 -1.498088 14.800115 0.567467 3.865604 14.242553 -1.341738 -6.660648 19.631935 0.143921 -0.648243 49.65934 -1.401102 -6.40162 0.353029 -1.51115 -0.03194 20.222769 3.684305 2.316629 18.787249 1e-06 -1e-06 10.751608 -0.47987 1.397903 0.0 -0.0 0.0 3.273804 0.305947 -0.58011 21.48679 11.830364 2.266131 8.162915 0.0 -0.0 18.399052 -3.798986 -4.940567 3e-06 0.0 -1e-06 2.243637 4.029812 -22.541231 0.045066 0.564788 17.828735 -5.791131 -0.022282 9.072689 1.597289 -2.046855 -2.236118 0.0 -0.0 2e-06 -7.414215 -5.67165 10.093682 0.206749 0.367706 41.576775 8.765618 12.305756 -12.035806 -1.518111 0.835097 -15.096636 0.0 -0.0 -1e-06 
0.0 0.0 0.0 0.0 -0.0 0.0 -62.197323 92.948898 913.53894 0.231491 -3.685072 -11.439613 -1.442591 0.635838 0.243263 -0.514847 3.178938 -4.56959 -1.469968 1.456927 10.280412 3.191415 1.049198 4.896159 -0.721452 -0.22768 -3.607524 2.444523 -2.431589 -4.336625 7.7e-05 -2.2e-05 6e-06 0.007687 0.094972 -0.02604 0.710453 -3.624257 -10.642659 -0.705529 3.79691 -10.629319 -10.88335 0.478904 14.102238 -58.431667 15.526663 18.490961 0.426595 -53.552494 -0.197309 15.845467 -7.34812 -20.332548 -5.882102 9.861279 0.70259 -10.936861 -0.360574 7.156197 0.0 8.774815 -0.0 -16.49165 18.71269 6.336322 -1.844031 2.498503 -2.507276 -10.16359 4.678941 4.621104 -20.975996 -1e-06 1e-06 -21.226254 2.451698 -3.593995 0.0 -6e-06 -0.0 -1.362681 2.240797 -0.746323 -21.334892 0.58491 3.008319 -13.821196 -1e-06 1e-06 -23.887129 -0.249075 -0.839485 -60.808983 2.810858 -1.302335 -0.294025 1.679686 0.833255 -14.218195 0.093215 1.300579 -34.212002 -0.287561 0.967166 -20.033176 0.964536 1.212838 0.0 -0.0 0.0 -3.440387 0.788233 0.501655 -15.928172 -3.167306 2.999703 -6.338817 -0.0 1e-06 -18.123419 3.648181 -4.905662 -4e-06 0.0 -2e-06 7.579401 12.717937 12.462595 52.804836 20.889542 18.790495 0.557228 41.370312 0.363496 -21.673496 9.217427 -8.532968 2.24354 -5.255033 -3.180156 14.282877 -0.826594 6.952496 -0.0 -12.690593 -1e-06 15.998175 -18.025827 2.597852 1.665665 -1.95592 -2.878297 4.727794 -4.170584 4.993919 11.020511 1e-06 -0.0 12.109032 -3.735715 -2.866778 0.0 -0.0 0.0 1.291985 -1.928548 -1.498088 14.800115 0.567467 3.865604 14.242553 -1.341738 -6.660648 19.631935 0.143921 -0.648243 49.531513 -1.546396 -6.604688 0.353029 -1.51115 -0.03194 20.222769 3.684305 2.316629 18.787249 1e-06 -1e-06 10.751608 -0.47987 1.397903 0.0 -0.0 0.0 3.273804 0.305947 -0.58011 21.48679 11.830364 2.266131 8.162915 0.0 -0.0 18.399052 -3.798986 -4.940567 3e-06 0.0 -1e-06 0.11961 3.597115 -25.823195 0.320122 0.572915 31.1852 -1.613004 -1.659245 6.060585 1.621984 -2.007477 0.108816 0.0 -0.0 2e-06 -12.212346 -6.209197 7.118532 0.278735 0.840139 53.081921 12.616684 17.073862 -5.185176 -1.477598 0.841482 -13.320625 0.0 -0.0 -1e-06 
0.0 0.0 0.0 0.0 -0.0 0.0 -61.848686 92.352676 917.278503 0.761711 -3.895663 -12.891895 -0.996099 0.556546 1.140962 -0.545995 3.251725 -4.308889 -2.056428 1.334119 11.156241 2.78776 1.743008 4.45058 -0.869671 -0.573645 -3.673239 2.374973 -2.224324 -6.130708 7.7e-05 -2.2e-05 6e-06 0.012873 0.09363 -0.043759 0.732721 -3.632039 -10.720102 -0.718588 3.801839 -10.720642 -10.694388 -0.069411 14.32124 -57.872677 10.061342 19.462234 -0.405826 -47.466873 0.282983 16.49721 -6.641276 -20.798386 -5.882102 9.861279 0.70259 -10.936861 -0.360574 7.156197 0.0 8.774815 -0.0 -16.434324 18.499828 6.206107 -1.844031 2.498503 -2.507276 -10.16359 4.678941 4.621104 -20.975996 -1e-06 1e-06 -21.226254 2.451698 -3.593995 0.0 -6e-06 -0.0 -1.362681 2.240797 -0.746323 -21.334892 0.58491 3.008319 -13.821196 -1e-06 1e-06 -23.887129 -0.249075 -0.839485 -60.654804 2.744529 -1.287595 -0.294025 1.679686 0.833255 -14.218195 0.093215 1.300579 -34.212002 -0.287561 0.967166 -20.033176 0.964536 1.212838 0.0 -0.0 0.0 -3.440387 0.788233 0.501655 -15.928172 -3.167306 2.999703 -6.338817 -0.0 1e-06 -18.123419 3.648181 -4.905662 -4e-06 0.0 -2e-06 7.289951 12.901755 13.175218 55.841259 21.442656 18.71769 0.161394 36.24506 0.233064 -21.766872 9.710836 -9.382878 2.24354 -5.255033 -3.180156 14.282877 -0.826594 6.952496 -0.0 -12.690593 -1e-06 15.90464 -18.231558 2.660576 1.665665 -1.95592 -2.878297 4.727794 -4.170584 4.993919 11.020511 1e-06 -0.0 12.109032 -3.735715 -2.866778 0.0 -0.0 0.0 1.291985 -1.928548 -1.498088 14.800115 0.567467 3.865604 14.242553 -1.341738 -6.660648 19.631935 0.143921 -0.648243 49.530716 -1.30771 -6.746443 0.353029 -1.51115 -0.03194 20.222769 3.684305 2.316629 18.787249 1e-06 -1e-06 10.751608 -0.47987 1.397903 0.0 -0.0 0.0 3.273804 0.305947 -0.58011 21.48679 11.830364 2.266131 8.162915 0.0 -0.0 18.399052 -3.798986 -4.940567 3e-06 0.0 -1e-06 -0.521047 4.282631 -25.026354 0.208782 0.478382 37.669075 0.200716 -2.172831 0.128301 1.607919 -1.94864 1.321408 0.0 -0.0 2e-06 -13.94345 -5.531299 4.379812 0.331687 1.127367 60.846851 15.720506 17.33354 -1.447981 -1.404156 0.918108 -7.442259 0.0 -0.0 -1e-06 
0.0 0.0 0.0 0.0 -0.0 0.0 -61.568077 92.703812 920.510681 0.629047 -4.441481 -13.328603 -0.442115 0.364864 1.478234 -0.443738 3.233558 -4.211532 -2.001426 1.157615 11.487018 2.031857 2.260955 4.392528 -0.76213 -0.330969 -3.706319 2.446937 -2.263305 -6.389059 7.7e-05 -2.2e-05 6e-06 0.022951 0.126313 -0.025932 0.718745 -3.602923 -10.733285 -0.683772 3.839811 -10.719626 -11.098711 -0.500863 14.076442 -57.357655 4.260383 20.527596 -0.725925 -39.900124 0.343523 15.897555 -5.039782 -19.449825 -5.882102 9.861279 0.70259 -10.936861 -0.360574 7.156197 0.0 8.774815 -0.0 -16.247681 18.415663 6.107339 -1.844031 2.498503 -2.507276 -10.16359 4.678941 4.621104 -20.975996 -1e-06 1e-06 -21.226254 2.451698 -3.593995 0.0 -6e-06 -0.0 -1.362681 2.240797 -0.746323 -21.334892 0.58491 3.008319 -13.821196 -1e-06 1e-06 -23.887129 -0.249075 -0.839485 -60.409328 2.708159 -1.300995 -0.294025 1.679686 0.833255 -14.218195 0.093215 1.300579 -34.212002 -0.287561 0.967166 -20.033176 0.964536 1.212838 0.0 -0.0 0.0 -3.440387 0.788233 0.501655 -15.928172 -3.167306 2.999703 -6.338817 -0.0 1e-06 -18.123419 3.648181 -4.905662 -4e-06 0.0 -2e-06 7.366042 13.45437 13.489461 58.541779 20.887629 20.010641 0.003491 30.270771 0.153993 -20.098446 9.576113 -9.246508 2.24354 -5.255033 -3.180156 14.282877 -0.826594 6.952496 -0.0 -12.690593 -1e-06 15.782337 -18.426245 2.795808 1.665665 -1.95592 -2.878297 4.727794 -4.170584 4.993919 11.020511 1e-06 -0.0 12.109032 -3.735715 -2.866778 0.0 -0.0 0.0 1.291985 -1.928548 -1.498088 14.800115 0.567467 3.865604 14.242553 -1.341738 -6.660648 19.631935 0.143921 -0.648243 49.823948 -1.054186 -6.791673 0.353029 -1.51115 -0.03194 20.222769 3.684305 2.316629 18.787249 1e-06 -1e-06 10.751608 -0.47987 1.397903 0.0 -0.0 0.0 3.273804 0.305947 -0.58011 21.48679 11.830364 2.266131 8.162915 0.0 -0.0 18.399052 -3.798986 -4.940567 3e-06 0.0 -1e-06 -0.382232 4.993436 -23.155611 0.092794 0.321622 39.644638 0.98053 -1.775912 -3.309743 1.581784 -1.868275 1.755487 0.0 -0.0 2e-06 -13.98663 -5.793875 0.608912 0.365217 1.048052 64.368706 14.806121 13.543429 -4.034598 -1.435501 0.934047 -5.980408 0.0 -0.0 -1e-06 
0.0 0.0 0.0 0.0 -0.0 0.0 -61.427803 93.801682 923.612793 0.194687 -4.88804 -12.795259 -0.127457 0.191413 1.468173 -0.418372 2.864434 -4.167298 -1.61452 0.819274 11.369303 1.637563 2.414362 3.968168 -0.615134 0.093446 -3.67103 2.66116 -2.034786 -6.225602 7.7e-05 -2.2e-05 6e-06 0.031964 0.147143 -0.006905 0.724734 -3.5716 -10.67099 -0.670277 3.852691 -10.641948 -11.312661 -1.359198 13.448082 -57.448647 0.232769 20.470514 -0.46833 -34.445728 0.124835 15.167791 -3.666667 -19.048637 -5.882102 9.861279 0.70259 -10.936861 -0.360574 7.156197 0.0 8.774815 -0.0 -16.162476 18.389936 6.070083 -1.844031 2.498503 -2.507276 -10.16359 4.678941 4.621104 -20.975996 -1e-06 1e-06 -21.226254 2.451698 -3.593995 0.0 -6e-06 -0.0 -1.362681 2.240797 -0.746323 -21.334892 0.58491 3.008319 -13.821196 -1e-06 1e-06 -23.887129 -0.249075 -0.839485 -60.309944 2.761057 -1.264974 -0.294025 1.679686 0.833255 -14.218195 0.093215 1.300579 -34.212002 -0.287561 0.967166 -20.033176 0.964536 1.212838 0.0 -0.0 0.0 -3.440387 0.788233 0.501655 -15.928172 -3.167306 2.999703 -6.338817 -0.0 1e-06 -18.123419 3.648181 -4.905662 -4e-06 0.0 -2e-06 7.981806 13.763121 13.563877 60.441772 19.617575 21.920527 0.291065 25.079664 0.210258 -17.163759 8.226412 -8.168131 2.24354 -5.255033 -3.180156 14.282877 -0.826594 6.952496 -0.0 -12.690593 -1e-06 15.788137 -18.449772 2.743021 1.665665 -1.95592 -2.878297 4.727794 -4.170584 4.993919 11.020511 1e-06 -0.0 12.109032 -3.735715 -2.866778 0.0 -0.0 0.0 1.291985 -1.928548 -1.498088 14.800115 0.567467 3.865604 14.242553 -1.341738 -6.660648 19.631935 0.143921 -0.648243 49.866913 -0.93834 -6.916259 0.353029 -1.51115 -0.03194 20.222769 3.684305 2.316629 18.787249 1e-06 -1e-06 10.751608 -0.47987 1.397903 0.0 -0.0 0.0 3.273804 0.305947 -0.58011 21.48679 11.830364 2.266131 8.162915 0.0 -0.0 18.399052 -3.798986 -4.940567 3e-06 0.0 -1e-06 0.011753 4.806183 -20.834772 0.051784 0.115325 38.64518 0.826509 -0.812681 -5.129253 1.581121 -1.82396 1.646396 0.0 -0.0 2e-06 -12.917394 -7.221701 -3.960254 0.308651 0.745022 63.410378 12.257921 7.076542 -9.041877 -1.459489 0.921297 -5.525512 0.0 -0.0 -1e-06 
0.0 0.0 0.0 0.0 -0.0 0.0 -61.506836 95.413368 926.331909 -0.400111 -5.154661 -11.808558 -0.095804 0.062079 1.294778 -0.442273 2.351331 -4.173706 -1.050399 0.189381 11.151853 1.692281 2.443585 3.202891 -0.452838 0.650665 -3.58772 2.716464 -1.53092 -6.171052 7.7e-05 -2.2e-05 6e-06 0.031511 0.140972 0.000457 0.736978 -3.568747 -10.604178 -0.681448 3.841009 -10.569063 -10.586801 -2.478067 12.785425 -58.319084 -2.173553 19.535736 -0.087852 -31.778381 -0.051602 15.054468 -3.249911 -20.073515 -5.882102 9.861279 0.70259 -10.936861 -0.360574 7.156197 0.0 8.774815 -0.0 -16.205618 18.368263 6.019339 -1.844031 2.498503 -2.507276 -10.16359 4.678941 4.621104 -20.975996 -1e-06 1e-06 -21.226254 2.451698 -3.593995 0.0 -6e-06 -0.0 -1.362681 2.240797 -0.746323 -21.334892 0.58491 3.008319 -13.821196 -1e-06 1e-06 -23.887129 -0.249075 -0.839485 -60.363964 2.816964 -1.148365 -0.294025 1.679686 0.833255 -14.218195 0.093215 1.300579 -34.212002 -0.287561 0.967166 -20.033176 0.964536 1.212838 0.0 -0.0 0.0 -3.440387 0.788233 0.501655 -15.928172 -3.167306 2.999703 -6.338817 -0.0 1e-06 -18.123419 3.648181 -4.905662 -4e-06 0.0 -2e-06 8.777878 13.601225 13.715017 61.847973 17.984125 23.397297 0.601117 21.424452 0.181159 -14.007027 6.427822 -7.141356 2.24354 -5.255033 -3.180156 14.282877 -0.826594 6.952496 -0.0 -12.690593 -1e-06 15.917914 -18.314444 2.599217 1.665665 -1.95592 -2.878297 4.727794 -4.170584 4.993919 11.020511 1e-06 -0.0 12.109032 -3.735715 -2.866778 0.0 -0.0 0.0 1.291985 -1.928548 -1.498088 14.800115 0.567467 3.865604 14.242553 -1.341738 -6.660648 19.631935 0.143921 -0.648243 49.717083 -0.746218 -6.974698 0.353029 -1.51115 -0.03194 20.222769 3.684305 2.316629 18.787249 1e-06 -1e-06 10.751608 -0.47987 1.397903 0.0 -0.0 0.0 3.273804 0.305947 -0.58011 21.48679 11.830364 2.266131 8.162915 0.0 -0.0 18.399052 -3.798986 -4.940567 3e-06 0.0 -1e-06 0.61865 4.229809 -17.95957 0.019605 -0.066986 35.058693 -0.007068 0.0491 -5.340736 1.604026 -1.845244 1.229088 0.0 -0.0 2e-06 -11.155994 -9.169223 -7.787167 0.224861 0.471656 57.278389 10.401932 1.101048 -12.856129 -1.436495 0.861158 -4.975696 0.0 -0.0 -1e-06 
0.0 0.0 0.0 0.0 -0.0 0.0 -61.788494 97.04863 928.52771 -0.885683 -5.255817 -10.693937 -0.385289 0.000285 1.002797 -0.457081 1.770311 -4.207934 -0.490161 -0.592446 10.863564 2.013737 2.305329 2.486938 -0.259366 1.419883 -3.500277 2.567357 -0.905939 -6.203814 7.7e-05 -2.2e-05 6e-06 0.033996 0.162574 0.011336 0.743087 -3.535686 -10.517909 -0.680334 3.854979 -10.486912 -8.808792 -3.729645 12.428642 -59.627838 -3.689682 19.409372 0.389516 -31.129629 -0.226094 15.200412 -3.494329 -21.063639 -5.882102 9.861279 0.70259 -10.936861 -0.360574 7.156197 0.0 8.774815 -0.0 -16.187704 18.411831 6.013364 -1.844031 2.498503 -2.507276 -10.16359 4.678941 4.621104 -20.975996 -1e-06 1e-06 -21.226254 2.451698 -3.593995 0.0 -6e-06 -0.0 -1.362681 2.240797 -0.746323 -21.334892 0.58491 3.008319 -13.821196 -1e-06 1e-06 -23.887129 -0.249075 -0.839485 -60.553398 2.84575 -1.10895 -0.294025 1.679686 0.833255 -14.218195 0.093215 1.300579 -34.212002 -0.287561 0.967166 -20.033176 0.964536 1.212838 0.0 -0.0 0.0 -3.440387 0.788233 0.501655 -15.928172 -3.167306 2.999703 -6.338817 -0.0 1e-06 -18.123419 3.648181 -4.905662 -4e-06 0.0 -2e-06 9.381396 12.983613 13.988916 63.002583 16.024656 24.007053 0.614853 19.469193 0.059896 -11.325766 4.870905 -6.771636 2.24354 -5.255033 -3.180156 14.282877 -0.826594 6.952496 -0.0 -12.690593 -1e-06 16.020283 -18.025887 2.523574 1.665665 -1.95592 -2.878297 4.727794 -4.170584 4.993919 11.020511 1e-06 -0.0 12.109032 -3.735715 -2.866778 0.0 -0.0 0.0 1.291985 -1.928548 -1.498088 14.800115 0.567467 3.865604 14.242553 -1.341738 -6.660648 19.631935 0.143921 -0.648243 49.667084 -0.45235 -6.764089 0.353029 -1.51115 -0.03194 20.222769 3.684305 2.316629 18.787249 1e-06 -1e-06 10.751608 -0.47987 1.397903 0.0 -0.0 0.0 3.273804 0.305947 -0.58011 21.48679 11.830364 2.266131 8.162915 0.0 -0.0 18.399052 -3.798986 -4.940567 3e-06 0.0 -1e-06 1.223718 3.94412 -15.000954 0.028388 -0.149287 30.16258 -0.783261 0.303679 -4.463719 1.629361 -1.893916 0.44143 0.0 -0.0 2e-06 -9.408375 -10.906417 -9.833101 0.183523 0.318314 46.956318 8.892507 -2.665074 -14.310195 -1.43941 0.818183 -4.448909 0.0 -0.0 -1e-06 
0.0 0.0 0.0 0.0 -0.0 0.0 -62.180241 98.216774 930.752686 -0.885433 -5.031372 -9.796761 -1.024958 0.00716 0.648154 -0.521926 1.188951 -4.328544 -0.20782 -1.377769 10.633647 2.553116 2.031117 2.217821 -0.098417 2.055051 -3.494896 2.318313 -0.398948 -6.161496 7.7e-05 -2.2e-05 6e-06 0.035338 0.18303 0.003004 0.752356 -3.510545 -10.483007 -0.685492 3.87296 -10.456882 -6.621734 -5.039436 12.227622 -60.530045 -4.503938 20.538807 0.759119 -31.723698 -0.360665 15.120147 -3.898887 -21.511774 -5.882102 9.861279 0.70259 -10.936861 -0.360574 7.156197 0.0 8.774815 -0.0 -15.98879 18.455072 6.099662 -1.844031 2.498503 -2.507276 -10.16359 4.678941 4.621104 -20.975996 -1e-06 1e-06 -21.226254 2.451698 -3.593995 0.0 -6e-06 -0.0 -1.362681 2.240797 -0.746323 -21.334892 0.58491 3.008319 -13.821196 -1e-06 1e-06 -23.887129 -0.249075 -0.839485 -60.679729 2.87217 -1.141064 -0.294025 1.679686 0.833255 -14.218195 0.093215 1.300579 -34.212002 -0.287561 0.967166 -20.033176 0.964536 1.212838 0.0 -0.0 0.0 -3.440387 0.788233 0.501655 -15.928172 -3.167306 2.999703 -6.338817 -0.0 1e-06 -18.123419 3.648181 -4.905662 -4e-06 0.0 -2e-06 9.689885 11.905907 14.300997 63.935249 13.908803 24.185841 0.371946 19.071772 -0.033368 -9.723552 3.838409 -7.889294 2.24354 -5.255033 -3.180156 14.282877 -0.826594 6.952496 -0.0 -12.690593 -1e-06 16.027946 -17.72044 2.57599 1.665665 -1.95592 -2.878297 4.727794 -4.170584 4.993919 11.020511 1e-06 -0.0 12.109032 -3.735715 -2.866778 0.0 -0.0 0.0 1.291985 -1.928548 -1.498088 14.800115 0.567467 3.865604 14.242553 -1.341738 -6.660648 19.631935 0.143921 -0.648243 49.699738 -0.221825 -6.40432 0.353029 -1.51115 -0.03194 20.222769 3.684305 2.316629 18.787249 1e-06 -1e-06 10.751608 -0.47987 1.397903 0.0 -0.0 0.0 3.273804 0.305947 -0.58011 21.48679 11.830364 2.266131 8.162915 0.0 -0.0 18.399052 -3.798986 -4.940567 3e-06 0.0 -1e-06 1.353937 3.912925 -12.345062 0.084231 -0.101635 26.081947 -0.997097 0.068949 -3.924253 1.641606 -1.925062 -0.088083 0.0 -0.0 2e-06 -8.557919 -11.475666 -9.865108 0.213098 0.364196 34.815018 8.256729 -3.603127 -13.049724 -1.472474 0.834161 -4.425476 0.0 -0.0 -1e-06 
0.0 0.0 0.0 0.0 -0.0 0.0 -62.73484 98.826767 933.159912 -0.468939 -4.2658 -9.268003 -1.753987 -0.020539 0.230804 -0.628926 0.622168 -4.551817 -0.366138 -1.996225 10.620253 3.19272 1.735215 2.537932 -0.119768 2.15127 -3.555157 2.139853 -0.148785 -6.038657 7.7e-05 -2.2e-05 6e-06 0.029076 0.15122 -0.016163 0.752528 -3.542703 -10.486032 -0.697978 3.8419 -10.469276 -5.468832 -6.250682 12.163536 -59.746365 -5.01212 21.991364 0.80376 -32.880119 -0.427203 14.853283 -4.216679 -21.646652 -5.882102 9.861279 0.70259 -10.936861 -0.360574 7.156197 0.0 8.774815 -0.0 -15.751646 18.39546 6.357833 -1.844031 2.498503 -2.507276 -10.16359 4.678941 4.621104 -20.975996 -1e-06 1e-06 -21.226254 2.451698 -3.593995 0.0 -6e-06 -0.0 -1.362681 2.240797 -0.746323 -21.334892 0.58491 3.008319 -13.821196 -1e-06 1e-06 -23.887129 -0.249075 -0.839485 -60.752075 2.833587 -0.97547 -0.294025 1.679686 0.833255 -14.218195 0.093215 1.300579 -34.212002 -0.287561 0.967166 -20.033176 0.964536 1.212838 0.0 -0.0 0.0 -3.440387 0.788233 0.501655 -15.928172 -3.167306 2.999703 -6.338817 -0.0 1e-06 -18.123419 3.648181 -4.905662 -4e-06 0.0 -2e-06 10.049222 10.35393 14.650291 64.384239 11.570958 24.040598 0.076714 19.759516 -0.083704 -9.155646 3.326712 -10.049646 2.24354 -5.255033 -3.180156 14.282877 -0.826594 6.952496 -0.0 -12.690593 -1e-06 15.924354 -17.490704 2.708907 1.665665 -1.95592 -2.878297 4.727794 -4.170584 4.993919 11.020511 1e-06 -0.0 12.109032 -3.735715 -2.866778 0.0 -0.0 0.0 1.291985 -1.928548 -1.498088 14.800115 0.567467 3.865604 14.242553 -1.341738 -6.660648 19.631935 0.143921 -0.648243 49.527813 -0.277313 -6.229575 0.353029 -1.51115 -0.03194 20.222769 3.684305 2.316629 18.787249 1e-06 -1e-06 10.751608 -0.47987 1.397903 0.0 -0.0 0.0 3.273804 0.305947 -0.58011 21.48679 11.830364 2.266131 8.162915 0.0 -0.0 18.399052 -3.798986 -4.940567 3e-06 0.0 -1e-06 1.08096 3.668528 -10.211984 0.141618 -0.02806 23.800806 -0.876655 -0.181766 -4.333436 1.641525 -1.903061 -0.038708 0.0 -0.0 2e-06 -8.784626 -9.742457 -8.644051 0.169303 0.455762 23.982088 9.601718 -3.162019 -9.001269 -1.48835 0.877525 -4.668132 0.0 -0.0 -1e-06 
0.0 0.0 0.0 0.0 -0.0 0.0 -63.427181 99.052208 935.601501 0.106127 -3.327988 -9.219687 -2.208223 -0.041945 -0.101109 -0.766625 0.15909 -4.730042 -0.890689 -2.305034 10.789977 3.726951 1.517693 3.129107 -0.200516 1.754155 -3.582603 1.95006 -0.156699 -5.980943 7.7e-05 -2.2e-05 6e-06 0.025045 0.093794 -0.019124 0.747182 -3.605236 -10.50067 -0.700689 3.787707 -10.508809 -5.691613 -7.106374 12.150705 -57.468452 -5.641487 23.129381 0.46712 -33.862625 -0.357955 14.338111 -4.246572 -21.629652 -5.882102 9.861279 0.70259 -10.936861 -0.360574 7.156197 0.0 8.774815 -0.0 -15.620134 18.431831 6.620512 -1.844031 2.498503 -2.507276 -10.16359 4.678941 4.621104 -20.975996 -1e-06 1e-06 -21.226254 2.451698 -3.593995 0.0 -6e-06 -0.0 -1.362681 2.240797 -0.746323 -21.334892 0.58491 3.008319 -13.821196 -1e-06 1e-06 -23.887129 -0.249075 -0.839485 -60.748169 2.777687 -0.814008 -0.294025 1.679686 0.833255 -14.218195 0.093215 1.300579 -34.212002 -0.287561 0.967166 -20.033176 0.964536 1.212838 0.0 -0.0 0.0 -3.440387 0.788233 0.501655 -15.928172 -3.167306 2.999703 -6.338817 -0.0 1e-06 -18.123419 3.648181 -4.905662 -4e-06 0.0 -2e-06 10.59516 8.808714 14.962858 64.18792 9.292848 23.865992 -0.108476 20.624365 -0.126703 -8.703876 3.139671 -12.522143 2.24354 -5.255033 -3.180156 14.282877 -0.826594 6.952496 -0.0 -12.690593 -1e-06 15.788322 -17.37105 2.773034 1.665665 -1.95592 -2.878297 4.727794 -4.170584 4.993919 11.020511 1e-06 -0.0 12.109032 -3.735715 -2.866778 0.0 -0.0 0.0 1.291985 -1.928548 -1.498088 14.800115 0.567467 3.865604 14.242553 -1.341738 -6.660648 19.631935 0.143921 -0.648243 49.254612 -0.424859 -6.260207 0.353029 -1.51115 -0.03194 20.222769 3.684305 2.316629 18.787249 1e-06 -1e-06 10.751608 -0.47987 1.397903 0.0 -0.0 0.0 3.273804 0.305947 -0.58011 21.48679 11.830364 2.266131 8.162915 0.0 -0.0 18.399052 -3.798986 -4.940567 3e-06 0.0 -1e-06 0.735925 2.95682 -8.259998 0.149562 0.01221 22.893879 -0.839683 -0.220553 -5.457788 1.63967 -1.886824 0.425236 0.0 -0.0 2e-06 -9.659615 -6.669871 -6.921264 0.003928 0.480832 17.646818 11.226429 -2.793012 -4.228219 -1.476984 0.860534 -4.234407 0.0 -0.0 -1e-06 
0.0 0.0 0.0 0.0 -0.0 0.0 -64.191971 98.975555 937.766724 0.435816 -2.544258 -9.378141 -2.185722 0.081384 -0.393762 -0.907441 -0.178299 -4.884439 -1.510821 -2.412984 11.208365 4.052426 1.387748 3.625285 -0.326833 1.273064 -3.564024 1.801751 -0.572941 -5.94985 7.7e-05 -2.2e-05 6e-06 0.008356 0.036756 0.009783 0.717137 -3.66312 -10.473178 -0.703809 3.727237 -10.495493 -7.294487 -7.348625 12.233064 -54.318256 -6.514452 23.221571 0.244007 -34.764008 -0.260333 13.964242 -4.049642 -21.04479 -5.882102 9.861279 0.70259 -10.936861 -0.360574 7.156197 0.0 8.774815 -0.0 -15.661043 18.613211 6.771508 -1.844031 2.498503 -2.507276 -10.16359 4.678941 4.621104 -20.975996 -1e-06 1e-06 -21.226254 2.451698 -3.593995 0.0 -6e-06 -0.0 -1.362681 2.240797 -0.746323 -21.334892 0.58491 3.008319 -13.821196 -1e-06 1e-06 -23.887129 -0.249075 -0.839485 -60.743168 3.062458 -1.025661 -0.294025 1.679686 0.833255 -14.218195 0.093215 1.300579 -34.212002 -0.287561 0.967166 -20.033176 0.964536 1.212838 0.0 -0.0 0.0 -3.440387 0.788233 0.501655 -15.928172 -3.167306 2.999703 -6.338817 -0.0 1e-06 -18.123419 3.648181 -4.905662 -4e-06 0.0 -2e-06 11.560786 7.617685 15.019395 63.357204 7.258584 23.884077 -0.007555 21.008656 -0.130237 -8.107367 2.859801 -14.18482 2.24354 -5.255033 -3.180156 14.282877 -0.826594 6.952496 -0.0 -12.690593 -1e-06 15.890169 -17.520947 2.779244 1.665665 -1.95592 -2.878297 4.727794 -4.170584 4.993919 11.020511 1e-06 -0.0 12.109032 -3.735715 -2.866778 0.0 -0.0 0.0 1.291985 -1.928548 -1.498088 14.800115 0.567467 3.865604 14.242553 -1.341738 -6.660648 19.631935 0.143921 -0.648243 49.435974 -0.517276 -6.35187 0.353029 -1.51115 -0.03194 20.222769 3.684305 2.316629 18.787249 1e-06 -1e-06 10.751608 -0.47987 1.397903 0.0 -0.0 0.0 3.273804 0.305947 -0.58011 21.48679 11.830364 2.266131 8.162915 0.0 -0.0 18.399052 -3.798986 -4.940567 3e-06 0.0 -1e-06 0.786676 2.369542 -6.962389 0.104059 0.035429 23.442011 -1.06658 -0.555878 -7.144517 1.645856 -1.894282 0.97357 0.0 -0.0 2e-06 -10.035457 -4.328867 -5.433627 -0.003963 0.365604 16.578045 10.851486 -2.858141 -1.101698 -1.441877 0.951116 -2.790454 0.0 -0.0 -1e-06 
0.0 0.0 0.0 0.0 -0.0 0.0 -64.937088 99.089775 939.61554 0.420657 -1.962897 -9.360658 -1.88947 0.09826 -0.82541 -0.921996 -0.196947 -5.042284 -2.001932 -2.385269 11.800985 4.209167 1.411788 3.693629 -0.533139 0.74161 -3.632088 1.881891 -1.100791 -5.823567 7.7e-05 -2.2e-05 6e-06 0.012768 0.042071 -0.001423 0.731912 -3.661094 -10.498753 -0.709976 3.735625 -10.522786 -9.965617 -6.777099 12.121628 -51.225544 -7.434751 21.663803 0.273706 -35.555561 -0.135158 14.466657 -4.20831 -20.80122 -5.882102 9.861279 0.70259 -10.936861 -0.360574 7.156197 0.0 8.774815 -0.0 -15.498158 18.483347 6.90217 -1.844031 2.498503 -2.507276 -10.16359 4.678941 4.621104 -20.975996 -1e-06 1e-06 -21.226254 2.451698 -3.593995 0.0 -6e-06 -0.0 -1.362681 2.240797 -0.746323 -21.334892 0.58491 3.008319 -13.821196 -1e-06 1e-06 -23.887129 -0.249075 -0.839485 -60.711292 3.045892 -1.029724 -0.294025 1.679686 0.833255 -14.218195 0.093215 1.300579 -34.212002 -0.287561 0.967166 -20.033176 0.964536 1.212838 0.0 -0.0 0.0 -3.440387 0.788233 0.501655 -15.928172 -3.167306 2.999703 -6.338817 -0.0 1e-06 -18.123419 3.648181 -4.905662 -4e-06 0.0 -2e-06 12.773409 6.83739 14.818475 62.072479 5.723279 24.278614 0.411954 20.577002 0.019211 -7.318415 2.236666 -14.046345 2.24354 -5.255033 -3.180156 14.282877 -0.826594 6.952496 -0.0 -12.690593 -1e-06 15.850199 -17.739456 2.750977 1.665665 -1.95592 -2.878297 4.727794 -4.170584 4.993919 11.020511 1e-06 -0.0 12.109032 -3.735715 -2.866778 0.0 -0.0 0.0 1.291985 -1.928548 -1.498088 14.800115 0.567467 3.865604 14.242553 -1.341738 -6.660648 19.631935 0.143921 -0.648243 49.638016 -0.465989 -6.377394 0.353029 -1.51115 -0.03194 20.222769 3.684305 2.316629 18.787249 1e-06 -1e-06 10.751608 -0.47987 1.397903 0.0 -0.0 0.0 3.273804 0.305947 -0.58011 21.48679 11.830364 2.266131 8.162915 0.0 -0.0 18.399052 -3.798986 -4.940567 3e-06 0.0 -1e-06 1.197406 1.858606 -5.525641 0.079395 -0.034054 22.953876 -1.719287 -0.766777 -8.09584 1.643638 -1.891585 1.169795 0.0 -0.0 2e-06 -9.68136 -3.68327 -4.316002 -0.005899 0.327285 17.215292 10.33677 -2.619336 -2.952363 -1.429906 1.002854 -2.013602 0.0 -0.0 -1e-06 
0.0 0.0 0.0 0.0 -0.0 0.0 -65.528503 99.264214 941.112793 0.19841 -1.666803 -8.988796 -1.468485 0.151239 -1.300005 -0.904093 -0.105652 -5.262131 -2.247699 -2.376653 12.179118 4.263281 1.496739 3.533564 -0.738584 0.448117 -3.614584 2.081318 -1.567663 -5.500165 7.7e-05 -2.2e-05 6e-06 0.016589 0.082207 -0.001044 0.73804 -3.623322 -10.505754 -0.708676 3.779651 -10.5145 -11.852023 -6.274143 11.863019 -50.547493 -7.863543 18.029083 0.364969 -36.016773 -0.150666 16.11903 -4.597342 -22.534407 -5.882102 9.861279 0.70259 -10.936861 -0.360574 7.156197 0.0 8.774815 -0.0 -15.553809 18.108454 6.725717 -1.844031 2.498503 -2.507276 -10.16359 4.678941 4.621104 -20.975996 -1e-06 1e-06 -21.226254 2.451698 -3.593995 0.0 -6e-06 -0.0 -1.362681 2.240797 -0.746323 -21.334892 0.58491 3.008319 -13.821196 -1e-06 1e-06 -23.887129 -0.249075 -0.839485 -60.594433 2.934736 -1.156313 -0.294025 1.679686 0.833255 -14.218195 0.093215 1.300579 -34.212002 -0.287561 0.967166 -20.033176 0.964536 1.212838 0.0 -0.0 0.0 -3.440387 0.788233 0.501655 -15.928172 -3.167306 2.999703 -6.338817 -0.0 1e-06 -18.123419 3.648181 -4.905662 -4e-06 0.0 -2e-06 13.299503 6.540223 14.558238 61.557655 5.032631 24.847263 0.795583 18.955793 0.146201 -6.626894 1.425467 -12.576227 2.24354 -5.255033 -3.180156 14.282877 -0.826594 6.952496 -0.0 -12.690593 -1e-06 15.85513 -17.816698 2.619082 1.665665 -1.95592 -2.878297 4.727794 -4.170584 4.993919 11.020511 1e-06 -0.0 12.109032 -3.735715 -2.866778 0.0 -0.0 0.0 1.291985 -1.928548 -1.498088 14.800115 0.567467 3.865604 14.242553 -1.341738 -6.660648 19.631935 0.143921 -0.648243 49.755363 -0.361252 -6.433265 0.353029 -1.51115 -0.03194 20.222769 3.684305 2.316629 18.787249 1e-06 -1e-06 10.751608 -0.47987 1.397903 0.0 -0.0 0.0 3.273804 0.305947 -0.58011 21.48679 11.830364 2.266131 8.162915 0.0 -0.0 18.399052 -3.798986 -4.940567 3e-06 0.0 -1e-06 1.782007 1.644756 -4.57344 0.062411 -0.109766 22.237528 -2.500771 -1.085067 -8.677414 1.64326 -1.839937 0.984024 0.0 -0.0 2e-06 -9.185255 -3.838186 -3.357797 0.045963 0.331038 16.770002 10.334426 -2.283979 -3.826494 -1.42247 1.050046 -1.575343 0.0 -0.0 -1e-06 
0.0 0.0 0.0 0.0 -0.0 0.0 -65.972084 99.408844 942.364014 0.223709 -1.469318 -8.30942 -1.305493 0.183933 -1.693297 -0.910338 -0.028997 -5.405775 -2.429644 -2.399721 12.037141 4.312962 1.508796 3.425598 -0.879123 0.259559 -3.551129 2.234942 -1.796123 -5.095905 7.7e-05 -2.2e-05 6e-06 0.016393 0.095552 -0.009205 0.736728 -3.617374 -10.502601 -0.708076 3.800529 -10.500065 -12.399521 -6.090764 11.579956 -51.894089 -7.940073 15.136868 0.546413 -36.080742 -0.23981 17.476706 -4.68108 -25.634558 -5.882102 9.861279 0.70259 -10.936861 -0.360574 7.156197 0.0 8.774815 -0.0 -15.683769 17.773384 6.452609 -1.844031 2.498503 -2.507276 -10.16359 4.678941 4.621104 -20.975996 -1e-06 1e-06 -21.226254 2.451698 -3.593995 0.0 -6e-06 -0.0 -1.362681 2.240797 -0.746323 -21.334892 0.58491 3.008319 -13.821196 -1e-06 1e-06 -23.887129 -0.249075 -0.839485 -60.517445 2.812253 -1.351556 -0.294025 1.679686 0.833255 -14.218195 0.093215 1.300579 -34.212002 -0.287561 0.967166 -20.033176 0.964536 1.212838 0.0 -0.0 0.0 -3.440387 0.788233 0.501655 -15.928172 -3.167306 2.999703 -6.338817 -0.0 1e-06 -18.123419 3.648181 -4.905662 -4e-06 0.0 -2e-06 13.162578 6.572664 14.231347 61.887581 4.706726 25.150991 0.721197 17.465157 0.146063 -6.024248 0.759363 -11.454963 2.24354 -5.255033 -3.180156 14.282877 -0.826594 6.952496 -0.0 -12.690593 -1e-06 15.886112 -17.726076 2.563802 1.665665 -1.95592 -2.878297 4.727794 -4.170584 4.993919 11.020511 1e-06 -0.0 12.109032 -3.735715 -2.866778 0.0 -0.0 0.0 1.291985 -1.928548 -1.498088 14.800115 0.567467 3.865604 14.242553 -1.341738 -6.660648 19.631935 0.143921 -0.648243 49.734531 -0.289311 -6.363318 0.353029 -1.51115 -0.03194 20.222769 3.684305 2.316629 18.787249 1e-06 -1e-06 10.751608 -0.47987 1.397903 0.0 -0.0 0.0 3.273804 0.305947 -0.58011 21.48679 11.830364 2.266131 8.162915 0.0 -0.0 18.399052 -3.798986 -4.940567 3e-06 0.0 -1e-06 2.010537 1.583958 -4.091837 0.062923 -0.162534 21.446617 -3.090487 -1.34156 -9.029238 1.648742 -1.842382 0.704731 0.0 -0.0 2e-06 -9.00197 -4.056218 -3.087934 0.081299 0.335651 16.597658 10.612996 -2.109099 -4.597337 -1.419973 1.044522 -1.438823 0.0 -0.0 -1e-06 
0.0 0.0 0.0 0.0 -0.0 0.0 -66.350349 99.51252 943.432251 0.262135 -1.296202 -7.546731 -1.23133 0.180629 -1.964701 -0.900928 -0.01299 -5.498454 -2.534992 -2.42981 11.792218 4.3165 1.501009 3.124295 -0.944365 0.213159 -3.529177 2.258441 -1.98057 -4.904506 7.7e-05 -2.2e-05 6e-06 0.011599 0.066495 -0.02785 0.731446 -3.647218 -10.510689 -0.712424 3.772872 -10.502416 -12.492089 -6.005776 11.322863 -53.263542 -8.007766 14.347873 0.631136 -35.888882 -0.283431 17.212612 -4.56204 -26.93372 -5.882102 9.861279 0.70259 -10.936861 -0.360574 7.156197 0.0 8.774815 -0.0 -15.88097 17.661783 6.21371 -1.844031 2.498503 -2.507276 -10.16359 4.678941 4.621104 -20.975996 -1e-06 1e-06 -21.226254 2.451698 -3.593995 0.0 -6e-06 -0.0 -1.362681 2.240797 -0.746323 -21.334892 0.58491 3.008319 -13.821196 -1e-06 1e-06 -23.887129 -0.249075 -0.839485 -60.541691 2.787164 -1.499664 -0.294025 1.679686 0.833255 -14.218195 0.093215 1.300579 -34.212002 -0.287561 0.967166 -20.033176 0.964536 1.212838 0.0 -0.0 0.0 -3.440387 0.788233 0.501655 -15.928172 -3.167306 2.999703 -6.338817 -0.0 1e-06 -18.123419 3.648181 -4.905662 -4e-06 0.0 -2e-06 12.941861 6.65105 13.88954 62.088238 4.506316 25.030193 0.522446 17.329262 0.111824 -5.931907 0.524054 -10.6278 2.24354 -5.255033 -3.180156 14.282877 -0.826594 6.952496 -0.0 -12.690593 -1e-06 15.950022 -17.560221 2.579575 1.665665 -1.95592 -2.878297 4.727794 -4.170584 4.993919 11.020511 1e-06 -0.0 12.109032 -3.735715 -2.866778 0.0 -0.0 0.0 1.291985 -1.928548 -1.498088 14.800115 0.567467 3.865604 14.242553 -1.341738 -6.660648 19.631935 0.143921 -0.648243 49.679951 -0.242838 -6.234852 0.353029 -1.51115 -0.03194 20.222769 3.684305 2.316629 18.787249 1e-06 -1e-06 10.751608 -0.47987 1.397903 0.0 -0.0 0.0 3.273804 0.305947 -0.58011 21.48679 11.830364 2.266131 8.162915 0.0 -0.0 18.399052 -3.798986 -4.940567 3e-06 0.0 -1e-06 2.218203 1.70262 -3.921401 0.056172 -0.196903 20.846804 -3.339794 -1.764182 -9.341493 1.651613 -1.869331 0.4548 0.0 -0.0 2e-06 -8.836472 -4.281082 -3.125858 0.090405 0.350841 16.58713 10.794045 -2.109209 -5.309146 -1.417045 0.99342 -1.426475 0.0 -0.0 -1e-06 
0.0 0.0 0.0 0.0 -0.0 0.0 -66.701866 99.533363 944.422363 0.224246 -1.073184 -6.868487 -1.144981 0.132854 -2.125111 -0.866895 -0.011364 -5.582478 -2.591758 -2.430369 11.722096 4.285944 1.46722 2.682725 -0.98749 0.266044 -3.536427 2.160595 -2.160728 -5.063912 7.7e-05 -2.2e-05 6e-06 0.007469 0.042968 -0.042791 0.727918 -3.671462 -10.537615 -0.717112 3.751329 -10.537092 -12.550714 -5.990012 11.173485 -53.966583 -8.094458 15.348118 0.582036 -35.727978 -0.296544 15.706097 -4.522881 -25.661625 -5.882102 9.861279 0.70259 -10.936861 -0.360574 7.156197 0.0 8.774815 -0.0 -16.087879 17.765924 6.055696 -1.844031 2.498503 -2.507276 -10.16359 4.678941 4.621104 -20.975996 -1e-06 1e-06 -21.226254 2.451698 -3.593995 0.0 -6e-06 -0.0 -1.362681 2.240797 -0.746323 -21.334892 0.58491 3.008319 -13.821196 -1e-06 1e-06 -23.887129 -0.249075 -0.839485 -60.543644 2.825433 -1.527563 -0.294025 1.679686 0.833255 -14.218195 0.093215 1.300579 -34.212002 -0.287561 0.967166 -20.033176 0.964536 1.212838 0.0 -0.0 0.0 -3.440387 0.788233 0.501655 -15.928172 -3.167306 2.999703 -6.338817 -0.0 1e-06 -18.123419 3.648181 -4.905662 -4e-06 0.0 -2e-06 12.85108 6.641426 13.557735 61.79266 4.479154 25.142607 0.407915 18.502529 0.083119 -6.366293 0.780718 -10.122399 2.24354 -5.255033 -3.180156 14.282877 -0.826594 6.952496 -0.0 -12.690593 -1e-06 15.999129 -17.541826 2.580729 1.665665 -1.95592 -2.878297 4.727794 -4.170584 4.993919 11.020511 1e-06 -0.0 12.109032 -3.735715 -2.866778 0.0 -0.0 0.0 1.291985 -1.928548 -1.498088 14.800115 0.567467 3.865604 14.242553 -1.341738 -6.660648 19.631935 0.143921 -0.648243 49.646839 -0.284082 -6.253971 0.353029 -1.51115 -0.03194 20.222769 3.684305 2.316629 18.787249 1e-06 -1e-06 10.751608 -0.47987 1.397903 0.0 -0.0 0.0 3.273804 0.305947 -0.58011 21.48679 11.830364 2.266131 8.162915 0.0 -0.0 18.399052 -3.798986 -4.940567 3e-06 0.0 -1e-06 2.480018 1.889632 -3.994191 0.058462 -0.221353 20.752491 -3.389621 -2.285872 -9.84396 1.647899 -1.88044 0.382997 0.0 -0.0 2e-06 -8.608048 -4.548854 -3.289473 0.076447 0.344057 16.936749 10.825549 -2.1188 -6.153766 -1.412751 0.955032 -1.361061 0.0 -0.0 -1e-06 
0.0 0.0 0.0 0.0 -0.0 0.0 -67.034843 99.510002 945.410278 0.14775 -0.878602 -6.364963 -1.029151 0.092114 -2.197055 -0.826306 0.017191 -5.65747 -2.598177 -2.41608 11.810974 4.224109 1.459708 2.361377 -1.018302 0.320611 -3.542288 2.038323 -2.199306 -5.428368 7.7e-05 -2.2e-05 6e-06 0.005462 0.040896 -0.042186 0.730829 -3.678813 -10.583323 -0.724015 3.755355 -10.587697 -12.666047 -5.914381 11.138603 -54.152805 -8.210086 17.304544 0.574229 -35.683426 -0.334014 14.135688 -4.497634 -23.184219 -5.882102 9.861279 0.70259 -10.936861 -0.360574 7.156197 0.0 8.774815 -0.0 -16.199982 17.970369 6.023714 -1.844031 2.498503 -2.507276 -10.16359 4.678941 4.621104 -20.975996 -1e-06 1e-06 -21.226254 2.451698 -3.593995 0.0 -6e-06 -0.0 -1.362681 2.240797 -0.746323 -21.334892 0.58491 3.008319 -13.821196 -1e-06 1e-06 -23.887129 -0.249075 -0.839485 -60.575848 2.87415 -1.41137 -0.294025 1.679686 0.833255 -14.218195 0.093215 1.300579 -34.212002 -0.287561 0.967166 -20.033176 0.964536 1.212838 0.0 -0.0 0.0 -3.440387 0.788233 0.501655 -15.928172 -3.167306 2.999703 -6.338817 -0.0 1e-06 -18.123419 3.648181 -4.905662 -4e-06 0.0 -2e-06 12.739779 6.618393 13.295311 61.34761 4.815311 25.434828 0.428242 20.128891 0.056204 -7.081169 1.236933 -9.686201 2.24354 -5.255033 -3.180156 14.282877 -0.826594 6.952496 -0.0 -12.690593 -1e-06 16.041954 -17.608921 2.577038 1.665665 -1.95592 -2.878297 4.727794 -4.170584 4.993919 11.020511 1e-06 -0.0 12.109032 -3.735715 -2.866778 0.0 -0.0 0.0 1.291985 -1.928548 -1.498088 14.800115 0.567467 3.865604 14.242553 -1.341738 -6.660648 19.631935 0.143921 -0.648243 49.664577 -0.359849 -6.279451 0.353029 -1.51115 -0.03194 20.222769 3.684305 2.316629 18.787249 1e-06 -1e-06 10.751608 -0.47987 1.397903 0.0 -0.0 0.0 3.273804 0.305947 -0.58011 21.48679 11.830364 2.266131 8.162915 0.0 -0.0 18.399052 -3.798986 -4.940567 3e-06 0.0 -1e-06 2.837866 2.041868 -3.911224 0.061137 -0.237248 20.835804 -3.497117 -2.716861 -10.478436 1.64075 -1.873862 0.477877 0.0 -0.0 2e-06 -8.346842 -4.734975 -3.313509 0.047533 0.326109 17.366495 10.788157 -2.058186 -7.046275 -1.407874 0.956591 -1.172552 0.0 -0.0 -1e-06 
0.0 0.0 0.0 0.0 -0.0 0.0 -67.377457 99.474152 946.482361 0.080635 -0.739661 -6.004618 -0.907935 0.064861 -2.22196 -0.800868 0.054288 -5.717262 -2.562424 -2.388721 11.958287 4.120361 1.475564 2.270809 -1.013716 0.373971 -3.541911 1.936395 -2.128009 -5.847158 7.7e-05 -2.2e-05 6e-06 0.006883 0.057204 -0.032585 0.738556 -3.666294 -10.608714 -0.728993 3.7763 -10.616875 -12.787329 -5.757775 11.227176 -54.246685 -8.316578 18.834337 0.523141 -35.542564 -0.330327 13.282017 -4.439014 -21.388388 -5.882102 9.861279 0.70259 -10.936861 -0.360574 7.156197 0.0 8.774815 -0.0 -16.233301 18.118364 6.048865 -1.844031 2.498503 -2.507276 -10.16359 4.678941 4.621104 -20.975996 -1e-06 1e-06 -21.226254 2.451698 -3.593995 0.0 -6e-06 -0.0 -1.362681 2.240797 -0.746323 -21.334892 0.58491 3.008319 -13.821196 -1e-06 1e-06 -23.887129 -0.249075 -0.839485 -60.601864 2.901575 -1.279123 -0.294025 1.679686 0.833255 -14.218195 0.093215 1.300579 -34.212002 -0.287561 0.967166 -20.033176 0.964536 1.212838 0.0 -0.0 0.0 -3.440387 0.788233 0.501655 -15.928172 -3.167306 2.999703 -6.338817 -0.0 1e-06 -18.123419 3.648181 -4.905662 -4e-06 0.0 -2e-06 12.544201 6.664178 13.131223 61.056591 5.504946 25.547068 0.449317 21.523983 0.023487 -7.801225 1.615261 -9.443388 2.24354 -5.255033 -3.180156 14.282877 -0.826594 6.952496 -0.0 -12.690593 -1e-06 16.039841 -17.676159 2.579725 1.665665 -1.95592 -2.878297 4.727794 -4.170584 4.993919 11.020511 1e-06 -0.0 12.109032 -3.735715 -2.866778 0.0 -0.0 0.0 1.291985 -1.928548 -1.498088 14.800115 0.567467 3.865604 14.242553 -1.341738 -6.660648 19.631935 0.143921 -0.648243 49.615559 -0.419401 -6.300381 0.353029 -1.51115 -0.03194 20.222769 3.684305 2.316629 18.787249 1e-06 -1e-06 10.751608 -0.47987 1.397903 0.0 -0.0 0.0 3.273804 0.305947 -0.58011 21.48679 11.830364 2.266131 8.162915 0.0 -0.0 18.399052 -3.798986 -4.940567 3e-06 0.0 -1e-06 3.174383 2.144449 -3.579015 0.053318 -0.250917 20.813507 -3.629374 -2.977066 -11.131069 1.635373 -1.869491 0.583023 0.0 -0.0 2e-06 -8.095772 -4.812841 -3.101194 0.02627 0.299781 17.716387 10.633616 -1.942934 -7.960917 -1.40494 0.980688 -0.960799 0.0 -0.0 -1e-06 
0.0 0.0 0.0 0.0 -0.0 0.0 -67.72216 99.453857 947.517944 0.04806 -0.631776 -5.68154 -0.800092 0.050204 -2.243436 -0.785505 0.077796 -5.757364 -2.510855 -2.34508 12.068423 4.011736 1.521483 2.356864 -0.982247 0.408038 -3.541927 1.856801 -2.00614 -6.204063 7.7e-05 -2.2e-05 6e-06 0.010807 0.083366 -0.020893 0.744541 -3.644311 -10.618907 -0.727283 3.8078 -10.629931 -12.888191 -5.546251 11.413907 -54.438156 -8.352009 19.570841 0.411155 -35.137661 -0.283304 12.932864 -4.31998 -20.526478 -5.882102 9.861279 0.70259 -10.936861 -0.360574 7.156197 0.0 8.774815 -0.0 -16.223433 18.190065 6.068263 -1.844031 2.498503 -2.507276 -10.16359 4.678941 4.621104 -20.975996 -1e-06 1e-06 -21.226254 2.451698 -3.593995 0.0 -6e-06 -0.0 -1.362681 2.240797 -0.746323 -21.334892 0.58491 3.008319 -13.821196 -1e-06 1e-06 -23.887129 -0.249075 -0.839485 -60.593212 2.89804 -1.222601 -0.294025 1.679686 0.833255 -14.218195 0.093215 1.300579 -34.212002 -0.287561 0.967166 -20.033176 0.964536 1.212838 0.0 -0.0 0.0 -3.440387 0.788233 0.501655 -15.928172 -3.167306 2.999703 -6.338817 -0.0 1e-06 -18.123419 3.648181 -4.905662 -4e-06 0.0 -2e-06 12.317075 6.771731 13.037521 60.942554 6.427746 25.359091 0.394447 22.561441 -0.010979 -8.513686 1.908593 -9.421396 2.24354 -5.255033 -3.180156 14.282877 -0.826594 6.952496 -0.0 -12.690593 -1e-06 15.980795 -17.729834 2.59725 1.665665 -1.95592 -2.878297 4.727794 -4.170584 4.993919 11.020511 1e-06 -0.0 12.109032 -3.735715 -2.866778 0.0 -0.0 0.0 1.291985 -1.928548 -1.498088 14.800115 0.567467 3.865604 14.242553 -1.341738 -6.660648 19.631935 0.143921 -0.648243 49.533653 -0.456636 -6.345701 0.353029 -1.51115 -0.03194 20.222769 3.684305 2.316629 18.787249 1e-06 -1e-06 10.751608 -0.47987 1.397903 0.0 -0.0 0.0 3.273804 0.305947 -0.58011 21.48679 11.830364 2.266131 8.162915 0.0 -0.0 18.399052 -3.798986 -4.940567 3e-06 0.0 -1e-06 3.470567 2.159863 -3.11763 0.03332 -0.257723 20.566151 -3.811076 -3.100305 -11.65494 1.634058 -1.866769 0.634862 0.0 -0.0 2e-06 -7.874454 -4.822083 -2.795384 0.016805 0.26464 17.887774 10.380672 -1.887154 -8.765542 -1.404141 1.005129 -0.800159 0.0 -0.0 -1e-06 
0.0 0.0 0.0 0.0 -0.0 0.0 -68.002335 99.453857 948.38092 0.067254 -0.52119 -5.370637 -0.727433 0.047126 -2.270631 -0.77602 0.091502 -5.780705 -2.476107 -2.287938 12.108756 3.946002 1.58165 2.520293 -0.943417 0.392175 -3.543736 1.793795 -1.871868 -6.435498 7.7e-05 -2.2e-05 6e-06 0.013403 0.100012 -0.012232 0.742842 -3.631901 -10.623761 -0.720605 3.829779 -10.635725 -12.960628 -5.348831 11.626652 -54.700264 -8.277676 19.807003 0.327668 -34.429264 -0.252786 12.739628 -4.126956 -20.273687 -5.882102 9.861279 0.70259 -10.936861 -0.360574 7.156197 0.0 8.774815 -0.0 -16.184309 18.212681 6.071862 -1.844031 2.498503 -2.507276 -10.16359 4.678941 4.621104 -20.975996 -1e-06 1e-06 -21.226254 2.451698 -3.593995 0.0 -6e-06 -0.0 -1.362681 2.240797 -0.746323 -21.334892 0.58491 3.008319 -13.821196 -1e-06 1e-06 -23.887129 -0.249075 -0.839485 -60.549259 2.877511 -1.218884 -0.294025 1.679686 0.833255 -14.218195 0.093215 1.300579 -34.212002 -0.287561 0.967166 -20.033176 0.964536 1.212838 0.0 -0.0 0.0 -3.440387 0.788233 0.501655 -15.928172 -3.167306 2.999703 -6.338817 -0.0 1e-06 -18.123419 3.648181 -4.905662 -4e-06 0.0 -2e-06 12.124701 6.883717 12.94816 60.967949 7.359327 24.91007 0.258709 23.315126 -0.058051 -9.205748 2.149555 -9.624207 2.24354 -5.255033 -3.180156 14.282877 -0.826594 6.952496 -0.0 -12.690593 -1e-06 15.901169 -17.761564 2.621688 1.665665 -1.95592 -2.878297 4.727794 -4.170584 4.993919 11.020511 1e-06 -0.0 12.109032 -3.735715 -2.866778 0.0 -0.0 0.0 1.291985 -1.928548 -1.498088 14.800115 0.567467 3.865604 14.242553 -1.341738 -6.660648 19.631935 0.143921 -0.648243 49.458973 -0.489336 -6.388819 0.353029 -1.51115 -0.03194 20.222769 3.684305 2.316629 18.787249 1e-06 -1e-06 10.751608 -0.47987 1.397903 0.0 -0.0 0.0 3.273804 0.305947 -0.58011 21.48679 11.830364 2.266131 8.162915 0.0 -0.0 18.399052 -3.798986 -4.940567 3e-06 0.0 -1e-06 3.656538 2.124966 -2.686288 0.008897 -0.261664 20.159864 -3.972614 -3.157244 -11.95215 1.636348 -1.866225 0.637937 0.0 -0.0 2e-06 -7.737098 -4.802292 -2.518307 0.017064 0.236229 17.898455 10.134273 -1.922993 -9.375871 -1.404981 1.021485 -0.708521 0.0 -0.0 -1e-06 
0.0 0.0 0.0 0.0 -0.0 0.0 -68.231049 99.463425 949.071289 0.10778 -0.383958 -5.078262 -0.682262 0.049474 -2.297141 -0.765293 0.108524 -5.802591 -2.449714 -2.223316 12.114423 3.914461 1.647691 2.692172 -0.905458 0.357028 -3.553135 1.729349 -1.75052 -6.572485 7.7e-05 -2.2e-05 6e-06 0.014705 0.106903 -0.009343 0.737462 -3.626363 -10.622083 -0.712883 3.838827 -10.633342 -13.031017 -5.181107 11.847608 -54.935329 -8.119104 19.906469 0.314926 -33.519188 -0.252451 12.551212 -3.84051 -20.353827 -5.882102 9.861279 0.70259 -10.936861 -0.360574 7.156197 0.0 8.774815 -0.0 -16.122128 18.216776 6.073085 -1.844031 2.498503 -2.507276 -10.16359 4.678941 4.621104 -20.975996 -1e-06 1e-06 -21.226254 2.451698 -3.593995 0.0 -6e-06 -0.0 -1.362681 2.240797 -0.746323 -21.334892 0.58491 3.008319 -13.821196 -1e-06 1e-06 -23.887129 -0.249075 -0.839485 -60.496223 2.844734 -1.234143 -0.294025 1.679686 0.833255 -14.218195 0.093215 1.300579 -34.212002 -0.287561 0.967166 -20.033176 0.964536 1.212838 0.0 -0.0 0.0 -3.440387 0.788233 0.501655 -15.928172 -3.167306 2.999703 -6.338817 -0.0 1e-06 -18.123419 3.648181 -4.905662 -4e-06 0.0 -2e-06 11.983328 6.980233 12.831757 61.072697 8.191195 24.337967 0.092624 23.951788 -0.126056 -9.855543 2.360002 -10.013056 2.24354 -5.255033 -3.180156 14.282877 -0.826594 6.952496 -0.0 -12.690593 -1e-06 15.833285 -17.77507 2.646624 1.665665 -1.95592 -2.878297 4.727794 -4.170584 4.993919 11.020511 1e-06 -0.0 12.109032 -3.735715 -2.866778 0.0 -0.0 0.0 1.291985 -1.928548 -1.498088 14.800115 0.567467 3.865604 14.242553 -1.341738 -6.660648 19.631935 0.143921 -0.648243 49.404289 -0.530399 -6.410043 0.353029 -1.51115 -0.03194 20.222769 3.684305 2.316629 18.787249 1e-06 -1e-06 10.751608 -0.47987 1.397903 0.0 -0.0 0.0 3.273804 0.305947 -0.58011 21.48679 11.830364 2.266131 8.162915 0.0 -0.0 18.399052 -3.798986 -4.940567 3e-06 0.0 -1e-06 3.777841 2.076647 -2.344765 -0.011219 -0.265213 19.723089 -4.094381 -3.212888 -12.205354 1.639086 -1.872167 0.598083 0.0 -0.0 2e-06 -7.638675 -4.745285 -2.299846 0.020687 0.212791 17.836988 9.924188 -2.04621 -9.845155 -1.407389 1.029172 -0.674486 0.0 -0.0 -1e-06 
0.0 0.0 0.0 0.0 -0.0 0.0 -68.409218 99.476639 949.70343 0.164252 -0.203732 -4.80076 -0.659132 0.056604 -2.324243 -0.756852 0.13315 -5.829039 -2.42957 -2.162508 12.110115 3.893039 1.698392 2.815192 -0.873791 0.340965 -3.566378 1.684493 -1.671611 -6.623707 7.7e-05 -2.2e-05 6e-06 0.014883 0.106689 -0.010527 0.732929 -3.626762 -10.622581 -0.708288 3.839264 -10.631055 -13.094023 -5.034479 12.072356 -55.141575 -7.932764 19.969229 0.316771 -32.42588 -0.251536 12.322707 -3.439886 -20.516121 -5.882102 9.861279 0.70259 -10.936861 -0.360574 7.156197 0.0 8.774815 -0.0 -16.03681 18.239536 6.096324 -1.844031 2.498503 -2.507276 -10.16359 4.678941 4.621104 -20.975996 -1e-06 1e-06 -21.226254 2.451698 -3.593995 0.0 -6e-06 -0.0 -1.362681 2.240797 -0.746323 -21.334892 0.58491 3.008319 -13.821196 -1e-06 1e-06 -23.887129 -0.249075 -0.839485 -60.444519 2.810361 -1.252034 -0.294025 1.679686 0.833255 -14.218195 0.093215 1.300579 -34.212002 -0.287561 0.967166 -20.033176 0.964536 1.212838 0.0 -0.0 0.0 -3.440387 0.788233 0.501655 -15.928172 -3.167306 2.999703 -6.338817 -0.0 1e-06 -18.123419 3.648181 -4.905662 -4e-06 0.0 -2e-06 11.894117 7.042984 12.712626 61.222424 8.900912 23.78158 -0.053114 24.572138 -0.194628 -10.414262 2.543389 -10.587688 2.24354 -5.255033 -3.180156 14.282877 -0.826594 6.952496 -0.0 -12.690593 -1e-06 15.780519 -17.766714 2.679414 1.665665 -1.95592 -2.878297 4.727794 -4.170584 4.993919 11.020511 1e-06 -0.0 12.109032 -3.735715 -2.866778 0.0 -0.0 0.0 1.291985 -1.928548 -1.498088 14.800115 0.567467 3.865604 14.242553 -1.341738 -6.660648 19.631935 0.143921 -0.648243 49.388199 -0.585205 -6.404914 0.353029 -1.51115 -0.03194 20.222769 3.684305 2.316629 18.787249 1e-06 -1e-06 10.751608 -0.47987 1.397903 0.0 -0.0 0.0 3.273804 0.305947 -0.58011 21.48679 11.830364 2.266131 8.162915 0.0 -0.0 18.399052 -3.798986 -4.940567 3e-06 0.0 -1e-06 3.850304 2.046588 -2.021994 -0.02656 -0.269572 19.258474 -4.169753 -3.310847 -12.309965 1.640169 -1.880698 0.539029 0.0 -0.0 2e-06 -7.583351 -4.692005 -2.061156 0.023687 0.204359 17.703009 9.754868 -2.22479 -10.247805 -1.409901 1.036435 -0.697186 0.0 -0.0 -1e-06 
0.0 0.0 0.0 0.0 -0.0 0.0 -68.51738 99.481789 950.311584 0.224152 0.015511 -4.543042 -0.642125 0.058742 -2.349674 -0.750993 0.163723 -5.854942 -2.416217 -2.111042 12.11029 3.877726 1.734207 2.867337 -0.84637 0.358722 -3.578837 1.654253 -1.633629 -6.621716 7.7e-05 -2.2e-05 6e-06 0.01505 0.106137 -0.013562 0.730639 -3.628317 -10.632113 -0.705968 3.839967 -10.637979 -13.155459 -4.888626 12.276246 -55.343704 -7.725891 19.996698 0.304097 -31.225576 -0.241007 12.095276 -2.952149 -20.726122 -5.882102 9.861279 0.70259 -10.936861 -0.360574 7.156197 0.0 8.774815 -0.0 -15.941399 18.289793 6.145846 -1.844031 2.498503 -2.507276 -10.16359 4.678941 4.621104 -20.975996 -1e-06 1e-06 -21.226254 2.451698 -3.593995 0.0 -6e-06 -0.0 -1.362681 2.240797 -0.746323 -21.334892 0.58491 3.008319 -13.821196 -1e-06 1e-06 -23.887129 -0.249075 -0.839485 -60.390701 2.787719 -1.260674 -0.294025 1.679686 0.833255 -14.218195 0.093215 1.300579 -34.212002 -0.287561 0.967166 -20.033176 0.964536 1.212838 0.0 -0.0 0.0 -3.440387 0.788233 0.501655 -15.928172 -3.167306 2.999703 -6.338817 -0.0 1e-06 -18.123419 3.648181 -4.905662 -4e-06 0.0 -2e-06 11.850511 7.08206 12.635776 61.402294 9.487873 23.365496 -0.148729 25.169622 -0.246696 -10.814045 2.694709 -11.127644 2.24354 -5.255033 -3.180156 14.282877 -0.826594 6.952496 -0.0 -12.690593 -1e-06 15.737236 -17.747694 2.717098 1.665665 -1.95592 -2.878297 4.727794 -4.170584 4.993919 11.020511 1e-06 -0.0 12.109032 -3.735715 -2.866778 0.0 -0.0 0.0 1.291985 -1.928548 -1.498088 14.800115 0.567467 3.865604 14.242553 -1.341738 -6.660648 19.631935 0.143921 -0.648243 49.401325 -0.636162 -6.387809 0.353029 -1.51115 -0.03194 20.222769 3.684305 2.316629 18.787249 1e-06 -1e-06 10.751608 -0.47987 1.397903 0.0 -0.0 0.0 3.273804 0.305947 -0.58011 21.48679 11.830364 2.266131 8.162915 0.0 -0.0 18.399052 -3.798986 -4.940567 3e-06 0.0 -1e-06 3.879699 2.039599 -1.72911 -0.040632 -0.271748 18.850945 -4.204255 -3.429508 -12.449519 1.64033 -1.88838 0.485495 0.0 -0.0 2e-06 -7.576405 -4.663832 -1.79226 0.024456 0.212331 17.534723 9.669996 -2.39431 -10.619924 -1.411337 1.043513 -0.720395 0.0 -0.0 -1e-06 
0.0 0.0 0.0 0.0 -0.0 0.0 -68.540802 99.482948 950.950134 0.273932 0.253442 -4.311442 -0.630035 0.051412 -2.375956 -0.753043 0.189266 -5.879347 -2.400006 -2.056291 12.123385 3.866532 1.746588 2.849313 -0.803674 0.393085 -3.585617 1.61218 -1.601933 -6.604681 7.7e-05 -2.2e-05 6e-06 0.016744 0.11256 -0.01614 0.73009 -3.622738 -10.640771 -0.702242 3.847223 -10.645465 -13.213425 -4.750847 12.451308 -55.580616 -7.480432 19.9534 0.28751 -30.029247 -0.233218 11.939859 -2.435411 -21.069927 -5.882102 9.861279 0.70259 -10.936861 -0.360574 7.156197 0.0 8.774815 -0.0 -15.851787 18.350809 6.197569 -1.844031 2.498503 -2.507276 -10.16359 4.678941 4.621104 -20.975996 -1e-06 1e-06 -21.226254 2.451698 -3.593995 0.0 -6e-06 -0.0 -1.362681 2.240797 -0.746323 -21.334892 0.58491 3.008319 -13.821196 -1e-06 1e-06 -23.887129 -0.249075 -0.839485 -60.338623 2.759332 -1.256742 -0.294025 1.679686 0.833255 -14.218195 0.093215 1.300579 -34.212002 -0.287561 0.967166 -20.033176 0.964536 1.212838 0.0 -0.0 0.0 -3.440387 0.788233 0.501655 -15.928172 -3.167306 2.999703 -6.338817 -0.0 1e-06 -18.123419 3.648181 -4.905662 -4e-06 0.0 -2e-06 11.865129 7.105586 12.617101 61.586819 9.962514 23.205744 -0.183912 25.607496 -0.265702 -11.016024 2.836009 -11.490796 2.24354 -5.255033 -3.180156 14.282877 -0.826594 6.952496 -0.0 -12.690593 -1e-06 15.716366 -17.735806 2.744987 1.665665 -1.95592 -2.878297 4.727794 -4.170584 4.993919 11.020511 1e-06 -0.0 12.109032 -3.735715 -2.866778 0.0 -0.0 0.0 1.291985 -1.928548 -1.498088 14.800115 0.567467 3.865604 14.242553 -1.341738 -6.660648 19.631935 0.143921 -0.648243 49.446289 -0.655884 -6.377208 0.353029 -1.51115 -0.03194 20.222769 3.684305 2.316629 18.787249 1e-06 -1e-06 10.751608 -0.47987 1.397903 0.0 -0.0 0.0 3.273804 0.305947 -0.58011 21.48679 11.830364 2.266131 8.162915 0.0 -0.0 18.399052 -3.798986 -4.940567 3e-06 0.0 -1e-06 3.867587 2.028925 -1.395682 -0.054622 -0.273532 18.45503 -4.201322 -3.553244 -12.61636 1.640585 -1.89572 0.447076 0.0 -0.0 2e-06 -7.615511 -4.647816 -1.408033 0.020981 0.227408 17.239149 9.668392 -2.559862 -10.947336 -1.411744 1.0466 -0.716696 0.0 -0.0 -1e-06 
0.0 0.0 0.0 0.0 -0.0 0.0 -68.495308 99.481323 951.598083 0.333264 0.501031 -4.108814 -0.63062 0.04634 -2.393243 -0.761585 0.212528 -5.890824 -2.391966 -2.004663 12.137267 3.85881 1.756132 2.761238 -0.756084 0.417326 -3.582873 1.563694 -1.554303 -6.594586 7.7e-05 -2.2e-05 6e-06 0.019324 0.126917 -0.017714 0.729982 -3.608853 -10.643985 -0.697044 3.862049 -10.649136 -13.285352 -4.62566 12.585272 -55.84547 -7.184029 19.85985 0.292889 -28.931797 -0.237588 11.876699 -1.955698 -21.630444 -5.882102 9.861279 0.70259 -10.936861 -0.360574 7.156197 0.0 8.774815 -0.0 -15.786113 18.397913 6.234681 -1.844031 2.498503 -2.507276 -10.16359 4.678941 4.621104 -20.975996 -1e-06 1e-06 -21.226254 2.451698 -3.593995 0.0 -6e-06 -0.0 -1.362681 2.240797 -0.746323 -21.334892 0.58491 3.008319 -13.821196 -1e-06 1e-06 -23.887129 -0.249075 -0.839485 -60.307949 2.718747 -1.231487 -0.294025 1.679686 0.833255 -14.218195 0.093215 1.300579 -34.212002 -0.287561 0.967166 -20.033176 0.964536 1.212838 0.0 -0.0 0.0 -3.440387 0.788233 0.501655 -15.928172 -3.167306 2.999703 -6.338817 -0.0 1e-06 -18.123419 3.648181 -4.905662 -4e-06 0.0 -2e-06 11.926292 7.117669 12.619725 61.782799 10.323823 23.318464 -0.143928 25.764196 -0.25064 -11.074321 2.983398 -11.6208 2.24354 -5.255033 -3.180156 14.282877 -0.826594 6.952496 -0.0 -12.690593 -1e-06 15.71348 -17.745937 2.752927 1.665665 -1.95592 -2.878297 4.727794 -4.170584 4.993919 11.020511 1e-06 -0.0 12.109032 -3.735715 -2.866778 0.0 -0.0 0.0 1.291985 -1.928548 -1.498088 14.800115 0.567467 3.865604 14.242553 -1.341738 -6.660648 19.631935 0.143921 -0.648243 49.50201 -0.658232 -6.38329 0.353029 -1.51115 -0.03194 20.222769 3.684305 2.316629 18.787249 1e-06 -1e-06 10.751608 -0.47987 1.397903 0.0 -0.0 0.0 3.273804 0.305947 -0.58011 21.48679 11.830364 2.266131 8.162915 0.0 -0.0 18.399052 -3.798986 -4.940567 3e-06 0.0 -1e-06 3.796171 2.011259 -1.017399 -0.062181 -0.288034 18.042885 -4.167568 -3.688474 -12.784991 1.640425 -1.89734 0.429184 0.0 -0.0 2e-06 -7.719383 -4.666761 -0.937448 0.016451 0.233944 16.849991 9.733826 -2.667717 -11.225182 -1.412376 1.043079 -0.691826 0.0 -0.0 -1e-06 
0.0 0.0 0.0 0.0 -0.0 0.0 -68.44902 99.480507 952.181519 0.403933 0.735759 -3.940669 -0.637822 0.061447 -2.39768 -0.774096 0.241386 -5.888622 -2.39321 -1.960368 12.147049 3.840832 1.774207 2.648335 -0.707621 0.43312 -3.574702 1.51746 -1.484503 -6.609997 7.7e-05 -2.2e-05 6e-06 0.022741 0.155316 -0.015316 0.730298 -3.578596 -10.634746 -0.690402 3.888592 -10.641989 -13.393624 -4.504884 12.697663 -56.125217 -6.850786 19.635969 0.27713 -27.943029 -0.229614 11.833812 -1.537996 -22.226313 -5.882102 9.861279 0.70259 -10.936861 -0.360574 7.156197 0.0 8.774815 -0.0 -15.765438 18.437681 6.244257 -1.844031 2.498503 -2.507276 -10.16359 4.678941 4.621104 -20.975996 -1e-06 1e-06 -21.226254 2.451698 -3.593995 0.0 -6e-06 -0.0 -1.362681 2.240797 -0.746323 -21.334892 0.58491 3.008319 -13.821196 -1e-06 1e-06 -23.887129 -0.249075 -0.839485 -60.297981 2.669436 -1.210785 -0.294025 1.679686 0.833255 -14.218195 0.093215 1.300579 -34.212002 -0.287561 0.967166 -20.033176 0.964536 1.212838 0.0 -0.0 0.0 -3.440387 0.788233 0.501655 -15.928172 -3.167306 2.999703 -6.338817 -0.0 1e-06 -18.123419 3.648181 -4.905662 -4e-06 0.0 -2e-06 12.02681 7.12073 12.683172 62.0187 10.628628 23.660835 -0.041233 25.499189 -0.209091 -11.040598 3.118807 -11.59898 2.24354 -5.255033 -3.180156 14.282877 -0.826594 6.952496 -0.0 -12.690593 -1e-06 15.731546 -17.759581 2.741541 1.665665 -1.95592 -2.878297 4.727794 -4.170584 4.993919 11.020511 1e-06 -0.0 12.109032 -3.735715 -2.866778 0.0 -0.0 0.0 1.291985 -1.928548 -1.498088 14.800115 0.567467 3.865604 14.242553 -1.341738 -6.660648 19.631935 0.143921 -0.648243 49.556877 -0.666718 -6.403844 0.353029 -1.51115 -0.03194 20.222769 3.684305 2.316629 18.787249 1e-06 -1e-06 10.751608 -0.47987 1.397903 0.0 -0.0 0.0 3.273804 0.305947 -0.58011 21.48679 11.830364 2.266131 8.162915 0.0 -0.0 18.399052 -3.798986 -4.940567 3e-06 0.0 -1e-06 3.706686 1.977726 -0.633215 -0.065435 -0.311283 17.611107 -4.122759 -3.811833 -12.908109 1.640146 -1.894019 0.422486 0.0 -0.0 2e-06 -7.845635 -4.732977 -0.473896 0.018052 0.237632 16.458792 9.786801 -2.706799 -11.449162 -1.414573 1.0302 -0.668771 0.0 -0.0 -1e-06 
0.0 0.0 0.0 0.0 -0.0 0.0 -68.458199 99.482361 952.636353 0.480665 0.952327 -3.834949 -0.645979 0.09014 -2.385347 -0.793184 0.266607 -5.889048 -2.405133 -1.92759 12.169323 3.807831 1.775742 2.547378 -0.683709 0.466436 -3.571229 1.473068 -1.424186 -6.595421 7.7e-05 -2.2e-05 6e-06 0.025082 0.184627 -0.011857 0.731999 -3.546023 -10.626483 -0.6871 3.914603 -10.637376 -13.513325 -4.384915 12.823791 -56.38623 -6.54663 19.344452 0.233511 -27.152676 -0.203497 11.777634 -1.187446 -22.736017 -5.882102 9.861279 0.70259 -10.936861 -0.360574 7.156197 0.0 8.774815 -0.0 -15.76576 18.473927 6.244094 -1.844031 2.498503 -2.507276 -10.16359 4.678941 4.621104 -20.975996 -1e-06 1e-06 -21.226254 2.451698 -3.593995 0.0 -6e-06 -0.0 -1.362681 2.240797 -0.746323 -21.334892 0.58491 3.008319 -13.821196 -1e-06 1e-06 -23.887129 -0.249075 -0.839485 -60.307251 2.634034 -1.187066 -0.294025 1.679686 0.833255 -14.218195 0.093215 1.300579 -34.212002 -0.287561 0.967166 -20.033176 0.964536 1.212838 0.0 -0.0 0.0 -3.440387 0.788233 0.501655 -15.928172 -3.167306 2.999703 -6.338817 -0.0 1e-06 -18.123419 3.648181 -4.905662 -4e-06 0.0 -2e-06 12.14443 7.108511 12.80722 62.284473 10.86202 24.168892 0.084132 24.810099 -0.160951 -10.948768 3.18897 -11.427971 2.24354 -5.255033 -3.180156 14.282877 -0.826594 6.952496 -0.0 -12.690593 -1e-06 15.765341 -17.750185 2.727522 1.665665 -1.95592 -2.878297 4.727794 -4.170584 4.993919 11.020511 1e-06 -0.0 12.109032 -3.735715 -2.866778 0.0 -0.0 0.0 1.291985 -1.928548 -1.498088 14.800115 0.567467 3.865604 14.242553 -1.341738 -6.660648 19.631935 0.143921 -0.648243 49.61673 -0.678919 -6.423624 0.353029 -1.51115 -0.03194 20.222769 3.684305 2.316629 18.787249 1e-06 -1e-06 10.751608 -0.47987 1.397903 0.0 -0.0 0.0 3.273804 0.305947 -0.58011 21.48679 11.830364 2.266131 8.162915 0.0 -0.0 18.399052 -3.798986 -4.940567 3e-06 0.0 -1e-06 3.642821 1.925826 -0.265505 -0.066422 -0.338722 17.17837 -4.072002 -3.898724 -12.954115 1.640226 -1.900979 0.407575 0.0 -0.0 2e-06 -7.946124 -4.829929 -0.073749 0.023818 0.243563 16.150776 9.761563 -2.766218 -11.629416 -1.417585 1.006061 -0.648628 0.0 -0.0 -1e-06 
0.0 0.0 0.0 0.0 -0.0 0.0 -68.547714 99.489082 952.927612 0.542617 1.158813 -3.796193 -0.6455 0.113646 -2.355844 -0.815201 0.274511 -5.910203 -2.419598 -1.880837 12.210963 3.757544 1.752549 2.484008 -0.682611 0.473945 -3.577677 1.4332 -1.35676 -6.545585 7.7e-05 -2.2e-05 6e-06 0.024821 0.193724 -0.010176 0.733581 -3.536242 -10.636905 -0.688826 3.923127 -10.650716 -13.636454 -4.275581 12.979485 -56.568138 -6.29916 18.930882 0.108519 -26.630293 -0.141968 11.64236 -0.898962 -23.005459 -5.882102 9.861279 0.70259 -10.936861 -0.360574 7.156197 0.0 8.774815 -0.0 -15.799703 18.506386 6.239367 -1.844031 2.498503 -2.507276 -10.16359 4.678941 4.621104 -20.975996 -1e-06 1e-06 -21.226254 2.451698 -3.593995 0.0 -6e-06 -0.0 -1.362681 2.240797 -0.746323 -21.334892 0.58491 3.008319 -13.821196 -1e-06 1e-06 -23.887129 -0.249075 -0.839485 -60.3391 2.63946 -1.15181 -0.294025 1.679686 0.833255 -14.218195 0.093215 1.300579 -34.212002 -0.287561 0.967166 -20.033176 0.964536 1.212838 0.0 -0.0 0.0 -3.440387 0.788233 0.501655 -15.928172 -3.167306 2.999703 -6.338817 -0.0 1e-06 -18.123419 3.648181 -4.905662 -4e-06 0.0 -2e-06 12.236252 7.096958 12.92995 62.559788 10.994685 24.663136 0.235858 23.891594 -0.101657 -10.791129 3.165679 -11.035788 2.24354 -5.255033 -3.180156 14.282877 -0.826594 6.952496 -0.0 -12.690593 -1e-06 15.809629 -17.70133 2.721971 1.665665 -1.95592 -2.878297 4.727794 -4.170584 4.993919 11.020511 1e-06 -0.0 12.109032 -3.735715 -2.866778 0.0 -0.0 0.0 1.291985 -1.928548 -1.498088 14.800115 0.567467 3.865604 14.242553 -1.341738 -6.660648 19.631935 0.143921 -0.648243 49.653996 -0.687004 -6.400089 0.353029 -1.51115 -0.03194 20.222769 3.684305 2.316629 18.787249 1e-06 -1e-06 10.751608 -0.47987 1.397903 0.0 -0.0 0.0 3.273804 0.305947 -0.58011 21.48679 11.830364 2.266131 8.162915 0.0 -0.0 18.399052 -3.798986 -4.940567 3e-06 0.0 -1e-06 3.647601 1.84713 0.042957 -0.079054 -0.372253 16.788986 -4.038585 -3.964176 -12.919694 1.640739 -1.920134 0.388765 0.0 -0.0 2e-06 -7.975987 -4.943166 0.230321 0.025365 0.236093 15.955621 9.675142 -2.858977 -11.76316 -1.420735 0.972371 -0.624605 0.0 -0.0 -1e-06 
0.0 0.0 0.0 0.0 -0.0 0.0 -68.638824 99.499962 953.131287 0.588722 1.344029 -3.81084 -0.6389 0.131545 -2.326659 -0.846905 0.263429 -5.956215 -2.420207 -1.819016 12.295171 3.670217 1.688196 2.437883 -0.673063 0.417747 -3.58201 1.426291 -1.248342 -6.45314 7.7e-05 -2.2e-05 6e-06 0.022431 0.184731 -0.003302 0.735167 -3.549986 -10.669096 -0.69486 3.919323 -10.683544 -13.758669 -4.173728 13.087536 -56.621761 -6.049239 18.508711 -0.099342 -26.320326 -0.055564 11.418851 -0.61718 -23.145882 -5.882102 9.861279 0.70259 -10.936861 -0.360574 7.156197 0.0 8.774815 -0.0 -15.824077 18.524704 6.258858 -1.844031 2.498503 -2.507276 -10.16359 4.678941 4.621104 -20.975996 -1e-06 1e-06 -21.226254 2.451698 -3.593995 0.0 -6e-06 -0.0 -1.362681 2.240797 -0.746323 -21.334892 0.58491 3.008319 -13.821196 -1e-06 1e-06 -23.887129 -0.249075 -0.839485 -60.373913 2.705245 -1.103513 -0.294025 1.679686 0.833255 -14.218195 0.093215 1.300579 -34.212002 -0.287561 0.967166 -20.033176 0.964536 1.212838 0.0 -0.0 0.0 -3.440387 0.788233 0.501655 -15.928172 -3.167306 2.999703 -6.338817 -0.0 1e-06 -18.123419 3.648181 -4.905662 -4e-06 0.0 -2e-06 12.310276 7.119363 13.018643 62.760914 10.990663 25.311354 0.314401 22.99542 -0.062963 -10.567281 3.02486 -10.630577 2.24354 -5.255033 -3.180156 14.282877 -0.826594 6.952496 -0.0 -12.690593 -1e-06 15.82706 -17.659336 2.789489 1.665665 -1.95592 -2.878297 4.727794 -4.170584 4.993919 11.020511 1e-06 -0.0 12.109032 -3.735715 -2.866778 0.0 -0.0 0.0 1.291985 -1.928548 -1.498088 14.800115 0.567467 3.865604 14.242553 -1.341738 -6.660648 19.631935 0.143921 -0.648243 49.682899 -0.681422 -6.31431 0.353029 -1.51115 -0.03194 20.222769 3.684305 2.316629 18.787249 1e-06 -1e-06 10.751608 -0.47987 1.397903 0.0 -0.0 0.0 3.273804 0.305947 -0.58011 21.48679 11.830364 2.266131 8.162915 0.0 -0.0 18.399052 -3.798986 -4.940567 3e-06 0.0 -1e-06 3.673604 1.781124 0.339123 -0.096889 -0.408026 16.428919 -4.029543 -4.022253 -12.846802 1.63995 -1.952558 0.327122 0.0 -0.0 2e-06 -7.988756 -5.057693 0.52805 0.017239 0.206053 15.758978 9.545576 -2.927488 -11.830608 -1.423007 0.941022 -0.539202 0.0 -0.0 -1e-06 
