HIERARCHY
ROOT Root
{
  OFFSET 0.0 0.0 0.0
  CHANNELS 6 Xposition Yposition Zposition Zrotation Yrotation Xrotation
  JOINT Hips
  {
    OFFSET 0.0 100.0 0.0
    CHANNELS 6 Xposition Yposition Zposition Zrotation Yrotation Xrotation
    JOINT Spine1
    {
      OFFSET -0.013727 5.003763 -0.053727
      CHANNELS 3 Zrotation Yrotation Xrotation
      JOINT Spine2
      {
        OFFSET -0.0 7.125301 -0.029825
        CHANNELS 3 Zrotation Yrotation Xrotation
        JOINT Chest
        {
          OFFSET -1e-06 7.550063 -0.815971
          CHANNELS 3 Zrotation Yrotation Xrotation
          JOINT Neck1
          {
            OFFSET -0.181677 26.311295 -0.553348
            CHANNELS 3 Zrotation Yrotation Xrotation
            JOINT Neck2
            {
              OFFSET -3e-06 7.709397 2.302585
              CHANNELS 3 Zrotation Yrotation Xrotation
              JOINT Head
              {
                OFFSET -5e-06 6.128916 1.953709
                CHANNELS 3 Zrotation Yrotation Xrotation
                JOINT HeadEnd
                {
                  OFFSET 0.003598 16.065403 -1.835379
                  CHANNELS 3 Zrotation Yrotation Xrotation
                }
                JOINT Jaw
                {
                  OFFSET 0.002637 0.475592 3.094941
                  CHANNELS 3 Zrotation Yrotation Xrotation
                }
                JOINT LeftEye
                {
                  OFFSET 3.206381 5.380205 7.586883
                  CHANNELS 3 Zrotation Yrotation Xrotation
                }
                JOINT RightEye
                {
                  OFFSET -3.22244 5.361869 7.558234
                  CHANNELS 3 Zrotation Yrotation Xrotation
                }
              }
            }
          }
          JOINT LeftShoulder
          {
            OFFSET 1.621652 23.237164 5.113413
            CHANNELS 3 Zrotation Yrotation Xrotation
            JOINT LeftArm
            {
              OFFSET 14.919846 2e-06 -5.502326
              CHANNELS 3 Zrotation Yrotation Xrotation
              JOINT LeftForeArm
              {
                OFFSET 28.739307 0.0 -0.002588
                CHANNELS 3 Zrotation Yrotation Xrotation
                JOINT LeftHand
                {
                  OFFSET 27.093981 -1e-06 0.002609
                  CHANNELS 3 Zrotation Yrotation Xrotation
                  JOINT LeftHandThumb1
                  {
                    OFFSET 2.276482 -1.392045 3.191413
                    CHANNELS 3 Zrotation Yrotation Xrotation
                    JOINT LeftHandThumb2
                    {
                      OFFSET 4.012836 -1.828127 1.641654
                      CHANNELS 3 Zrotation Yrotation Xrotation
                      JOINT LeftHandThumb3
                      {
                        OFFSET 2.798515 0.0 -3e-06
                        CHANNELS 3 Zrotation Yrotation Xrotation
                        JOINT LeftHandThumbEnd
                        {
                          OFFSET 3.180793 -4e-06 4e-06
                          CHANNELS 3 Zrotation Yrotation Xrotation
                        }
                      }
                    }
                  }
                  JOINT LeftHandIndex1
                  {
                    OFFSET 3.247555 -0.531998 2.296169
                    CHANNELS 3 Zrotation Yrotation Xrotation
                    JOINT LeftHandIndex2
                    {
                      OFFSET 6.364578 0.01206 0.1786
                      CHANNELS 3 Zrotation Yrotation Xrotation
                      JOINT LeftHandIndex3
                      {
                        OFFSET 3.662364 0.0 0.0
                        CHANNELS 3 Zrotation Yrotation Xrotation
                        JOINT LeftHandIndex4
                        {
                          OFFSET 2.329242 4e-06 4e-06
                          CHANNELS 3 Zrotation Yrotation Xrotation
                          JOINT LeftHandIndexEnd
                          {
                            OFFSET 2.759615 -0.180537 -0.113024
                            CHANNELS 3 Zrotation Yrotation Xrotation
                          }
                        }
                      }
                    }
                  }
                  JOINT LeftHandMiddle1
                  {
                    OFFSET 3.163495 0.240981 1.000332
                    CHANNELS 3 Zrotation Yrotation Xrotation
                    JOINT LeftHandMiddle2
                    {
                      OFFSET 6.19078 -0.259278 -1.002548
                      CHANNELS 3 Zrotation Yrotation Xrotation
                      JOINT LeftHandMiddle3
                      {
                        OFFSET 4.35652 -4e-06 -1e-06
                        CHANNELS 3 Zrotation Yrotation Xrotation
                        JOINT LeftHandMiddle4
                        {
                          OFFSET 2.996877 -8e-06 0.0
                          CHANNELS 3 Zrotation Yrotation Xrotation
                          JOINT LeftHandMiddleEnd
                          {
                            OFFSET 2.304287 -0.294569 -0.031741
                            CHANNELS 3 Zrotation Yrotation Xrotation
                          }
                        }
                      }
                    }
                  }
                  JOINT LeftHandRing1
                  {
                    OFFSET 2.882643 -0.053652 -0.322543
                    CHANNELS 3 Zrotation Yrotation Xrotation
                    JOINT LeftHandRing2
                    {
                      OFFSET 5.854541 -0.486202 -1.373841
                      CHANNELS 3 Zrotation Yrotation Xrotation
                      JOINT LeftHandRing3
                      {
                        OFFSET 4.350578 0.0 3e-06
                        CHANNELS 3 Zrotation Yrotation Xrotation
                        JOINT LeftHandRing4
                        {
                          OFFSET 2.651321 7e-06 2e-06
                          CHANNELS 3 Zrotation Yrotation Xrotation
                          JOINT LeftHandRingEnd
                          {
                            OFFSET 1.936105 0.077687 -7.1e-05
                            CHANNELS 3 Zrotation Yrotation Xrotation
                          }
                        }
                      }
                    }
                  }
                  JOINT LeftHandPinky1
                  {
                    OFFSET 2.8655 -0.310005 -1.600378
                    CHANNELS 3 Zrotation Yrotation Xrotation
                    JOINT LeftHandPinky2
                    {
                      OFFSET 5.087849 -1.331141 -1.77123
                      CHANNELS 3 Zrotation Yrotation Xrotation
                      JOINT LeftHandPinky3
                      {
                        OFFSET 3.070974 4e-06 0.0
                        CHANNELS 3 Zrotation Yrotation Xrotation
                        JOINT LeftHandPinky4
                        {
                          OFFSET 1.549672 0.0 1e-06
                          CHANNELS 3 Zrotation Yrotation Xrotation
                          JOINT LeftHandPinkyEnd
                          {
                            OFFSET 1.944893 -0.157802 0.057219
                            CHANNELS 3 Zrotation Yrotation Xrotation
                          }
                        }
                      }
                    }
                  }
                }
              }
            }
          }
          JOINT RightShoulder
          {
            OFFSET -1.380118 23.180309 5.214158
            CHANNELS 3 Zrotation Yrotation Xrotation
            JOINT RightArm
            {
              OFFSET -15.037196 1.2e-05 -5.545604
              CHANNELS 3 Zrotation Yrotation Xrotation
              JOINT RightForeArm
              {
                OFFSET -28.736639 2e-06 -0.002597
                CHANNELS 3 Zrotation Yrotation Xrotation
                JOINT RightHand
                {
                  OFFSET -27.133619 -0.0 0.002613
                  CHANNELS 3 Zrotation Yrotation Xrotation
                  JOINT RightHandThumb1
                  {
                    OFFSET -2.274032 -1.383988 3.163127
                    CHANNELS 3 Zrotation Yrotation Xrotation
                    JOINT RightHandThumb2
                    {
                      OFFSET -4.011429 -1.827466 1.640914
                      CHANNELS 3 Zrotation Yrotation Xrotation
                      JOINT RightHandThumb3
                      {
                        OFFSET -2.794935 -4e-06 -3e-06
                        CHANNELS 3 Zrotation Yrotation Xrotation
                        JOINT RightHandThumbEnd
                        {
                          OFFSET -3.183852 4e-06 1e-06
                          CHANNELS 3 Zrotation Yrotation Xrotation
                        }
                      }
                    }
                  }
                  JOINT RightHandIndex1
                  {
                    OFFSET -3.253266 -0.520057 2.282866
                    CHANNELS 3 Zrotation Yrotation Xrotation
                    JOINT RightHandIndex2
                    {
                      OFFSET -6.341917 0.012471 0.178266
                      CHANNELS 3 Zrotation Yrotation Xrotation
                      JOINT RightHandIndex3
                      {
                        OFFSET -3.654871 -8e-06 -0.0
                        CHANNELS 3 Zrotation Yrotation Xrotation
                        JOINT RightHandIndex4
                        {
                          OFFSET -2.327586 0.0 1e-06
                          CHANNELS 3 Zrotation Yrotation Xrotation
                          JOINT RightHandIndexEnd
                          {
                            OFFSET -2.76179 -0.180656 -0.113078
                            CHANNELS 3 Zrotation Yrotation Xrotation
                          }
                        }
                      }
                    }
                  }
                  JOINT RightHandMiddle1
                  {
                    OFFSET -3.168106 0.246593 1.00103
                    CHANNELS 3 Zrotation Yrotation Xrotation
                    JOINT RightHandMiddle2
                    {
                      OFFSET -6.180828 -0.258836 -1.000895
                      CHANNELS 3 Zrotation Yrotation Xrotation
                      JOINT RightHandMiddle3
                      {
                        OFFSET -4.348901 0.0 -0.0
                        CHANNELS 3 Zrotation Yrotation Xrotation
                        JOINT RightHandMiddle4
                        {
                          OFFSET -3.00024 -4e-06 -2e-06
                          CHANNELS 3 Zrotation Yrotation Xrotation
                          JOINT RightHandMiddleEnd
                          {
                            OFFSET -2.30252 -0.29437 -0.031706
                            CHANNELS 3 Zrotation Yrotation Xrotation
                          }
                        }
                      }
                    }
                  }
                  JOINT RightHandRing1
                  {
                    OFFSET -2.88569 -0.067952 -0.308858
                    CHANNELS 3 Zrotation Yrotation Xrotation
                    JOINT RightHandRing2
                    {
                      OFFSET -5.854198 -0.48613 -1.373731
                      CHANNELS 3 Zrotation Yrotation Xrotation
                      JOINT RightHandRing3
                      {
                        OFFSET -4.33881 -4e-06 -0.0
                        CHANNELS 3 Zrotation Yrotation Xrotation
                        JOINT RightHandRing4
                        {
                          OFFSET -2.654903 -4e-06 4e-06
                          CHANNELS 3 Zrotation Yrotation Xrotation
                          JOINT RightHandRingEnd
                          {
                            OFFSET -1.933568 0.077527 -5.2e-05
                            CHANNELS 3 Zrotation Yrotation Xrotation
                          }
                        }
                      }
                    }
                  }
                  JOINT RightHandPinky1
                  {
                    OFFSET -2.866425 -0.342796 -1.584145
                    CHANNELS 3 Zrotation Yrotation Xrotation
                    JOINT RightHandPinky2
                    {
                      OFFSET -5.091371 -1.332055 -1.772385
                      CHANNELS 3 Zrotation Yrotation Xrotation
                      JOINT RightHandPinky3
                      {
                        OFFSET -3.062664 -4e-06 1e-06
                        CHANNELS 3 Zrotation Yrotation Xrotation
                        JOINT RightHandPinky4
                        {
                          OFFSET -1.546529 4e-06 -2e-06
                          CHANNELS 3 Zrotation Yrotation Xrotation
                          JOINT RightHandPinkyEnd
                          {
                            OFFSET -1.945119 -0.157718 0.057211
                            CHANNELS 3 Zrotation Yrotation Xrotation
                          }
                        }
                      }
                    }
                  }
                }
              }
            }
          }
        }
      }
    }
    JOINT LeftLeg
    {
      OFFSET 10.043214 -8.434526 2.595655
      CHANNELS 3 Zrotation Yrotation Xrotation
      JOINT LeftShin
      {
        OFFSET -1e-06 -43.221752 -0.802913
        CHANNELS 3 Zrotation Yrotation Xrotation
        JOINT LeftFoot
        {
          OFFSET 1e-06 -42.155094 -3.481523
          CHANNELS 3 Zrotation Yrotation Xrotation
          JOINT LeftToeBase
          {
            OFFSET 0.0 -5.059472 13.231529
            CHANNELS 3 Zrotation Yrotation Xrotation
            JOINT LeftToeEnd
            {
              OFFSET -0.009607 -1.647619 6.513017
              CHANNELS 3 Zrotation Yrotation Xrotation
            }
          }
        }
      }
    }
    JOINT RightLeg
    {
      OFFSET -10.047278 -8.29526 2.620317
      CHANNELS 3 Zrotation Yrotation Xrotation
      JOINT RightShin
      {
        OFFSET 1e-06 -43.362206 -0.805556
        CHANNELS 3 Zrotation Yrotation Xrotation
        JOINT RightFoot
        {
          OFFSET 2e-06 -42.117393 -3.478398
          CHANNELS 3 Zrotation Yrotation Xrotation
          JOINT RightToeBase
          {
            OFFSET -0.0 -5.079609 13.284196
            CHANNELS 3 Zrotation Yrotation Xrotation
            JOINT RightToeEnd
            {
              OFFSET 0.009532 -1.634378 6.460591
              CHANNELS 3 Zrotation Yrotation Xrotation
            }
          }
        }
      }
    }
  }
}
MOTION
Frames: 120
Frame Time: 0.03333333333333333
0.0 0.0 0.0 0.0 -0.0 0.0 -0.046753 95.233498 -7.250214 -6.527957 0.024758 0.558492 4.656332 0.268672 2.246852 0.132717 1.719702 -4.045025 1.972878 -0.702556 9.661081 -1.601705 2.996558 -3.505175 -0.76579 -0.134005 -3.472038 -1.833923 -0.395991 -12.331731 7.7e-05 -2.2e-05 6e-06 0.025455 -0.041535 0.055029 0.664643 -3.789036 -10.578898 -0.626909 3.710671 -10.577028 -16.629129 -1.12202 14.896709 -58.652855 -3.677242 22.117523 -0.076221 -27.588995 0.258031 -0.793325 6.120611 -4.350362 -5.882102 9.861279 0.70259 -10.936861 -0.360574 7.156197 0.0 8.774815 -0.0 -16.501009 17.738306 5.953054 -1.844031 2.498503 -2.507276 -10.16359 4.678941 4.621104 -20.975996 -1e-06 1e-06 -21.226254 2.451698 -3.593995 0.0 -6e-06 -0.0 -1.362681 2.240797 -0.746323 -21.334892 0.58491 3.008319 -13.821196 -1e-06 1e-06 -23.887129 -0.249075 -0.839485 -60.516666 2.384908 -0.943952 -0.294025 1.679686 0.833255 -14.218195 0.093215 1.300579 -34.212002 -0.287561 0.967166 -20.033176 0.964536 1.212838 0.0 -0.0 0.0 -3.440387 0.788233 0.501655 -15.928172 -3.167306 2.999703 -6.338817 -0.0 1e-06 -18.123419 3.648181 -4.905662 -4e-06 0.0 -2e-06 11.149122 14.397428 15.429768 48.848644 21.711657 15.546289 0.518396 49.852211 0.861567 -0.904314 1.322791 -6.266598 2.24354 -5.255033 -3.180156 14.282877 -0.826594 6.952496 -0.0 -12.690593 -1e-06 15.585573 -17.927092 2.630134 1.665665 -1.95592 -2.878297 4.727794 -4.170584 4.993919 11.020511 1e-06 -0.0 12.109032 -3.735715 -2.866778 0.0 -0.0 0.0 1.291985 -1.928548 -1.498088 14.800115 0.567467 3.865604 14.242553 -1.341738 -6.660648 19.631935 0.143921 -0.648243 49.616821 -1.059356 -6.578593 0.353029 -1.51115 -0.03194 20.222769 3.684305 2.316629 18.787249 1e-06 -1e-06 10.751608 -0.47987 1.397903 0.0 -0.0 0.0 3.273804 0.305947 -0.58011 21.48679 11.830364 2.266131 8.162915 0.0 -0.0 18.399052 -3.798986 -4.940567 3e-06 0.0 -1e-06 3.725058 15.089989 -30.342613 -0.252667 -0.064075 -2.371462 -12.137465 3.161014 7.160045 1.605703 -2.072009 -6.950531 0.0 -0.0 2e-06 6.841016 -3.067856 17.178564 -0.127657 -0.052866 5.008832 -0.473748 8.066493 -11.416744 -1.414965 0.812761 -7.503528 0.0 -0.0 -1e-06 
0.0 0.0 0.0 0.0 -0.0 0.0 0.924661 94.658783 -3.025599 -5.616817 -0.395383 0.962359 3.899939 0.395045 1.918643 0.075862 1.972906 -4.093234 1.637807 -0.633404 9.714327 -1.815516 3.113073 -4.015469 -0.668034 -0.055421 -3.524227 -1.38441 -0.53795 -12.048283 7.7e-05 -2.2e-05 6e-06 0.01192 -0.069723 0.050768 0.665293 -3.805243 -10.553999 -0.653461 3.668667 -10.538705 -17.26059 -0.84309 14.616535 -57.519505 -2.995227 22.099195 -0.229209 -28.666143 0.269906 -0.857226 6.459323 -4.27191 -5.882102 9.861279 0.70259 -10.936861 -0.360574 7.156197 0.0 8.774815 -0.0 -16.500423 17.896744 6.031774 -1.844031 2.498503 -2.507276 -10.16359 4.678941 4.621104 -20.975996 -1e-06 1e-06 -21.226254 2.451698 -3.593995 0.0 -6e-06 -0.0 -1.362681 2.240797 -0.746323 -21.334892 0.58491 3.008319 -13.821196 -1e-06 1e-06 -23.887129 -0.249075 -0.839485 -60.894455 2.366107 -0.916033 -0.294025 1.679686 0.833255 -14.218195 0.093215 1.300579 -34.212002 -0.287561 0.967166 -20.033176 0.964536 1.212838 0.0 -0.0 0.0 -3.440387 0.788233 0.501655 -15.928172 -3.167306 2.999703 -6.338817 -0.0 1e-06 -18.123419 3.648181 -4.905662 -4e-06 0.0 -2e-06 11.921899 14.18696 15.520165 48.249809 21.346951 16.908398 -0.433157 49.958694 0.161128 -1.112656 1.915352 -7.384482 2.24354 -5.255033 -3.180156 14.282877 -0.826594 6.952496 -0.0 -12.690593 -1e-06 15.983721 -17.883686 2.516721 1.665665 -1.95592 -2.878297 4.727794 -4.170584 4.993919 11.020511 1e-06 -0.0 12.109032 -3.735715 -2.866778 0.0 -0.0 0.0 1.291985 -1.928548 -1.498088 14.800115 0.567467 3.865604 14.242553 -1.341738 -6.660648 19.631935 0.143921 -0.648243 49.687256 -0.94919 -6.467719 0.353029 -1.51115 -0.03194 20.222769 3.684305 2.316629 18.787249 1e-06 -1e-06 10.751608 -0.47987 1.397903 0.0 -0.0 0.0 3.273804 0.305947 -0.58011 21.48679 11.830364 2.266131 8.162915 0.0 -0.0 18.399052 -3.798986 -4.940567 3e-06 0.0 -1e-06 3.037528 13.15738 -30.903315 -0.209379 -0.090405 2.170838 -10.048082 1.866155 7.031698 1.648105 -2.080114 -7.644817 0.0 -0.0 2e-06 4.512275 -3.702311 17.696442 -0.072494 0.092005 9.037592 -0.040981 9.133081 -10.99932 -1.416136 0.805236 -10.875243 0.0 -0.0 -1e-06 
0.0 0.0 0.0 0.0 -0.0 0.0 2.103287 94.766876 1.574791 -2.666192 -0.307144 1.957005 1.728507 0.411201 1.069763 -0.179225 2.185385 -4.438316 0.484123 -0.629095 9.967305 -1.377606 2.913814 -4.731848 -0.660137 0.103038 -3.592926 -0.742892 -0.940199 -11.621027 7.7e-05 -2.2e-05 6e-06 0.026026 -0.064343 0.023775 0.669339 -3.796622 -10.53685 -0.628019 3.672144 -10.515494 -18.766336 -1.175024 14.39133 -55.33762 -2.556593 21.965633 -0.130393 -28.47056 0.185353 -0.755983 6.110554 -4.754363 -5.882102 9.861279 0.70259 -10.936861 -0.360574 7.156197 0.0 8.774815 -0.0 -16.607729 18.174643 6.094098 -1.844031 2.498503 -2.507276 -10.16359 4.678941 4.621104 -20.975996 -1e-06 1e-06 -21.226254 2.451698 -3.593995 0.0 -6e-06 -0.0 -1.362681 2.240797 -0.746323 -21.334892 0.58491 3.008319 -13.821196 -1e-06 1e-06 -23.887129 -0.249075 -0.839485 -61.061119 2.544447 -1.031891 -0.294025 1.679686 0.833255 -14.218195 0.093215 1.300579 -34.212002 -0.287561 0.967166 -20.033176 0.964536 1.212838 0.0 -0.0 0.0 -3.440387 0.788233 0.501655 -15.928172 -3.167306 2.999703 -6.338817 -0.0 1e-06 -18.123419 3.648181 -4.905662 -4e-06 0.0 -2e-06 13.941964 13.654034 15.618074 47.922588 20.078056 17.09878 -0.499512 48.624477 0.122582 -1.806879 2.810081 -7.679351 2.24354 -5.255033 -3.180156 14.282877 -0.826594 6.952496 -0.0 -12.690593 -1e-06 15.963699 -17.854418 2.623153 1.665665 -1.95592 -2.878297 4.727794 -4.170584 4.993919 11.020511 1e-06 -0.0 12.109032 -3.735715 -2.866778 0.0 -0.0 0.0 1.291985 -1.928548 -1.498088 14.800115 0.567467 3.865604 14.242553 -1.341738 -6.660648 19.631935 0.143921 -0.648243 49.91082 -0.896149 -6.410591 0.353029 -1.51115 -0.03194 20.222769 3.684305 2.316629 18.787249 1e-06 -1e-06 10.751608 -0.47987 1.397903 0.0 -0.0 0.0 3.273804 0.305947 -0.58011 21.48679 11.830364 2.266131 8.162915 0.0 -0.0 18.399052 -3.798986 -4.940567 3e-06 0.0 -1e-06 0.164349 10.02256 -31.537962 -0.15182 -0.111916 6.650661 -4.285611 0.362858 13.622637 1.739219 -2.033436 -7.376107 0.0 -0.0 2e-06 -0.200955 -4.838272 15.98619 -0.082812 0.385421 16.094536 0.490389 10.156425 -8.512082 -1.442817 0.814711 -17.809324 0.0 -0.0 -1e-06 
0.0 0.0 0.0 0.0 -0.0 0.0 3.167298 95.245438 6.549202 -0.058024 0.448631 2.414031 0.125101 0.289423 0.745758 -0.550053 2.301778 -4.63675 -0.954839 -0.507851 9.825855 -0.543119 2.57656 -5.02638 -0.834607 -0.227832 -3.538849 -0.211806 -1.216171 -11.913029 7.7e-05 -2.2e-05 6e-06 0.045825 -0.00382 0.002045 0.708606 -3.720812 -10.490829 -0.627315 3.716579 -10.476095 -18.515787 -1.986175 14.69026 -54.821869 -3.366647 22.470802 -0.078683 -26.856703 0.155878 -0.638799 5.815576 -6.073273 -5.882102 9.861279 0.70259 -10.936861 -0.360574 7.156197 0.0 8.774815 -0.0 -16.841795 18.278336 5.927253 -1.844031 2.498503 -2.507276 -10.16359 4.678941 4.621104 -20.975996 -1e-06 1e-06 -21.226254 2.451698 -3.593995 0.0 -6e-06 -0.0 -1.362681 2.240797 -0.746323 -21.334892 0.58491 3.008319 -13.821196 -1e-06 1e-06 -23.887129 -0.249075 -0.839485 -60.93095 2.62206 -1.263839 -0.294025 1.679686 0.833255 -14.218195 0.093215 1.300579 -34.212002 -0.287561 0.967166 -20.033176 0.964536 1.212838 0.0 -0.0 0.0 -3.440387 0.788233 0.501655 -15.928172 -3.167306 2.999703 -6.338817 -0.0 1e-06 -18.123419 3.648181 -4.905662 -4e-06 0.0 -2e-06 14.356279 12.763974 15.641977 50.651604 18.606415 16.944611 -0.21936 45.331882 0.373395 -2.778305 3.053148 -7.649266 2.24354 -5.255033 -3.180156 14.282877 -0.826594 6.952496 -0.0 -12.690593 -1e-06 15.948639 -17.739473 2.654949 1.665665 -1.95592 -2.878297 4.727794 -4.170584 4.993919 11.020511 1e-06 -0.0 12.109032 -3.735715 -2.866778 0.0 -0.0 0.0 1.291985 -1.928548 -1.498088 14.800115 0.567467 3.865604 14.242553 -1.341738 -6.660648 19.631935 0.143921 -0.648243 50.110706 -0.744076 -6.357035 0.353029 -1.51115 -0.03194 20.222769 3.684305 2.316629 18.787249 1e-06 -1e-06 10.751608 -0.47987 1.397903 0.0 -0.0 0.0 3.273804 0.305947 -0.58011 21.48679 11.830364 2.266131 8.162915 0.0 -0.0 18.399052 -3.798986 -4.940567 3e-06 0.0 -1e-06 -2.435516 7.355947 -31.653294 -0.071529 -0.213606 11.853129 -1.784135 0.225382 15.228212 1.702131 -1.989366 -5.732334 0.0 -0.0 2e-06 -4.022574 -6.103261 12.810548 -0.163605 0.632602 25.954481 0.218677 10.165287 -0.999891 -1.553777 0.82283 -28.654577 0.0 -0.0 -1e-06 
0.0 0.0 0.0 0.0 -0.0 0.0 4.196024 95.929977 11.688341 1.62126 1.509265 2.115255 -0.82333 0.126576 0.981068 -0.814133 2.277713 -4.474667 -1.956486 -0.462739 9.338677 -0.076672 2.288966 -4.655766 -1.044371 -0.435958 -3.514278 0.085369 -1.564764 -12.108144 7.7e-05 -2.2e-05 6e-06 0.051649 0.00469 0.00458 0.732834 -3.712262 -10.48263 -0.641938 3.720209 -10.479795 -16.763971 -2.883439 14.880064 -56.183453 -4.80264 22.833853 -0.146881 -25.275961 0.124498 -0.491001 6.144201 -5.388233 -5.882102 9.861279 0.70259 -10.936861 -0.360574 7.156197 0.0 8.774815 -0.0 -16.923223 18.141573 5.682092 -1.844031 2.498503 -2.507276 -10.16359 4.678941 4.621104 -20.975996 -1e-06 1e-06 -21.226254 2.451698 -3.593995 0.0 -6e-06 -0.0 -1.362681 2.240797 -0.746323 -21.334892 0.58491 3.008319 -13.821196 -1e-06 1e-06 -23.887129 -0.249075 -0.839485 -60.599415 2.664707 -1.659485 -0.294025 1.679686 0.833255 -14.218195 0.093215 1.300579 -34.212002 -0.287561 0.967166 -20.033176 0.964536 1.212838 0.0 -0.0 0.0 -3.440387 0.788233 0.501655 -15.928172 -3.167306 2.999703 -6.338817 -0.0 1e-06 -18.123419 3.648181 -4.905662 -4e-06 0.0 -2e-06 12.844483 12.353095 15.605863 55.727062 17.285204 16.999195 -0.064831 39.64949 0.311324 -3.023504 2.557742 -7.671094 2.24354 -5.255033 -3.180156 14.282877 -0.826594 6.952496 -0.0 -12.690593 -1e-06 16.160448 -17.796371 2.580906 1.665665 -1.95592 -2.878297 4.727794 -4.170584 4.993919 11.020511 1e-06 -0.0 12.109032 -3.735715 -2.866778 0.0 -0.0 0.0 1.291985 -1.928548 -1.498088 14.800115 0.567467 3.865604 14.242553 -1.341738 -6.660648 19.631935 0.143921 -0.648243 50.500896 -0.516168 -6.525387 0.353029 -1.51115 -0.03194 20.222769 3.684305 2.316629 18.787249 1e-06 -1e-06 10.751608 -0.47987 1.397903 0.0 -0.0 0.0 3.273804 0.305947 -0.58011 21.48679 11.830364 2.266131 8.162915 0.0 -0.0 18.399052 -3.798986 -4.940567 3e-06 0.0 -1e-06 -4.467835 6.341609 -30.160385 -0.076518 -0.157077 16.694204 -0.031922 -0.517781 11.367111 1.635568 -2.00071 -3.951651 0.0 -0.0 2e-06 -6.360693 -6.988069 8.500637 -0.090411 0.681543 37.542805 0.568114 8.564837 10.576982 -1.647074 0.731079 -34.181793 0.0 -0.0 -1e-06 
0.0 0.0 0.0 0.0 -0.0 0.0 5.286814 96.709625 16.716505 2.659885 2.022607 1.581946 -1.446669 -0.019512 1.371718 -0.969013 2.146289 -4.312089 -2.284447 -0.362384 9.057701 -0.265343 2.305557 -4.42245 -1.112139 -0.603294 -3.495847 0.209172 -1.668343 -11.940752 7.7e-05 -2.2e-05 6e-06 0.050913 0.019783 0.024186 0.739215 -3.698847 -10.468307 -0.651123 3.735949 -10.453382 -15.912177 -3.504855 15.021451 -56.624634 -6.196149 23.13505 -0.255151 -25.667501 0.184782 -0.605843 6.366272 -5.058503 -5.882102 9.861279 0.70259 -10.936861 -0.360574 7.156197 0.0 8.774815 -0.0 -17.026226 18.136078 5.504879 -1.844031 2.498503 -2.507276 -10.16359 4.678941 4.621104 -20.975996 -1e-06 1e-06 -21.226254 2.451698 -3.593995 0.0 -6e-06 -0.0 -1.362681 2.240797 -0.746323 -21.334892 0.58491 3.008319 -13.821196 -1e-06 1e-06 -23.887129 -0.249075 -0.839485 -60.467548 2.633228 -1.826394 -0.294025 1.679686 0.833255 -14.218195 0.093215 1.300579 -34.212002 -0.287561 0.967166 -20.033176 0.964536 1.212838 0.0 -0.0 0.0 -3.440387 0.788233 0.501655 -15.928172 -3.167306 2.999703 -6.338817 -0.0 1e-06 -18.123419 3.648181 -4.905662 -4e-06 0.0 -2e-06 11.795503 12.368916 15.777749 58.896736 16.282791 18.441454 -0.033991 33.924339 0.221452 -1.438867 1.017196 -6.41108 2.24354 -5.255033 -3.180156 14.282877 -0.826594 6.952496 -0.0 -12.690593 -1e-06 16.408091 -17.749615 2.503206 1.665665 -1.95592 -2.878297 4.727794 -4.170584 4.993919 11.020511 1e-06 -0.0 12.109032 -3.735715 -2.866778 0.0 -0.0 0.0 1.291985 -1.928548 -1.498088 14.800115 0.567467 3.865604 14.242553 -1.341738 -6.660648 19.631935 0.143921 -0.648243 50.513954 -0.476371 -6.56886 0.353029 -1.51115 -0.03194 20.222769 3.684305 2.316629 18.787249 1e-06 -1e-06 10.751608 -0.47987 1.397903 0.0 -0.0 0.0 3.273804 0.305947 -0.58011 21.48679 11.830364 2.266131 8.162915 0.0 -0.0 18.399052 -3.798986 -4.940567 3e-06 0.0 -1e-06 -5.785672 5.921472 -26.97728 -0.094518 -0.128363 18.662069 1.086268 -0.716984 6.478334 1.624806 -2.027156 -3.624421 0.0 -0.0 2e-06 -7.824408 -7.292389 3.023563 0.007359 0.711356 49.180252 2.52162 5.795072 22.238569 -1.380755 0.732331 -20.796602 0.0 -0.0 -1e-06 
0.0 0.0 0.0 0.0 -0.0 0.0 6.27975 97.459206 21.371332 3.580609 2.165091 1.226521 -2.10138 -0.076718 1.665574 -1.051201 1.956231 -4.284404 -2.423039 -0.442887 8.980971 -0.674941 2.54177 -4.183213 -0.99305 -0.582696 -3.499255 0.258689 -1.636189 -11.970106 7.7e-05 -2.2e-05 6e-06 0.052635 0.04895 0.059363 0.747398 -3.677221 -10.48369 -0.656206 3.774902 -10.447544 -15.968553 -3.746553 14.791774 -55.778404 -7.264439 23.684731 -0.155627 -27.581091 0.164602 -0.292437 5.886442 -5.695548 -5.882102 9.861279 0.70259 -10.936861 -0.360574 7.156197 0.0 8.774815 -0.0 -16.970617 18.234625 5.546109 -1.844031 2.498503 -2.507276 -10.16359 4.678941 4.621104 -20.975996 -1e-06 1e-06 -21.226254 2.451698 -3.593995 0.0 -6e-06 -0.0 -1.362681 2.240797 -0.746323 -21.334892 0.58491 3.008319 -13.821196 -1e-06 1e-06 -23.887129 -0.249075 -0.839485 -60.543308 2.514971 -1.701483 -0.294025 1.679686 0.833255 -14.218195 0.093215 1.300579 -34.212002 -0.287561 0.967166 -20.033176 0.964536 1.212838 0.0 -0.0 0.0 -3.440387 0.788233 0.501655 -15.928172 -3.167306 2.999703 -6.338817 -0.0 1e-06 -18.123419 3.648181 -4.905662 -4e-06 0.0 -2e-06 12.069813 12.388891 16.128773 59.591427 15.672718 21.506344 0.205516 29.232553 0.20202 1.024816 -0.540323 -3.671243 2.24354 -5.255033 -3.180156 14.282877 -0.826594 6.952496 -0.0 -12.690593 -1e-06 16.57432 -17.630796 2.414347 1.665665 -1.95592 -2.878297 4.727794 -4.170584 4.993919 11.020511 1e-06 -0.0 12.109032 -3.735715 -2.866778 0.0 -0.0 0.0 1.291985 -1.928548 -1.498088 14.800115 0.567467 3.865604 14.242553 -1.341738 -6.660648 19.631935 0.143921 -0.648243 50.409409 -0.635283 -6.517033 0.353029 -1.51115 -0.03194 20.222769 3.684305 2.316629 18.787249 1e-06 -1e-06 10.751608 -0.47987 1.397903 0.0 -0.0 0.0 3.273804 0.305947 -0.58011 21.48679 11.830364 2.266131 8.162915 0.0 -0.0 18.399052 -3.798986 -4.940567 3e-06 0.0 -1e-06 -6.906389 5.482971 -23.286768 0.002728 -0.021684 18.723372 1.709442 -0.334659 3.101609 1.617507 -2.027707 -3.455787 0.0 -0.0 2e-06 -8.64647 -7.236899 -2.741094 0.049759 0.504299 59.222168 2.543507 4.080509 24.193375 -1.269071 0.897434 -7.101897 0.0 -0.0 -1e-06 
0.0 0.0 0.0 0.0 -0.0 0.0 7.076906 98.31234 25.564068 4.010636 2.379949 0.860851 -2.506544 -0.154443 1.861914 -1.080529 1.636773 -4.284783 -2.341975 -0.629088 9.101117 -0.902088 2.768778 -3.856643 -1.016022 -0.631043 -3.518104 0.194752 -1.42185 -12.142469 7.7e-05 -2.2e-05 6e-06 0.045051 0.022657 0.059706 0.754007 -3.709015 -10.528699 -0.676996 3.755458 -10.493014 -16.282669 -3.81935 14.476958 -54.526127 -8.485004 23.719545 -0.136 -29.643698 0.18131 1.087902 4.953629 -6.276059 -5.882102 9.861279 0.70259 -10.936861 -0.360574 7.156197 0.0 8.774815 -0.0 -16.80826 18.321682 5.632682 -1.844031 2.498503 -2.507276 -10.16359 4.678941 4.621104 -20.975996 -1e-06 1e-06 -21.226254 2.451698 -3.593995 0.0 -6e-06 -0.0 -1.362681 2.240797 -0.746323 -21.334892 0.58491 3.008319 -13.821196 -1e-06 1e-06 -23.887129 -0.249075 -0.839485 -60.524204 2.462243 -1.624151 -0.294025 1.679686 0.833255 -14.218195 0.093215 1.300579 -34.212002 -0.287561 0.967166 -20.033176 0.964536 1.212838 0.0 -0.0 0.0 -3.440387 0.788233 0.501655 -15.928172 -3.167306 2.999703 -6.338817 -0.0 1e-06 -18.123419 3.648181 -4.905662 -4e-06 0.0 -2e-06 12.763906 12.251013 16.47975 59.471386 14.853196 24.129509 0.533865 26.376375 0.188712 2.869997 -1.739394 -0.949484 2.24354 -5.255033 -3.180156 14.282877 -0.826594 6.952496 -0.0 -12.690593 -1e-06 16.507765 -17.559381 2.311328 1.665665 -1.95592 -2.878297 4.727794 -4.170584 4.993919 11.020511 1e-06 -0.0 12.109032 -3.735715 -2.866778 0.0 -0.0 0.0 1.291985 -1.928548 -1.498088 14.800115 0.567467 3.865604 14.242553 -1.341738 -6.660648 19.631935 0.143921 -0.648243 50.356297 -0.704052 -6.535705 0.353029 -1.51115 -0.03194 20.222769 3.684305 2.316629 18.787249 1e-06 -1e-06 10.751608 -0.47987 1.397903 0.0 -0.0 0.0 3.273804 0.305947 -0.58011 21.48679 11.830364 2.266131 8.162915 0.0 -0.0 18.399052 -3.798986 -4.940567 3e-06 0.0 -1e-06 -7.417462 4.87829 -18.680513 0.046422 -0.035204 16.250687 1.825528 0.184931 1.379113 1.595106 -2.043803 -3.268903 0.0 -0.0 2e-06 -8.421746 -7.361485 -8.229298 0.060736 0.209664 66.01358 1.391954 3.526316 17.826996 -1.343381 0.932809 -5.733805 0.0 -0.0 -1e-06 
0.0 0.0 0.0 0.0 -0.0 0.0 7.78548 99.118423 29.600965 3.904576 2.97165 0.35019 -2.654218 -0.28477 2.121657 -1.01736 1.203323 -4.204198 -2.030724 -0.998369 9.154623 -0.954194 2.931091 -3.341725 -1.064218 -0.646937 -3.514717 0.008494 -1.237416 -12.06519 7.7e-05 -2.2e-05 6e-06 0.036598 0.0041 0.04784 0.754536 -3.727674 -10.561188 -0.692777 3.736741 -10.535519 -15.966339 -4.036967 14.379896 -54.003937 -10.063049 23.088598 -0.208754 -31.313641 0.214369 2.84718 4.385682 -6.369063 -5.882102 9.861279 0.70259 -10.936861 -0.360574 7.156197 0.0 8.774815 -0.0 -16.513262 18.325998 5.793787 -1.844031 2.498503 -2.507276 -10.16359 4.678941 4.621104 -20.975996 -1e-06 1e-06 -21.226254 2.451698 -3.593995 0.0 -6e-06 -0.0 -1.362681 2.240797 -0.746323 -21.334892 0.58491 3.008319 -13.821196 -1e-06 1e-06 -23.887129 -0.249075 -0.839485 -60.387699 2.435004 -1.508898 -0.294025 1.679686 0.833255 -14.218195 0.093215 1.300579 -34.212002 -0.287561 0.967166 -20.033176 0.964536 1.212838 0.0 -0.0 0.0 -3.440387 0.788233 0.501655 -15.928172 -3.167306 2.999703 -6.338817 -0.0 1e-06 -18.123419 3.648181 -4.905662 -4e-06 0.0 -2e-06 12.895186 11.810123 16.68746 59.894108 13.53255 24.852997 0.704379 25.311388 0.163216 3.666823 -2.412641 0.51618 2.24354 -5.255033 -3.180156 14.282877 -0.826594 6.952496 -0.0 -12.690593 -1e-06 16.412163 -17.532917 2.242406 1.665665 -1.95592 -2.878297 4.727794 -4.170584 4.993919 11.020511 1e-06 -0.0 12.109032 -3.735715 -2.866778 0.0 -0.0 0.0 1.291985 -1.928548 -1.498088 14.800115 0.567467 3.865604 14.242553 -1.341738 -6.660648 19.631935 0.143921 -0.648243 50.206841 -0.628987 -6.565341 0.353029 -1.51115 -0.03194 20.222769 3.684305 2.316629 18.787249 1e-06 -1e-06 10.751608 -0.47987 1.397903 0.0 -0.0 0.0 3.273804 0.305947 -0.58011 21.48679 11.830364 2.266131 8.162915 0.0 -0.0 18.399052 -3.798986 -4.940567 3e-06 0.0 -1e-06 -7.342239 4.365583 -13.457067 0.007547 -0.126318 12.535734 1.75818 0.264919 0.436995 1.595922 -2.033597 -3.120908 0.0 -0.0 2e-06 -7.225457 -7.678832 -13.195762 0.064804 0.032679 68.54113 1.104436 3.690799 12.624104 -1.396018 0.953359 -5.632607 0.0 -0.0 -1e-06 
0.0 0.0 0.0 0.0 -0.0 0.0 8.432846 99.685432 33.760101 3.59539 3.974898 -0.292998 -2.798494 -0.418131 2.486308 -0.933969 0.67186 -4.044246 -1.581607 -1.597264 9.072503 -0.820711 2.97247 -2.66221 -1.034919 -0.62492 -3.478513 -0.2345 -1.118003 -11.799638 7.7e-05 -2.2e-05 6e-06 0.03253 0.000341 0.038814 0.748682 -3.733914 -10.583676 -0.693219 3.73363 -10.564808 -14.987361 -4.53605 14.419113 -54.148079 -11.571981 22.330233 -0.29838 -32.880062 0.233983 4.248262 4.265667 -6.197672 -5.882102 9.861279 0.70259 -10.936861 -0.360574 7.156197 0.0 8.774815 -0.0 -16.142302 18.301559 5.973485 -1.844031 2.498503 -2.507276 -10.16359 4.678941 4.621104 -20.975996 -1e-06 1e-06 -21.226254 2.451698 -3.593995 0.0 -6e-06 -0.0 -1.362681 2.240797 -0.746323 -21.334892 0.58491 3.008319 -13.821196 -1e-06 1e-06 -23.887129 -0.249075 -0.839485 -60.250015 2.520894 -1.437436 -0.294025 1.679686 0.833255 -14.218195 0.093215 1.300579 -34.212002 -0.287561 0.967166 -20.033176 0.964536 1.212838 0.0 -0.0 0.0 -3.440387 0.788233 0.501655 -15.928172 -3.167306 2.999703 -6.338817 -0.0 1e-06 -18.123419 3.648181 -4.905662 -4e-06 0.0 -2e-06 12.633525 11.032415 16.618744 60.584045 11.663274 23.988829 0.782776 25.849806 0.173812 3.678635 -2.153278 0.376898 2.24354 -5.255033 -3.180156 14.282877 -0.826594 6.952496 -0.0 -12.690593 -1e-06 16.356647 -17.532448 2.218183 1.665665 -1.95592 -2.878297 4.727794 -4.170584 4.993919 11.020511 1e-06 -0.0 12.109032 -3.735715 -2.866778 0.0 -0.0 0.0 1.291985 -1.928548 -1.498088 14.800115 0.567467 3.865604 14.242553 -1.341738 -6.660648 19.631935 0.143921 -0.648243 49.978184 -0.519471 -6.584355 0.353029 -1.51115 -0.03194 20.222769 3.684305 2.316629 18.787249 1e-06 -1e-06 10.751608 -0.47987 1.397903 0.0 -0.0 0.0 3.273804 0.305947 -0.58011 21.48679 11.830364 2.266131 8.162915 0.0 -0.0 18.399052 -3.798986 -4.940567 3e-06 0.0 -1e-06 -7.030126 3.984178 -7.940624 -0.035595 -0.22705 8.541926 1.697425 -0.201944 -0.383775 1.606004 -1.97925 -2.964286 0.0 -0.0 2e-06 -5.810436 -8.351521 -17.118559 0.049425 -0.097949 67.167168 1.417297 3.995839 9.089639 -1.400796 0.95205 -5.958829 0.0 -0.0 -1e-06 
0.0 0.0 0.0 0.0 -0.0 0.0 9.014 99.867256 38.027946 3.457482 5.234866 -0.833834 -3.094651 -0.506411 2.827943 -0.925997 0.110106 -3.87687 -1.175274 -2.284863 9.006997 -0.450173 2.847178 -2.042691 -0.978205 -0.522031 -3.443089 -0.405729 -1.186478 -11.537697 7.7e-05 -2.2e-05 6e-06 0.033433 -0.000485 0.033435 0.73885 -3.739081 -10.595451 -0.679819 3.735627 -10.574507 -13.918972 -5.303836 14.411131 -54.055904 -12.933951 21.90597 -0.389565 -34.738907 0.242357 5.036841 4.212758 -6.12532 -5.882102 9.861279 0.70259 -10.936861 -0.360574 7.156197 0.0 8.774815 -0.0 -15.859855 18.281315 6.081282 -1.844031 2.498503 -2.507276 -10.16359 4.678941 4.621104 -20.975996 -1e-06 1e-06 -21.226254 2.451698 -3.593995 0.0 -6e-06 -0.0 -1.362681 2.240797 -0.746323 -21.334892 0.58491 3.008319 -13.821196 -1e-06 1e-06 -23.887129 -0.249075 -0.839485 -60.181759 2.642918 -1.429608 -0.294025 1.679686 0.833255 -14.218195 0.093215 1.300579 -34.212002 -0.287561 0.967166 -20.033176 0.964536 1.212838 0.0 -0.0 0.0 -3.440387 0.788233 0.501655 -15.928172 -3.167306 2.999703 -6.338817 -0.0 1e-06 -18.123419 3.648181 -4.905662 -4e-06 0.0 -2e-06 12.621076 9.910161 16.372145 60.81377 9.540652 22.719692 0.766881 27.462183 0.198456 3.264521 -1.150044 -1.019403 2.24354 -5.255033 -3.180156 14.282877 -0.826594 6.952496 -0.0 -12.690593 -1e-06 16.345516 -17.560234 2.235974 1.665665 -1.95592 -2.878297 4.727794 -4.170584 4.993919 11.020511 1e-06 -0.0 12.109032 -3.735715 -2.866778 0.0 -0.0 0.0 1.291985 -1.928548 -1.498088 14.800115 0.567467 3.865604 14.242553 -1.341738 -6.660648 19.631935 0.143921 -0.648243 49.792805 -0.481581 -6.609314 0.353029 -1.51115 -0.03194 20.222769 3.684305 2.316629 18.787249 1e-06 -1e-06 10.751608 -0.47987 1.397903 0.0 -0.0 0.0 3.273804 0.305947 -0.58011 21.48679 11.830364 2.266131 8.162915 0.0 -0.0 18.399052 -3.798986 -4.940567 3e-06 0.0 -1e-06 -6.827571 3.643961 -2.836511 -0.043906 -0.256955 5.180606 1.702826 -1.05597 -1.585581 1.624081 -1.89828 -2.736386 0.0 -0.0 2e-06 -4.68657 -9.23048 -20.487305 -0.026797 -0.21567 62.764439 2.030435 3.899504 6.560754 -1.411988 0.950144 -6.346836 0.0 -0.0 -1e-06 
0.0 0.0 0.0 0.0 -0.0 0.0 9.51278 99.672195 42.143517 3.679494 6.373547 -1.151668 -3.541521 -0.537309 3.112968 -0.986055 -0.368554 -3.742823 -0.976653 -2.846105 9.037001 0.062729 2.623315 -1.683097 -0.977869 -0.406521 -3.454422 -0.445083 -1.389516 -11.571588 7.7e-05 -2.2e-05 6e-06 0.035425 -0.008649 0.037368 0.729191 -3.747075 -10.590141 -0.66513 3.728097 -10.562219 -13.101974 -6.116945 14.384171 -53.470951 -14.244852 21.56707 -0.430898 -36.749817 0.240139 5.469238 4.014441 -6.380807 -5.882102 9.861279 0.70259 -10.936861 -0.360574 7.156197 0.0 8.774815 -0.0 -15.637899 18.284727 6.172453 -1.844031 2.498503 -2.507276 -10.16359 4.678941 4.621104 -20.975996 -1e-06 1e-06 -21.226254 2.451698 -3.593995 0.0 -6e-06 -0.0 -1.362681 2.240797 -0.746323 -21.334892 0.58491 3.008319 -13.821196 -1e-06 1e-06 -23.887129 -0.249075 -0.839485 -60.12561 2.743657 -1.376876 -0.294025 1.679686 0.833255 -14.218195 0.093215 1.300579 -34.212002 -0.287561 0.967166 -20.033176 0.964536 1.212838 0.0 -0.0 0.0 -3.440387 0.788233 0.501655 -15.928172 -3.167306 2.999703 -6.338817 -0.0 1e-06 -18.123419 3.648181 -4.905662 -4e-06 0.0 -2e-06 12.900292 8.735879 16.151236 60.662563 7.787691 21.686142 0.633471 29.18458 0.168553 2.607562 -0.293261 -2.414448 2.24354 -5.255033 -3.180156 14.282877 -0.826594 6.952496 -0.0 -12.690593 -1e-06 16.390867 -17.631659 2.242612 1.665665 -1.95592 -2.878297 4.727794 -4.170584 4.993919 11.020511 1e-06 -0.0 12.109032 -3.735715 -2.866778 0.0 -0.0 0.0 1.291985 -1.928548 -1.498088 14.800115 0.567467 3.865604 14.242553 -1.341738 -6.660648 19.631935 0.143921 -0.648243 49.717865 -0.528628 -6.652852 0.353029 -1.51115 -0.03194 20.222769 3.684305 2.316629 18.787249 1e-06 -1e-06 10.751608 -0.47987 1.397903 0.0 -0.0 0.0 3.273804 0.305947 -0.58011 21.48679 11.830364 2.266131 8.162915 0.0 -0.0 18.399052 -3.798986 -4.940567 3e-06 0.0 -1e-06 -6.95084 3.439003 1.177137 -0.028246 -0.231307 3.519929 1.876883 -1.861827 -3.535874 1.644158 -1.838598 -2.457521 0.0 -0.0 2e-06 -4.075796 -9.937159 -23.453867 -0.110411 -0.244628 56.016838 2.530927 3.157876 4.861998 -1.432337 0.9683 -6.465043 0.0 -0.0 -1e-06 
0.0 0.0 0.0 0.0 -0.0 0.0 9.952537 99.232697 46.094212 4.166058 7.131826 -1.249693 -4.046885 -0.53372 3.307459 -1.046115 -0.759563 -3.642535 -0.9983 -3.179662 9.143107 0.587928 2.405068 -1.561861 -1.059884 -0.370948 -3.482885 -0.403237 -1.531892 -11.899014 7.7e-05 -2.2e-05 6e-06 0.034492 -0.010507 0.04794 0.716289 -3.749079 -10.578669 -0.653794 3.728211 -10.5492 -12.456427 -6.800697 14.363401 -52.840652 -15.54375 20.91205 -0.471994 -38.329185 0.250339 5.885701 3.754414 -6.828262 -5.882102 9.861279 0.70259 -10.936861 -0.360574 7.156197 0.0 8.774815 -0.0 -15.452323 18.30867 6.280517 -1.844031 2.498503 -2.507276 -10.16359 4.678941 4.621104 -20.975996 -1e-06 1e-06 -21.226254 2.451698 -3.593995 0.0 -6e-06 -0.0 -1.362681 2.240797 -0.746323 -21.334892 0.58491 3.008319 -13.821196 -1e-06 1e-06 -23.887129 -0.249075 -0.839485 -60.06678 2.810698 -1.27739 -0.294025 1.679686 0.833255 -14.218195 0.093215 1.300579 -34.212002 -0.287561 0.967166 -20.033176 0.964536 1.212838 0.0 -0.0 0.0 -3.440387 0.788233 0.501655 -15.928172 -3.167306 2.999703 -6.338817 -0.0 1e-06 -18.123419 3.648181 -4.905662 -4e-06 0.0 -2e-06 13.148888 7.811679 16.022802 60.586796 6.631969 20.98616 0.417051 30.386143 0.089998 1.980865 0.108574 -3.174962 2.24354 -5.255033 -3.180156 14.282877 -0.826594 6.952496 -0.0 -12.690593 -1e-06 16.442032 -17.717558 2.229642 1.665665 -1.95592 -2.878297 4.727794 -4.170584 4.993919 11.020511 1e-06 -0.0 12.109032 -3.735715 -2.866778 0.0 -0.0 0.0 1.291985 -1.928548 -1.498088 14.800115 0.567467 3.865604 14.242553 -1.341738 -6.660648 19.631935 0.143921 -0.648243 49.724556 -0.574443 -6.690586 0.353029 -1.51115 -0.03194 20.222769 3.684305 2.316629 18.787249 1e-06 -1e-06 10.751608 -0.47987 1.397903 0.0 -0.0 0.0 3.273804 0.305947 -0.58011 21.48679 11.830364 2.266131 8.162915 0.0 -0.0 18.399052 -3.798986 -4.940567 3e-06 0.0 -1e-06 -7.322141 3.341329 4.492933 -0.014171 -0.190336 2.727016 2.207109 -2.299592 -5.754094 1.658499 -1.831016 -2.271881 0.0 -0.0 2e-06 -3.873419 -10.34231 -25.715567 -0.108814 -0.14402 47.18721 2.620021 1.812738 4.230729 -1.441558 0.990453 -6.52724 0.0 -0.0 -1e-06 
0.0 0.0 0.0 0.0 -0.0 0.0 10.348502 98.653862 50.056816 4.74404 7.50818 -1.164343 -4.505257 -0.545317 3.425441 -1.08247 -1.069487 -3.596117 -1.161342 -3.307079 9.254193 0.983361 2.207509 -1.580654 -1.132028 -0.368971 -3.485345 -0.354893 -1.576095 -12.363846 7.7e-05 -2.2e-05 6e-06 0.029216 0.00392 0.058545 0.704432 -3.73882 -10.573771 -0.652484 3.747743 -10.54826 -11.784158 -7.352509 14.370986 -52.558006 -16.803205 19.922634 -0.547795 -39.205067 0.292315 6.308202 3.528791 -7.183861 -5.882102 9.861279 0.70259 -10.936861 -0.360574 7.156197 0.0 8.774815 -0.0 -15.36014 18.334721 6.319852 -1.844031 2.498503 -2.507276 -10.16359 4.678941 4.621104 -20.975996 -1e-06 1e-06 -21.226254 2.451698 -3.593995 0.0 -6e-06 -0.0 -1.362681 2.240797 -0.746323 -21.334892 0.58491 3.008319 -13.821196 -1e-06 1e-06 -23.887129 -0.249075 -0.839485 -60.080696 2.825473 -1.224409 -0.294025 1.679686 0.833255 -14.218195 0.093215 1.300579 -34.212002 -0.287561 0.967166 -20.033176 0.964536 1.212838 0.0 -0.0 0.0 -3.440387 0.788233 0.501655 -15.928172 -3.167306 2.999703 -6.338817 -0.0 1e-06 -18.123419 3.648181 -4.905662 -4e-06 0.0 -2e-06 13.119999 7.170081 15.881605 60.828861 5.898254 20.622057 0.232699 31.037558 0.006057 1.602391 0.151547 -3.278587 2.24354 -5.255033 -3.180156 14.282877 -0.826594 6.952496 -0.0 -12.690593 -1e-06 16.455208 -17.757318 2.219064 1.665665 -1.95592 -2.878297 4.727794 -4.170584 4.993919 11.020511 1e-06 -0.0 12.109032 -3.735715 -2.866778 0.0 -0.0 0.0 1.291985 -1.928548 -1.498088 14.800115 0.567467 3.865604 14.242553 -1.341738 -6.660648 19.631935 0.143921 -0.648243 49.798988 -0.569796 -6.678915 0.353029 -1.51115 -0.03194 20.222769 3.684305 2.316629 18.787249 1e-06 -1e-06 10.751608 -0.47987 1.397903 0.0 -0.0 0.0 3.273804 0.305947 -0.58011 21.48679 11.830364 2.266131 8.162915 0.0 -0.0 18.399052 -3.798986 -4.940567 3e-06 0.0 -1e-06 -7.721274 3.267082 7.431305 -0.015045 -0.135938 2.23631 2.460446 -2.415258 -7.843865 1.668174 -1.878056 -2.232583 0.0 -0.0 2e-06 -3.839004 -10.534731 -27.056995 -0.030741 -0.01176 36.0979 2.43397 0.3517 5.116871 -1.450695 1.027747 -6.691054 0.0 -0.0 -1e-06 
0.0 0.0 0.0 0.0 -0.0 0.0 10.687606 97.960236 54.194473 5.384737 7.626048 -0.958854 -4.948784 -0.533942 3.517584 -1.125336 -1.222433 -3.617867 -1.351094 -3.41261 9.314581 1.186766 2.1004 -1.653816 -1.110486 -0.385999 -3.45378 -0.326816 -1.645172 -12.890358 7.7e-05 -2.2e-05 6e-06 0.02383 0.038371 0.070228 0.70347 -3.708266 -10.585831 -0.662071 3.786608 -10.568089 -11.010971 -7.803281 14.463434 -52.748798 -17.918875 18.934765 -0.478049 -39.562534 0.239688 6.564825 3.388212 -7.392301 -5.882102 9.861279 0.70259 -10.936861 -0.360574 7.156197 0.0 8.774815 -0.0 -15.359615 18.371162 6.307288 -1.844031 2.498503 -2.507276 -10.16359 4.678941 4.621104 -20.975996 -1e-06 1e-06 -21.226254 2.451698 -3.593995 0.0 -6e-06 -0.0 -1.362681 2.240797 -0.746323 -21.334892 0.58491 3.008319 -13.821196 -1e-06 1e-06 -23.887129 -0.249075 -0.839485 -60.222218 2.797691 -1.275883 -0.294025 1.679686 0.833255 -14.218195 0.093215 1.300579 -34.212002 -0.287561 0.967166 -20.033176 0.964536 1.212838 0.0 -0.0 0.0 -3.440387 0.788233 0.501655 -15.928172 -3.167306 2.999703 -6.338817 -0.0 1e-06 -18.123419 3.648181 -4.905662 -4e-06 0.0 -2e-06 12.846664 6.732206 15.790639 61.320503 5.450884 20.56638 0.057135 31.263857 -0.039334 1.572583 0.036574 -3.085626 2.24354 -5.255033 -3.180156 14.282877 -0.826594 6.952496 -0.0 -12.690593 -1e-06 16.478064 -17.79413 2.244421 1.665665 -1.95592 -2.878297 4.727794 -4.170584 4.993919 11.020511 1e-06 -0.0 12.109032 -3.735715 -2.866778 0.0 -0.0 0.0 1.291985 -1.928548 -1.498088 14.800115 0.567467 3.865604 14.242553 -1.341738 -6.660648 19.631935 0.143921 -0.648243 50.055458 -0.531967 -6.604732 0.353029 -1.51115 -0.03194 20.222769 3.684305 2.316629 18.787249 1e-06 -1e-06 10.751608 -0.47987 1.397903 0.0 -0.0 0.0 3.273804 0.305947 -0.58011 21.48679 11.830364 2.266131 8.162915 0.0 -0.0 18.399052 -3.798986 -4.940567 3e-06 0.0 -1e-06 -8.126416 3.330997 10.038248 -0.004097 -0.06437 2.406671 2.536124 -2.482011 -9.795829 1.674799 -1.951052 -2.513683 0.0 -0.0 2e-06 -3.859438 -10.725432 -27.288996 0.077191 0.023053 22.774343 2.520707 -0.359723 6.851315 -1.446555 1.077407 -6.647232 0.0 -0.0 -1e-06 
0.0 0.0 0.0 0.0 -0.0 0.0 10.945255 97.174576 58.701973 6.097325 7.591272 -0.628409 -5.407493 -0.475522 3.465591 -1.208089 -1.242379 -3.67018 -1.514303 -3.524553 9.347831 1.361131 2.040727 -1.802397 -1.092661 -0.470857 -3.399101 -0.359081 -1.870862 -13.436717 7.7e-05 -2.2e-05 6e-06 0.033049 0.0801 0.076068 0.72697 -3.672332 -10.604647 -0.667284 3.835603 -10.6008 -10.340197 -8.159527 14.51859 -53.136189 -18.604961 18.42128 -0.109075 -39.71159 0.143753 6.564835 3.268552 -7.818624 -5.882102 9.861279 0.70259 -10.936861 -0.360574 7.156197 0.0 8.774815 -0.0 -15.426838 18.384827 6.276414 -1.844031 2.498503 -2.507276 -10.16359 4.678941 4.621104 -20.975996 -1e-06 1e-06 -21.226254 2.451698 -3.593995 0.0 -6e-06 -0.0 -1.362681 2.240797 -0.746323 -21.334892 0.58491 3.008319 -13.821196 -1e-06 1e-06 -23.887129 -0.249075 -0.839485 -60.22699 2.764781 -1.593161 -0.294025 1.679686 0.833255 -14.218195 0.093215 1.300579 -34.212002 -0.287561 0.967166 -20.033176 0.964536 1.212838 0.0 -0.0 0.0 -3.440387 0.788233 0.501655 -15.928172 -3.167306 2.999703 -6.338817 -0.0 1e-06 -18.123419 3.648181 -4.905662 -4e-06 0.0 -2e-06 12.649381 6.399568 15.725148 61.693768 4.977529 20.759794 -0.08826 31.293571 -0.041518 1.802895 -0.257117 -2.554693 2.24354 -5.255033 -3.180156 14.282877 -0.826594 6.952496 -0.0 -12.690593 -1e-06 16.557446 -17.847654 2.274397 1.665665 -1.95592 -2.878297 4.727794 -4.170584 4.993919 11.020511 1e-06 -0.0 12.109032 -3.735715 -2.866778 0.0 -0.0 0.0 1.291985 -1.928548 -1.498088 14.800115 0.567467 3.865604 14.242553 -1.341738 -6.660648 19.631935 0.143921 -0.648243 50.316658 -0.540415 -6.499465 0.353029 -1.51115 -0.03194 20.222769 3.684305 2.316629 18.787249 1e-06 -1e-06 10.751608 -0.47987 1.397903 0.0 -0.0 0.0 3.273804 0.305947 -0.58011 21.48679 11.830364 2.266131 8.162915 0.0 -0.0 18.399052 -3.798986 -4.940567 3e-06 0.0 -1e-06 -8.416855 3.837331 12.896903 0.051345 0.045597 2.110446 2.523078 -3.074553 -11.019607 1.716375 -1.964657 -3.070646 0.0 -0.0 2e-06 -3.981167 -10.589808 -26.918173 0.204131 -0.012947 9.58606 3.641283 -0.579967 7.630622 -1.386751 1.127232 -6.392116 0.0 -0.0 -1e-06 
0.0 0.0 0.0 0.0 -0.0 0.0 11.071395 96.432289 63.350342 6.505407 7.436781 -0.198467 -5.664277 -0.344368 3.180007 -1.267222 -1.319185 -3.741169 -1.560687 -3.462405 9.420336 1.498691 2.026355 -2.018349 -1.029802 -0.605057 -3.370019 -0.43566 -1.890825 -13.654405 7.7e-05 -2.2e-05 6e-06 0.048032 0.103863 0.075649 0.735418 -3.642821 -10.597699 -0.644527 3.855928 -10.581609 -10.515243 -8.251891 14.402145 -52.820072 -18.77799 18.310801 0.103038 -39.837173 -0.051774 6.208188 3.171075 -8.257208 -5.882102 9.861279 0.70259 -10.936861 -0.360574 7.156197 0.0 8.774815 -0.0 -15.484034 18.358879 6.340734 -1.844031 2.498503 -2.507276 -10.16359 4.678941 4.621104 -20.975996 -1e-06 1e-06 -21.226254 2.451698 -3.593995 0.0 -6e-06 -0.0 -1.362681 2.240797 -0.746323 -21.334892 0.58491 3.008319 -13.821196 -1e-06 1e-06 -23.887129 -0.249075 -0.839485 -60.240623 2.692359 -1.527287 -0.294025 1.679686 0.833255 -14.218195 0.093215 1.300579 -34.212002 -0.287561 0.967166 -20.033176 0.964536 1.212838 0.0 -0.0 0.0 -3.440387 0.788233 0.501655 -15.928172 -3.167306 2.999703 -6.338817 -0.0 1e-06 -18.123419 3.648181 -4.905662 -4e-06 0.0 -2e-06 13.151774 6.154372 15.653761 61.447456 4.472261 20.889938 -0.240144 31.062269 -0.10106 2.099136 -0.5312 -1.604687 2.24354 -5.255033 -3.180156 14.282877 -0.826594 6.952496 -0.0 -12.690593 -1e-06 16.513618 -17.747259 2.259516 1.665665 -1.95592 -2.878297 4.727794 -4.170584 4.993919 11.020511 1e-06 -0.0 12.109032 -3.735715 -2.866778 0.0 -0.0 0.0 1.291985 -1.928548 -1.498088 14.800115 0.567467 3.865604 14.242553 -1.341738 -6.660648 19.631935 0.143921 -0.648243 50.236965 -0.508474 -6.536424 0.353029 -1.51115 -0.03194 20.222769 3.684305 2.316629 18.787249 1e-06 -1e-06 10.751608 -0.47987 1.397903 0.0 -0.0 0.0 3.273804 0.305947 -0.58011 21.48679 11.830364 2.266131 8.162915 0.0 -0.0 18.399052 -3.798986 -4.940567 3e-06 0.0 -1e-06 -8.119349 4.71034 14.962891 0.005649 0.040481 3.153469 2.301496 -3.999393 -11.797542 1.759068 -1.905006 -4.335662 0.0 -0.0 2e-06 -4.020097 -9.756626 -26.863897 0.22594 0.071566 0.239199 5.658318 -0.907732 6.486077 -1.314915 1.157655 -6.127405 0.0 -0.0 -1e-06 
0.0 0.0 0.0 0.0 -0.0 0.0 11.106726 95.902992 67.970528 6.443127 7.387673 0.179409 -5.561951 -0.289855 2.822903 -1.247628 -1.497166 -3.854287 -1.515921 -3.32301 9.58267 1.585936 1.932858 -2.294369 -1.033584 -0.4817 -3.338016 -0.574437 -1.918662 -13.980464 7.7e-05 -2.2e-05 6e-06 0.048998 0.084665 0.07578 0.727318 -3.664798 -10.603839 -0.632901 3.841571 -10.560736 -11.006868 -8.249897 14.336236 -52.474499 -18.542511 17.956394 -0.05056 -39.740665 -0.069915 5.9214 2.860368 -8.371754 -5.882102 9.861279 0.70259 -10.936861 -0.360574 7.156197 0.0 8.774815 -0.0 -15.562281 18.288349 6.337421 -1.844031 2.498503 -2.507276 -10.16359 4.678941 4.621104 -20.975996 -1e-06 1e-06 -21.226254 2.451698 -3.593995 0.0 -6e-06 -0.0 -1.362681 2.240797 -0.746323 -21.334892 0.58491 3.008319 -13.821196 -1e-06 1e-06 -23.887129 -0.249075 -0.839485 -60.351246 2.644763 -1.317637 -0.294025 1.679686 0.833255 -14.218195 0.093215 1.300579 -34.212002 -0.287561 0.967166 -20.033176 0.964536 1.212838 0.0 -0.0 0.0 -3.440387 0.788233 0.501655 -15.928172 -3.167306 2.999703 -6.338817 -0.0 1e-06 -18.123419 3.648181 -4.905662 -4e-06 0.0 -2e-06 13.892618 6.101298 15.771949 61.036232 4.261958 20.823587 -0.316098 30.376566 -0.15405 2.248411 -0.924404 -1.170185 2.24354 -5.255033 -3.180156 14.282877 -0.826594 6.952496 -0.0 -12.690593 -1e-06 16.490669 -17.566545 2.207118 1.665665 -1.95592 -2.878297 4.727794 -4.170584 4.993919 11.020511 1e-06 -0.0 12.109032 -3.735715 -2.866778 0.0 -0.0 0.0 1.291985 -1.928548 -1.498088 14.800115 0.567467 3.865604 14.242553 -1.341738 -6.660648 19.631935 0.143921 -0.648243 49.95261 -0.371956 -6.642095 0.353029 -1.51115 -0.03194 20.222769 3.684305 2.316629 18.787249 1e-06 -1e-06 10.751608 -0.47987 1.397903 0.0 -0.0 0.0 3.273804 0.305947 -0.58011 21.48679 11.830364 2.266131 8.162915 0.0 -0.0 18.399052 -3.798986 -4.940567 3e-06 0.0 -1e-06 -7.066281 5.499434 16.347479 -0.021094 -0.072307 5.71301 1.747446 -5.216887 -11.235218 1.81817 -1.889779 -7.058683 0.0 -0.0 2e-06 -3.547164 -9.165553 -27.532017 0.133926 0.188375 -2.334068 7.74704 -1.152754 4.503582 -1.290216 1.126299 -6.247949 0.0 -0.0 -1e-06 
0.0 0.0 0.0 0.0 -0.0 0.0 11.102153 95.631363 72.720818 5.389111 7.451859 0.680478 -4.738283 -0.20598 2.255788 -1.094734 -1.714069 -4.058601 -1.183884 -3.36305 9.635568 1.403219 1.993561 -2.460138 -1.072854 -0.521535 -3.336904 -0.687288 -2.020509 -14.112142 7.7e-05 -2.2e-05 6e-06 0.043156 0.083499 0.081954 0.7324 -3.660678 -10.554361 -0.648362 3.834706 -10.498859 -11.54526 -8.230473 14.492637 -52.557896 -17.871229 18.085518 -0.023257 -39.240547 -0.100984 5.76902 2.654337 -8.231183 -5.882102 9.861279 0.70259 -10.936861 -0.360574 7.156197 0.0 8.774815 -0.0 -15.633393 18.233175 6.304615 -1.844031 2.498503 -2.507276 -10.16359 4.678941 4.621104 -20.975996 -1e-06 1e-06 -21.226254 2.451698 -3.593995 0.0 -6e-06 -0.0 -1.362681 2.240797 -0.746323 -21.334892 0.58491 3.008319 -13.821196 -1e-06 1e-06 -23.887129 -0.249075 -0.839485 -60.427052 2.552914 -1.284939 -0.294025 1.679686 0.833255 -14.218195 0.093215 1.300579 -34.212002 -0.287561 0.967166 -20.033176 0.964536 1.212838 0.0 -0.0 0.0 -3.440387 0.788233 0.501655 -15.928172 -3.167306 2.999703 -6.338817 -0.0 1e-06 -18.123419 3.648181 -4.905662 -4e-06 0.0 -2e-06 14.326492 6.241702 15.817778 60.811306 4.134861 21.130339 -0.319535 29.337793 -0.101047 2.513828 -1.293786 -1.402462 2.24354 -5.255033 -3.180156 14.282877 -0.826594 6.952496 -0.0 -12.690593 -1e-06 16.455496 -17.503548 2.151974 1.665665 -1.95592 -2.878297 4.727794 -4.170584 4.993919 11.020511 1e-06 -0.0 12.109032 -3.735715 -2.866778 0.0 -0.0 0.0 1.291985 -1.928548 -1.498088 14.800115 0.567467 3.865604 14.242553 -1.341738 -6.660648 19.631935 0.143921 -0.648243 49.938225 -0.269723 -6.660286 0.353029 -1.51115 -0.03194 20.222769 3.684305 2.316629 18.787249 1e-06 -1e-06 10.751608 -0.47987 1.397903 0.0 -0.0 0.0 3.273804 0.305947 -0.58011 21.48679 11.830364 2.266131 8.162915 0.0 -0.0 18.399052 -3.798986 -4.940567 3e-06 0.0 -1e-06 -4.684942 6.51121 16.561596 0.050036 -0.359117 10.130576 1.289098 -6.878355 -9.130313 1.899167 -1.887525 -11.942217 0.0 -0.0 2e-06 -2.274855 -8.544396 -27.27704 0.16992 0.202375 -0.660254 7.573756 -0.535019 6.058242 -1.289944 1.198355 -6.983058 0.0 -0.0 -1e-06 
0.0 0.0 0.0 0.0 -0.0 0.0 11.028438 95.749435 77.695312 2.887563 7.321377 1.523817 -2.857012 -0.211979 1.322436 -0.864717 -1.597276 -4.440025 -0.427134 -3.612499 9.530336 1.020176 2.27672 -2.684284 -1.151543 -0.734272 -3.413195 -0.929991 -1.964564 -13.265442 7.7e-05 -2.2e-05 6e-06 0.028855 0.041166 0.048491 0.72194 -3.697067 -10.53187 -0.662764 3.78592 -10.49476 -13.018949 -7.892164 14.223225 -52.124031 -16.359091 19.0271 0.040504 -38.244339 -0.213925 5.276452 2.63676 -7.809243 -5.882102 9.861279 0.70259 -10.936861 -0.360574 7.156197 0.0 8.774815 -0.0 -15.658051 18.199516 6.273557 -1.844031 2.498503 -2.507276 -10.16359 4.678941 4.621104 -20.975996 -1e-06 1e-06 -21.226254 2.451698 -3.593995 0.0 -6e-06 -0.0 -1.362681 2.240797 -0.746323 -21.334892 0.58491 3.008319 -13.821196 -1e-06 1e-06 -23.887129 -0.249075 -0.839485 -60.333534 2.419089 -1.304017 -0.294025 1.679686 0.833255 -14.218195 0.093215 1.300579 -34.212002 -0.287561 0.967166 -20.033176 0.964536 1.212838 0.0 -0.0 0.0 -3.440387 0.788233 0.501655 -15.928172 -3.167306 2.999703 -6.338817 -0.0 1e-06 -18.123419 3.648181 -4.905662 -4e-06 0.0 -2e-06 15.259516 6.498031 15.646222 59.933872 3.885218 21.26753 -0.098069 28.150244 0.083222 3.04011 -1.936738 -1.556726 2.24354 -5.255033 -3.180156 14.282877 -0.826594 6.952496 -0.0 -12.690593 -1e-06 16.200598 -17.466957 2.191691 1.665665 -1.95592 -2.878297 4.727794 -4.170584 4.993919 11.020511 1e-06 -0.0 12.109032 -3.735715 -2.866778 0.0 -0.0 0.0 1.291985 -1.928548 -1.498088 14.800115 0.567467 3.865604 14.242553 -1.341738 -6.660648 19.631935 0.143921 -0.648243 49.921936 -0.253128 -6.659544 0.353029 -1.51115 -0.03194 20.222769 3.684305 2.316629 18.787249 1e-06 -1e-06 10.751608 -0.47987 1.397903 0.0 -0.0 0.0 3.273804 0.305947 -0.58011 21.48679 11.830364 2.266131 8.162915 0.0 -0.0 18.399052 -3.798986 -4.940567 3e-06 0.0 -1e-06 -0.303322 8.449148 14.938476 0.08584 -0.614532 16.687523 0.950364 -9.512508 -5.602352 2.026368 -1.744163 -19.524485 0.0 -0.0 2e-06 0.31761 -6.601346 -27.798704 0.108384 0.115952 3.229949 5.786502 0.184509 11.125332 -1.318577 1.228298 -7.153001 0.0 -0.0 -1e-06 
0.0 0.0 0.0 0.0 -0.0 0.0 10.899514 96.05098 82.88134 0.62531 6.894914 1.958809 -1.368991 -0.186769 0.727011 -0.560035 -1.683378 -4.652657 0.476351 -3.6407 9.211328 0.636043 2.419819 -2.737479 -1.203604 -0.452133 -3.508845 -1.105596 -1.670687 -12.755737 7.7e-05 -2.2e-05 6e-06 0.021134 0.003488 0.023469 0.746364 -3.744392 -10.59279 -0.701426 3.75773 -10.564138 -13.730406 -7.511378 14.070825 -52.890461 -14.673541 20.309923 0.131403 -36.30677 -0.298636 4.696827 2.859248 -7.017594 -5.882102 9.861279 0.70259 -10.936861 -0.360574 7.156197 0.0 8.774815 -0.0 -15.888926 18.048443 6.075982 -1.844031 2.498503 -2.507276 -10.16359 4.678941 4.621104 -20.975996 -1e-06 1e-06 -21.226254 2.451698 -3.593995 0.0 -6e-06 -0.0 -1.362681 2.240797 -0.746323 -21.334892 0.58491 3.008319 -13.821196 -1e-06 1e-06 -23.887129 -0.249075 -0.839485 -60.273499 2.278182 -1.272021 -0.294025 1.679686 0.833255 -14.218195 0.093215 1.300579 -34.212002 -0.287561 0.967166 -20.033176 0.964536 1.212838 0.0 -0.0 0.0 -3.440387 0.788233 0.501655 -15.928172 -3.167306 2.999703 -6.338817 -0.0 1e-06 -18.123419 3.648181 -4.905662 -4e-06 0.0 -2e-06 15.343117 7.05754 15.565817 59.785622 4.178217 21.613194 0.115814 26.758862 0.124414 3.453414 -2.488326 -1.888695 2.24354 -5.255033 -3.180156 14.282877 -0.826594 6.952496 -0.0 -12.690593 -1e-06 16.078028 -17.477654 2.193424 1.665665 -1.95592 -2.878297 4.727794 -4.170584 4.993919 11.020511 1e-06 -0.0 12.109032 -3.735715 -2.866778 0.0 -0.0 0.0 1.291985 -1.928548 -1.498088 14.800115 0.567467 3.865604 14.242553 -1.341738 -6.660648 19.631935 0.143921 -0.648243 49.724911 -0.284001 -6.659091 0.353029 -1.51115 -0.03194 20.222769 3.684305 2.316629 18.787249 1e-06 -1e-06 10.751608 -0.47987 1.397903 0.0 -0.0 0.0 3.273804 0.305947 -0.58011 21.48679 11.830364 2.266131 8.162915 0.0 -0.0 18.399052 -3.798986 -4.940567 3e-06 0.0 -1e-06 3.613002 9.890849 12.137277 -0.010533 -0.735721 25.545193 0.397623 -10.856404 1.267176 2.179348 -1.582376 -28.142082 0.0 -0.0 2e-06 2.68981 -4.846373 -28.086742 0.047805 -0.036605 7.785576 4.005235 0.604642 14.315599 -1.336512 1.180518 -5.811586 0.0 -0.0 -1e-06 
0.0 0.0 0.0 0.0 -0.0 0.0 10.767243 96.620224 88.04216 -0.924888 6.223475 1.60105 -0.3696 -0.088183 0.77713 -0.339957 -1.676843 -4.649433 1.060722 -3.551805 8.93693 0.512381 2.514747 -2.497498 -1.079285 -0.367808 -3.458774 -1.07057 -1.544477 -12.79147 7.7e-05 -2.2e-05 6e-06 0.040518 0.080268 0.017064 0.776325 -3.652209 -10.575091 -0.693922 3.817606 -10.55088 -13.307689 -7.1736 14.328898 -54.891594 -13.496766 21.647129 0.383248 -33.672138 -0.323061 3.968691 3.282944 -6.983188 -5.882102 9.861279 0.70259 -10.936861 -0.360574 7.156197 0.0 8.774815 -0.0 -15.991618 18.074678 5.99146 -1.844031 2.498503 -2.507276 -10.16359 4.678941 4.621104 -20.975996 -1e-06 1e-06 -21.226254 2.451698 -3.593995 0.0 -6e-06 -0.0 -1.362681 2.240797 -0.746323 -21.334892 0.58491 3.008319 -13.821196 -1e-06 1e-06 -23.887129 -0.249075 -0.839485 -60.156059 2.265457 -1.287222 -0.294025 1.679686 0.833255 -14.218195 0.093215 1.300579 -34.212002 -0.287561 0.967166 -20.033176 0.964536 1.212838 0.0 -0.0 0.0 -3.440387 0.788233 0.501655 -15.928172 -3.167306 2.999703 -6.338817 -0.0 1e-06 -18.123419 3.648181 -4.905662 -4e-06 0.0 -2e-06 14.610472 7.758721 15.755496 60.44936 5.019909 21.560125 0.28701 26.143993 0.259747 3.573176 -2.939625 -2.854789 2.24354 -5.255033 -3.180156 14.282877 -0.826594 6.952496 -0.0 -12.690593 -1e-06 16.183853 -17.592054 2.193495 1.665665 -1.95592 -2.878297 4.727794 -4.170584 4.993919 11.020511 1e-06 -0.0 12.109032 -3.735715 -2.866778 0.0 -0.0 0.0 1.291985 -1.928548 -1.498088 14.800115 0.567467 3.865604 14.242553 -1.341738 -6.660648 19.631935 0.143921 -0.648243 49.575214 -0.385533 -6.672031 0.353029 -1.51115 -0.03194 20.222769 3.684305 2.316629 18.787249 1e-06 -1e-06 10.751608 -0.47987 1.397903 0.0 -0.0 0.0 3.273804 0.305947 -0.58011 21.48679 11.830364 2.266131 8.162915 0.0 -0.0 18.399052 -3.798986 -4.940567 3e-06 0.0 -1e-06 6.549144 10.841572 8.097881 -0.141271 -0.769111 36.822094 -1.446165 -11.288914 12.4189 2.258532 -1.402656 -31.742683 0.0 -0.0 2e-06 4.43688 -4.092285 -26.957809 0.103917 -0.212402 12.084247 2.047977 1.980337 13.218009 -1.350521 1.155311 -4.110188 0.0 -0.0 -1e-06 
0.0 0.0 0.0 0.0 -0.0 0.0 10.591604 97.215363 92.930672 -2.097377 6.030224 0.956967 0.321552 0.005229 1.097105 -0.267852 -1.508981 -4.499943 1.513184 -3.609305 8.78527 0.728816 2.276613 -2.286264 -0.876714 -0.269047 -3.437035 -1.079761 -1.166183 -12.832146 7.7e-05 -2.2e-05 6e-06 0.051397 0.13222 0.013355 0.780975 -3.604653 -10.560436 -0.677647 3.869873 -10.523614 -13.215519 -6.887164 14.50729 -56.136986 -12.555551 22.848803 0.287405 -31.384907 -0.237119 3.186043 3.808803 -5.994589 -5.882102 9.861279 0.70259 -10.936861 -0.360574 7.156197 0.0 8.774815 -0.0 -16.106451 17.907438 5.981443 -1.844031 2.498503 -2.507276 -10.16359 4.678941 4.621104 -20.975996 -1e-06 1e-06 -21.226254 2.451698 -3.593995 0.0 -6e-06 -0.0 -1.362681 2.240797 -0.746323 -21.334892 0.58491 3.008319 -13.821196 -1e-06 1e-06 -23.887129 -0.249075 -0.839485 -60.204315 2.27667 -1.209608 -0.294025 1.679686 0.833255 -14.218195 0.093215 1.300579 -34.212002 -0.287561 0.967166 -20.033176 0.964536 1.212838 0.0 -0.0 0.0 -3.440387 0.788233 0.501655 -15.928172 -3.167306 2.999703 -6.338817 -0.0 1e-06 -18.123419 3.648181 -4.905662 -4e-06 0.0 -2e-06 14.271463 8.096331 15.57309 60.495922 5.748631 21.585838 0.329009 26.693747 0.309778 3.518185 -2.709098 -3.863832 2.24354 -5.255033 -3.180156 14.282877 -0.826594 6.952496 -0.0 -12.690593 -1e-06 16.26018 -17.526375 2.21789 1.665665 -1.95592 -2.878297 4.727794 -4.170584 4.993919 11.020511 1e-06 -0.0 12.109032 -3.735715 -2.866778 0.0 -0.0 0.0 1.291985 -1.928548 -1.498088 14.800115 0.567467 3.865604 14.242553 -1.341738 -6.660648 19.631935 0.143921 -0.648243 49.66412 -0.429675 -6.555804 0.353029 -1.51115 -0.03194 20.222769 3.684305 2.316629 18.787249 1e-06 -1e-06 10.751608 -0.47987 1.397903 0.0 -0.0 0.0 3.273804 0.305947 -0.58011 21.48679 11.830364 2.266131 8.162915 0.0 -0.0 18.399052 -3.798986 -4.940567 3e-06 0.0 -1e-06 8.653363 10.538367 2.730208 -0.108651 -0.610609 48.742115 -4.733677 -9.589983 22.342482 1.943841 -1.564143 -17.882891 0.0 -0.0 2e-06 5.929241 -4.024765 -24.819492 0.088831 -0.135714 15.639817 0.280915 2.503089 7.95187 -1.395743 1.102033 -3.26617 0.0 -0.0 -1e-06 
0.0 0.0 0.0 0.0 -0.0 0.0 10.554877 97.948372 97.537476 -2.69248 6.036554 0.424628 0.714148 0.12948 1.327986 -0.258753 -1.267856 -4.395522 1.597718 -3.535582 8.870672 1.080648 1.958161 -2.148303 -0.790686 -0.296403 -3.465569 -0.962944 -1.055299 -12.777748 7.7e-05 -2.2e-05 6e-06 0.039419 0.088262 0.002738 0.754344 -3.647727 -10.553326 -0.675177 3.824059 -10.504791 -13.808833 -6.412694 14.852058 -56.399273 -11.972484 23.628153 0.228838 -29.766129 -0.104228 2.495184 4.518213 -4.771502 -5.882102 9.861279 0.70259 -10.936861 -0.360574 7.156197 0.0 8.774815 -0.0 -16.358696 17.842091 5.951353 -1.844031 2.498503 -2.507276 -10.16359 4.678941 4.621104 -20.975996 -1e-06 1e-06 -21.226254 2.451698 -3.593995 0.0 -6e-06 -0.0 -1.362681 2.240797 -0.746323 -21.334892 0.58491 3.008319 -13.821196 -1e-06 1e-06 -23.887129 -0.249075 -0.839485 -60.391537 2.433979 -1.169832 -0.294025 1.679686 0.833255 -14.218195 0.093215 1.300579 -34.212002 -0.287561 0.967166 -20.033176 0.964536 1.212838 0.0 -0.0 0.0 -3.440387 0.788233 0.501655 -15.928172 -3.167306 2.999703 -6.338817 -0.0 1e-06 -18.123419 3.648181 -4.905662 -4e-06 0.0 -2e-06 14.546958 8.199591 15.462458 59.652702 6.731684 21.631678 0.318975 27.987183 0.25575 2.900655 -2.314632 -4.668602 2.24354 -5.255033 -3.180156 14.282877 -0.826594 6.952496 -0.0 -12.690593 -1e-06 16.291695 -17.490515 2.304143 1.665665 -1.95592 -2.878297 4.727794 -4.170584 4.993919 11.020511 1e-06 -0.0 12.109032 -3.735715 -2.866778 0.0 -0.0 0.0 1.291985 -1.928548 -1.498088 14.800115 0.567467 3.865604 14.242553 -1.341738 -6.660648 19.631935 0.143921 -0.648243 49.835281 -0.429966 -6.453755 0.353029 -1.51115 -0.03194 20.222769 3.684305 2.316629 18.787249 1e-06 -1e-06 10.751608 -0.47987 1.397903 0.0 -0.0 0.0 3.273804 0.305947 -0.58011 21.48679 11.830364 2.266131 8.162915 0.0 -0.0 18.399052 -3.798986 -4.940567 3e-06 0.0 -1e-06 9.141582 9.974573 -2.842353 -0.066159 -0.520936 58.420113 -3.555878 -5.164234 23.906513 1.840122 -1.81701 -7.181201 0.0 -0.0 2e-06 6.703911 -4.154525 -21.316769 -0.018078 -0.094333 16.008907 -0.903324 2.676919 4.464351 -1.415096 1.066417 -2.878328 0.0 -0.0 -1e-06 
0.0 0.0 0.0 0.0 -0.0 0.0 10.670348 98.873871 102.007469 -2.460343 5.754389 0.000121 0.790981 0.300162 1.462675 -0.34623 -0.930362 -4.317412 1.15269 -3.145951 8.953502 1.529713 1.804364 -1.7498 -0.847161 -0.456764 -3.448815 -0.888533 -1.139094 -12.547807 7.7e-05 -2.2e-05 6e-06 0.020113 0.020017 0.009631 0.714773 -3.716304 -10.55079 -0.674302 3.756612 -10.505218 -14.150654 -5.729886 15.096219 -56.781792 -11.013726 23.31753 0.075815 -29.457243 0.075657 2.417427 4.959417 -4.255988 -5.882102 9.861279 0.70259 -10.936861 -0.360574 7.156197 0.0 8.774815 -0.0 -16.504448 17.86857 5.85868 -1.844031 2.498503 -2.507276 -10.16359 4.678941 4.621104 -20.975996 -1e-06 1e-06 -21.226254 2.451698 -3.593995 0.0 -6e-06 -0.0 -1.362681 2.240797 -0.746323 -21.334892 0.58491 3.008319 -13.821196 -1e-06 1e-06 -23.887129 -0.249075 -0.839485 -60.373219 2.566954 -1.265584 -0.294025 1.679686 0.833255 -14.218195 0.093215 1.300579 -34.212002 -0.287561 0.967166 -20.033176 0.964536 1.212838 0.0 -0.0 0.0 -3.440387 0.788233 0.501655 -15.928172 -3.167306 2.999703 -6.338817 -0.0 1e-06 -18.123419 3.648181 -4.905662 -4e-06 0.0 -2e-06 14.722808 8.380624 15.508177 58.900562 8.116498 21.600948 0.312992 29.141193 0.243675 1.875373 -1.872567 -5.062184 2.24354 -5.255033 -3.180156 14.282877 -0.826594 6.952496 -0.0 -12.690593 -1e-06 16.332611 -17.536278 2.381197 1.665665 -1.95592 -2.878297 4.727794 -4.170584 4.993919 11.020511 1e-06 -0.0 12.109032 -3.735715 -2.866778 0.0 -0.0 0.0 1.291985 -1.928548 -1.498088 14.800115 0.567467 3.865604 14.242553 -1.341738 -6.660648 19.631935 0.143921 -0.648243 49.898369 -0.499976 -6.508714 0.353029 -1.51115 -0.03194 20.222769 3.684305 2.316629 18.787249 1e-06 -1e-06 10.751608 -0.47987 1.397903 0.0 -0.0 0.0 3.273804 0.305947 -0.58011 21.48679 11.830364 2.266131 8.162915 0.0 -0.0 18.399052 -3.798986 -4.940567 3e-06 0.0 -1e-06 8.131269 10.029649 -8.024076 -0.121913 -0.320337 64.290367 -0.055671 -1.326681 19.151968 1.855068 -1.86017 -5.993931 0.0 -0.0 2e-06 6.427494 -4.048038 -16.636158 -0.043691 -0.092153 13.770877 -1.352348 2.883104 2.474378 -1.417579 1.101832 -2.689423 0.0 -0.0 -1e-06 
0.0 0.0 0.0 0.0 -0.0 0.0 10.864985 99.667488 106.512573 -1.905205 5.083157 -0.414031 0.806686 0.525952 1.653882 -0.452252 -0.473398 -4.223398 0.478626 -2.575986 8.844687 1.790274 1.807446 -1.049148 -0.904829 -0.614492 -3.454269 -0.846593 -1.373651 -12.186792 7.7e-05 -2.2e-05 6e-06 0.010913 -0.018989 0.028531 0.687267 -3.755967 -10.558793 -0.666047 3.718289 -10.524587 -13.886661 -4.889052 15.079219 -57.548122 -9.411455 22.643745 -0.117299 -30.727257 0.211825 2.651829 4.776234 -4.64777 -5.882102 9.861279 0.70259 -10.936861 -0.360574 7.156197 0.0 8.774815 -0.0 -16.450754 17.970289 5.795109 -1.844031 2.498503 -2.507276 -10.16359 4.678941 4.621104 -20.975996 -1e-06 1e-06 -21.226254 2.451698 -3.593995 0.0 -6e-06 -0.0 -1.362681 2.240797 -0.746323 -21.334892 0.58491 3.008319 -13.821196 -1e-06 1e-06 -23.887129 -0.249075 -0.839485 -60.265965 2.623889 -1.45052 -0.294025 1.679686 0.833255 -14.218195 0.093215 1.300579 -34.212002 -0.287561 0.967166 -20.033176 0.964536 1.212838 0.0 -0.0 0.0 -3.440387 0.788233 0.501655 -15.928172 -3.167306 2.999703 -6.338817 -0.0 1e-06 -18.123419 3.648181 -4.905662 -4e-06 0.0 -2e-06 14.21462 8.82851 15.462782 58.702637 9.481201 21.679178 0.404706 30.344629 0.288725 0.945635 -1.381802 -5.612123 2.24354 -5.255033 -3.180156 14.282877 -0.826594 6.952496 -0.0 -12.690593 -1e-06 16.299032 -17.579573 2.414675 1.665665 -1.95592 -2.878297 4.727794 -4.170584 4.993919 11.020511 1e-06 -0.0 12.109032 -3.735715 -2.866778 0.0 -0.0 0.0 1.291985 -1.928548 -1.498088 14.800115 0.567467 3.865604 14.242553 -1.341738 -6.660648 19.631935 0.143921 -0.648243 49.799461 -0.578296 -6.611413 0.353029 -1.51115 -0.03194 20.222769 3.684305 2.316629 18.787249 1e-06 -1e-06 10.751608 -0.47987 1.397903 0.0 -0.0 0.0 3.273804 0.305947 -0.58011 21.48679 11.830364 2.266131 8.162915 0.0 -0.0 18.399052 -3.798986 -4.940567 3e-06 0.0 -1e-06 6.47256 10.601582 -12.515045 -0.131211 -0.132485 66.038788 2.358936 1.311199 14.794016 1.868637 -1.869112 -6.093504 0.0 -0.0 2e-06 5.723592 -3.55235 -11.50004 -0.001915 -0.123376 10.629501 -1.407403 3.223681 1.020601 -1.414318 1.116153 -2.543758 0.0 -0.0 -1e-06 
0.0 0.0 0.0 0.0 -0.0 0.0 11.047409 100.088051 110.962883 -1.521248 4.163707 -0.837679 0.967437 0.736746 1.906257 -0.491517 0.102978 -4.092718 -0.140454 -1.965074 8.649477 1.71491 1.95127 -0.350037 -0.937068 -0.855623 -3.479752 -0.76771 -1.588823 -11.834476 7.7e-05 -2.2e-05 6e-06 0.007515 -0.049473 0.047118 0.670167 -3.787737 -10.558398 -0.657283 3.689116 -10.536583 -13.54502 -3.955891 14.973726 -58.14183 -7.666387 22.453676 -0.19786 -32.778477 0.247001 2.880339 4.321785 -5.462532 -5.882102 9.861279 0.70259 -10.936861 -0.360574 7.156197 0.0 8.774815 -0.0 -16.334379 18.071165 5.80095 -1.844031 2.498503 -2.507276 -10.16359 4.678941 4.621104 -20.975996 -1e-06 1e-06 -21.226254 2.451698 -3.593995 0.0 -6e-06 -0.0 -1.362681 2.240797 -0.746323 -21.334892 0.58491 3.008319 -13.821196 -1e-06 1e-06 -23.887129 -0.249075 -0.839485 -60.248451 2.646137 -1.596302 -0.294025 1.679686 0.833255 -14.218195 0.093215 1.300579 -34.212002 -0.287561 0.967166 -20.033176 0.964536 1.212838 0.0 -0.0 0.0 -3.440387 0.788233 0.501655 -15.928172 -3.167306 2.999703 -6.338817 -0.0 1e-06 -18.123419 3.648181 -4.905662 -4e-06 0.0 -2e-06 13.294946 9.506957 15.383091 58.492313 10.833207 22.223829 0.444537 31.982071 0.321072 0.304215 -0.799947 -6.542747 2.24354 -5.255033 -3.180156 14.282877 -0.826594 6.952496 -0.0 -12.690593 -1e-06 16.237747 -17.596411 2.446767 1.665665 -1.95592 -2.878297 4.727794 -4.170584 4.993919 11.020511 1e-06 -0.0 12.109032 -3.735715 -2.866778 0.0 -0.0 0.0 1.291985 -1.928548 -1.498088 14.800115 0.567467 3.865604 14.242553 -1.341738 -6.660648 19.631935 0.143921 -0.648243 49.623768 -0.65265 -6.65788 0.353029 -1.51115 -0.03194 20.222769 3.684305 2.316629 18.787249 1e-06 -1e-06 10.751608 -0.47987 1.397903 0.0 -0.0 0.0 3.273804 0.305947 -0.58011 21.48679 11.830364 2.266131 8.162915 0.0 -0.0 18.399052 -3.798986 -4.940567 3e-06 0.0 -1e-06 4.931247 11.436454 -16.462839 -0.084858 0.038734 64.454201 3.10434 2.438076 11.459292 1.866717 -1.883652 -6.434958 0.0 -0.0 2e-06 5.240712 -2.771091 -6.573367 0.038143 -0.154717 7.750828 -1.397049 3.466891 -0.550939 -1.415302 1.084024 -2.529621 0.0 -0.0 -1e-06 
0.0 0.0 0.0 0.0 -0.0 0.0 11.234081 100.106857 115.305305 -1.501545 3.221035 -1.177459 1.339543 0.864219 2.127417 -0.457981 0.674817 -3.969069 -0.557806 -1.416366 8.524553 1.322541 2.178312 0.046264 -0.944173 -0.996908 -3.506986 -0.712952 -1.765326 -11.561833 7.7e-05 -2.2e-05 6e-06 0.001046 -0.093362 0.065092 0.658979 -3.829618 -10.535995 -0.660884 3.643896 -10.526186 -13.71078 -3.062315 14.919058 -58.129009 -6.358764 22.503307 -0.236657 -34.33152 0.239947 3.144159 4.050498 -5.993597 -5.882102 9.861279 0.70259 -10.936861 -0.360574 7.156197 0.0 8.774815 -0.0 -16.258055 18.128956 5.86171 -1.844031 2.498503 -2.507276 -10.16359 4.678941 4.621104 -20.975996 -1e-06 1e-06 -21.226254 2.451698 -3.593995 0.0 -6e-06 -0.0 -1.362681 2.240797 -0.746323 -21.334892 0.58491 3.008319 -13.821196 -1e-06 1e-06 -23.887129 -0.249075 -0.839485 -60.272274 2.654883 -1.558965 -0.294025 1.679686 0.833255 -14.218195 0.093215 1.300579 -34.212002 -0.287561 0.967166 -20.033176 0.964536 1.212838 0.0 -0.0 0.0 -3.440387 0.788233 0.501655 -15.928172 -3.167306 2.999703 -6.338817 -0.0 1e-06 -18.123419 3.648181 -4.905662 -4e-06 0.0 -2e-06 12.526697 10.240695 15.337742 57.697041 12.176005 22.758457 0.460038 34.162785 0.333468 -0.177286 -0.198837 -7.447418 2.24354 -5.255033 -3.180156 14.282877 -0.826594 6.952496 -0.0 -12.690593 -1e-06 16.173603 -17.623617 2.495939 1.665665 -1.95592 -2.878297 4.727794 -4.170584 4.993919 11.020511 1e-06 -0.0 12.109032 -3.735715 -2.866778 0.0 -0.0 0.0 1.291985 -1.928548 -1.498088 14.800115 0.567467 3.865604 14.242553 -1.341738 -6.660648 19.631935 0.143921 -0.648243 49.545895 -0.706213 -6.603334 0.353029 -1.51115 -0.03194 20.222769 3.684305 2.316629 18.787249 1e-06 -1e-06 10.751608 -0.47987 1.397903 0.0 -0.0 0.0 3.273804 0.305947 -0.58011 21.48679 11.830364 2.266131 8.162915 0.0 -0.0 18.399052 -3.798986 -4.940567 3e-06 0.0 -1e-06 3.827871 12.129503 -19.875425 0.01822 0.237738 60.022789 2.561485 2.411669 8.650208 1.854083 -1.9017 -6.811474 0.0 -0.0 2e-06 5.185823 -1.928767 -2.298932 0.049088 -0.161613 5.831867 -1.470968 3.511989 -2.580576 -1.425174 1.036962 -2.584629 0.0 -0.0 -1e-06 
0.0 0.0 0.0 0.0 -0.0 0.0 11.456689 99.831207 119.547844 -1.767813 2.386841 -1.390949 1.806894 0.88116 2.270207 -0.3803 1.161596 -3.889507 -0.765776 -0.963703 8.540909 0.787181 2.397261 0.105361 -0.922824 -0.967129 -3.539658 -0.748325 -1.867689 -11.420055 7.7e-05 -2.2e-05 6e-06 -0.001011 -0.111122 0.074536 0.651389 -3.843055 -10.510079 -0.659283 3.622083 -10.515543 -14.320877 -2.272992 14.928818 -57.779282 -5.582708 22.538666 -0.20214 -34.888844 0.22187 3.329822 4.086913 -6.365706 -5.882102 9.861279 0.70259 -10.936861 -0.360574 7.156197 0.0 8.774815 -0.0 -16.243462 18.152918 5.922254 -1.844031 2.498503 -2.507276 -10.16359 4.678941 4.621104 -20.975996 -1e-06 1e-06 -21.226254 2.451698 -3.593995 0.0 -6e-06 -0.0 -1.362681 2.240797 -0.746323 -21.334892 0.58491 3.008319 -13.821196 -1e-06 1e-06 -23.887129 -0.249075 -0.839485 -60.321609 2.607303 -1.393989 -0.294025 1.679686 0.833255 -14.218195 0.093215 1.300579 -34.212002 -0.287561 0.967166 -20.033176 0.964536 1.212838 0.0 -0.0 0.0 -3.440387 0.788233 0.501655 -15.928172 -3.167306 2.999703 -6.338817 -0.0 1e-06 -18.123419 3.648181 -4.905662 -4e-06 0.0 -2e-06 12.07362 10.92146 15.351818 56.423439 13.604299 22.885595 0.411921 36.487404 0.310714 -0.652364 0.356354 -8.19944 2.24354 -5.255033 -3.180156 14.282877 -0.826594 6.952496 -0.0 -12.690593 -1e-06 16.098457 -17.650791 2.53317 1.665665 -1.95592 -2.878297 4.727794 -4.170584 4.993919 11.020511 1e-06 -0.0 12.109032 -3.735715 -2.866778 0.0 -0.0 0.0 1.291985 -1.928548 -1.498088 14.800115 0.567467 3.865604 14.242553 -1.341738 -6.660648 19.631935 0.143921 -0.648243 49.514397 -0.726146 -6.501057 0.353029 -1.51115 -0.03194 20.222769 3.684305 2.316629 18.787249 1e-06 -1e-06 10.751608 -0.47987 1.397903 0.0 -0.0 0.0 3.273804 0.305947 -0.58011 21.48679 11.830364 2.266131 8.162915 0.0 -0.0 18.399052 -3.798986 -4.940567 3e-06 0.0 -1e-06 3.117253 12.31382 -22.659216 0.148997 0.401927 52.868633 1.550678 2.149414 6.736352 1.840621 -1.924346 -7.101275 0.0 -0.0 2e-06 5.457241 -1.118016 1.244678 0.032956 -0.116031 4.666331 -1.710652 3.359284 -4.778944 -1.433561 1.00276 -2.527017 0.0 -0.0 -1e-06 
0.0 0.0 0.0 0.0 -0.0 0.0 11.724129 99.342171 123.607506 -2.206389 1.67622 -1.426826 2.280924 0.787677 2.308233 -0.299569 1.559826 -3.863957 -0.812629 -0.605211 8.64424 0.260655 2.552456 -0.007625 -0.866896 -0.789432 -3.56298 -0.869633 -1.897544 -11.458059 7.7e-05 -2.2e-05 6e-06 0.006785 -0.078066 0.071298 0.645224 -3.809488 -10.505994 -0.639079 3.654179 -10.526399 -15.041998 -1.6111 14.943279 -57.497559 -5.159087 22.531706 -0.08239 -34.591003 0.192811 3.373088 4.345448 -6.719567 -5.882102 9.861279 0.70259 -10.936861 -0.360574 7.156197 0.0 8.774815 -0.0 -16.255486 18.138035 5.946227 -1.844031 2.498503 -2.507276 -10.16359 4.678941 4.621104 -20.975996 -1e-06 1e-06 -21.226254 2.451698 -3.593995 0.0 -6e-06 -0.0 -1.362681 2.240797 -0.746323 -21.334892 0.58491 3.008319 -13.821196 -1e-06 1e-06 -23.887129 -0.249075 -0.839485 -60.390362 2.548783 -1.227929 -0.294025 1.679686 0.833255 -14.218195 0.093215 1.300579 -34.212002 -0.287561 0.967166 -20.033176 0.964536 1.212838 0.0 -0.0 0.0 -3.440387 0.788233 0.501655 -15.928172 -3.167306 2.999703 -6.338817 -0.0 1e-06 -18.123419 3.648181 -4.905662 -4e-06 0.0 -2e-06 11.778865 11.55866 15.347435 55.119793 15.094756 22.569645 0.317818 38.498787 0.310416 -1.149916 0.814353 -8.609522 2.24354 -5.255033 -3.180156 14.282877 -0.826594 6.952496 -0.0 -12.690593 -1e-06 16.057713 -17.678204 2.538597 1.665665 -1.95592 -2.878297 4.727794 -4.170584 4.993919 11.020511 1e-06 -0.0 12.109032 -3.735715 -2.866778 0.0 -0.0 0.0 1.291985 -1.928548 -1.498088 14.800115 0.567467 3.865604 14.242553 -1.341738 -6.660648 19.631935 0.143921 -0.648243 49.48848 -0.734173 -6.44347 0.353029 -1.51115 -0.03194 20.222769 3.684305 2.316629 18.787249 1e-06 -1e-06 10.751608 -0.47987 1.397903 0.0 -0.0 0.0 3.273804 0.305947 -0.58011 21.48679 11.830364 2.266131 8.162915 0.0 -0.0 18.399052 -3.798986 -4.940567 3e-06 0.0 -1e-06 2.740114 11.860004 -24.711393 0.252214 0.471137 43.185741 0.969608 2.315743 6.610268 1.828646 -1.979705 -7.367207 0.0 -0.0 2e-06 5.919028 -0.376076 4.35518 -0.00428 -0.024909 3.975528 -2.149393 3.071743 -7.106554 -1.43437 0.984358 -2.345912 0.0 -0.0 -1e-06 
0.0 0.0 0.0 0.0 -0.0 0.0 12.055294 98.73642 127.607452 -2.756535 0.97536 -1.242023 2.73627 0.693008 2.256323 -0.228517 1.818978 -3.876613 -0.71932 -0.311573 8.704504 -0.228058 2.682622 -0.154482 -0.780297 -0.552888 -3.565669 -0.975619 -1.83539 -11.592649 7.7e-05 -2.2e-05 6e-06 0.018686 -0.027298 0.06494 0.652063 -3.760443 -10.526217 -0.623231 3.707153 -10.553322 -15.622784 -1.077337 14.920183 -57.5522 -4.84954 22.413115 0.016785 -33.803303 0.177625 3.280056 4.729097 -6.802087 -5.882102 9.861279 0.70259 -10.936861 -0.360574 7.156197 0.0 8.774815 -0.0 -16.238958 18.075888 5.958327 -1.844031 2.498503 -2.507276 -10.16359 4.678941 4.621104 -20.975996 -1e-06 1e-06 -21.226254 2.451698 -3.593995 0.0 -6e-06 -0.0 -1.362681 2.240797 -0.746323 -21.334892 0.58491 3.008319 -13.821196 -1e-06 1e-06 -23.887129 -0.249075 -0.839485 -60.434162 2.555171 -1.152797 -0.294025 1.679686 0.833255 -14.218195 0.093215 1.300579 -34.212002 -0.287561 0.967166 -20.033176 0.964536 1.212838 0.0 -0.0 0.0 -3.440387 0.788233 0.501655 -15.928172 -3.167306 2.999703 -6.338817 -0.0 1e-06 -18.123419 3.648181 -4.905662 -4e-06 0.0 -2e-06 11.436967 12.181997 15.211987 54.179985 16.494833 21.957155 0.261509 39.983753 0.339254 -1.552095 1.069283 -8.631743 2.24354 -5.255033 -3.180156 14.282877 -0.826594 6.952496 -0.0 -12.690593 -1e-06 16.040369 -17.678329 2.53508 1.665665 -1.95592 -2.878297 4.727794 -4.170584 4.993919 11.020511 1e-06 -0.0 12.109032 -3.735715 -2.866778 0.0 -0.0 0.0 1.291985 -1.928548 -1.498088 14.800115 0.567467 3.865604 14.242553 -1.341738 -6.660648 19.631935 0.143921 -0.648243 49.47028 -0.742065 -6.461669 0.353029 -1.51115 -0.03194 20.222769 3.684305 2.316629 18.787249 1e-06 -1e-06 10.751608 -0.47987 1.397903 0.0 -0.0 0.0 3.273804 0.305947 -0.58011 21.48679 11.830364 2.266131 8.162915 0.0 -0.0 18.399052 -3.798986 -4.940567 3e-06 0.0 -1e-06 2.673105 11.109598 -25.855438 0.283937 0.520257 30.966179 1.565121 3.122326 8.579327 1.801443 -2.016277 -7.362888 0.0 -0.0 2e-06 6.436975 0.195785 7.493733 -0.052182 0.068597 2.767147 -2.635397 2.935628 -8.936149 -1.428348 0.993245 -2.31833 0.0 -0.0 -1e-06 
0.0 0.0 0.0 0.0 -0.0 0.0 12.466994 98.003571 131.778351 -3.555328 0.221384 -0.980747 3.291595 0.701034 2.229675 -0.159146 1.890858 -3.896933 -0.483037 -0.074425 8.669756 -0.616859 2.823821 -0.357772 -0.729234 -0.444246 -3.577922 -0.971739 -1.554916 -11.798729 7.7e-05 -2.2e-05 6e-06 0.027372 0.002993 0.060336 0.67579 -3.735769 -10.575908 -0.63068 3.744075 -10.591251 -15.76791 -0.638699 14.956711 -58.145695 -4.649996 22.234282 0.057268 -32.852905 0.133834 3.057601 5.229235 -6.35288 -5.882102 9.861279 0.70259 -10.936861 -0.360574 7.156197 0.0 8.774815 -0.0 -16.149611 17.95649 6.051276 -1.844031 2.498503 -2.507276 -10.16359 4.678941 4.621104 -20.975996 -1e-06 1e-06 -21.226254 2.451698 -3.593995 0.0 -6e-06 -0.0 -1.362681 2.240797 -0.746323 -21.334892 0.58491 3.008319 -13.821196 -1e-06 1e-06 -23.887129 -0.249075 -0.839485 -60.44281 2.609467 -1.046947 -0.294025 1.679686 0.833255 -14.218195 0.093215 1.300579 -34.212002 -0.287561 0.967166 -20.033176 0.964536 1.212838 0.0 -0.0 0.0 -3.440387 0.788233 0.501655 -15.928172 -3.167306 2.999703 -6.338817 -0.0 1e-06 -18.123419 3.648181 -4.905662 -4e-06 0.0 -2e-06 10.872344 12.773693 14.952942 53.831059 17.734478 21.209356 0.287021 41.055977 0.378468 -1.861626 1.028081 -8.328313 2.24354 -5.255033 -3.180156 14.282877 -0.826594 6.952496 -0.0 -12.690593 -1e-06 15.979561 -17.564674 2.545272 1.665665 -1.95592 -2.878297 4.727794 -4.170584 4.993919 11.020511 1e-06 -0.0 12.109032 -3.735715 -2.866778 0.0 -0.0 0.0 1.291985 -1.928548 -1.498088 14.800115 0.567467 3.865604 14.242553 -1.341738 -6.660648 19.631935 0.143921 -0.648243 49.432827 -0.774184 -6.46378 0.353029 -1.51115 -0.03194 20.222769 3.684305 2.316629 18.787249 1e-06 -1e-06 10.751608 -0.47987 1.397903 0.0 -0.0 0.0 3.273804 0.305947 -0.58011 21.48679 11.830364 2.266131 8.162915 0.0 -0.0 18.399052 -3.798986 -4.940567 3e-06 0.0 -1e-06 3.235239 10.407477 -25.880899 0.180551 0.537386 16.984983 2.224719 3.624028 11.075513 1.771766 -1.989292 -6.852305 0.0 -0.0 2e-06 7.069763 0.473006 9.919728 -0.096395 0.106183 2.983927 -3.059806 3.118538 -10.788743 -1.427972 1.014754 -2.697031 0.0 -0.0 -1e-06 
0.0 0.0 0.0 0.0 -0.0 0.0 12.936118 97.161087 136.153336 -4.602978 -0.430168 -0.681576 3.907725 0.583971 2.211406 -0.097351 1.971382 -3.953849 -0.110426 0.01879 8.592435 -0.801136 2.92362 -0.708641 -0.771164 -0.156853 -3.497858 -0.991014 -1.12793 -12.231626 7.7e-05 -2.2e-05 6e-06 0.039265 0.071906 0.076238 0.708029 -3.682622 -10.62634 -0.640243 3.828432 -10.632279 -15.522012 -0.243828 15.153358 -59.111237 -4.584231 21.982586 0.087181 -31.930176 0.112021 2.688069 5.662536 -5.762623 -5.882102 9.861279 0.70259 -10.936861 -0.360574 7.156197 0.0 8.774815 -0.0 -16.140244 17.907391 6.081035 -1.844031 2.498503 -2.507276 -10.16359 4.678941 4.621104 -20.975996 -1e-06 1e-06 -21.226254 2.451698 -3.593995 0.0 -6e-06 -0.0 -1.362681 2.240797 -0.746323 -21.334892 0.58491 3.008319 -13.821196 -1e-06 1e-06 -23.887129 -0.249075 -0.839485 -60.487446 2.589711 -0.968192 -0.294025 1.679686 0.833255 -14.218195 0.093215 1.300579 -34.212002 -0.287561 0.967166 -20.033176 0.964536 1.212838 0.0 -0.0 0.0 -3.440387 0.788233 0.501655 -15.928172 -3.167306 2.999703 -6.338817 -0.0 1e-06 -18.123419 3.648181 -4.905662 -4e-06 0.0 -2e-06 10.130556 13.252859 14.739128 53.960262 18.86725 20.503384 0.463523 41.98465 0.553747 -2.180504 0.863751 -7.924054 2.24354 -5.255033 -3.180156 14.282877 -0.826594 6.952496 -0.0 -12.690593 -1e-06 15.944418 -17.533257 2.590575 1.665665 -1.95592 -2.878297 4.727794 -4.170584 4.993919 11.020511 1e-06 -0.0 12.109032 -3.735715 -2.866778 0.0 -0.0 0.0 1.291985 -1.928548 -1.498088 14.800115 0.567467 3.865604 14.242553 -1.341738 -6.660648 19.631935 0.143921 -0.648243 49.624332 -0.972469 -6.437303 0.353029 -1.51115 -0.03194 20.222769 3.684305 2.316629 18.787249 1e-06 -1e-06 10.751608 -0.47987 1.397903 0.0 -0.0 0.0 3.273804 0.305947 -0.58011 21.48679 11.830364 2.266131 8.162915 0.0 -0.0 18.399052 -3.798986 -4.940567 3e-06 0.0 -1e-06 4.454298 9.6622 -25.725267 -0.001313 0.378817 4.07024 0.610298 3.608481 11.138718 1.692815 -2.029858 -6.131752 0.0 -0.0 2e-06 7.689231 0.157574 12.470218 -0.101079 -0.00194 3.184725 -3.358089 3.805281 -12.008741 -1.450576 0.948022 -3.462229 0.0 -0.0 -1e-06 
0.0 0.0 0.0 0.0 -0.0 0.0 13.528117 96.241325 140.722824 -5.606444 -1.00894 -0.271855 4.387558 0.408619 2.058085 -0.030554 2.115058 -4.054504 0.36737 -0.009302 8.683263 -1.138003 3.015068 -1.256934 -0.720687 0.163944 -3.50783 -0.950044 -0.760596 -12.472389 7.7e-05 -2.2e-05 6e-06 0.027769 0.04514 0.089637 0.68632 -3.718534 -10.631719 -0.64245 3.809876 -10.624539 -15.427566 -0.047123 15.127599 -59.830154 -4.3874 21.940353 0.120577 -30.9484 0.073567 2.128191 5.77323 -5.750221 -5.882102 9.861279 0.70259 -10.936861 -0.360574 7.156197 0.0 8.774815 -0.0 -16.140274 17.943129 6.027527 -1.844031 2.498503 -2.507276 -10.16359 4.678941 4.621104 -20.975996 -1e-06 1e-06 -21.226254 2.451698 -3.593995 0.0 -6e-06 -0.0 -1.362681 2.240797 -0.746323 -21.334892 0.58491 3.008319 -13.821196 -1e-06 1e-06 -23.887129 -0.249075 -0.839485 -60.535728 2.603952 -1.096254 -0.294025 1.679686 0.833255 -14.218195 0.093215 1.300579 -34.212002 -0.287561 0.967166 -20.033176 0.964536 1.212838 0.0 -0.0 0.0 -3.440387 0.788233 0.501655 -15.928172 -3.167306 2.999703 -6.338817 -0.0 1e-06 -18.123419 3.648181 -4.905662 -4e-06 0.0 -2e-06 9.766588 13.497876 14.648739 53.770607 19.843468 20.227804 0.566816 42.884995 0.704823 -2.124946 0.843023 -7.837813 2.24354 -5.255033 -3.180156 14.282877 -0.826594 6.952496 -0.0 -12.690593 -1e-06 15.814609 -17.597166 2.657039 1.665665 -1.95592 -2.878297 4.727794 -4.170584 4.993919 11.020511 1e-06 -0.0 12.109032 -3.735715 -2.866778 0.0 -0.0 0.0 1.291985 -1.928548 -1.498088 14.800115 0.567467 3.865604 14.242553 -1.341738 -6.660648 19.631935 0.143921 -0.648243 49.634666 -0.962124 -6.454648 0.353029 -1.51115 -0.03194 20.222769 3.684305 2.316629 18.787249 1e-06 -1e-06 10.751608 -0.47987 1.397903 0.0 -0.0 0.0 3.273804 0.305947 -0.58011 21.48679 11.830364 2.266131 8.162915 0.0 -0.0 18.399052 -3.798986 -4.940567 3e-06 0.0 -1e-06 5.501451 9.493571 -26.589182 -0.075942 0.210121 -3.640642 -3.760306 3.932882 8.667289 1.558892 -2.106666 -6.061633 0.0 -0.0 2e-06 7.968668 -0.483897 14.979855 -0.08201 -0.064852 3.39409 -3.075336 5.118346 -12.595675 -1.448981 0.877128 -4.639549 0.0 -0.0 -1e-06 
0.0 0.0 0.0 0.0 -0.0 0.0 14.236871 95.494514 145.449936 -6.000307 -1.458587 0.135617 4.444669 0.360777 1.920717 -0.001458 2.178972 -4.155767 0.576429 -0.065477 8.835274 -1.403583 2.974301 -1.930004 -0.575901 0.346037 -3.462988 -0.834829 -0.392651 -12.753929 7.7e-05 -2.2e-05 6e-06 0.012578 -0.004499 0.09089 0.677423 -3.75948 -10.603206 -0.664531 3.752318 -10.594047 -15.612103 -0.069007 15.076506 -59.875282 -4.201466 22.101261 0.038352 -30.158394 0.078129 1.704806 5.781781 -6.13308 -5.882102 9.861279 0.70259 -10.936861 -0.360574 7.156197 0.0 8.774815 -0.0 -16.160982 17.921114 5.965274 -1.844031 2.498503 -2.507276 -10.16359 4.678941 4.621104 -20.975996 -1e-06 1e-06 -21.226254 2.451698 -3.593995 0.0 -6e-06 -0.0 -1.362681 2.240797 -0.746323 -21.334892 0.58491 3.008319 -13.821196 -1e-06 1e-06 -23.887129 -0.249075 -0.839485 -60.577221 2.507613 -1.119746 -0.294025 1.679686 0.833255 -14.218195 0.093215 1.300579 -34.212002 -0.287561 0.967166 -20.033176 0.964536 1.212838 0.0 -0.0 0.0 -3.440387 0.788233 0.501655 -15.928172 -3.167306 2.999703 -6.338817 -0.0 1e-06 -18.123419 3.648181 -4.905662 -4e-06 0.0 -2e-06 9.797724 13.587292 14.700024 53.565079 20.44628 20.283541 0.361213 43.612564 0.698815 -1.928284 1.167484 -8.1817 2.24354 -5.255033 -3.180156 14.282877 -0.826594 6.952496 -0.0 -12.690593 -1e-06 15.804674 -17.660292 2.6652 1.665665 -1.95592 -2.878297 4.727794 -4.170584 4.993919 11.020511 1e-06 -0.0 12.109032 -3.735715 -2.866778 0.0 -0.0 0.0 1.291985 -1.928548 -1.498088 14.800115 0.567467 3.865604 14.242553 -1.341738 -6.660648 19.631935 0.143921 -0.648243 49.646198 -0.888133 -6.436177 0.353029 -1.51115 -0.03194 20.222769 3.684305 2.316629 18.787249 1e-06 -1e-06 10.751608 -0.47987 1.397903 0.0 -0.0 0.0 3.273804 0.305947 -0.58011 21.48679 11.830364 2.266131 8.162915 0.0 -0.0 18.399052 -3.798986 -4.940567 3e-06 0.0 -1e-06 5.4308 10.069606 -28.299442 -0.082826 0.006075 -4.715561 -7.632447 4.542638 6.064165 1.478783 -2.125793 -6.138208 0.0 -0.0 2e-06 7.367873 -1.380032 16.422445 -0.13796 -0.033269 5.582651 -2.624684 6.619018 -12.534328 -1.431201 0.852042 -6.762138 0.0 -0.0 -1e-06 
0.0 0.0 0.0 0.0 -0.0 0.0 15.067988 95.081749 150.312225 -5.101136 -1.690015 0.796286 3.606687 0.431078 1.438518 -0.082613 2.245671 -4.346688 0.294747 -0.172735 8.884509 -1.320851 2.964251 -2.468329 -0.558627 0.437274 -3.397678 -0.625918 -0.258032 -12.373268 7.7e-05 -2.2e-05 6e-06 0.01214 -0.014113 0.078659 0.692927 -3.765669 -10.63172 -0.679675 3.739094 -10.625105 -16.154348 -0.194099 14.932638 -59.133095 -3.776076 22.320236 -0.154174 -29.649479 0.104794 1.420229 5.91549 -5.946137 -5.882102 9.861279 0.70259 -10.936861 -0.360574 7.156197 0.0 8.774815 -0.0 -16.282349 18.017626 5.966053 -1.844031 2.498503 -2.507276 -10.16359 4.678941 4.621104 -20.975996 -1e-06 1e-06 -21.226254 2.451698 -3.593995 0.0 -6e-06 -0.0 -1.362681 2.240797 -0.746323 -21.334892 0.58491 3.008319 -13.821196 -1e-06 1e-06 -23.887129 -0.249075 -0.839485 -60.581905 2.55058 -1.18185 -0.294025 1.679686 0.833255 -14.218195 0.093215 1.300579 -34.212002 -0.287561 0.967166 -20.033176 0.964536 1.212838 0.0 -0.0 0.0 -3.440387 0.788233 0.501655 -15.928172 -3.167306 2.999703 -6.338817 -0.0 1e-06 -18.123419 3.648181 -4.905662 -4e-06 0.0 -2e-06 10.483522 13.411218 14.799864 53.485973 20.291384 20.698057 -0.078233 43.612801 0.443977 -1.850258 1.570278 -8.542929 2.24354 -5.255033 -3.180156 14.282877 -0.826594 6.952496 -0.0 -12.690593 -1e-06 15.977206 -17.64959 2.642483 1.665665 -1.95592 -2.878297 4.727794 -4.170584 4.993919 11.020511 1e-06 -0.0 12.109032 -3.735715 -2.866778 0.0 -0.0 0.0 1.291985 -1.928548 -1.498088 14.800115 0.567467 3.865604 14.242553 -1.341738 -6.660648 19.631935 0.143921 -0.648243 49.721527 -0.905789 -6.484855 0.353029 -1.51115 -0.03194 20.222769 3.684305 2.316629 18.787249 1e-06 -1e-06 10.751608 -0.47987 1.397903 0.0 -0.0 0.0 3.273804 0.305947 -0.58011 21.48679 11.830364 2.266131 8.162915 0.0 -0.0 18.399052 -3.798986 -4.940567 3e-06 0.0 -1e-06 3.929581 10.288886 -28.547934 -0.134163 -0.134725 -3.064588 -8.74524 4.217315 6.812861 1.536248 -2.155699 -6.778123 0.0 -0.0 2e-06 5.333806 -2.042278 16.687733 -0.17432 0.115377 9.485789 -2.190619 7.716372 -11.063148 -1.437739 0.885419 -10.553451 0.0 -0.0 -1e-06 
0.0 0.0 0.0 0.0 -0.0 0.0 15.949854 95.077553 155.181152 -2.73846 -1.671845 1.930064 1.764276 0.398322 0.464784 -0.328788 2.407434 -4.651216 -0.460397 -0.13851 8.826277 -0.863561 2.868932 -3.14603 -0.485555 0.756388 -3.436221 -0.595339 -0.296914 -11.207139 7.7e-05 -2.2e-05 6e-06 0.011054 -0.03613 0.065713 0.684055 -3.776204 -10.599871 -0.671461 3.703911 -10.593905 -17.160629 -0.457498 14.588378 -57.65448 -3.172995 22.763245 -0.175556 -29.047716 0.108413 0.976221 6.081818 -5.834895 -5.882102 9.861279 0.70259 -10.936861 -0.360574 7.156197 0.0 8.774815 -0.0 -16.377987 18.019346 5.98142 -1.844031 2.498503 -2.507276 -10.16359 4.678941 4.621104 -20.975996 -1e-06 1e-06 -21.226254 2.451698 -3.593995 0.0 -6e-06 -0.0 -1.362681 2.240797 -0.746323 -21.334892 0.58491 3.008319 -13.821196 -1e-06 1e-06 -23.887129 -0.249075 -0.839485 -60.710518 2.53182 -1.140604 -0.294025 1.679686 0.833255 -14.218195 0.093215 1.300579 -34.212002 -0.287561 0.967166 -20.033176 0.964536 1.212838 0.0 -0.0 0.0 -3.440387 0.788233 0.501655 -15.928172 -3.167306 2.999703 -6.338817 -0.0 1e-06 -18.123419 3.648181 -4.905662 -4e-06 0.0 -2e-06 12.219389 12.978829 14.884157 52.992374 19.174065 21.003687 -0.204625 42.722652 0.305732 -2.038314 2.012008 -8.485286 2.24354 -5.255033 -3.180156 14.282877 -0.826594 6.952496 -0.0 -12.690593 -1e-06 15.998011 -17.574926 2.64327 1.665665 -1.95592 -2.878297 4.727794 -4.170584 4.993919 11.020511 1e-06 -0.0 12.109032 -3.735715 -2.866778 0.0 -0.0 0.0 1.291985 -1.928548 -1.498088 14.800115 0.567467 3.865604 14.242553 -1.341738 -6.660648 19.631935 0.143921 -0.648243 49.795792 -0.808535 -6.415693 0.353029 -1.51115 -0.03194 20.222769 3.684305 2.316629 18.787249 1e-06 -1e-06 10.751608 -0.47987 1.397903 0.0 -0.0 0.0 3.273804 0.305947 -0.58011 21.48679 11.830364 2.266131 8.162915 0.0 -0.0 18.399052 -3.798986 -4.940567 3e-06 0.0 -1e-06 1.031561 9.418025 -29.053429 -0.164323 -0.148337 0.398018 -6.487529 3.105339 12.898813 1.693724 -2.056047 -7.325601 0.0 -0.0 2e-06 1.488575 -2.990036 15.469233 -0.114294 0.216821 14.985956 -1.965562 9.217098 -8.050116 -1.480025 0.877586 -17.955416 0.0 -0.0 -1e-06 
0.0 0.0 0.0 0.0 -0.0 0.0 16.869064 95.456657 160.151459 -0.072808 -1.179671 2.710374 -0.003202 0.307033 -0.167199 -0.692541 2.557709 -4.951096 -1.602469 -0.169493 8.684771 -0.183419 2.585998 -3.713075 -0.570254 0.560028 -3.484982 -0.291553 -0.40211 -10.677543 7.7e-05 -2.2e-05 6e-06 0.021685 -0.051705 0.040072 0.693286 -3.788968 -10.559868 -0.659234 3.685897 -10.571396 -17.547594 -1.099565 14.338593 -56.578335 -2.853057 23.416178 -0.100627 -28.132586 0.117187 0.425707 5.887668 -6.483554 -5.882102 9.861279 0.70259 -10.936861 -0.360574 7.156197 0.0 8.774815 -0.0 -16.450787 18.085838 5.903334 -1.844031 2.498503 -2.507276 -10.16359 4.678941 4.621104 -20.975996 -1e-06 1e-06 -21.226254 2.451698 -3.593995 0.0 -6e-06 -0.0 -1.362681 2.240797 -0.746323 -21.334892 0.58491 3.008319 -13.821196 -1e-06 1e-06 -23.887129 -0.249075 -0.839485 -60.640167 2.601776 -1.177757 -0.294025 1.679686 0.833255 -14.218195 0.093215 1.300579 -34.212002 -0.287561 0.967166 -20.033176 0.964536 1.212838 0.0 -0.0 0.0 -3.440387 0.788233 0.501655 -15.928172 -3.167306 2.999703 -6.338817 -0.0 1e-06 -18.123419 3.648181 -4.905662 -4e-06 0.0 -2e-06 13.495902 12.30447 14.851209 53.719032 17.731022 20.877626 0.104332 40.507381 0.466407 -2.097403 2.196271 -7.670989 2.24354 -5.255033 -3.180156 14.282877 -0.826594 6.952496 -0.0 -12.690593 -1e-06 15.92606 -17.712418 2.684237 1.665665 -1.95592 -2.878297 4.727794 -4.170584 4.993919 11.020511 1e-06 -0.0 12.109032 -3.735715 -2.866778 0.0 -0.0 0.0 1.291985 -1.928548 -1.498088 14.800115 0.567467 3.865604 14.242553 -1.341738 -6.660648 19.631935 0.143921 -0.648243 50.037354 -0.770054 -6.466891 0.353029 -1.51115 -0.03194 20.222769 3.684305 2.316629 18.787249 1e-06 -1e-06 10.751608 -0.47987 1.397903 0.0 -0.0 0.0 3.273804 0.305947 -0.58011 21.48679 11.830364 2.266131 8.162915 0.0 -0.0 18.399052 -3.798986 -4.940567 3e-06 0.0 -1e-06 -1.99567 7.689626 -29.344688 -0.087554 -0.088704 3.995893 -3.286125 1.986015 19.309946 1.723117 -2.011112 -5.825449 0.0 -0.0 2e-06 -2.570788 -4.568949 13.125569 -0.175141 0.40546 22.891657 -1.920902 10.071824 -2.065919 -1.544052 0.844134 -27.237476 0.0 -0.0 -1e-06 
0.0 0.0 0.0 0.0 -0.0 0.0 17.772858 96.109818 165.119034 1.756879 -0.167994 2.506314 -0.952413 0.19258 -0.064823 -0.955733 2.508712 -4.909266 -2.645502 -0.137381 8.363675 0.394381 2.290904 -3.664562 -0.756204 0.313358 -3.491438 -0.02285 -0.789788 -10.846069 7.7e-05 -2.2e-05 6e-06 0.032847 -0.028448 0.041459 0.718426 -3.746161 -10.50661 -0.663487 3.688515 -10.509684 -16.724438 -2.002554 14.424483 -56.843052 -3.311511 23.658934 -0.202056 -27.060118 0.119929 0.331489 5.861807 -6.768369 -5.882102 9.861279 0.70259 -10.936861 -0.360574 7.156197 0.0 8.774815 -0.0 -16.698322 18.198902 5.676794 -1.844031 2.498503 -2.507276 -10.16359 4.678941 4.621104 -20.975996 -1e-06 1e-06 -21.226254 2.451698 -3.593995 0.0 -6e-06 -0.0 -1.362681 2.240797 -0.746323 -21.334892 0.58491 3.008319 -13.821196 -1e-06 1e-06 -23.887129 -0.249075 -0.839485 -60.60276 2.59936 -1.4266 -0.294025 1.679686 0.833255 -14.218195 0.093215 1.300579 -34.212002 -0.287561 0.967166 -20.033176 0.964536 1.212838 0.0 -0.0 0.0 -3.440387 0.788233 0.501655 -15.928172 -3.167306 2.999703 -6.338817 -0.0 1e-06 -18.123419 3.648181 -4.905662 -4e-06 0.0 -2e-06 13.199704 11.79592 14.963301 56.231365 16.444527 20.891861 0.266674 36.823685 0.497882 -1.514497 1.748728 -7.031876 2.24354 -5.255033 -3.180156 14.282877 -0.826594 6.952496 -0.0 -12.690593 -1e-06 16.082623 -17.685957 2.570467 1.665665 -1.95592 -2.878297 4.727794 -4.170584 4.993919 11.020511 1e-06 -0.0 12.109032 -3.735715 -2.866778 0.0 -0.0 0.0 1.291985 -1.928548 -1.498088 14.800115 0.567467 3.865604 14.242553 -1.341738 -6.660648 19.631935 0.143921 -0.648243 50.198318 -0.698688 -6.5161 0.353029 -1.51115 -0.03194 20.222769 3.684305 2.316629 18.787249 1e-06 -1e-06 10.751608 -0.47987 1.397903 0.0 -0.0 0.0 3.273804 0.305947 -0.58011 21.48679 11.830364 2.266131 8.162915 0.0 -0.0 18.399052 -3.798986 -4.940567 3e-06 0.0 -1e-06 -4.054971 6.039387 -28.169605 -0.113982 -0.137456 8.07894 -0.905232 1.387006 18.221312 1.640324 -2.027212 -3.89761 0.0 -0.0 2e-06 -5.46601 -6.025004 9.777034 -0.051803 0.464564 33.049114 -1.872872 9.837665 7.800352 -1.608992 0.72521 -35.105984 0.0 -0.0 -1e-06 
0.0 0.0 0.0 0.0 -0.0 0.0 18.700956 96.962044 170.134644 2.881429 0.449631 1.833027 -1.493657 0.070406 0.361098 -1.113332 2.400213 -4.671608 -3.049198 -0.122148 8.144877 0.350274 2.17624 -3.597598 -0.945971 0.096315 -3.481173 0.164796 -1.019632 -10.904648 7.7e-05 -2.2e-05 6e-06 0.024755 -0.052873 0.045328 0.712211 -3.771337 -10.479505 -0.674759 3.664042 -10.475714 -16.153168 -2.672757 14.456591 -57.077003 -4.075111 23.438841 -0.320179 -26.864195 0.198046 0.373824 5.883733 -6.628638 -5.882102 9.861279 0.70259 -10.936861 -0.360574 7.156197 0.0 8.774815 -0.0 -16.86301 18.183226 5.527192 -1.844031 2.498503 -2.507276 -10.16359 4.678941 4.621104 -20.975996 -1e-06 1e-06 -21.226254 2.451698 -3.593995 0.0 -6e-06 -0.0 -1.362681 2.240797 -0.746323 -21.334892 0.58491 3.008319 -13.821196 -1e-06 1e-06 -23.887129 -0.249075 -0.839485 -60.517902 2.587657 -1.673482 -0.294025 1.679686 0.833255 -14.218195 0.093215 1.300579 -34.212002 -0.287561 0.967166 -20.033176 0.964536 1.212838 0.0 -0.0 0.0 -3.440387 0.788233 0.501655 -15.928172 -3.167306 2.999703 -6.338817 -0.0 1e-06 -18.123419 3.648181 -4.905662 -4e-06 0.0 -2e-06 12.549545 11.713953 15.142333 58.281494 15.43924 21.849457 0.358527 32.887009 0.4456 0.019938 0.487247 -5.602946 2.24354 -5.255033 -3.180156 14.282877 -0.826594 6.952496 -0.0 -12.690593 -1e-06 16.31637 -17.662258 2.471366 1.665665 -1.95592 -2.878297 4.727794 -4.170584 4.993919 11.020511 1e-06 -0.0 12.109032 -3.735715 -2.866778 0.0 -0.0 0.0 1.291985 -1.928548 -1.498088 14.800115 0.567467 3.865604 14.242553 -1.341738 -6.660648 19.631935 0.143921 -0.648243 50.25621 -0.613929 -6.592769 0.353029 -1.51115 -0.03194 20.222769 3.684305 2.316629 18.787249 1e-06 -1e-06 10.751608 -0.47987 1.397903 0.0 -0.0 0.0 3.273804 0.305947 -0.58011 21.48679 11.830364 2.266131 8.162915 0.0 -0.0 18.399052 -3.798986 -4.940567 3e-06 0.0 -1e-06 -5.50138 5.470421 -25.703468 -0.126912 -0.138132 11.261578 0.397706 0.73353 12.960183 1.60504 -2.070609 -3.337546 0.0 -0.0 2e-06 -7.531137 -6.903314 4.760549 0.04091 0.521973 44.989243 0.491946 8.420125 19.619972 -1.450671 0.638904 -29.768301 0.0 -0.0 -1e-06 
0.0 0.0 0.0 0.0 -0.0 0.0 19.616913 97.714386 174.996979 3.747296 0.424449 1.248073 -2.023885 -0.024634 0.801622 -1.184151 2.2641 -4.542333 -3.138492 -0.242158 8.107611 -0.049029 2.456152 -3.612095 -0.856334 -0.008946 -3.493808 0.195402 -1.038368 -10.892899 7.7e-05 -2.2e-05 6e-06 0.030319 -0.010544 0.066417 0.71765 -3.732559 -10.476039 -0.670028 3.711267 -10.45791 -16.204372 -3.077646 14.485076 -56.524796 -4.854022 23.183405 -0.302162 -27.675777 0.226879 0.466547 5.657935 -7.392632 -5.882102 9.861279 0.70259 -10.936861 -0.360574 7.156197 0.0 8.774815 -0.0 -16.878597 18.131023 5.592055 -1.844031 2.498503 -2.507276 -10.16359 4.678941 4.621104 -20.975996 -1e-06 1e-06 -21.226254 2.451698 -3.593995 0.0 -6e-06 -0.0 -1.362681 2.240797 -0.746323 -21.334892 0.58491 3.008319 -13.821196 -1e-06 1e-06 -23.887129 -0.249075 -0.839485 -60.597397 2.473168 -1.570649 -0.294025 1.679686 0.833255 -14.218195 0.093215 1.300579 -34.212002 -0.287561 0.967166 -20.033176 0.964536 1.212838 0.0 -0.0 0.0 -3.440387 0.788233 0.501655 -15.928172 -3.167306 2.999703 -6.338817 -0.0 1e-06 -18.123419 3.648181 -4.905662 -4e-06 0.0 -2e-06 12.567006 11.760906 15.485839 58.926445 14.91347 23.708839 0.472686 29.823172 0.382087 2.052761 -0.928996 -3.373083 2.24354 -5.255033 -3.180156 14.282877 -0.826594 6.952496 -0.0 -12.690593 -1e-06 16.386894 -17.433216 2.41606 1.665665 -1.95592 -2.878297 4.727794 -4.170584 4.993919 11.020511 1e-06 -0.0 12.109032 -3.735715 -2.866778 0.0 -0.0 0.0 1.291985 -1.928548 -1.498088 14.800115 0.567467 3.865604 14.242553 -1.341738 -6.660648 19.631935 0.143921 -0.648243 49.996624 -0.595857 -6.500077 0.353029 -1.51115 -0.03194 20.222769 3.684305 2.316629 18.787249 1e-06 -1e-06 10.751608 -0.47987 1.397903 0.0 -0.0 0.0 3.273804 0.305947 -0.58011 21.48679 11.830364 2.266131 8.162915 0.0 -0.0 18.399052 -3.798986 -4.940567 3e-06 0.0 -1e-06 -6.678122 5.689271 -22.140491 -0.050994 0.037807 12.225771 1.046346 0.19798 8.337943 1.624503 -2.088249 -3.306886 0.0 -0.0 2e-06 -8.812858 -6.695056 -1.223789 0.07869 0.494096 55.918236 3.249141 6.762133 27.517853 -1.148124 0.847087 -9.613333 0.0 -0.0 -1e-06 
0.0 0.0 0.0 0.0 -0.0 0.0 20.357082 98.46122 179.613556 4.305508 0.468086 0.74769 -2.535008 -0.097841 1.122919 -1.242465 1.87468 -4.474682 -2.978129 -0.503417 8.206126 -0.27848 2.705302 -3.393176 -0.781713 -0.015109 -3.474914 0.065487 -0.820235 -11.333014 7.7e-05 -2.2e-05 6e-06 0.03402 0.009498 0.074659 0.732386 -3.718914 -10.511346 -0.677192 3.739371 -10.488791 -16.424477 -3.335289 14.343693 -55.4119 -5.725463 23.498251 -0.228227 -28.753307 0.231052 1.153647 5.058934 -8.426318 -5.882102 9.861279 0.70259 -10.936861 -0.360574 7.156197 0.0 8.774815 -0.0 -16.799707 18.221985 5.683803 -1.844031 2.498503 -2.507276 -10.16359 4.678941 4.621104 -20.975996 -1e-06 1e-06 -21.226254 2.451698 -3.593995 0.0 -6e-06 -0.0 -1.362681 2.240797 -0.746323 -21.334892 0.58491 3.008319 -13.821196 -1e-06 1e-06 -23.887129 -0.249075 -0.839485 -60.558823 2.516159 -1.569958 -0.294025 1.679686 0.833255 -14.218195 0.093215 1.300579 -34.212002 -0.287561 0.967166 -20.033176 0.964536 1.212838 0.0 -0.0 0.0 -3.440387 0.788233 0.501655 -15.928172 -3.167306 2.999703 -6.338817 -0.0 1e-06 -18.123419 3.648181 -4.905662 -4e-06 0.0 -2e-06 13.034595 11.526614 15.723398 58.817554 14.214869 25.354805 0.657086 28.378763 0.349699 3.183698 -1.655224 -1.505546 2.24354 -5.255033 -3.180156 14.282877 -0.826594 6.952496 -0.0 -12.690593 -1e-06 16.332394 -17.380411 2.361052 1.665665 -1.95592 -2.878297 4.727794 -4.170584 4.993919 11.020511 1e-06 -0.0 12.109032 -3.735715 -2.866778 0.0 -0.0 0.0 1.291985 -1.928548 -1.498088 14.800115 0.567467 3.865604 14.242553 -1.341738 -6.660648 19.631935 0.143921 -0.648243 49.896069 -0.682013 -6.527175 0.353029 -1.51115 -0.03194 20.222769 3.684305 2.316629 18.787249 1e-06 -1e-06 10.751608 -0.47987 1.397903 0.0 -0.0 0.0 3.273804 0.305947 -0.58011 21.48679 11.830364 2.266131 8.162915 0.0 -0.0 18.399052 -3.798986 -4.940567 3e-06 0.0 -1e-06 -7.401114 5.73618 -18.186104 0.031111 0.093799 11.817428 1.216518 0.202164 5.274893 1.605028 -2.072711 -3.053293 0.0 -0.0 2e-06 -9.136905 -6.684701 -6.893452 0.079573 0.237378 64.283661 2.24173 5.598509 22.058966 -1.224632 0.900909 -6.049744 0.0 -0.0 -1e-06 
0.0 0.0 0.0 0.0 -0.0 0.0 20.924957 99.158737 184.12326 4.259837 0.922771 0.133299 -2.777084 -0.259601 1.458977 -1.190396 1.401344 -4.370507 -2.621896 -0.930905 8.326432 -0.219537 2.806309 -2.89173 -0.787146 0.018291 -3.445694 -0.151726 -0.587556 -11.654951 7.7e-05 -2.2e-05 6e-06 0.033273 0.012006 0.071767 0.739203 -3.725876 -10.543675 -0.6842 3.751471 -10.530366 -16.191933 -3.693066 14.372807 -54.646107 -6.988615 23.476601 -0.305054 -29.614525 0.264965 2.232635 4.633349 -8.888113 -5.882102 9.861279 0.70259 -10.936861 -0.360574 7.156197 0.0 8.774815 -0.0 -16.645868 18.268024 5.788465 -1.844031 2.498503 -2.507276 -10.16359 4.678941 4.621104 -20.975996 -1e-06 1e-06 -21.226254 2.451698 -3.593995 0.0 -6e-06 -0.0 -1.362681 2.240797 -0.746323 -21.334892 0.58491 3.008319 -13.821196 -1e-06 1e-06 -23.887129 -0.249075 -0.839485 -60.571274 2.512439 -1.471863 -0.294025 1.679686 0.833255 -14.218195 0.093215 1.300579 -34.212002 -0.287561 0.967166 -20.033176 0.964536 1.212838 0.0 -0.0 0.0 -3.440387 0.788233 0.501655 -15.928172 -3.167306 2.999703 -6.338817 -0.0 1e-06 -18.123419 3.648181 -4.905662 -4e-06 0.0 -2e-06 13.174047 10.94672 15.781209 59.01955 13.021414 25.740511 0.608283 28.524439 0.261927 3.114632 -1.812737 -0.743533 2.24354 -5.255033 -3.180156 14.282877 -0.826594 6.952496 -0.0 -12.690593 -1e-06 16.33427 -17.465517 2.333486 1.665665 -1.95592 -2.878297 4.727794 -4.170584 4.993919 11.020511 1e-06 -0.0 12.109032 -3.735715 -2.866778 0.0 -0.0 0.0 1.291985 -1.928548 -1.498088 14.800115 0.567467 3.865604 14.242553 -1.341738 -6.660648 19.631935 0.143921 -0.648243 49.991619 -0.667024 -6.540913 0.353029 -1.51115 -0.03194 20.222769 3.684305 2.316629 18.787249 1e-06 -1e-06 10.751608 -0.47987 1.397903 0.0 -0.0 0.0 3.273804 0.305947 -0.58011 21.48679 11.830364 2.266131 8.162915 0.0 -0.0 18.399052 -3.798986 -4.940567 3e-06 0.0 -1e-06 -7.341936 5.582429 -13.523572 0.018794 0.018226 10.042318 1.194478 0.10281 3.048306 1.603103 -2.040848 -2.886287 0.0 -0.0 2e-06 -8.205254 -7.115038 -11.931912 0.057903 -0.004599 68.176346 0.358817 4.007871 15.254828 -1.334775 0.920706 -5.692767 0.0 -0.0 -1e-06 
0.0 0.0 0.0 0.0 -0.0 0.0 21.386829 99.723007 188.605316 3.892319 1.749717 -0.617592 -2.915512 -0.404205 1.866945 -1.089092 0.876741 -4.209317 -2.132702 -1.536854 8.36258 0.045671 2.776948 -2.176297 -0.74026 0.103983 -3.411179 -0.391806 -0.341487 -11.625973 7.7e-05 -2.2e-05 6e-06 0.032853 0.011909 0.069235 0.740307 -3.731442 -10.569561 -0.684467 3.755717 -10.558105 -15.308175 -4.245883 14.507725 -54.475098 -8.34832 23.275827 -0.43737 -30.62611 0.313961 3.113913 4.453582 -9.097308 -5.882102 9.861279 0.70259 -10.936861 -0.360574 7.156197 0.0 8.774815 -0.0 -16.374962 18.252653 5.930028 -1.844031 2.498503 -2.507276 -10.16359 4.678941 4.621104 -20.975996 -1e-06 1e-06 -21.226254 2.451698 -3.593995 0.0 -6e-06 -0.0 -1.362681 2.240797 -0.746323 -21.334892 0.58491 3.008319 -13.821196 -1e-06 1e-06 -23.887129 -0.249075 -0.839485 -60.533489 2.526767 -1.375911 -0.294025 1.679686 0.833255 -14.218195 0.093215 1.300579 -34.212002 -0.287561 0.967166 -20.033176 0.964536 1.212838 0.0 -0.0 0.0 -3.440387 0.788233 0.501655 -15.928172 -3.167306 2.999703 -6.338817 -0.0 1e-06 -18.123419 3.648181 -4.905662 -4e-06 0.0 -2e-06 12.967979 10.12535 15.718396 59.525154 11.507088 25.120123 0.541858 29.545961 0.224109 2.783401 -1.632008 -0.806599 2.24354 -5.255033 -3.180156 14.282877 -0.826594 6.952496 -0.0 -12.690593 -1e-06 16.36224 -17.570423 2.328866 1.665665 -1.95592 -2.878297 4.727794 -4.170584 4.993919 11.020511 1e-06 -0.0 12.109032 -3.735715 -2.866778 0.0 -0.0 0.0 1.291985 -1.928548 -1.498088 14.800115 0.567467 3.865604 14.242553 -1.341738 -6.660648 19.631935 0.143921 -0.648243 50.000412 -0.602287 -6.545355 0.353029 -1.51115 -0.03194 20.222769 3.684305 2.316629 18.787249 1e-06 -1e-06 10.751608 -0.47987 1.397903 0.0 -0.0 0.0 3.273804 0.305947 -0.58011 21.48679 11.830364 2.266131 8.162915 0.0 -0.0 18.399052 -3.798986 -4.940567 3e-06 0.0 -1e-06 -6.841493 5.354805 -8.311511 -0.024991 -0.111557 7.425409 1.110642 -0.193676 1.368733 1.609255 -1.987566 -2.73132 0.0 -0.0 2e-06 -6.682727 -7.816692 -16.090622 0.034885 -0.147695 67.860649 -0.437443 3.03113 10.242667 -1.388809 0.921569 -5.93284 0.0 -0.0 -1e-06 
0.0 0.0 0.0 0.0 -0.0 0.0 21.755054 100.011536 193.106476 3.551125 2.828948 -1.288012 -3.110874 -0.488191 2.242954 -1.028209 0.333185 -4.036938 -1.638739 -2.202042 8.38708 0.458456 2.603152 -1.509161 -0.654909 0.23555 -3.403028 -0.560406 -0.188583 -11.356842 7.7e-05 -2.2e-05 6e-06 0.032209 -0.000998 0.065777 0.731273 -3.748191 -10.586882 -0.67488 3.745301 -10.570588 -14.239588 -4.952388 14.535076 -54.248512 -9.582234 23.297897 -0.558759 -32.123253 0.353891 3.524147 4.347605 -9.132997 -5.882102 9.861279 0.70259 -10.936861 -0.360574 7.156197 0.0 8.774815 -0.0 -16.099445 18.253361 6.071719 -1.844031 2.498503 -2.507276 -10.16359 4.678941 4.621104 -20.975996 -1e-06 1e-06 -21.226254 2.451698 -3.593995 0.0 -6e-06 -0.0 -1.362681 2.240797 -0.746323 -21.334892 0.58491 3.008319 -13.821196 -1e-06 1e-06 -23.887129 -0.249075 -0.839485 -60.526371 2.597842 -1.315442 -0.294025 1.679686 0.833255 -14.218195 0.093215 1.300579 -34.212002 -0.287561 0.967166 -20.033176 0.964536 1.212838 0.0 -0.0 0.0 -3.440387 0.788233 0.501655 -15.928172 -3.167306 2.999703 -6.338817 -0.0 1e-06 -18.123419 3.648181 -4.905662 -4e-06 0.0 -2e-06 12.92702 9.14604 15.546815 59.793083 9.793338 24.11795 0.490544 31.010941 0.214941 2.686147 -1.147577 -1.347386 2.24354 -5.255033 -3.180156 14.282877 -0.826594 6.952496 -0.0 -12.690593 -1e-06 16.387451 -17.675911 2.343694 1.665665 -1.95592 -2.878297 4.727794 -4.170584 4.993919 11.020511 1e-06 -0.0 12.109032 -3.735715 -2.866778 0.0 -0.0 0.0 1.291985 -1.928548 -1.498088 14.800115 0.567467 3.865604 14.242553 -1.341738 -6.660648 19.631935 0.143921 -0.648243 49.889599 -0.574122 -6.574068 0.353029 -1.51115 -0.03194 20.222769 3.684305 2.316629 18.787249 1e-06 -1e-06 10.751608 -0.47987 1.397903 0.0 -0.0 0.0 3.273804 0.305947 -0.58011 21.48679 11.830364 2.266131 8.162915 0.0 -0.0 18.399052 -3.798986 -4.940567 3e-06 0.0 -1e-06 -6.29239 5.031553 -3.303993 -0.045088 -0.190548 4.951355 1.055908 -0.681418 -0.231942 1.624127 -1.920497 -2.544756 0.0 -0.0 2e-06 -5.174555 -8.755569 -19.631783 -0.034481 -0.2587 64.144547 -0.3887 2.465164 6.545556 -1.402312 0.902811 -6.361029 0.0 -0.0 -1e-06 
0.0 0.0 0.0 0.0 -0.0 0.0 22.048197 99.95089 197.554703 3.544779 3.993245 -1.669298 -3.448203 -0.503092 2.509166 -1.044894 -0.165522 -3.909309 -1.30167 -2.754745 8.48414 0.94893 2.362169 -1.133825 -0.616176 0.393549 -3.430157 -0.641031 -0.28071 -11.198858 7.7e-05 -2.2e-05 6e-06 0.031823 -0.022246 0.063052 0.713322 -3.769251 -10.583471 -0.656253 3.724114 -10.560598 -13.406574 -5.688374 14.44974 -53.523186 -10.848345 23.652597 -0.541447 -33.980965 0.325027 3.667925 4.206046 -9.225823 -5.882102 9.861279 0.70259 -10.936861 -0.360574 7.156197 0.0 8.774815 -0.0 -15.856872 18.274725 6.222805 -1.844031 2.498503 -2.507276 -10.16359 4.678941 4.621104 -20.975996 -1e-06 1e-06 -21.226254 2.451698 -3.593995 0.0 -6e-06 -0.0 -1.362681 2.240797 -0.746323 -21.334892 0.58491 3.008319 -13.821196 -1e-06 1e-06 -23.887129 -0.249075 -0.839485 -60.559204 2.709509 -1.237407 -0.294025 1.679686 0.833255 -14.218195 0.093215 1.300579 -34.212002 -0.287561 0.967166 -20.033176 0.964536 1.212838 0.0 -0.0 0.0 -3.440387 0.788233 0.501655 -15.928172 -3.167306 2.999703 -6.338817 -0.0 1e-06 -18.123419 3.648181 -4.905662 -4e-06 0.0 -2e-06 13.231587 8.117508 15.3892 59.751984 8.15666 22.940117 0.438554 32.432228 0.187035 2.458237 -0.612578 -2.265146 2.24354 -5.255033 -3.180156 14.282877 -0.826594 6.952496 -0.0 -12.690593 -1e-06 16.393562 -17.760241 2.379961 1.665665 -1.95592 -2.878297 4.727794 -4.170584 4.993919 11.020511 1e-06 -0.0 12.109032 -3.735715 -2.866778 0.0 -0.0 0.0 1.291985 -1.928548 -1.498088 14.800115 0.567467 3.865604 14.242553 -1.341738 -6.660648 19.631935 0.143921 -0.648243 49.779373 -0.604183 -6.617882 0.353029 -1.51115 -0.03194 20.222769 3.684305 2.316629 18.787249 1e-06 -1e-06 10.751608 -0.47987 1.397903 0.0 -0.0 0.0 3.273804 0.305947 -0.58011 21.48679 11.830364 2.266131 8.162915 0.0 -0.0 18.399052 -3.798986 -4.940567 3e-06 0.0 -1e-06 -6.069628 4.578354 0.996216 -0.038589 -0.187266 3.023254 1.063774 -1.23043 -2.031391 1.646285 -1.860121 -2.319435 0.0 -0.0 2e-06 -4.110439 -9.762963 -22.73292 -0.122363 -0.292211 57.595074 0.266834 1.849277 3.888944 -1.411396 0.894409 -6.576054 0.0 -0.0 -1e-06 
0.0 0.0 0.0 0.0 -0.0 0.0 22.307051 99.573074 201.852829 3.984848 5.029 -1.769573 -3.943305 -0.496576 2.663631 -1.100394 -0.585209 -3.818235 -1.230507 -3.070618 8.630346 1.458602 2.135707 -1.029353 -0.70565 0.435479 -3.456802 -0.651685 -0.452775 -11.362556 7.7e-05 -2.2e-05 6e-06 0.02972 -0.032425 0.068941 0.691786 -3.779979 -10.566316 -0.638248 3.71598 -10.541619 -12.760686 -6.349144 14.393686 -52.620056 -12.259463 23.716391 -0.41886 -35.746731 0.244638 3.94899 4.096899 -9.515959 -5.882102 9.861279 0.70259 -10.936861 -0.360574 7.156197 0.0 8.774815 -0.0 -15.622334 18.290482 6.373314 -1.844031 2.498503 -2.507276 -10.16359 4.678941 4.621104 -20.975996 -1e-06 1e-06 -21.226254 2.451698 -3.593995 0.0 -6e-06 -0.0 -1.362681 2.240797 -0.746323 -21.334892 0.58491 3.008319 -13.821196 -1e-06 1e-06 -23.887129 -0.249075 -0.839485 -60.512367 2.823128 -1.158252 -0.294025 1.679686 0.833255 -14.218195 0.093215 1.300579 -34.212002 -0.287561 0.967166 -20.033176 0.964536 1.212838 0.0 -0.0 0.0 -3.440387 0.788233 0.501655 -15.928172 -3.167306 2.999703 -6.338817 -0.0 1e-06 -18.123419 3.648181 -4.905662 -4e-06 0.0 -2e-06 13.575245 7.223651 15.326272 59.799297 6.823523 21.933563 0.380841 33.353832 0.141526 1.982289 -0.288217 -3.18642 2.24354 -5.255033 -3.180156 14.282877 -0.826594 6.952496 -0.0 -12.690593 -1e-06 16.382515 -17.807177 2.395474 1.665665 -1.95592 -2.878297 4.727794 -4.170584 4.993919 11.020511 1e-06 -0.0 12.109032 -3.735715 -2.866778 0.0 -0.0 0.0 1.291985 -1.928548 -1.498088 14.800115 0.567467 3.865604 14.242553 -1.341738 -6.660648 19.631935 0.143921 -0.648243 49.740887 -0.642957 -6.663025 0.353029 -1.51115 -0.03194 20.222769 3.684305 2.316629 18.787249 1e-06 -1e-06 10.751608 -0.47987 1.397903 0.0 -0.0 0.0 3.273804 0.305947 -0.58011 21.48679 11.830364 2.266131 8.162915 0.0 -0.0 18.399052 -3.798986 -4.940567 3e-06 0.0 -1e-06 -6.316786 4.068787 4.458181 -0.037135 -0.152583 2.031763 1.168046 -1.611285 -4.189737 1.665303 -1.848204 -2.131691 0.0 -0.0 2e-06 -3.717526 -10.662082 -25.106377 -0.120116 -0.183392 48.654335 1.187831 1.0474 2.640256 -1.424526 0.91269 -6.632854 0.0 -0.0 -1e-06 
0.0 0.0 0.0 0.0 -0.0 0.0 22.526283 98.993736 206.001312 4.685189 5.840879 -1.670073 -4.463789 -0.531443 2.751781 -1.142636 -0.897599 -3.770865 -1.396517 -3.164682 8.777303 1.884922 1.912602 -1.095236 -0.831446 0.363689 -3.452321 -0.642041 -0.520253 -11.74203 7.7e-05 -2.2e-05 6e-06 0.024295 -0.016041 0.081396 0.679031 -3.769957 -10.564753 -0.636159 3.739812 -10.544286 -12.096401 -6.884026 14.417734 -52.00983 -13.774379 23.107567 -0.256825 -37.134933 0.142982 4.381026 4.033219 -9.770534 -5.882102 9.861279 0.70259 -10.936861 -0.360574 7.156197 0.0 8.774815 -0.0 -15.48061 18.292297 6.430462 -1.844031 2.498503 -2.507276 -10.16359 4.678941 4.621104 -20.975996 -1e-06 1e-06 -21.226254 2.451698 -3.593995 0.0 -6e-06 -0.0 -1.362681 2.240797 -0.746323 -21.334892 0.58491 3.008319 -13.821196 -1e-06 1e-06 -23.887129 -0.249075 -0.839485 -60.469791 2.855055 -1.130511 -0.294025 1.679686 0.833255 -14.218195 0.093215 1.300579 -34.212002 -0.287561 0.967166 -20.033176 0.964536 1.212838 0.0 -0.0 0.0 -3.440387 0.788233 0.501655 -15.928172 -3.167306 2.999703 -6.338817 -0.0 1e-06 -18.123419 3.648181 -4.905662 -4e-06 0.0 -2e-06 13.619878 6.551954 15.296104 60.218315 5.816753 21.444057 0.332114 33.624573 0.120441 1.658219 -0.275483 -3.687274 2.24354 -5.255033 -3.180156 14.282877 -0.826594 6.952496 -0.0 -12.690593 -1e-06 16.363573 -17.821524 2.400351 1.665665 -1.95592 -2.878297 4.727794 -4.170584 4.993919 11.020511 1e-06 -0.0 12.109032 -3.735715 -2.866778 0.0 -0.0 0.0 1.291985 -1.928548 -1.498088 14.800115 0.567467 3.865604 14.242553 -1.341738 -6.660648 19.631935 0.143921 -0.648243 49.808426 -0.651011 -6.658551 0.353029 -1.51115 -0.03194 20.222769 3.684305 2.316629 18.787249 1e-06 -1e-06 10.751608 -0.47987 1.397903 0.0 -0.0 0.0 3.273804 0.305947 -0.58011 21.48679 11.830364 2.266131 8.162915 0.0 -0.0 18.399052 -3.798986 -4.940567 3e-06 0.0 -1e-06 -6.835611 3.460575 7.360369 -0.045199 -0.085308 1.767985 1.334799 -1.675924 -6.393224 1.675779 -1.900362 -2.09688 0.0 -0.0 2e-06 -3.838037 -11.42042 -26.416496 -0.017115 -0.037653 37.191158 2.001969 0.20041 3.480897 -1.444151 0.959365 -6.819587 0.0 -0.0 -1e-06 
0.0 0.0 0.0 0.0 -0.0 0.0 22.661394 98.280296 210.165237 5.530827 6.427292 -1.464129 -4.97434 -0.551328 2.858314 -1.185328 -1.01927 -3.787525 -1.650183 -3.204865 8.868393 2.089519 1.787693 -1.244743 -0.851641 0.267057 -3.419837 -0.656603 -0.620824 -12.263333 7.7e-05 -2.2e-05 6e-06 0.016344 0.019825 0.09507 0.684756 -3.740392 -10.596663 -0.657766 3.782441 -10.580862 -11.307035 -7.299347 14.538072 -51.978359 -15.25134 22.056232 -0.031104 -38.121735 -0.012237 4.831019 3.909563 -9.915978 -5.882102 9.861279 0.70259 -10.936861 -0.360574 7.156197 0.0 8.774815 -0.0 -15.473606 18.332075 6.399971 -1.844031 2.498503 -2.507276 -10.16359 4.678941 4.621104 -20.975996 -1e-06 1e-06 -21.226254 2.451698 -3.593995 0.0 -6e-06 -0.0 -1.362681 2.240797 -0.746323 -21.334892 0.58491 3.008319 -13.821196 -1e-06 1e-06 -23.887129 -0.249075 -0.839485 -60.540264 2.802057 -1.233002 -0.294025 1.679686 0.833255 -14.218195 0.093215 1.300579 -34.212002 -0.287561 0.967166 -20.033176 0.964536 1.212838 0.0 -0.0 0.0 -3.440387 0.788233 0.501655 -15.928172 -3.167306 2.999703 -6.338817 -0.0 1e-06 -18.123419 3.648181 -4.905662 -4e-06 0.0 -2e-06 13.224258 6.147809 15.380413 61.037693 5.1499 21.644394 0.166004 33.243404 0.109531 1.88426 -0.467653 -3.642117 2.24354 -5.255033 -3.180156 14.282877 -0.826594 6.952496 -0.0 -12.690593 -1e-06 16.408741 -17.885632 2.431701 1.665665 -1.95592 -2.878297 4.727794 -4.170584 4.993919 11.020511 1e-06 -0.0 12.109032 -3.735715 -2.866778 0.0 -0.0 0.0 1.291985 -1.928548 -1.498088 14.800115 0.567467 3.865604 14.242553 -1.341738 -6.660648 19.631935 0.143921 -0.648243 50.161388 -0.621099 -6.558867 0.353029 -1.51115 -0.03194 20.222769 3.684305 2.316629 18.787249 1e-06 -1e-06 10.751608 -0.47987 1.397903 0.0 -0.0 0.0 3.273804 0.305947 -0.58011 21.48679 11.830364 2.266131 8.162915 0.0 -0.0 18.399052 -3.798986 -4.940567 3e-06 0.0 -1e-06 -7.472058 2.892708 10.057592 -0.026261 0.026808 1.797163 1.404207 -1.64306 -8.48261 1.680739 -1.991922 -2.375172 0.0 -0.0 2e-06 -4.272902 -12.126868 -26.418972 0.119 0.010175 23.353224 3.001626 -0.190383 5.465657 -1.454399 1.011395 -6.824443 0.0 -0.0 -1e-06 
0.0 0.0 0.0 0.0 -0.0 0.0 22.685503 97.488678 214.540787 6.374888 6.840913 -1.091397 -5.429035 -0.502314 2.83651 -1.251669 -1.007458 -3.849623 -1.836624 -3.245892 8.919344 2.158588 1.789587 -1.547116 -0.86074 0.102502 -3.404478 -0.753766 -0.909444 -12.671255 7.7e-05 -2.2e-05 6e-06 0.023268 0.056036 0.095043 0.712281 -3.708756 -10.635281 -0.671943 3.824407 -10.632318 -10.54531 -7.647415 14.494146 -52.331177 -16.32864 21.078312 0.268062 -38.885117 -0.06171 5.180385 3.731096 -10.12272 -5.882102 9.861279 0.70259 -10.936861 -0.360574 7.156197 0.0 8.774815 -0.0 -15.514319 18.37043 6.336449 -1.844031 2.498503 -2.507276 -10.16359 4.678941 4.621104 -20.975996 -1e-06 1e-06 -21.226254 2.451698 -3.593995 0.0 -6e-06 -0.0 -1.362681 2.240797 -0.746323 -21.334892 0.58491 3.008319 -13.821196 -1e-06 1e-06 -23.887129 -0.249075 -0.839485 -60.468948 2.754618 -1.668794 -0.294025 1.679686 0.833255 -14.218195 0.093215 1.300579 -34.212002 -0.287561 0.967166 -20.033176 0.964536 1.212838 0.0 -0.0 0.0 -3.440387 0.788233 0.501655 -15.928172 -3.167306 2.999703 -6.338817 -0.0 1e-06 -18.123419 3.648181 -4.905662 -4e-06 0.0 -2e-06 12.735684 5.994342 15.489247 61.832294 4.514494 22.325424 0.048966 32.448917 0.154806 2.779675 -0.914148 -2.777739 2.24354 -5.255033 -3.180156 14.282877 -0.826594 6.952496 -0.0 -12.690593 -1e-06 16.530848 -17.959541 2.423862 1.665665 -1.95592 -2.878297 4.727794 -4.170584 4.993919 11.020511 1e-06 -0.0 12.109032 -3.735715 -2.866778 0.0 -0.0 0.0 1.291985 -1.928548 -1.498088 14.800115 0.567467 3.865604 14.242553 -1.341738 -6.660648 19.631935 0.143921 -0.648243 50.473572 -0.618373 -6.457833 0.353029 -1.51115 -0.03194 20.222769 3.684305 2.316629 18.787249 1e-06 -1e-06 10.751608 -0.47987 1.397903 0.0 -0.0 0.0 3.273804 0.305947 -0.58011 21.48679 11.830364 2.266131 8.162915 0.0 -0.0 18.399052 -3.798986 -4.940567 3e-06 0.0 -1e-06 -7.911058 2.849725 12.670484 0.038193 0.12923 1.902885 1.4579 -2.214535 -10.007503 1.716467 -2.010103 -2.956022 0.0 -0.0 2e-06 -4.848018 -12.264277 -25.986343 0.237481 -0.024183 9.545084 4.682612 -0.516115 6.65452 -1.39494 1.08256 -6.51289 0.0 -0.0 -1e-06 
0.0 0.0 0.0 0.0 -0.0 0.0 22.557671 96.784111 218.974213 6.712975 6.990647 -0.683294 -5.592107 -0.353257 2.653435 -1.288717 -1.064679 -3.897594 -1.788274 -3.116204 8.994246 2.205123 1.88572 -1.8922 -0.800879 -0.051239 -3.430596 -0.979077 -0.902338 -12.714183 7.7e-05 -2.2e-05 6e-06 0.036341 0.065922 0.078964 0.716099 -3.692103 -10.63588 -0.648585 3.829818 -10.62265 -10.674479 -7.700253 14.250535 -52.003277 -16.964827 20.25692 0.259542 -39.449722 -0.108654 5.258823 3.664923 -10.133253 -5.882102 9.861279 0.70259 -10.936861 -0.360574 7.156197 0.0 8.774815 -0.0 -15.560382 18.3836 6.38964 -1.844031 2.498503 -2.507276 -10.16359 4.678941 4.621104 -20.975996 -1e-06 1e-06 -21.226254 2.451698 -3.593995 0.0 -6e-06 -0.0 -1.362681 2.240797 -0.746323 -21.334892 0.58491 3.008319 -13.821196 -1e-06 1e-06 -23.887129 -0.249075 -0.839485 -60.450043 2.692322 -1.597035 -0.294025 1.679686 0.833255 -14.218195 0.093215 1.300579 -34.212002 -0.287561 0.967166 -20.033176 0.964536 1.212838 0.0 -0.0 0.0 -3.440387 0.788233 0.501655 -15.928172 -3.167306 2.999703 -6.338817 -0.0 1e-06 -18.123419 3.648181 -4.905662 -4e-06 0.0 -2e-06 13.050324 5.990324 15.599218 61.797932 3.976536 22.892254 -0.032666 31.357611 0.113197 3.881563 -1.342367 -1.128165 2.24354 -5.255033 -3.180156 14.282877 -0.826594 6.952496 -0.0 -12.690593 -1e-06 16.488068 -17.866096 2.401162 1.665665 -1.95592 -2.878297 4.727794 -4.170584 4.993919 11.020511 1e-06 -0.0 12.109032 -3.735715 -2.866778 0.0 -0.0 0.0 1.291985 -1.928548 -1.498088 14.800115 0.567467 3.865604 14.242553 -1.341738 -6.660648 19.631935 0.143921 -0.648243 50.372692 -0.592877 -6.504289 0.353029 -1.51115 -0.03194 20.222769 3.684305 2.316629 18.787249 1e-06 -1e-06 10.751608 -0.47987 1.397903 0.0 -0.0 0.0 3.273804 0.305947 -0.58011 21.48679 11.830364 2.266131 8.162915 0.0 -0.0 18.399052 -3.798986 -4.940567 3e-06 0.0 -1e-06 -7.496211 3.36887 14.930044 -0.021954 0.094443 2.685445 1.242253 -3.142334 -10.784941 1.76354 -1.944545 -4.154206 0.0 -0.0 2e-06 -5.148883 -11.387918 -26.425983 0.200949 0.06515 0.597485 6.848997 -1.115026 5.081244 -1.335411 1.111113 -6.145347 0.0 -0.0 -1e-06 
0.0 0.0 0.0 0.0 -0.0 0.0 22.34968 96.270363 223.676346 6.543562 7.159149 -0.437758 -5.434377 -0.292046 2.501038 -1.258765 -1.252198 -3.961333 -1.603669 -2.972591 9.173921 2.232736 1.861403 -2.239065 -0.785976 0.189138 -3.409595 -1.281031 -0.873512 -12.981709 7.7e-05 -2.2e-05 6e-06 0.034733 0.037869 0.076004 0.706878 -3.718568 -10.62416 -0.641176 3.802163 -10.587356 -11.011006 -7.752905 14.182731 -51.780396 -17.252321 19.110973 -0.092929 -39.515343 -0.013152 5.3363 3.485692 -9.709265 -5.882102 9.861279 0.70259 -10.936861 -0.360574 7.156197 0.0 8.774815 -0.0 -15.613011 18.335518 6.391717 -1.844031 2.498503 -2.507276 -10.16359 4.678941 4.621104 -20.975996 -1e-06 1e-06 -21.226254 2.451698 -3.593995 0.0 -6e-06 -0.0 -1.362681 2.240797 -0.746323 -21.334892 0.58491 3.008319 -13.821196 -1e-06 1e-06 -23.887129 -0.249075 -0.839485 -60.52792 2.654341 -1.306396 -0.294025 1.679686 0.833255 -14.218195 0.093215 1.300579 -34.212002 -0.287561 0.967166 -20.033176 0.964536 1.212838 0.0 -0.0 0.0 -3.440387 0.788233 0.501655 -15.928172 -3.167306 2.999703 -6.338817 -0.0 1e-06 -18.123419 3.648181 -4.905662 -4e-06 0.0 -2e-06 13.666906 6.115121 15.981792 61.485287 3.957882 22.805101 0.003519 29.963856 0.068895 4.477581 -1.785449 -0.433166 2.24354 -5.255033 -3.180156 14.282877 -0.826594 6.952496 -0.0 -12.690593 -1e-06 16.472174 -17.671898 2.369117 1.665665 -1.95592 -2.878297 4.727794 -4.170584 4.993919 11.020511 1e-06 -0.0 12.109032 -3.735715 -2.866778 0.0 -0.0 0.0 1.291985 -1.928548 -1.498088 14.800115 0.567467 3.865604 14.242553 -1.341738 -6.660648 19.631935 0.143921 -0.648243 50.114185 -0.45352 -6.581672 0.353029 -1.51115 -0.03194 20.222769 3.684305 2.316629 18.787249 1e-06 -1e-06 10.751608 -0.47987 1.397903 0.0 -0.0 0.0 3.273804 0.305947 -0.58011 21.48679 11.830364 2.266131 8.162915 0.0 -0.0 18.399052 -3.798986 -4.940567 3e-06 0.0 -1e-06 -6.27468 3.980254 16.630476 -0.057012 -0.061707 4.951195 0.693561 -4.437548 -10.305161 1.820551 -1.928024 -6.684908 0.0 -0.0 2e-06 -4.732634 -10.910131 -27.579254 0.097141 0.198729 -0.910919 9.119515 -1.191849 2.712992 -1.328446 1.052345 -6.325885 0.0 -0.0 -1e-06 
0.0 0.0 0.0 0.0 -0.0 0.0 22.088715 95.887413 228.843597 5.696069 7.497605 -0.07257 -4.830801 -0.198061 2.079631 -1.136232 -1.517059 -4.076653 -1.252442 -3.080222 9.244499 2.07022 1.880848 -2.506834 -0.773322 0.283217 -3.374039 -1.445448 -1.001011 -13.091176 7.7e-05 -2.2e-05 6e-06 0.031341 0.040989 0.094223 0.719433 -3.709055 -10.560947 -0.6594 3.798236 -10.508439 -11.30574 -7.891442 14.505303 -51.936462 -17.103735 18.751936 -0.017268 -39.095062 -0.09618 5.243118 3.324469 -9.426937 -5.882102 9.861279 0.70259 -10.936861 -0.360574 7.156197 0.0 8.774815 -0.0 -15.720489 18.262661 6.330968 -1.844031 2.498503 -2.507276 -10.16359 4.678941 4.621104 -20.975996 -1e-06 1e-06 -21.226254 2.451698 -3.593995 0.0 -6e-06 -0.0 -1.362681 2.240797 -0.746323 -21.334892 0.58491 3.008319 -13.821196 -1e-06 1e-06 -23.887129 -0.249075 -0.839485 -60.593609 2.571986 -1.236841 -0.294025 1.679686 0.833255 -14.218195 0.093215 1.300579 -34.212002 -0.287561 0.967166 -20.033176 0.964536 1.212838 0.0 -0.0 0.0 -3.440387 0.788233 0.501655 -15.928172 -3.167306 2.999703 -6.338817 -0.0 1e-06 -18.123419 3.648181 -4.905662 -4e-06 0.0 -2e-06 14.127057 6.123453 16.264643 61.288033 3.964476 22.590204 -0.025727 28.773542 0.087678 4.677605 -1.87469 -0.911064 2.24354 -5.255033 -3.180156 14.282877 -0.826594 6.952496 -0.0 -12.690593 -1e-06 16.463169 -17.627295 2.318196 1.665665 -1.95592 -2.878297 4.727794 -4.170584 4.993919 11.020511 1e-06 -0.0 12.109032 -3.735715 -2.866778 0.0 -0.0 0.0 1.291985 -1.928548 -1.498088 14.800115 0.567467 3.865604 14.242553 -1.341738 -6.660648 19.631935 0.143921 -0.648243 50.088322 -0.344443 -6.586188 0.353029 -1.51115 -0.03194 20.222769 3.684305 2.316629 18.787249 1e-06 -1e-06 10.751608 -0.47987 1.397903 0.0 -0.0 0.0 3.273804 0.305947 -0.58011 21.48679 11.830364 2.266131 8.162915 0.0 -0.0 18.399052 -3.798986 -4.940567 3e-06 0.0 -1e-06 -4.065532 4.787473 16.581236 0.014309 -0.399349 10.046038 0.331909 -6.21664 -9.039621 1.896104 -1.939806 -11.146372 0.0 -0.0 2e-06 -3.793659 -10.438237 -27.106853 0.191118 0.233632 1.133055 8.842983 -0.216283 3.900955 -1.334329 1.126958 -7.106982 0.0 -0.0 -1e-06 
0.0 0.0 0.0 0.0 -0.0 0.0 21.731674 95.869743 234.218185 3.510745 7.837922 0.74382 -3.16582 -0.218653 1.199153 -0.977971 -1.464351 -4.433032 -0.687839 -3.439634 9.214904 1.803957 2.118792 -2.895809 -0.865027 0.0474 -3.41205 -1.697369 -1.119678 -12.199287 7.7e-05 -2.2e-05 6e-06 0.017192 -0.000626 0.064373 0.707397 -3.740724 -10.520262 -0.671822 3.746334 -10.490478 -12.80313 -7.761067 14.356153 -51.115807 -16.048304 19.382069 0.127409 -38.245663 -0.248097 4.733768 3.225694 -9.249072 -5.882102 9.861279 0.70259 -10.936861 -0.360574 7.156197 0.0 8.774815 -0.0 -15.739532 18.188435 6.269012 -1.844031 2.498503 -2.507276 -10.16359 4.678941 4.621104 -20.975996 -1e-06 1e-06 -21.226254 2.451698 -3.593995 0.0 -6e-06 -0.0 -1.362681 2.240797 -0.746323 -21.334892 0.58491 3.008319 -13.821196 -1e-06 1e-06 -23.887129 -0.249075 -0.839485 -60.43354 2.401978 -1.231736 -0.294025 1.679686 0.833255 -14.218195 0.093215 1.300579 -34.212002 -0.287561 0.967166 -20.033176 0.964536 1.212838 0.0 -0.0 0.0 -3.440387 0.788233 0.501655 -15.928172 -3.167306 2.999703 -6.338817 -0.0 1e-06 -18.123419 3.648181 -4.905662 -4e-06 0.0 -2e-06 15.411456 5.991967 16.088629 60.272396 3.526347 21.756229 0.102613 27.970343 0.19961 4.65158 -2.001682 -1.454343 2.24354 -5.255033 -3.180156 14.282877 -0.826594 6.952496 -0.0 -12.690593 -1e-06 16.281944 -17.670259 2.33489 1.665665 -1.95592 -2.878297 4.727794 -4.170584 4.993919 11.020511 1e-06 -0.0 12.109032 -3.735715 -2.866778 0.0 -0.0 0.0 1.291985 -1.928548 -1.498088 14.800115 0.567467 3.865604 14.242553 -1.341738 -6.660648 19.631935 0.143921 -0.648243 50.158142 -0.332071 -6.606655 0.353029 -1.51115 -0.03194 20.222769 3.684305 2.316629 18.787249 1e-06 -1e-06 10.751608 -0.47987 1.397903 0.0 -0.0 0.0 3.273804 0.305947 -0.58011 21.48679 11.830364 2.266131 8.162915 0.0 -0.0 18.399052 -3.798986 -4.940567 3e-06 0.0 -1e-06 0.069859 6.306652 14.837642 0.047653 -0.655554 16.690668 0.051169 -9.077465 -6.352695 2.019607 -1.809875 -18.01276 0.0 -0.0 2e-06 -1.615301 -8.726102 -27.682135 0.192361 0.175937 5.603374 6.719963 0.494882 9.355394 -1.357753 1.168514 -7.291823 0.0 -0.0 -1e-06 
0.0 0.0 0.0 0.0 -0.0 0.0 21.280914 96.048111 239.516739 1.301889 7.969751 1.236945 -1.743715 -0.242005 0.613188 -0.698604 -1.626331 -4.665945 0.171781 -3.600455 8.96847 1.350448 2.260137 -3.230626 -0.995991 0.259505 -3.524688 -1.878489 -1.084488 -11.745955 7.7e-05 -2.2e-05 6e-06 0.013778 -0.029708 0.023596 0.743452 -3.782917 -10.606134 -0.713209 3.730386 -10.590571 -13.781706 -7.537708 14.30088 -51.451809 -14.794767 19.872444 0.164727 -36.545303 -0.2577 4.366634 3.268041 -8.817448 -5.882102 9.861279 0.70259 -10.936861 -0.360574 7.156197 0.0 8.774815 -0.0 -15.968207 18.031715 6.033484 -1.844031 2.498503 -2.507276 -10.16359 4.678941 4.621104 -20.975996 -1e-06 1e-06 -21.226254 2.451698 -3.593995 0.0 -6e-06 -0.0 -1.362681 2.240797 -0.746323 -21.334892 0.58491 3.008319 -13.821196 -1e-06 1e-06 -23.887129 -0.249075 -0.839485 -60.266415 2.252461 -1.173125 -0.294025 1.679686 0.833255 -14.218195 0.093215 1.300579 -34.212002 -0.287561 0.967166 -20.033176 0.964536 1.212838 0.0 -0.0 0.0 -3.440387 0.788233 0.501655 -15.928172 -3.167306 2.999703 -6.338817 -0.0 1e-06 -18.123419 3.648181 -4.905662 -4e-06 0.0 -2e-06 15.745007 6.254387 15.927081 60.06868 3.436687 20.957251 0.162814 27.055647 0.161486 4.26381 -2.068415 -2.337715 2.24354 -5.255033 -3.180156 14.282877 -0.826594 6.952496 -0.0 -12.690593 -1e-06 16.183636 -17.679741 2.296993 1.665665 -1.95592 -2.878297 4.727794 -4.170584 4.993919 11.020511 1e-06 -0.0 12.109032 -3.735715 -2.866778 0.0 -0.0 0.0 1.291985 -1.928548 -1.498088 14.800115 0.567467 3.865604 14.242553 -1.341738 -6.660648 19.631935 0.143921 -0.648243 49.986454 -0.29795 -6.615708 0.353029 -1.51115 -0.03194 20.222769 3.684305 2.316629 18.787249 1e-06 -1e-06 10.751608 -0.47987 1.397903 0.0 -0.0 0.0 3.273804 0.305947 -0.58011 21.48679 11.830364 2.266131 8.162915 0.0 -0.0 18.399052 -3.798986 -4.940567 3e-06 0.0 -1e-06 4.033575 7.378932 12.011635 -0.032598 -0.783986 25.287554 -0.240219 -10.686403 -0.622274 2.180365 -1.654537 -26.750568 0.0 -0.0 2e-06 0.747196 -7.184863 -28.406979 0.114266 0.077728 10.719031 4.602942 0.415574 12.628729 -1.370372 1.139378 -5.697148 0.0 -0.0 -1e-06 
0.0 0.0 0.0 0.0 -0.0 0.0 20.912086 96.543465 244.436096 -0.370379 7.710574 0.988093 -0.654044 -0.185178 0.701774 -0.412846 -1.67889 -4.661469 0.802506 -3.56877 8.621409 0.994091 2.43833 -3.286465 -0.998507 0.141599 -3.509588 -1.87964 -1.195025 -12.009846 7.7e-05 -2.2e-05 6e-06 0.033601 0.034266 0.010887 0.784244 -3.70358 -10.620104 -0.715914 3.778735 -10.611176 -13.371767 -7.311994 14.512511 -53.635162 -13.925459 20.176279 0.305666 -34.074661 -0.207144 3.934245 3.647378 -8.94446 -5.882102 9.861279 0.70259 -10.936861 -0.360574 7.156197 0.0 8.774815 -0.0 -15.986485 18.029848 5.950094 -1.844031 2.498503 -2.507276 -10.16359 4.678941 4.621104 -20.975996 -1e-06 1e-06 -21.226254 2.451698 -3.593995 0.0 -6e-06 -0.0 -1.362681 2.240797 -0.746323 -21.334892 0.58491 3.008319 -13.821196 -1e-06 1e-06 -23.887129 -0.249075 -0.839485 -60.095871 2.25417 -1.242947 -0.294025 1.679686 0.833255 -14.218195 0.093215 1.300579 -34.212002 -0.287561 0.967166 -20.033176 0.964536 1.212838 0.0 -0.0 0.0 -3.440387 0.788233 0.501655 -15.928172 -3.167306 2.999703 -6.338817 -0.0 1e-06 -18.123419 3.648181 -4.905662 -4e-06 0.0 -2e-06 14.652793 6.896832 16.116087 61.129635 4.128618 20.0446 0.357782 26.311207 0.241805 3.53312 -2.361708 -3.497017 2.24354 -5.255033 -3.180156 14.282877 -0.826594 6.952496 -0.0 -12.690593 -1e-06 16.262009 -17.766514 2.274947 1.665665 -1.95592 -2.878297 4.727794 -4.170584 4.993919 11.020511 1e-06 -0.0 12.109032 -3.735715 -2.866778 0.0 -0.0 0.0 1.291985 -1.928548 -1.498088 14.800115 0.567467 3.865604 14.242553 -1.341738 -6.660648 19.631935 0.143921 -0.648243 49.755199 -0.333417 -6.671351 0.353029 -1.51115 -0.03194 20.222769 3.684305 2.316629 18.787249 1e-06 -1e-06 10.751608 -0.47987 1.397903 0.0 -0.0 0.0 3.273804 0.305947 -0.58011 21.48679 11.830364 2.266131 8.162915 0.0 -0.0 18.399052 -3.798986 -4.940567 3e-06 0.0 -1e-06 6.9591 8.071485 7.98084 -0.145922 -0.884836 36.208786 -1.202247 -11.116954 9.370709 2.293872 -1.452201 -32.018238 0.0 -0.0 2e-06 2.699863 -6.585478 -27.528166 0.132567 -0.117106 14.91963 2.703224 1.21529 11.520012 -1.368252 1.121226 -3.848501 0.0 -0.0 -1e-06 
0.0 0.0 0.0 0.0 -0.0 0.0 20.584362 97.097244 249.030609 -1.476832 7.63744 0.462291 0.139193 -0.088723 1.092593 -0.27321 -1.527259 -4.477189 1.187584 -3.580998 8.359354 0.974887 2.350567 -3.312956 -0.909389 0.016911 -3.492476 -1.99112 -0.897354 -12.302221 7.7e-05 -2.2e-05 6e-06 0.04321 0.060274 0.005037 0.79207 -3.681826 -10.621128 -0.706107 3.804672 -10.598617 -12.91214 -7.119534 14.567308 -55.546879 -13.271996 21.048601 0.354324 -31.710922 -0.233441 3.154508 4.121892 -8.253245 -5.882102 9.861279 0.70259 -10.936861 -0.360574 7.156197 0.0 8.774815 -0.0 -16.040823 17.834742 5.92902 -1.844031 2.498503 -2.507276 -10.16359 4.678941 4.621104 -20.975996 -1e-06 1e-06 -21.226254 2.451698 -3.593995 0.0 -6e-06 -0.0 -1.362681 2.240797 -0.746323 -21.334892 0.58491 3.008319 -13.821196 -1e-06 1e-06 -23.887129 -0.249075 -0.839485 -60.099113 2.242963 -1.23169 -0.294025 1.679686 0.833255 -14.218195 0.093215 1.300579 -34.212002 -0.287561 0.967166 -20.033176 0.964536 1.212838 0.0 -0.0 0.0 -3.440387 0.788233 0.501655 -15.928172 -3.167306 2.999703 -6.338817 -0.0 1e-06 -18.123419 3.648181 -4.905662 -4e-06 0.0 -2e-06 13.667262 7.53681 15.991526 61.682667 4.834718 20.084455 0.4848 26.349972 0.300801 3.09591 -2.38477 -4.46165 2.24354 -5.255033 -3.180156 14.282877 -0.826594 6.952496 -0.0 -12.690593 -1e-06 16.287413 -17.649824 2.290975 1.665665 -1.95592 -2.878297 4.727794 -4.170584 4.993919 11.020511 1e-06 -0.0 12.109032 -3.735715 -2.866778 0.0 -0.0 0.0 1.291985 -1.928548 -1.498088 14.800115 0.567467 3.865604 14.242553 -1.341738 -6.660648 19.631935 0.143921 -0.648243 49.677273 -0.364663 -6.591722 0.353029 -1.51115 -0.03194 20.222769 3.684305 2.316629 18.787249 1e-06 -1e-06 10.751608 -0.47987 1.397903 0.0 -0.0 0.0 3.273804 0.305947 -0.58011 21.48679 11.830364 2.266131 8.162915 0.0 -0.0 18.399052 -3.798986 -4.940567 3e-06 0.0 -1e-06 8.763973 8.028125 2.505374 -0.163691 -0.786942 48.215748 -3.339062 -9.582475 19.019163 2.03721 -1.505049 -22.097097 0.0 -0.0 2e-06 4.172667 -6.717919 -25.482603 0.153647 -0.092103 17.929787 1.106949 1.736036 6.747252 -1.402517 1.073901 -2.935659 0.0 -0.0 -1e-06 
0.0 0.0 0.0 0.0 -0.0 0.0 20.373363 97.6894 253.283188 -2.150326 7.640179 0.009612 0.714038 0.080971 1.41599 -0.229176 -1.279689 -4.351546 1.390783 -3.477293 8.400493 1.050403 2.147665 -3.349872 -0.830761 -0.167334 -3.515179 -1.971581 -0.731599 -12.47756 7.7e-05 -2.2e-05 6e-06 0.027867 0.00692 0.001169 0.765251 -3.734652 -10.608028 -0.710939 3.748417 -10.574181 -13.310093 -6.709787 14.739089 -56.189468 -13.070835 22.308842 0.351927 -29.766924 -0.217471 2.152008 4.685959 -6.882427 -5.882102 9.861279 0.70259 -10.936861 -0.360574 7.156197 0.0 8.774815 -0.0 -16.264219 17.777411 5.944339 -1.844031 2.498503 -2.507276 -10.16359 4.678941 4.621104 -20.975996 -1e-06 1e-06 -21.226254 2.451698 -3.593995 0.0 -6e-06 -0.0 -1.362681 2.240797 -0.746323 -21.334892 0.58491 3.008319 -13.821196 -1e-06 1e-06 -23.887129 -0.249075 -0.839485 -60.324169 2.375361 -1.209778 -0.294025 1.679686 0.833255 -14.218195 0.093215 1.300579 -34.212002 -0.287561 0.967166 -20.033176 0.964536 1.212838 0.0 -0.0 0.0 -3.440387 0.788233 0.501655 -15.928172 -3.167306 2.999703 -6.338817 -0.0 1e-06 -18.123419 3.648181 -4.905662 -4e-06 0.0 -2e-06 13.542439 8.034095 15.812455 60.812706 5.719352 20.952147 0.548001 27.14312 0.250029 2.910986 -2.371313 -4.83499 2.24354 -5.255033 -3.180156 14.282877 -0.826594 6.952496 -0.0 -12.690593 -1e-06 16.248535 -17.53771 2.348308 1.665665 -1.95592 -2.878297 4.727794 -4.170584 4.993919 11.020511 1e-06 -0.0 12.109032 -3.735715 -2.866778 0.0 -0.0 0.0 1.291985 -1.928548 -1.498088 14.800115 0.567467 3.865604 14.242553 -1.341738 -6.660648 19.631935 0.143921 -0.648243 49.840324 -0.379981 -6.46826 0.353029 -1.51115 -0.03194 20.222769 3.684305 2.316629 18.787249 1e-06 -1e-06 10.751608 -0.47987 1.397903 0.0 -0.0 0.0 3.273804 0.305947 -0.58011 21.48679 11.830364 2.266131 8.162915 0.0 -0.0 18.399052 -3.798986 -4.940567 3e-06 0.0 -1e-06 9.274958 8.079641 -3.247381 -0.106621 -0.734847 58.371151 -2.91919 -5.315198 21.995161 1.858155 -1.819733 -8.09929 0.0 -0.0 2e-06 5.116803 -6.934001 -22.569971 0.051796 -0.053173 18.735138 -0.035097 2.059885 3.310009 -1.419552 1.013037 -2.495675 0.0 -0.0 -1e-06 
0.0 0.0 0.0 0.0 -0.0 0.0 20.292128 98.516342 257.562958 -2.166094 7.383255 -0.352296 0.958832 0.286017 1.527803 -0.273442 -0.971987 -4.266643 1.229778 -3.145139 8.594519 1.264153 2.034364 -3.118908 -0.857566 -0.440836 -3.464122 -1.930867 -0.673314 -12.390413 7.7e-05 -2.2e-05 6e-06 0.003522 -0.070174 0.017055 0.722273 -3.81292 -10.587252 -0.716923 3.672533 -10.555219 -13.976199 -6.103554 14.962303 -56.387684 -12.661831 22.973618 0.246988 -28.641081 -0.078487 1.590683 5.041274 -5.797564 -5.882102 9.861279 0.70259 -10.936861 -0.360574 7.156197 0.0 8.774815 -0.0 -16.462751 17.834297 5.89019 -1.844031 2.498503 -2.507276 -10.16359 4.678941 4.621104 -20.975996 -1e-06 1e-06 -21.226254 2.451698 -3.593995 0.0 -6e-06 -0.0 -1.362681 2.240797 -0.746323 -21.334892 0.58491 3.008319 -13.821196 -1e-06 1e-06 -23.887129 -0.249075 -0.839485 -60.358047 2.523026 -1.292977 -0.294025 1.679686 0.833255 -14.218195 0.093215 1.300579 -34.212002 -0.287561 0.967166 -20.033176 0.964536 1.212838 0.0 -0.0 0.0 -3.440387 0.788233 0.501655 -15.928172 -3.167306 2.999703 -6.338817 -0.0 1e-06 -18.123419 3.648181 -4.905662 -4e-06 0.0 -2e-06 13.976257 8.411445 15.822051 59.237495 7.190445 21.921585 0.559549 27.762087 0.219602 2.452102 -2.145058 -4.716745 2.24354 -5.255033 -3.180156 14.282877 -0.826594 6.952496 -0.0 -12.690593 -1e-06 16.332813 -17.544296 2.400758 1.665665 -1.95592 -2.878297 4.727794 -4.170584 4.993919 11.020511 1e-06 -0.0 12.109032 -3.735715 -2.866778 0.0 -0.0 0.0 1.291985 -1.928548 -1.498088 14.800115 0.567467 3.865604 14.242553 -1.341738 -6.660648 19.631935 0.143921 -0.648243 50.022858 -0.488035 -6.490763 0.353029 -1.51115 -0.03194 20.222769 3.684305 2.316629 18.787249 1e-06 -1e-06 10.751608 -0.47987 1.397903 0.0 -0.0 0.0 3.273804 0.305947 -0.58011 21.48679 11.830364 2.266131 8.162915 0.0 -0.0 18.399052 -3.798986 -4.940567 3e-06 0.0 -1e-06 8.52145 9.025599 -8.492409 -0.169733 -0.495987 64.813889 0.308946 -1.56762 17.107996 1.876055 -1.877276 -6.178182 0.0 -0.0 2e-06 5.18399 -6.669699 -18.432856 -0.015127 -0.053688 17.132772 -0.620894 2.125421 1.124329 -1.417068 1.030502 -2.286361 0.0 -0.0 -1e-06 
0.0 0.0 0.0 0.0 -0.0 0.0 20.269663 99.323608 261.973267 -1.844951 6.875391 -0.728295 1.10429 0.486571 1.631355 -0.367484 -0.594507 -4.202175 0.780865 -2.697719 8.651442 1.475446 1.993395 -2.487019 -0.906954 -0.528773 -3.431554 -1.900118 -0.901677 -11.89274 7.7e-05 -2.2e-05 6e-06 -0.005468 -0.093901 0.037623 0.692166 -3.834742 -10.575043 -0.705429 3.647408 -10.557189 -14.176049 -5.360925 15.045418 -56.855549 -11.527 22.85022 0.083775 -28.966362 0.054297 1.401182 5.018414 -5.129982 -5.882102 9.861279 0.70259 -10.936861 -0.360574 7.156197 0.0 8.774815 -0.0 -16.473612 17.919098 5.856063 -1.844031 2.498503 -2.507276 -10.16359 4.678941 4.621104 -20.975996 -1e-06 1e-06 -21.226254 2.451698 -3.593995 0.0 -6e-06 -0.0 -1.362681 2.240797 -0.746323 -21.334892 0.58491 3.008319 -13.821196 -1e-06 1e-06 -23.887129 -0.249075 -0.839485 -60.237366 2.607569 -1.3677 -0.294025 1.679686 0.833255 -14.218195 0.093215 1.300579 -34.212002 -0.287561 0.967166 -20.033176 0.964536 1.212838 0.0 -0.0 0.0 -3.440387 0.788233 0.501655 -15.928172 -3.167306 2.999703 -6.338817 -0.0 1e-06 -18.123419 3.648181 -4.905662 -4e-06 0.0 -2e-06 14.033431 8.879194 15.798559 58.18475 8.811815 22.301565 0.620004 28.333212 0.257651 1.558671 -1.714864 -4.756581 2.24354 -5.255033 -3.180156 14.282877 -0.826594 6.952496 -0.0 -12.690593 -1e-06 16.363455 -17.589462 2.448312 1.665665 -1.95592 -2.878297 4.727794 -4.170584 4.993919 11.020511 1e-06 -0.0 12.109032 -3.735715 -2.866778 0.0 -0.0 0.0 1.291985 -1.928548 -1.498088 14.800115 0.567467 3.865604 14.242553 -1.341738 -6.660648 19.631935 0.143921 -0.648243 50.039131 -0.578146 -6.557245 0.353029 -1.51115 -0.03194 20.222769 3.684305 2.316629 18.787249 1e-06 -1e-06 10.751608 -0.47987 1.397903 0.0 -0.0 0.0 3.273804 0.305947 -0.58011 21.48679 11.830364 2.266131 8.162915 0.0 -0.0 18.399052 -3.798986 -4.940567 3e-06 0.0 -1e-06 6.958283 10.362577 -13.186577 -0.176531 -0.211505 67.163315 2.651633 1.029127 12.339009 1.881683 -1.87075 -6.270704 0.0 -0.0 2e-06 4.80261 -5.829043 -13.53533 -0.009802 -0.080547 14.242145 -0.877262 1.94607 -0.419052 -1.411529 1.061756 -2.192868 0.0 -0.0 -1e-06 
0.0 0.0 0.0 0.0 -0.0 0.0 20.287149 99.834496 266.43399 -1.597186 6.129438 -1.103192 1.333167 0.67286 1.831324 -0.404611 -0.129106 -4.10793 0.285804 -2.197315 8.53626 1.433972 2.067392 -1.782287 -0.942809 -0.671856 -3.441723 -1.803967 -1.157928 -11.306808 7.7e-05 -2.2e-05 6e-06 -0.002142 -0.084803 0.05104 0.683381 -3.822647 -10.574828 -0.691506 3.653867 -10.571519 -14.083352 -4.511992 14.973367 -57.309917 -9.803835 22.585556 0.009307 -30.756075 0.118411 1.318473 4.599014 -5.375165 -5.882102 9.861279 0.70259 -10.936861 -0.360574 7.156197 0.0 8.774815 -0.0 -16.340944 18.014313 5.850466 -1.844031 2.498503 -2.507276 -10.16359 4.678941 4.621104 -20.975996 -1e-06 1e-06 -21.226254 2.451698 -3.593995 0.0 -6e-06 -0.0 -1.362681 2.240797 -0.746323 -21.334892 0.58491 3.008319 -13.821196 -1e-06 1e-06 -23.887129 -0.249075 -0.839485 -60.144466 2.643065 -1.48715 -0.294025 1.679686 0.833255 -14.218195 0.093215 1.300579 -34.212002 -0.287561 0.967166 -20.033176 0.964536 1.212838 0.0 -0.0 0.0 -3.440387 0.788233 0.501655 -15.928172 -3.167306 2.999703 -6.338817 -0.0 1e-06 -18.123419 3.648181 -4.905662 -4e-06 0.0 -2e-06 13.472775 9.477129 15.685802 57.682335 10.323459 22.476608 0.567319 29.417854 0.291981 0.691505 -1.12466 -5.728189 2.24354 -5.255033 -3.180156 14.282877 -0.826594 6.952496 -0.0 -12.690593 -1e-06 16.32048 -17.630131 2.485606 1.665665 -1.95592 -2.878297 4.727794 -4.170584 4.993919 11.020511 1e-06 -0.0 12.109032 -3.735715 -2.866778 0.0 -0.0 0.0 1.291985 -1.928548 -1.498088 14.800115 0.567467 3.865604 14.242553 -1.341738 -6.660648 19.631935 0.143921 -0.648243 49.907917 -0.632549 -6.617738 0.353029 -1.51115 -0.03194 20.222769 3.684305 2.316629 18.787249 1e-06 -1e-06 10.751608 -0.47987 1.397903 0.0 -0.0 0.0 3.273804 0.305947 -0.58011 21.48679 11.830364 2.266131 8.162915 0.0 -0.0 18.399052 -3.798986 -4.940567 3e-06 0.0 -1e-06 5.215326 11.708026 -17.349894 -0.111863 0.02478 66.219101 3.172153 1.97964 8.83766 1.85006 -1.85747 -6.583892 0.0 -0.0 2e-06 4.538946 -4.655455 -8.660361 0.017778 -0.121644 11.336873 -1.01406 1.642865 -1.917542 -1.40786 1.055228 -2.221926 0.0 -0.0 -1e-06 
0.0 0.0 0.0 0.0 -0.0 0.0 20.341312 99.96035 270.874268 -1.616697 5.215982 -1.378516 1.722352 0.792608 2.057357 -0.376385 0.410742 -4.003545 -0.10599 -1.665392 8.394349 1.108623 2.276555 -1.319631 -0.968745 -0.847955 -3.480417 -1.66039 -1.359136 -10.870771 7.7e-05 -2.2e-05 6e-06 -0.003682 -0.093664 0.060631 0.679051 -3.829789 -10.568139 -0.692338 3.64398 -10.574021 -14.190574 -3.659937 14.84496 -57.326115 -7.983961 22.362329 0.015013 -32.982491 0.122739 1.429202 4.123544 -6.080954 -5.882102 9.861279 0.70259 -10.936861 -0.360574 7.156197 0.0 8.774815 -0.0 -16.225677 18.09631 5.875031 -1.844031 2.498503 -2.507276 -10.16359 4.678941 4.621104 -20.975996 -1e-06 1e-06 -21.226254 2.451698 -3.593995 0.0 -6e-06 -0.0 -1.362681 2.240797 -0.746323 -21.334892 0.58491 3.008319 -13.821196 -1e-06 1e-06 -23.887129 -0.249075 -0.839485 -60.159672 2.657439 -1.532369 -0.294025 1.679686 0.833255 -14.218195 0.093215 1.300579 -34.212002 -0.287561 0.967166 -20.033176 0.964536 1.212838 0.0 -0.0 0.0 -3.440387 0.788233 0.501655 -15.928172 -3.167306 2.999703 -6.338817 -0.0 1e-06 -18.123419 3.648181 -4.905662 -4e-06 0.0 -2e-06 12.703275 10.146317 15.551411 57.051254 11.844718 22.705568 0.477531 31.166836 0.296101 0.05726 -0.456142 -7.034366 2.24354 -5.255033 -3.180156 14.282877 -0.826594 6.952496 -0.0 -12.690593 -1e-06 16.26605 -17.67304 2.529767 1.665665 -1.95592 -2.878297 4.727794 -4.170584 4.993919 11.020511 1e-06 -0.0 12.109032 -3.735715 -2.866778 0.0 -0.0 0.0 1.291985 -1.928548 -1.498088 14.800115 0.567467 3.865604 14.242553 -1.341738 -6.660648 19.631935 0.143921 -0.648243 49.811989 -0.662191 -6.59953 0.353029 -1.51115 -0.03194 20.222769 3.684305 2.316629 18.787249 1e-06 -1e-06 10.751608 -0.47987 1.397903 0.0 -0.0 0.0 3.273804 0.305947 -0.58011 21.48679 11.830364 2.266131 8.162915 0.0 -0.0 18.399052 -3.798986 -4.940567 3e-06 0.0 -1e-06 3.664534 12.715138 -21.16843 0.010464 0.267543 62.486916 2.230889 1.680614 6.166528 1.816151 -1.847993 -6.85224 0.0 -0.0 2e-06 4.636194 -3.500795 -4.285931 0.029616 -0.147835 9.075259 -1.123326 1.328618 -3.730695 -1.413912 1.019111 -2.330518 0.0 -0.0 -1e-06 
0.0 0.0 0.0 0.0 -0.0 0.0 20.460293 99.751854 275.145233 -1.890517 4.245612 -1.520477 2.20873 0.821668 2.251518 -0.300627 0.930066 -3.920781 -0.320645 -1.147039 8.320328 0.590894 2.503314 -1.158538 -0.961963 -0.88682 -3.529545 -1.605098 -1.531333 -10.661503 7.7e-05 -2.2e-05 6e-06 -0.008209 -0.109669 0.067887 0.671866 -3.843084 -10.548381 -0.696453 3.625698 -10.562904 -14.636097 -2.900213 14.807778 -57.032925 -6.66947 22.043631 0.045054 -34.275372 0.107041 1.809695 3.940596 -6.421676 -5.882102 9.861279 0.70259 -10.936861 -0.360574 7.156197 0.0 8.774815 -0.0 -16.183393 18.1229 5.90889 -1.844031 2.498503 -2.507276 -10.16359 4.678941 4.621104 -20.975996 -1e-06 1e-06 -21.226254 2.451698 -3.593995 0.0 -6e-06 -0.0 -1.362681 2.240797 -0.746323 -21.334892 0.58491 3.008319 -13.821196 -1e-06 1e-06 -23.887129 -0.249075 -0.839485 -60.223724 2.632197 -1.436554 -0.294025 1.679686 0.833255 -14.218195 0.093215 1.300579 -34.212002 -0.287561 0.967166 -20.033176 0.964536 1.212838 0.0 -0.0 0.0 -3.440387 0.788233 0.501655 -15.928172 -3.167306 2.999703 -6.338817 -0.0 1e-06 -18.123419 3.648181 -4.905662 -4e-06 0.0 -2e-06 12.022372 10.83291 15.465055 56.060837 13.487577 22.786175 0.426905 33.227917 0.278353 -0.463235 0.175217 -7.933207 2.24354 -5.255033 -3.180156 14.282877 -0.826594 6.952496 -0.0 -12.690593 -1e-06 16.191978 -17.705688 2.570585 1.665665 -1.95592 -2.878297 4.727794 -4.170584 4.993919 11.020511 1e-06 -0.0 12.109032 -3.735715 -2.866778 0.0 -0.0 0.0 1.291985 -1.928548 -1.498088 14.800115 0.567467 3.865604 14.242553 -1.341738 -6.660648 19.631935 0.143921 -0.648243 49.779167 -0.693467 -6.500109 0.353029 -1.51115 -0.03194 20.222769 3.684305 2.316629 18.787249 1e-06 -1e-06 10.751608 -0.47987 1.397903 0.0 -0.0 0.0 3.273804 0.305947 -0.58011 21.48679 11.830364 2.266131 8.162915 0.0 -0.0 18.399052 -3.798986 -4.940567 3e-06 0.0 -1e-06 2.486188 12.9802 -24.343349 0.155045 0.452699 55.965919 0.858268 1.134068 4.274634 1.810072 -1.87317 -7.041453 0.0 -0.0 2e-06 4.994501 -2.635744 -0.566095 0.020034 -0.116064 7.522292 -1.287042 1.175952 -5.874379 -1.424003 0.980009 -2.342772 0.0 -0.0 -1e-06 
0.0 0.0 0.0 0.0 -0.0 0.0 20.664618 99.321953 279.20578 -2.322146 3.278758 -1.500487 2.685587 0.764027 2.340963 -0.209081 1.381937 -3.875781 -0.373411 -0.725333 8.338909 0.012113 2.675929 -1.141714 -0.908081 -0.752759 -3.561838 -1.658199 -1.62439 -10.643405 7.7e-05 -2.2e-05 6e-06 -0.002302 -0.087601 0.066958 0.664673 -3.818851 -10.531699 -0.679348 3.644889 -10.559896 -15.270558 -2.213449 14.78422 -56.736511 -5.815343 21.680466 0.093243 -34.386906 0.103597 2.230943 4.05031 -6.338614 -5.882102 9.861279 0.70259 -10.936861 -0.360574 7.156197 0.0 8.774815 -0.0 -16.197226 18.114849 5.926513 -1.844031 2.498503 -2.507276 -10.16359 4.678941 4.621104 -20.975996 -1e-06 1e-06 -21.226254 2.451698 -3.593995 0.0 -6e-06 -0.0 -1.362681 2.240797 -0.746323 -21.334892 0.58491 3.008319 -13.821196 -1e-06 1e-06 -23.887129 -0.249075 -0.839485 -60.283939 2.572096 -1.296959 -0.294025 1.679686 0.833255 -14.218195 0.093215 1.300579 -34.212002 -0.287561 0.967166 -20.033176 0.964536 1.212838 0.0 -0.0 0.0 -3.440387 0.788233 0.501655 -15.928172 -3.167306 2.999703 -6.338817 -0.0 1e-06 -18.123419 3.648181 -4.905662 -4e-06 0.0 -2e-06 11.501648 11.522483 15.431748 54.913212 15.270183 22.616449 0.345642 35.156818 0.260019 -0.928059 0.725143 -8.34075 2.24354 -5.255033 -3.180156 14.282877 -0.826594 6.952496 -0.0 -12.690593 -1e-06 16.128101 -17.735315 2.582785 1.665665 -1.95592 -2.878297 4.727794 -4.170584 4.993919 11.020511 1e-06 -0.0 12.109032 -3.735715 -2.866778 0.0 -0.0 0.0 1.291985 -1.928548 -1.498088 14.800115 0.567467 3.865604 14.242553 -1.341738 -6.660648 19.631935 0.143921 -0.648243 49.746178 -0.723711 -6.429548 0.353029 -1.51115 -0.03194 20.222769 3.684305 2.316629 18.787249 1e-06 -1e-06 10.751608 -0.47987 1.397903 0.0 -0.0 0.0 3.273804 0.305947 -0.58011 21.48679 11.830364 2.266131 8.162915 0.0 -0.0 18.399052 -3.798986 -4.940567 3e-06 0.0 -1e-06 1.786151 12.394342 -26.596006 0.268766 0.532778 46.705578 0.019016 1.172229 3.900545 1.808912 -1.940352 -7.256373 0.0 -0.0 2e-06 5.48515 -2.045075 2.672493 -0.008473 -0.012592 6.308538 -1.617425 1.218385 -7.909081 -1.428473 0.959593 -2.221881 0.0 -0.0 -1e-06 
0.0 0.0 0.0 0.0 -0.0 0.0 20.9578 98.747597 283.218658 -2.863239 2.28907 -1.302601 3.130756 0.687348 2.319925 -0.129719 1.695032 -3.871485 -0.293908 -0.377272 8.367953 -0.514865 2.832827 -1.130428 -0.838242 -0.544057 -3.572927 -1.722916 -1.639988 -10.720778 7.7e-05 -2.2e-05 6e-06 0.011378 -0.040778 0.060687 0.67061 -3.773396 -10.54676 -0.65927 3.692791 -10.584063 -15.84309 -1.594467 14.750164 -56.695671 -5.196174 21.297241 0.114941 -33.75779 0.121651 2.489546 4.408764 -5.774122 -5.882102 9.861279 0.70259 -10.936861 -0.360574 7.156197 0.0 8.774815 -0.0 -16.200665 18.071835 5.945523 -1.844031 2.498503 -2.507276 -10.16359 4.678941 4.621104 -20.975996 -1e-06 1e-06 -21.226254 2.451698 -3.593995 0.0 -6e-06 -0.0 -1.362681 2.240797 -0.746323 -21.334892 0.58491 3.008319 -13.821196 -1e-06 1e-06 -23.887129 -0.249075 -0.839485 -60.308884 2.564599 -1.197298 -0.294025 1.679686 0.833255 -14.218195 0.093215 1.300579 -34.212002 -0.287561 0.967166 -20.033176 0.964536 1.212838 0.0 -0.0 0.0 -3.440387 0.788233 0.501655 -15.928172 -3.167306 2.999703 -6.338817 -0.0 1e-06 -18.123419 3.648181 -4.905662 -4e-06 0.0 -2e-06 11.042827 12.19144 15.309251 53.974533 16.956881 22.149704 0.246113 36.779968 0.268794 -1.340081 1.115168 -8.406249 2.24354 -5.255033 -3.180156 14.282877 -0.826594 6.952496 -0.0 -12.690593 -1e-06 16.086992 -17.741859 2.57137 1.665665 -1.95592 -2.878297 4.727794 -4.170584 4.993919 11.020511 1e-06 -0.0 12.109032 -3.735715 -2.866778 0.0 -0.0 0.0 1.291985 -1.928548 -1.498088 14.800115 0.567467 3.865604 14.242553 -1.341738 -6.660648 19.631935 0.143921 -0.648243 49.69186 -0.738261 -6.458104 0.353029 -1.51115 -0.03194 20.222769 3.684305 2.316629 18.787249 1e-06 -1e-06 10.751608 -0.47987 1.397903 0.0 -0.0 0.0 3.273804 0.305947 -0.58011 21.48679 11.830364 2.266131 8.162915 0.0 -0.0 18.399052 -3.798986 -4.940567 3e-06 0.0 -1e-06 1.607874 11.424034 -27.8018 0.319118 0.574811 34.972229 0.306483 1.90815 5.219569 1.787958 -1.982676 -7.218143 0.0 -0.0 2e-06 5.976828 -1.691076 6.033624 -0.0463 0.085535 4.561432 -2.023281 1.559762 -9.653785 -1.426559 0.964635 -2.120067 0.0 -0.0 -1e-06 
0.0 0.0 0.0 0.0 -0.0 0.0 21.335052 98.036469 287.345001 -3.561518 1.262204 -1.049332 3.58931 0.689006 2.269448 -0.064581 1.84057 -3.879067 -0.120051 -0.124708 8.347061 -0.8968 2.9871 -1.121898 -0.814315 -0.407361 -3.588784 -1.677153 -1.445098 -10.790188 7.7e-05 -2.2e-05 6e-06 0.022056 -0.017859 0.059209 0.690372 -3.757483 -10.598277 -0.65872 3.723381 -10.624966 -16.127033 -1.036835 14.789268 -57.022442 -4.675281 20.918774 0.0953 -32.880383 0.11782 2.480395 4.880811 -4.974793 -5.882102 9.861279 0.70259 -10.936861 -0.360574 7.156197 0.0 8.774815 -0.0 -16.147747 17.980171 6.022365 -1.844031 2.498503 -2.507276 -10.16359 4.678941 4.621104 -20.975996 -1e-06 1e-06 -21.226254 2.451698 -3.593995 0.0 -6e-06 -0.0 -1.362681 2.240797 -0.746323 -21.334892 0.58491 3.008319 -13.821196 -1e-06 1e-06 -23.887129 -0.249075 -0.839485 -60.335178 2.608346 -1.074053 -0.294025 1.679686 0.833255 -14.218195 0.093215 1.300579 -34.212002 -0.287561 0.967166 -20.033176 0.964536 1.212838 0.0 -0.0 0.0 -3.440387 0.788233 0.501655 -15.928172 -3.167306 2.999703 -6.338817 -0.0 1e-06 -18.123419 3.648181 -4.905662 -4e-06 0.0 -2e-06 10.574277 12.824461 15.069948 53.499966 18.407104 21.36128 0.153699 38.100155 0.279306 -1.694891 1.327939 -8.148286 2.24354 -5.255033 -3.180156 14.282877 -0.826594 6.952496 -0.0 -12.690593 -1e-06 16.000448 -17.649235 2.581903 1.665665 -1.95592 -2.878297 4.727794 -4.170584 4.993919 11.020511 1e-06 -0.0 12.109032 -3.735715 -2.866778 0.0 -0.0 0.0 1.291985 -1.928548 -1.498088 14.800115 0.567467 3.865604 14.242553 -1.341738 -6.660648 19.631935 0.143921 -0.648243 49.583195 -0.766429 -6.496009 0.353029 -1.51115 -0.03194 20.222769 3.684305 2.316629 18.787249 1e-06 -1e-06 10.751608 -0.47987 1.397903 0.0 -0.0 0.0 3.273804 0.305947 -0.58011 21.48679 11.830364 2.266131 8.162915 0.0 -0.0 18.399052 -3.798986 -4.940567 3e-06 0.0 -1e-06 2.131433 10.388516 -27.811707 0.230742 0.589102 21.512953 1.144786 2.557327 7.120335 1.763574 -1.964816 -6.675638 0.0 -0.0 2e-06 6.403487 -1.559775 9.406279 -0.075992 0.110759 2.837354 -2.291684 2.222832 -11.048983 -1.427587 0.977084 -2.323656 0.0 -0.0 -1e-06 
0.0 0.0 0.0 0.0 -0.0 0.0 21.767235 97.225822 291.683624 -4.412413 0.375106 -0.770205 4.018387 0.573979 2.184095 -0.011557 1.969864 -3.933681 0.134217 -0.054561 8.315782 -1.053622 3.072085 -1.228917 -0.856922 -0.133208 -3.53161 -1.669854 -1.054357 -10.959882 7.7e-05 -2.2e-05 6e-06 0.037029 0.051426 0.073629 0.720088 -3.70445 -10.651743 -0.65936 3.808297 -10.66862 -16.116673 -0.547873 14.977923 -57.632015 -4.204695 20.555733 0.119503 -32.03307 0.090413 2.170465 5.29934 -4.368612 -5.882102 9.861279 0.70259 -10.936861 -0.360574 7.156197 0.0 8.774815 -0.0 -16.137491 17.966232 6.050671 -1.844031 2.498503 -2.507276 -10.16359 4.678941 4.621104 -20.975996 -1e-06 1e-06 -21.226254 2.451698 -3.593995 0.0 -6e-06 -0.0 -1.362681 2.240797 -0.746323 -21.334892 0.58491 3.008319 -13.821196 -1e-06 1e-06 -23.887129 -0.249075 -0.839485 -60.402245 2.594497 -0.995761 -0.294025 1.679686 0.833255 -14.218195 0.093215 1.300579 -34.212002 -0.287561 0.967166 -20.033176 0.964536 1.212838 0.0 -0.0 0.0 -3.440387 0.788233 0.501655 -15.928172 -3.167306 2.999703 -6.338817 -0.0 1e-06 -18.123419 3.648181 -4.905662 -4e-06 0.0 -2e-06 10.156629 13.316569 14.810891 53.48246 19.613859 20.359917 0.156728 39.270721 0.358398 -2.127893 1.514993 -7.86865 2.24354 -5.255033 -3.180156 14.282877 -0.826594 6.952496 -0.0 -12.690593 -1e-06 15.916103 -17.568972 2.648445 1.665665 -1.95592 -2.878297 4.727794 -4.170584 4.993919 11.020511 1e-06 -0.0 12.109032 -3.735715 -2.866778 0.0 -0.0 0.0 1.291985 -1.928548 -1.498088 14.800115 0.567467 3.865604 14.242553 -1.341738 -6.660648 19.631935 0.143921 -0.648243 49.726028 -0.95581 -6.447998 0.353029 -1.51115 -0.03194 20.222769 3.684305 2.316629 18.787249 1e-06 -1e-06 10.751608 -0.47987 1.397903 0.0 -0.0 0.0 3.273804 0.305947 -0.58011 21.48679 11.830364 2.266131 8.162915 0.0 -0.0 18.399052 -3.798986 -4.940567 3e-06 0.0 -1e-06 3.353694 9.208998 -27.404181 0.053585 0.410426 8.655931 0.602399 2.605292 7.545014 1.688715 -2.027121 -6.003359 0.0 -0.0 2e-06 6.764187 -1.902044 12.001796 -0.078847 -0.007945 3.006508 -2.459832 3.189724 -12.423983 -1.447032 0.902775 -2.994201 0.0 -0.0 -1e-06 
0.0 0.0 0.0 0.0 -0.0 0.0 22.309456 96.361725 296.220551 -5.208993 -0.365229 -0.326998 4.275003 0.418846 1.937946 0.024786 2.062345 -4.064055 0.510225 -0.14197 8.438466 -1.305223 3.178223 -1.586157 -0.807594 0.126846 -3.550059 -1.614649 -0.659964 -11.066775 7.7e-05 -2.2e-05 6e-06 0.024013 0.008849 0.082349 0.696522 -3.753629 -10.659659 -0.662542 3.771899 -10.665507 -16.214739 -0.293979 14.883099 -58.172443 -3.566162 20.207497 0.088403 -31.041212 0.069754 1.71443 5.424031 -4.608897 -5.882102 9.861279 0.70259 -10.936861 -0.360574 7.156197 0.0 8.774815 -0.0 -16.133545 18.004053 5.994484 -1.844031 2.498503 -2.507276 -10.16359 4.678941 4.621104 -20.975996 -1e-06 1e-06 -21.226254 2.451698 -3.593995 0.0 -6e-06 -0.0 -1.362681 2.240797 -0.746323 -21.334892 0.58491 3.008319 -13.821196 -1e-06 1e-06 -23.887129 -0.249075 -0.839485 -60.425121 2.626813 -1.067273 -0.294025 1.679686 0.833255 -14.218195 0.093215 1.300579 -34.212002 -0.287561 0.967166 -20.033176 0.964536 1.212838 0.0 -0.0 0.0 -3.440387 0.788233 0.501655 -15.928172 -3.167306 2.999703 -6.338817 -0.0 1e-06 -18.123419 3.648181 -4.905662 -4e-06 0.0 -2e-06 10.177087 13.527146 14.671568 53.320095 20.615482 19.596682 0.071053 40.319862 0.377014 -2.372484 1.772703 -8.000472 2.24354 -5.255033 -3.180156 14.282877 -0.826594 6.952496 -0.0 -12.690593 -1e-06 15.747784 -17.534666 2.713047 1.665665 -1.95592 -2.878297 4.727794 -4.170584 4.993919 11.020511 1e-06 -0.0 12.109032 -3.735715 -2.866778 0.0 -0.0 0.0 1.291985 -1.928548 -1.498088 14.800115 0.567467 3.865604 14.242553 -1.341738 -6.660648 19.631935 0.143921 -0.648243 49.681458 -0.950982 -6.441654 0.353029 -1.51115 -0.03194 20.222769 3.684305 2.316629 18.787249 1e-06 -1e-06 10.751608 -0.47987 1.397903 0.0 -0.0 0.0 3.273804 0.305947 -0.58011 21.48679 11.830364 2.266131 8.162915 0.0 -0.0 18.399052 -3.798986 -4.940567 3e-06 0.0 -1e-06 4.461464 8.585326 -27.760744 -0.001583 0.245993 0.168354 -2.326614 3.045473 6.625587 1.578458 -2.110986 -5.92305 0.0 -0.0 2e-06 6.831865 -2.492437 14.58365 -0.071487 -0.056632 2.989209 -2.094524 4.530421 -13.043581 -1.443666 0.835857 -4.047776 0.0 -0.0 -1e-06 
0.0 0.0 0.0 0.0 -0.0 0.0 22.937187 95.634956 300.813843 -5.552676 -0.916136 0.128153 4.208183 0.344956 1.7317 0.024269 2.021781 -4.183061 0.700547 -0.232073 8.580927 -1.534631 3.121356 -2.083103 -0.604861 0.344253 -3.514718 -1.4923 -0.225379 -11.470183 7.7e-05 -2.2e-05 6e-06 0.006017 -0.060581 0.085313 0.683861 -3.813625 -10.630208 -0.686423 3.693077 -10.632408 -16.384201 -0.288914 14.770994 -58.384628 -3.128565 20.03129 -0.03799 -29.956247 0.102178 1.418599 5.415865 -5.378298 -5.882102 9.861279 0.70259 -10.936861 -0.360574 7.156197 0.0 8.774815 -0.0 -16.163858 17.964514 5.914763 -1.844031 2.498503 -2.507276 -10.16359 4.678941 4.621104 -20.975996 -1e-06 1e-06 -21.226254 2.451698 -3.593995 0.0 -6e-06 -0.0 -1.362681 2.240797 -0.746323 -21.334892 0.58491 3.008319 -13.821196 -1e-06 1e-06 -23.887129 -0.249075 -0.839485 -60.400013 2.557024 -1.060337 -0.294025 1.679686 0.833255 -14.218195 0.093215 1.300579 -34.212002 -0.287561 0.967166 -20.033176 0.964536 1.212838 0.0 -0.0 0.0 -3.440387 0.788233 0.501655 -15.928172 -3.167306 2.999703 -6.338817 -0.0 1e-06 -18.123419 3.648181 -4.905662 -4e-06 0.0 -2e-06 10.452432 13.534534 14.667915 53.420925 21.25799 19.059885 -0.226616 40.988655 0.281436 -2.604011 2.181946 -8.476724 2.24354 -5.255033 -3.180156 14.282877 -0.826594 6.952496 -0.0 -12.690593 -1e-06 15.709475 -17.573019 2.740088 1.665665 -1.95592 -2.878297 4.727794 -4.170584 4.993919 11.020511 1e-06 -0.0 12.109032 -3.735715 -2.866778 0.0 -0.0 0.0 1.291985 -1.928548 -1.498088 14.800115 0.567467 3.865604 14.242553 -1.341738 -6.660648 19.631935 0.143921 -0.648243 49.663677 -0.865094 -6.400771 0.353029 -1.51115 -0.03194 20.222769 3.684305 2.316629 18.787249 1e-06 -1e-06 10.751608 -0.47987 1.397903 0.0 -0.0 0.0 3.273804 0.305947 -0.58011 21.48679 11.830364 2.266131 8.162915 0.0 -0.0 18.399052 -3.798986 -4.940567 3e-06 0.0 -1e-06 4.4966 8.977089 -29.224953 0.005714 0.073987 -1.364734 -5.911856 3.853376 5.067055 1.508148 -2.134386 -6.096947 0.0 -0.0 2e-06 6.139028 -3.388445 16.195446 -0.135811 0.00435 4.877054 -1.423799 6.081214 -12.978709 -1.426359 0.81184 -6.03804 0.0 -0.0 -1e-06 
0.0 0.0 0.0 0.0 -0.0 0.0 23.70223 95.206459 305.503662 -4.702339 -1.244507 0.763658 3.330315 0.344107 1.257457 -0.078812 2.016215 -4.375435 0.436533 -0.350773 8.639692 -1.497727 3.078438 -2.518062 -0.525714 0.47893 -3.447096 -1.264414 -0.022122 -11.423805 7.7e-05 -2.2e-05 6e-06 0.005042 -0.069705 0.076312 0.705522 -3.818265 -10.652338 -0.709072 3.679039 -10.658138 -16.715593 -0.464819 14.707884 -58.105103 -2.751242 19.927553 -0.214238 -28.893251 0.131667 1.208495 5.521997 -5.750449 -5.882102 9.861279 0.70259 -10.936861 -0.360574 7.156197 0.0 8.774815 -0.0 -16.285162 17.987936 5.927406 -1.844031 2.498503 -2.507276 -10.16359 4.678941 4.621104 -20.975996 -1e-06 1e-06 -21.226254 2.451698 -3.593995 0.0 -6e-06 -0.0 -1.362681 2.240797 -0.746323 -21.334892 0.58491 3.008319 -13.821196 -1e-06 1e-06 -23.887129 -0.249075 -0.839485 -60.397957 2.552992 -1.053271 -0.294025 1.679686 0.833255 -14.218195 0.093215 1.300579 -34.212002 -0.287561 0.967166 -20.033176 0.964536 1.212838 0.0 -0.0 0.0 -3.440387 0.788233 0.501655 -15.928172 -3.167306 2.999703 -6.338817 -0.0 1e-06 -18.123419 3.648181 -4.905662 -4e-06 0.0 -2e-06 11.229925 13.206647 14.766239 53.819366 21.153059 18.709354 -0.631324 40.97979 0.071358 -2.974341 2.553592 -9.21065 2.24354 -5.255033 -3.180156 14.282877 -0.826594 6.952496 -0.0 -12.690593 -1e-06 15.847224 -17.583662 2.750184 1.665665 -1.95592 -2.878297 4.727794 -4.170584 4.993919 11.020511 1e-06 -0.0 12.109032 -3.735715 -2.866778 0.0 -0.0 0.0 1.291985 -1.928548 -1.498088 14.800115 0.567467 3.865604 14.242553 -1.341738 -6.660648 19.631935 0.143921 -0.648243 49.762505 -0.83498 -6.38359 0.353029 -1.51115 -0.03194 20.222769 3.684305 2.316629 18.787249 1e-06 -1e-06 10.751608 -0.47987 1.397903 0.0 -0.0 0.0 3.273804 0.305947 -0.58011 21.48679 11.830364 2.266131 8.162915 0.0 -0.0 18.399052 -3.798986 -4.940567 3e-06 0.0 -1e-06 2.971243 9.357476 -29.465603 -0.036849 -0.044137 0.253779 -7.161094 3.494866 5.685983 1.550123 -2.162846 -6.667411 0.0 -0.0 2e-06 3.971694 -4.123435 17.10087 -0.165851 0.162938 8.049847 -0.584598 7.366719 -11.236372 -1.432016 0.848922 -9.903132 0.0 -0.0 -1e-06 
0.0 0.0 0.0 0.0 -0.0 0.0 24.59413 95.204346 310.541229 -2.427093 -1.360359 1.76473 1.459244 0.25923 0.362229 -0.341458 2.155896 -4.677081 -0.264244 -0.449537 8.600679 -1.15138 2.992706 -3.092228 -0.41273 0.865574 -3.490157 -1.237791 0.081493 -10.497607 7.7e-05 -2.2e-05 6e-06 0.010423 -0.066352 0.058117 0.707608 -3.799127 -10.626903 -0.698925 3.665635 -10.635825 -17.432161 -0.724551 14.493906 -57.298302 -2.364753 19.869562 -0.243597 -27.667542 0.116072 0.739433 5.741638 -5.853824 -5.882102 9.861279 0.70259 -10.936861 -0.360574 7.156197 0.0 8.774815 -0.0 -16.390715 17.955482 6.00201 -1.844031 2.498503 -2.507276 -10.16359 4.678941 4.621104 -20.975996 -1e-06 1e-06 -21.226254 2.451698 -3.593995 0.0 -6e-06 -0.0 -1.362681 2.240797 -0.746323 -21.334892 0.58491 3.008319 -13.821196 -1e-06 1e-06 -23.887129 -0.249075 -0.839485 -60.621372 2.527296 -0.947474 -0.294025 1.679686 0.833255 -14.218195 0.093215 1.300579 -34.212002 -0.287561 0.967166 -20.033176 0.964536 1.212838 0.0 -0.0 0.0 -3.440387 0.788233 0.501655 -15.928172 -3.167306 2.999703 -6.338817 -0.0 1e-06 -18.123419 3.648181 -4.905662 -4e-06 0.0 -2e-06 12.962827 12.672159 14.995148 53.850002 20.105097 18.042917 -0.639213 40.183048 0.026722 -3.473873 2.832021 -9.889893 2.24354 -5.255033 -3.180156 14.282877 -0.826594 6.952496 -0.0 -12.690593 -1e-06 15.83042 -17.500599 2.819852 1.665665 -1.95592 -2.878297 4.727794 -4.170584 4.993919 11.020511 1e-06 -0.0 12.109032 -3.735715 -2.866778 0.0 -0.0 0.0 1.291985 -1.928548 -1.498088 14.800115 0.567467 3.865604 14.242553 -1.341738 -6.660648 19.631935 0.143921 -0.648243 49.949081 -0.735851 -6.217899 0.353029 -1.51115 -0.03194 20.222769 3.684305 2.316629 18.787249 1e-06 -1e-06 10.751608 -0.47987 1.397903 0.0 -0.0 0.0 3.273804 0.305947 -0.58011 21.48679 11.830364 2.266131 8.162915 0.0 -0.0 18.399052 -3.798986 -4.940567 3e-06 0.0 -1e-06 0.115159 8.708261 -29.465014 -0.105413 -0.050626 3.233275 -4.559279 2.650444 11.51962 1.706553 -2.056978 -7.099755 0.0 -0.0 2e-06 -0.014057 -4.940141 16.083195 -0.095925 0.258932 13.908469 -0.020001 9.050777 -7.770431 -1.472091 0.84323 -17.856422 0.0 -0.0 -1e-06 
0.0 0.0 0.0 0.0 -0.0 0.0 25.49864 95.539886 315.763672 0.039857 -1.020468 2.336416 -0.237692 0.138126 -0.112162 -0.691837 2.249317 -4.900579 -1.301225 -0.53904 8.427881 -0.731973 2.738277 -3.627578 -0.498452 0.800766 -3.498093 -0.926216 0.081538 -10.213477 7.7e-05 -2.2e-05 6e-06 0.024248 -0.066694 0.033506 0.715682 -3.796448 -10.579501 -0.679441 3.662741 -10.610518 -17.599779 -1.369516 14.4161 -56.854111 -2.435617 20.153461 -0.115725 -26.359772 0.072457 0.051061 5.637194 -6.387208 -5.882102 9.861279 0.70259 -10.936861 -0.360574 7.156197 0.0 8.774815 -0.0 -16.468067 17.975103 5.92701 -1.844031 2.498503 -2.507276 -10.16359 4.678941 4.621104 -20.975996 -1e-06 1e-06 -21.226254 2.451698 -3.593995 0.0 -6e-06 -0.0 -1.362681 2.240797 -0.746323 -21.334892 0.58491 3.008319 -13.821196 -1e-06 1e-06 -23.887129 -0.249075 -0.839485 -60.56089 2.621351 -1.011414 -0.294025 1.679686 0.833255 -14.218195 0.093215 1.300579 -34.212002 -0.287561 0.967166 -20.033176 0.964536 1.212838 0.0 -0.0 0.0 -3.440387 0.788233 0.501655 -15.928172 -3.167306 2.999703 -6.338817 -0.0 1e-06 -18.123419 3.648181 -4.905662 -4e-06 0.0 -2e-06 14.11725 11.948751 14.97562 55.027824 18.604105 16.99074 -0.216959 38.244167 0.296911 -3.707884 2.859569 -9.723812 2.24354 -5.255033 -3.180156 14.282877 -0.826594 6.952496 -0.0 -12.690593 -1e-06 15.729347 -17.59103 2.910537 1.665665 -1.95592 -2.878297 4.727794 -4.170584 4.993919 11.020511 1e-06 -0.0 12.109032 -3.735715 -2.866778 0.0 -0.0 0.0 1.291985 -1.928548 -1.498088 14.800115 0.567467 3.865604 14.242553 -1.341738 -6.660648 19.631935 0.143921 -0.648243 50.133293 -0.714348 -6.204944 0.353029 -1.51115 -0.03194 20.222769 3.684305 2.316629 18.787249 1e-06 -1e-06 10.751608 -0.47987 1.397903 0.0 -0.0 0.0 3.273804 0.305947 -0.58011 21.48679 11.830364 2.266131 8.162915 0.0 -0.0 18.399052 -3.798986 -4.940567 3e-06 0.0 -1e-06 -2.717902 7.356296 -29.374355 -0.056694 -0.039359 6.734058 -1.404347 1.94631 16.894106 1.734671 -2.014057 -5.326817 0.0 -0.0 2e-06 -4.196233 -6.278511 13.554265 -0.134808 0.441621 22.73473 0.24205 10.093161 -1.098514 -1.541156 0.812267 -27.314507 0.0 -0.0 -1e-06 
0.0 0.0 0.0 0.0 -0.0 0.0 26.319412 96.107307 320.692078 1.721286 -0.143661 1.882808 -1.084546 0.050629 0.221695 -0.927899 2.137947 -4.727828 -2.334644 -0.468273 8.111438 -0.525025 2.565627 -3.7217 -0.719674 0.567936 -3.464832 -0.556471 -0.302095 -10.716979 7.7e-05 -2.2e-05 6e-06 0.036851 -0.030705 0.040068 0.739789 -3.746799 -10.526968 -0.680433 3.684598 -10.554084 -16.657505 -2.284259 14.637456 -57.471268 -3.384012 19.922415 -0.210134 -25.398191 0.050419 -0.068768 5.560588 -6.527187 -5.882102 9.861279 0.70259 -10.936861 -0.360574 7.156197 0.0 8.774815 -0.0 -16.69479 18.093212 5.629951 -1.844031 2.498503 -2.507276 -10.16359 4.678941 4.621104 -20.975996 -1e-06 1e-06 -21.226254 2.451698 -3.593995 0.0 -6e-06 -0.0 -1.362681 2.240797 -0.746323 -21.334892 0.58491 3.008319 -13.821196 -1e-06 1e-06 -23.887129 -0.249075 -0.839485 -60.445374 2.639845 -1.401166 -0.294025 1.679686 0.833255 -14.218195 0.093215 1.300579 -34.212002 -0.287561 0.967166 -20.033176 0.964536 1.212838 0.0 -0.0 0.0 -3.440387 0.788233 0.501655 -15.928172 -3.167306 2.999703 -6.338817 -0.0 1e-06 -18.123419 3.648181 -4.905662 -4e-06 0.0 -2e-06 13.583074 11.418444 15.071525 57.85891 17.287775 16.090771 0.19409 34.945057 0.475671 -3.279942 2.233394 -9.885318 2.24354 -5.255033 -3.180156 14.282877 -0.826594 6.952496 -0.0 -12.690593 -1e-06 15.886731 -17.53817 2.802508 1.665665 -1.95592 -2.878297 4.727794 -4.170584 4.993919 11.020511 1e-06 -0.0 12.109032 -3.735715 -2.866778 0.0 -0.0 0.0 1.291985 -1.928548 -1.498088 14.800115 0.567467 3.865604 14.242553 -1.341738 -6.660648 19.631935 0.143921 -0.648243 50.148052 -0.600824 -6.268676 0.353029 -1.51115 -0.03194 20.222769 3.684305 2.316629 18.787249 1e-06 -1e-06 10.751608 -0.47987 1.397903 0.0 -0.0 0.0 3.273804 0.305947 -0.58011 21.48679 11.830364 2.266131 8.162915 0.0 -0.0 18.399052 -3.798986 -4.940567 3e-06 0.0 -1e-06 -4.647511 6.261986 -28.207775 -0.065745 -0.088255 11.481891 0.541954 1.564688 14.64634 1.647753 -2.014761 -3.401573 0.0 -0.0 2e-06 -7.261875 -7.348264 9.741 0.018207 0.507896 34.283825 0.663835 9.761976 9.367116 -1.582408 0.689835 -33.215137 0.0 -0.0 -1e-06 
0.0 0.0 0.0 0.0 -0.0 0.0 27.142302 96.836159 325.413727 2.754046 0.280426 1.068264 -1.531821 -0.044171 0.771823 -1.047265 2.065402 -4.452684 -2.808741 -0.392285 7.965318 -0.986911 2.662647 -3.747252 -0.817348 0.338256 -3.466742 -0.354373 -0.518102 -10.968203 7.7e-05 -2.2e-05 6e-06 0.038961 -0.019378 0.04986 0.743487 -3.740698 -10.503922 -0.681678 3.702201 -10.526443 -16.252499 -2.804403 14.710906 -57.581028 -4.463842 19.304544 -0.274987 -25.760456 0.10829 0.258452 5.333602 -6.953702 -5.882102 9.861279 0.70259 -10.936861 -0.360574 7.156197 0.0 8.774815 -0.0 -16.805971 18.09371 5.462795 -1.844031 2.498503 -2.507276 -10.16359 4.678941 4.621104 -20.975996 -1e-06 1e-06 -21.226254 2.451698 -3.593995 0.0 -6e-06 -0.0 -1.362681 2.240797 -0.746323 -21.334892 0.58491 3.008319 -13.821196 -1e-06 1e-06 -23.887129 -0.249075 -0.839485 -60.338993 2.572238 -1.687682 -0.294025 1.679686 0.833255 -14.218195 0.093215 1.300579 -34.212002 -0.287561 0.967166 -20.033176 0.964536 1.212838 0.0 -0.0 0.0 -3.440387 0.788233 0.501655 -15.928172 -3.167306 2.999703 -6.338817 -0.0 1e-06 -18.123419 3.648181 -4.905662 -4e-06 0.0 -2e-06 12.920534 11.422193 15.29391 59.735264 16.296799 17.145613 0.340225 31.213829 0.409533 -1.319644 0.577402 -8.435556 2.24354 -5.255033 -3.180156 14.282877 -0.826594 6.952496 -0.0 -12.690593 -1e-06 16.132507 -17.544174 2.683186 1.665665 -1.95592 -2.878297 4.727794 -4.170584 4.993919 11.020511 1e-06 -0.0 12.109032 -3.735715 -2.866778 0.0 -0.0 0.0 1.291985 -1.928548 -1.498088 14.800115 0.567467 3.865604 14.242553 -1.341738 -6.660648 19.631935 0.143921 -0.648243 50.099686 -0.536559 -6.418572 0.353029 -1.51115 -0.03194 20.222769 3.684305 2.316629 18.787249 1e-06 -1e-06 10.751608 -0.47987 1.397903 0.0 -0.0 0.0 3.273804 0.305947 -0.58011 21.48679 11.830364 2.266131 8.162915 0.0 -0.0 18.399052 -3.798986 -4.940567 3e-06 0.0 -1e-06 -5.966235 6.265938 -25.562666 -0.074308 -0.046213 14.555642 1.411458 0.834971 9.516167 1.629841 -2.052925 -3.099245 0.0 -0.0 2e-06 -9.189095 -7.390865 4.412413 0.090244 0.559356 46.958302 2.813178 7.734447 21.156994 -1.321859 0.66353 -22.863213 0.0 -0.0 -1e-06 
0.0 0.0 0.0 0.0 -0.0 0.0 27.92852 97.528847 329.941864 3.535187 0.360758 0.377486 -1.991273 -0.088888 1.243671 -1.112698 1.916979 -4.322945 -2.913075 -0.467365 7.97423 -1.697677 3.037396 -3.671185 -0.668568 0.240543 -3.476122 -0.339084 -0.448818 -11.062595 7.7e-05 -2.2e-05 6e-06 0.049161 0.021679 0.07305 0.758236 -3.707087 -10.51438 -0.676974 3.753173 -10.518738 -16.408249 -3.085591 14.581674 -56.929916 -5.375323 18.921944 -0.212903 -27.05443 0.112751 1.19111 4.809487 -8.425989 -5.882102 9.861279 0.70259 -10.936861 -0.360574 7.156197 0.0 8.774815 -0.0 -16.743641 18.100374 5.552883 -1.844031 2.498503 -2.507276 -10.16359 4.678941 4.621104 -20.975996 -1e-06 1e-06 -21.226254 2.451698 -3.593995 0.0 -6e-06 -0.0 -1.362681 2.240797 -0.746323 -21.334892 0.58491 3.008319 -13.821196 -1e-06 1e-06 -23.887129 -0.249075 -0.839485 -60.391701 2.451611 -1.610994 -0.294025 1.679686 0.833255 -14.218195 0.093215 1.300579 -34.212002 -0.287561 0.967166 -20.033176 0.964536 1.212838 0.0 -0.0 0.0 -3.440387 0.788233 0.501655 -15.928172 -3.167306 2.999703 -6.338817 -0.0 1e-06 -18.123419 3.648181 -4.905662 -4e-06 0.0 -2e-06 12.880326 11.488176 15.691202 60.12608 15.850197 20.232737 0.545716 27.896534 0.364029 1.806676 -1.389638 -5.032081 2.24354 -5.255033 -3.180156 14.282877 -0.826594 6.952496 -0.0 -12.690593 -1e-06 16.245876 -17.392084 2.502274 1.665665 -1.95592 -2.878297 4.727794 -4.170584 4.993919 11.020511 1e-06 -0.0 12.109032 -3.735715 -2.866778 0.0 -0.0 0.0 1.291985 -1.928548 -1.498088 14.800115 0.567467 3.865604 14.242553 -1.341738 -6.660648 19.631935 0.143921 -0.648243 49.869877 -0.563575 -6.452147 0.353029 -1.51115 -0.03194 20.222769 3.684305 2.316629 18.787249 1e-06 -1e-06 10.751608 -0.47987 1.397903 0.0 -0.0 0.0 3.273804 0.305947 -0.58011 21.48679 11.830364 2.266131 8.162915 0.0 -0.0 18.399052 -3.798986 -4.940567 3e-06 0.0 -1e-06 -6.955426 6.561218 -22.253544 0.001509 0.117374 15.776865 1.855335 0.413243 5.644369 1.630883 -2.083291 -2.960577 0.0 -0.0 2e-06 -10.11323 -6.47738 -1.159477 0.097029 0.445841 57.471165 4.233664 6.280457 26.598045 -1.125423 0.853281 -7.646172 0.0 -0.0 -1e-06 
0.0 0.0 0.0 0.0 -0.0 0.0 28.580254 98.255821 334.389771 3.95669 0.64478 -0.21441 -2.401195 -0.152169 1.572057 -1.147348 1.557223 -4.283641 -2.747087 -0.668096 8.149554 -2.123558 3.312197 -3.341763 -0.649984 0.233496 -3.467159 -0.48514 -0.249651 -11.409746 7.7e-05 -2.2e-05 6e-06 0.050969 0.021278 0.071239 0.771893 -3.716414 -10.559575 -0.686563 3.76258 -10.558611 -16.622547 -3.30383 14.407535 -55.897194 -6.471968 18.844379 -0.248423 -28.470116 0.159667 2.732614 4.221993 -9.29234 -5.882102 9.861279 0.70259 -10.936861 -0.360574 7.156197 0.0 8.774815 -0.0 -16.655674 18.214893 5.663541 -1.844031 2.498503 -2.507276 -10.16359 4.678941 4.621104 -20.975996 -1e-06 1e-06 -21.226254 2.451698 -3.593995 0.0 -6e-06 -0.0 -1.362681 2.240797 -0.746323 -21.334892 0.58491 3.008319 -13.821196 -1e-06 1e-06 -23.887129 -0.249075 -0.839485 -60.488846 2.469491 -1.56565 -0.294025 1.679686 0.833255 -14.218195 0.093215 1.300579 -34.212002 -0.287561 0.967166 -20.033176 0.964536 1.212838 0.0 -0.0 0.0 -3.440387 0.788233 0.501655 -15.928172 -3.167306 2.999703 -6.338817 -0.0 1e-06 -18.123419 3.648181 -4.905662 -4e-06 0.0 -2e-06 13.134981 11.316166 15.993479 59.97221 15.201839 23.097494 0.83195 25.925467 0.348057 3.986971 -2.694341 -1.726221 2.24354 -5.255033 -3.180156 14.282877 -0.826594 6.952496 -0.0 -12.690593 -1e-06 16.199482 -17.315098 2.361545 1.665665 -1.95592 -2.878297 4.727794 -4.170584 4.993919 11.020511 1e-06 -0.0 12.109032 -3.735715 -2.866778 0.0 -0.0 0.0 1.291985 -1.928548 -1.498088 14.800115 0.567467 3.865604 14.242553 -1.341738 -6.660648 19.631935 0.143921 -0.648243 49.781494 -0.620944 -6.499248 0.353029 -1.51115 -0.03194 20.222769 3.684305 2.316629 18.787249 1e-06 -1e-06 10.751608 -0.47987 1.397903 0.0 -0.0 0.0 3.273804 0.305947 -0.58011 21.48679 11.830364 2.266131 8.162915 0.0 -0.0 18.399052 -3.798986 -4.940567 3e-06 0.0 -1e-06 -7.408922 6.319547 -18.101959 0.059784 0.142312 14.973747 2.103271 0.690084 2.910125 1.60991 -2.097529 -2.635214 0.0 -0.0 2e-06 -10.059807 -5.902687 -6.316621 0.100321 0.218215 64.673714 3.966772 5.794223 21.786163 -1.215079 0.89391 -5.598454 0.0 -0.0 -1e-06 
0.0 0.0 0.0 0.0 -0.0 0.0 29.110298 98.959404 338.856659 3.906128 1.271857 -0.78981 -2.632118 -0.293189 1.867184 -1.090185 1.144838 -4.213562 -2.414673 -1.051743 8.321959 -2.202502 3.453011 -2.813367 -0.69872 0.282279 -3.450091 -0.722282 -0.108915 -11.629446 7.7e-05 -2.2e-05 6e-06 0.045911 0.003955 0.061876 0.769124 -3.740067 -10.592528 -0.692624 3.751004 -10.598617 -16.386145 -3.680817 14.393036 -55.170998 -7.91293 18.643635 -0.444809 -29.748957 0.248663 4.126604 3.924893 -9.376413 -5.882102 9.861279 0.70259 -10.936861 -0.360574 7.156197 0.0 8.774815 -0.0 -16.508018 18.285891 5.79288 -1.844031 2.498503 -2.507276 -10.16359 4.678941 4.621104 -20.975996 -1e-06 1e-06 -21.226254 2.451698 -3.593995 0.0 -6e-06 -0.0 -1.362681 2.240797 -0.746323 -21.334892 0.58491 3.008319 -13.821196 -1e-06 1e-06 -23.887129 -0.249075 -0.839485 -60.540325 2.457851 -1.461857 -0.294025 1.679686 0.833255 -14.218195 0.093215 1.300579 -34.212002 -0.287561 0.967166 -20.033176 0.964536 1.212838 0.0 -0.0 0.0 -3.440387 0.788233 0.501655 -15.928172 -3.167306 2.999703 -6.338817 -0.0 1e-06 -18.123419 3.648181 -4.905662 -4e-06 0.0 -2e-06 13.092785 10.838772 16.110413 60.115452 14.055099 24.43578 0.863342 25.500696 0.261358 4.666491 -3.318612 0.388225 2.24354 -5.255033 -3.180156 14.282877 -0.826594 6.952496 -0.0 -12.690593 -1e-06 16.184557 -17.342014 2.298639 1.665665 -1.95592 -2.878297 4.727794 -4.170584 4.993919 11.020511 1e-06 -0.0 12.109032 -3.735715 -2.866778 0.0 -0.0 0.0 1.291985 -1.928548 -1.498088 14.800115 0.567467 3.865604 14.242553 -1.341738 -6.660648 19.631935 0.143921 -0.648243 49.797691 -0.604935 -6.529918 0.353029 -1.51115 -0.03194 20.222769 3.684305 2.316629 18.787249 1e-06 -1e-06 10.751608 -0.47987 1.397903 0.0 -0.0 0.0 3.273804 0.305947 -0.58011 21.48679 11.830364 2.266131 8.162915 0.0 -0.0 18.399052 -3.798986 -4.940567 3e-06 0.0 -1e-06 -7.271736 5.676503 -13.348499 0.042037 0.058843 12.893689 2.273238 0.993686 0.901462 1.607409 -2.072897 -2.422202 0.0 -0.0 2e-06 -8.986176 -5.923926 -11.155629 0.094297 0.03721 67.756752 3.058229 4.858628 16.049862 -1.315478 0.919202 -5.303121 0.0 -0.0 -1e-06 
0.0 0.0 0.0 0.0 -0.0 0.0 29.53899 99.524384 343.298706 3.563215 2.206781 -1.394562 -2.781224 -0.437898 2.23594 -0.988534 0.703276 -4.080781 -1.971399 -1.61595 8.35466 -1.992568 3.434618 -2.153611 -0.697135 0.395564 -3.417665 -0.964661 0.044993 -11.717484 7.7e-05 -2.2e-05 6e-06 0.041256 -0.000687 0.059327 0.76213 -3.749208 -10.612849 -0.693225 3.749413 -10.620926 -15.502595 -4.264182 14.476424 -54.987072 -9.461741 18.622034 -0.672498 -31.092138 0.351523 4.852056 3.901112 -9.364938 -5.882102 9.861279 0.70259 -10.936861 -0.360574 7.156197 0.0 8.774815 -0.0 -16.241014 18.266253 5.942485 -1.844031 2.498503 -2.507276 -10.16359 4.678941 4.621104 -20.975996 -1e-06 1e-06 -21.226254 2.451698 -3.593995 0.0 -6e-06 -0.0 -1.362681 2.240797 -0.746323 -21.334892 0.58491 3.008319 -13.821196 -1e-06 1e-06 -23.887129 -0.249075 -0.839485 -60.517574 2.515807 -1.39889 -0.294025 1.679686 0.833255 -14.218195 0.093215 1.300579 -34.212002 -0.287561 0.967166 -20.033176 0.964536 1.212838 0.0 -0.0 0.0 -3.440387 0.788233 0.501655 -15.928172 -3.167306 2.999703 -6.338817 -0.0 1e-06 -18.123419 3.648181 -4.905662 -4e-06 0.0 -2e-06 12.709196 10.140734 16.016016 60.556561 12.390279 24.251133 0.74978 26.353527 0.184343 4.329773 -3.190358 0.837516 2.24354 -5.255033 -3.180156 14.282877 -0.826594 6.952496 -0.0 -12.690593 -1e-06 16.216335 -17.398956 2.283225 1.665665 -1.95592 -2.878297 4.727794 -4.170584 4.993919 11.020511 1e-06 -0.0 12.109032 -3.735715 -2.866778 0.0 -0.0 0.0 1.291985 -1.928548 -1.498088 14.800115 0.567467 3.865604 14.242553 -1.341738 -6.660648 19.631935 0.143921 -0.648243 49.751194 -0.556619 -6.56978 0.353029 -1.51115 -0.03194 20.222769 3.684305 2.316629 18.787249 1e-06 -1e-06 10.751608 -0.47987 1.397903 0.0 -0.0 0.0 3.273804 0.305947 -0.58011 21.48679 11.830364 2.266131 8.162915 0.0 -0.0 18.399052 -3.798986 -4.940567 3e-06 0.0 -1e-06 -6.791698 4.942684 -8.212741 0.002333 -0.073289 9.986632 2.316049 1.024663 -0.609672 1.614597 -2.010971 -2.279109 0.0 -0.0 2e-06 -7.397784 -6.508581 -15.375855 0.078005 -0.105248 66.982124 2.472761 3.817144 11.489006 -1.367192 0.924354 -5.418757 0.0 -0.0 -1e-06 
0.0 0.0 0.0 0.0 -0.0 0.0 29.886393 99.866928 347.675476 3.121254 3.31458 -1.873194 -2.92368 -0.522808 2.571662 -0.907344 0.24065 -3.935091 -1.481306 -2.255341 8.357493 -1.579028 3.290894 -1.607381 -0.640079 0.535745 -3.406147 -1.118785 0.171594 -11.677749 7.7e-05 -2.2e-05 6e-06 0.042309 0.004428 0.056964 0.753679 -3.747438 -10.618403 -0.680658 3.756771 -10.623134 -14.446569 -4.963404 14.511029 -54.797176 -10.856769 18.882627 -0.803974 -32.883472 0.414713 4.926324 3.926605 -9.580255 -5.882102 9.861279 0.70259 -10.936861 -0.360574 7.156197 0.0 8.774815 -0.0 -15.951894 18.252506 6.100441 -1.844031 2.498503 -2.507276 -10.16359 4.678941 4.621104 -20.975996 -1e-06 1e-06 -21.226254 2.451698 -3.593995 0.0 -6e-06 -0.0 -1.362681 2.240797 -0.746323 -21.334892 0.58491 3.008319 -13.821196 -1e-06 1e-06 -23.887129 -0.249075 -0.839485 -60.488934 2.622933 -1.33165 -0.294025 1.679686 0.833255 -14.218195 0.093215 1.300579 -34.212002 -0.287561 0.967166 -20.033176 0.964536 1.212838 0.0 -0.0 0.0 -3.440387 0.788233 0.501655 -15.928172 -3.167306 2.999703 -6.338817 -0.0 1e-06 -18.123419 3.648181 -4.905662 -4e-06 0.0 -2e-06 12.571063 9.285664 15.808895 60.653126 10.363112 23.166075 0.618425 28.119572 0.139364 3.636356 -2.475469 -0.191574 2.24354 -5.255033 -3.180156 14.282877 -0.826594 6.952496 -0.0 -12.690593 -1e-06 16.247267 -17.499804 2.313603 1.665665 -1.95592 -2.878297 4.727794 -4.170584 4.993919 11.020511 1e-06 -0.0 12.109032 -3.735715 -2.866778 0.0 -0.0 0.0 1.291985 -1.928548 -1.498088 14.800115 0.567467 3.865604 14.242553 -1.341738 -6.660648 19.631935 0.143921 -0.648243 49.679562 -0.538159 -6.600603 0.353029 -1.51115 -0.03194 20.222769 3.684305 2.316629 18.787249 1e-06 -1e-06 10.751608 -0.47987 1.397903 0.0 -0.0 0.0 3.273804 0.305947 -0.58011 21.48679 11.830364 2.266131 8.162915 0.0 -0.0 18.399052 -3.798986 -4.940567 3e-06 0.0 -1e-06 -6.169878 4.323482 -3.089297 -0.0175 -0.172429 6.684829 2.19433 0.635216 -1.833071 1.630754 -1.938229 -2.193497 0.0 -0.0 2e-06 -5.663905 -7.53057 -19.008209 0.004884 -0.245946 62.923035 2.225839 2.617838 8.098257 -1.388347 0.908693 -5.685558 0.0 -0.0 -1e-06 
0.0 0.0 0.0 0.0 -0.0 0.0 30.17436 99.913124 352.013153 2.936542 4.430982 -2.080728 -3.205643 -0.533679 2.780685 -0.901774 -0.212645 -3.826763 -1.089137 -2.793345 8.417095 -1.012071 3.048179 -1.358523 -0.558085 0.682485 -3.431944 -1.142267 0.199856 -11.640082 7.7e-05 -2.2e-05 6e-06 0.04296 -0.00514 0.053602 0.736616 -3.755694 -10.597125 -0.66046 3.746233 -10.592513 -13.553116 -5.71193 14.480631 -54.271389 -12.062989 19.382935 -0.761689 -35.099255 0.396353 4.834208 3.800154 -10.231453 -5.882102 9.861279 0.70259 -10.936861 -0.360574 7.156197 0.0 8.774815 -0.0 -15.709867 18.261282 6.243649 -1.844031 2.498503 -2.507276 -10.16359 4.678941 4.621104 -20.975996 -1e-06 1e-06 -21.226254 2.451698 -3.593995 0.0 -6e-06 -0.0 -1.362681 2.240797 -0.746323 -21.334892 0.58491 3.008319 -13.821196 -1e-06 1e-06 -23.887129 -0.249075 -0.839485 -60.483746 2.742075 -1.270335 -0.294025 1.679686 0.833255 -14.218195 0.093215 1.300579 -34.212002 -0.287561 0.967166 -20.033176 0.964536 1.212838 0.0 -0.0 0.0 -3.440387 0.788233 0.501655 -15.928172 -3.167306 2.999703 -6.338817 -0.0 1e-06 -18.123419 3.648181 -4.905662 -4e-06 0.0 -2e-06 12.878771 8.363041 15.619823 60.289036 8.379807 21.876547 0.473047 30.095621 0.112525 2.944103 -1.659745 -1.755369 2.24354 -5.255033 -3.180156 14.282877 -0.826594 6.952496 -0.0 -12.690593 -1e-06 16.284958 -17.632353 2.371336 1.665665 -1.95592 -2.878297 4.727794 -4.170584 4.993919 11.020511 1e-06 -0.0 12.109032 -3.735715 -2.866778 0.0 -0.0 0.0 1.291985 -1.928548 -1.498088 14.800115 0.567467 3.865604 14.242553 -1.341738 -6.660648 19.631935 0.143921 -0.648243 49.659172 -0.572197 -6.633269 0.353029 -1.51115 -0.03194 20.222769 3.684305 2.316629 18.787249 1e-06 -1e-06 10.751608 -0.47987 1.397903 0.0 -0.0 0.0 3.273804 0.305947 -0.58011 21.48679 11.830364 2.266131 8.162915 0.0 -0.0 18.399052 -3.798986 -4.940567 3e-06 0.0 -1e-06 -5.781461 3.881023 1.312307 -0.013376 -0.179343 4.055366 2.046381 -0.050082 -3.084365 1.651968 -1.886861 -2.06117 0.0 -0.0 2e-06 -4.2573 -8.81715 -22.06119 -0.089545 -0.297453 56.033154 2.339973 1.388563 5.731964 -1.402512 0.899014 -5.884508 0.0 -0.0 -1e-06 
0.0 0.0 0.0 0.0 -0.0 0.0 30.453411 99.636726 356.287445 3.202736 5.473759 -2.024342 -3.687261 -0.526115 2.88089 -0.960147 -0.63484 -3.753583 -0.938174 -3.128398 8.539971 -0.309984 2.725973 -1.379918 -0.549029 0.808783 -3.470999 -1.080907 0.148043 -11.809225 7.7e-05 -2.2e-05 6e-06 0.038461 -0.025681 0.061188 0.710964 -3.775497 -10.565128 -0.642655 3.725908 -10.550446 -12.818915 -6.409621 14.450481 -53.544403 -13.254228 19.781952 -0.6023 -37.313862 0.301328 4.852109 3.556351 -11.04286 -5.882102 9.861279 0.70259 -10.936861 -0.360574 7.156197 0.0 8.774815 -0.0 -15.51005 18.274694 6.350761 -1.844031 2.498503 -2.507276 -10.16359 4.678941 4.621104 -20.975996 -1e-06 1e-06 -21.226254 2.451698 -3.593995 0.0 -6e-06 -0.0 -1.362681 2.240797 -0.746323 -21.334892 0.58491 3.008319 -13.821196 -1e-06 1e-06 -23.887129 -0.249075 -0.839485 -60.412117 2.848059 -1.207582 -0.294025 1.679686 0.833255 -14.218195 0.093215 1.300579 -34.212002 -0.287561 0.967166 -20.033176 0.964536 1.212838 0.0 -0.0 0.0 -3.440387 0.788233 0.501655 -15.928172 -3.167306 2.999703 -6.338817 -0.0 1e-06 -18.123419 3.648181 -4.905662 -4e-06 0.0 -2e-06 13.355996 7.506337 15.444294 59.923786 6.7408 20.68696 0.393593 31.590034 0.083698 2.223557 -1.099006 -3.19193 2.24354 -5.255033 -3.180156 14.282877 -0.826594 6.952496 -0.0 -12.690593 -1e-06 16.339119 -17.728313 2.396275 1.665665 -1.95592 -2.878297 4.727794 -4.170584 4.993919 11.020511 1e-06 -0.0 12.109032 -3.735715 -2.866778 0.0 -0.0 0.0 1.291985 -1.928548 -1.498088 14.800115 0.567467 3.865604 14.242553 -1.341738 -6.660648 19.631935 0.143921 -0.648243 49.709805 -0.608961 -6.643976 0.353029 -1.51115 -0.03194 20.222769 3.684305 2.316629 18.787249 1e-06 -1e-06 10.751608 -0.47987 1.397903 0.0 -0.0 0.0 3.273804 0.305947 -0.58011 21.48679 11.830364 2.266131 8.162915 0.0 -0.0 18.399052 -3.798986 -4.940567 3e-06 0.0 -1e-06 -5.839304 3.53786 4.852487 -0.016905 -0.146408 2.4319 1.975815 -0.704857 -4.670291 1.669891 -1.872424 -1.875664 0.0 -0.0 2e-06 -3.473918 -10.044536 -24.295605 -0.107587 -0.205216 46.709305 2.69625 0.174137 4.684829 -1.420865 0.915251 -6.111016 0.0 -0.0 -1e-06 
0.0 0.0 0.0 0.0 -0.0 0.0 30.737055 99.112305 360.453644 3.836204 6.38173 -1.800723 -4.269982 -0.552029 2.919401 -1.035145 -0.979717 -3.720363 -1.060158 -3.262683 8.699187 0.365248 2.40341 -1.571628 -0.605086 0.822434 -3.485574 -0.978734 0.097963 -12.128517 7.7e-05 -2.2e-05 6e-06 0.029197 -0.029782 0.076425 0.690929 -3.783649 -10.557211 -0.640544 3.726052 -10.536514 -12.213158 -6.994535 14.482352 -52.880238 -14.514181 19.752184 -0.39669 -39.061169 0.164702 5.062525 3.301929 -11.516827 -5.882102 9.861279 0.70259 -10.936861 -0.360574 7.156197 0.0 8.774815 -0.0 -15.393918 18.267262 6.384874 -1.844031 2.498503 -2.507276 -10.16359 4.678941 4.621104 -20.975996 -1e-06 1e-06 -21.226254 2.451698 -3.593995 0.0 -6e-06 -0.0 -1.362681 2.240797 -0.746323 -21.334892 0.58491 3.008319 -13.821196 -1e-06 1e-06 -23.887129 -0.249075 -0.839485 -60.316036 2.876879 -1.174451 -0.294025 1.679686 0.833255 -14.218195 0.093215 1.300579 -34.212002 -0.287561 0.967166 -20.033176 0.964536 1.212838 0.0 -0.0 0.0 -3.440387 0.788233 0.501655 -15.928172 -3.167306 2.999703 -6.338817 -0.0 1e-06 -18.123419 3.648181 -4.905662 -4e-06 0.0 -2e-06 13.675685 6.819413 15.266035 59.939274 5.535095 19.931118 0.340873 32.27457 0.058526 1.684214 -0.927417 -4.183976 2.24354 -5.255033 -3.180156 14.282877 -0.826594 6.952496 -0.0 -12.690593 -1e-06 16.369881 -17.740419 2.387033 1.665665 -1.95592 -2.878297 4.727794 -4.170584 4.993919 11.020511 1e-06 -0.0 12.109032 -3.735715 -2.866778 0.0 -0.0 0.0 1.291985 -1.928548 -1.498088 14.800115 0.567467 3.865604 14.242553 -1.341738 -6.660648 19.631935 0.143921 -0.648243 49.810749 -0.608593 -6.598152 0.353029 -1.51115 -0.03194 20.222769 3.684305 2.316629 18.787249 1e-06 -1e-06 10.751608 -0.47987 1.397903 0.0 -0.0 0.0 3.273804 0.305947 -0.58011 21.48679 11.830364 2.266131 8.162915 0.0 -0.0 18.399052 -3.798986 -4.940567 3e-06 0.0 -1e-06 -6.263736 3.185026 7.648916 -0.026975 -0.100003 1.966261 2.001859 -1.0426 -6.614352 1.682012 -1.912636 -1.765343 0.0 -0.0 2e-06 -3.330814 -11.018211 -25.482624 -0.029629 -0.072714 35.187778 2.968427 -0.905548 5.427747 -1.443548 0.959283 -6.404078 0.0 -0.0 -1e-06 
0.0 0.0 0.0 0.0 -0.0 0.0 30.976879 98.43689 364.500946 4.686317 7.155625 -1.486868 -4.860753 -0.56713 2.957353 -1.116853 -1.138911 -3.74526 -1.367992 -3.358449 8.82989 0.88064 2.221992 -1.831975 -0.650138 0.757689 -3.462235 -0.885884 -0.068669 -12.486738 7.7e-05 -2.2e-05 6e-06 0.019734 -0.00459 0.08983 0.691141 -3.761645 -10.584187 -0.659291 3.754813 -10.562172 -11.654281 -7.468826 14.569309 -52.58242 -15.731717 19.190096 -0.233222 -40.149002 0.039271 5.346692 3.102719 -11.607452 -5.882102 9.861279 0.70259 -10.936861 -0.360574 7.156197 0.0 8.774815 -0.0 -15.365791 18.27634 6.375264 -1.844031 2.498503 -2.507276 -10.16359 4.678941 4.621104 -20.975996 -1e-06 1e-06 -21.226254 2.451698 -3.593995 0.0 -6e-06 -0.0 -1.362681 2.240797 -0.746323 -21.334892 0.58491 3.008319 -13.821196 -1e-06 1e-06 -23.887129 -0.249075 -0.839485 -60.307827 2.82616 -1.231699 -0.294025 1.679686 0.833255 -14.218195 0.093215 1.300579 -34.212002 -0.287561 0.967166 -20.033176 0.964536 1.212838 0.0 -0.0 0.0 -3.440387 0.788233 0.501655 -15.928172 -3.167306 2.999703 -6.338817 -0.0 1e-06 -18.123419 3.648181 -4.905662 -4e-06 0.0 -2e-06 13.706638 6.34303 15.190488 60.424847 4.783737 19.735531 0.218552 32.091373 0.068212 1.64831 -1.04475 -4.647451 2.24354 -5.255033 -3.180156 14.282877 -0.826594 6.952496 -0.0 -12.690593 -1e-06 16.422531 -17.76195 2.393101 1.665665 -1.95592 -2.878297 4.727794 -4.170584 4.993919 11.020511 1e-06 -0.0 12.109032 -3.735715 -2.866778 0.0 -0.0 0.0 1.291985 -1.928548 -1.498088 14.800115 0.567467 3.865604 14.242553 -1.341738 -6.660648 19.631935 0.143921 -0.648243 50.090054 -0.564057 -6.477204 0.353029 -1.51115 -0.03194 20.222769 3.684305 2.316629 18.787249 1e-06 -1e-06 10.751608 -0.47987 1.397903 0.0 -0.0 0.0 3.273804 0.305947 -0.58011 21.48679 11.830364 2.266131 8.162915 0.0 -0.0 18.399052 -3.798986 -4.940567 3e-06 0.0 -1e-06 -6.851126 2.831197 10.229219 -0.013325 -0.013553 1.916701 1.931862 -1.253884 -8.407168 1.688954 -1.994465 -1.952461 0.0 -0.0 2e-06 -3.651204 -11.677145 -25.518021 0.09506 -0.00144 21.621536 3.362751 -1.52793 7.228371 -1.45383 1.027669 -6.452407 0.0 -0.0 -1e-06 
0.0 0.0 0.0 0.0 -0.0 0.0 31.155262 97.696625 368.676819 5.586879 7.778114 -1.067479 -5.358351 -0.52964 2.892507 -1.216164 -1.152517 -3.817587 -1.73483 -3.440629 8.944918 1.233237 2.186526 -2.193067 -0.7255 0.617772 -3.431706 -0.901092 -0.40414 -12.656104 7.7e-05 -2.2e-05 6e-06 0.027741 0.036903 0.090513 0.71527 -3.725326 -10.612776 -0.667628 3.803508 -10.602133 -11.166712 -7.865094 14.545496 -52.678799 -16.640589 18.540068 -0.017668 -40.6521 0.041921 5.548656 2.98568 -11.605951 -5.882102 9.861279 0.70259 -10.936861 -0.360574 7.156197 0.0 8.774815 -0.0 -15.412831 18.292057 6.331019 -1.844031 2.498503 -2.507276 -10.16359 4.678941 4.621104 -20.975996 -1e-06 1e-06 -21.226254 2.451698 -3.593995 0.0 -6e-06 -0.0 -1.362681 2.240797 -0.746323 -21.334892 0.58491 3.008319 -13.821196 -1e-06 1e-06 -23.887129 -0.249075 -0.839485 -60.257515 2.780855 -1.559583 -0.294025 1.679686 0.833255 -14.218195 0.093215 1.300579 -34.212002 -0.287561 0.967166 -20.033176 0.964536 1.212838 0.0 -0.0 0.0 -3.440387 0.788233 0.501655 -15.928172 -3.167306 2.999703 -6.338817 -0.0 1e-06 -18.123419 3.648181 -4.905662 -4e-06 0.0 -2e-06 13.597 6.062029 15.187231 61.090626 4.216606 19.908739 0.19222 31.463383 0.145631 2.145497 -1.491551 -4.363198 2.24354 -5.255033 -3.180156 14.282877 -0.826594 6.952496 -0.0 -12.690593 -1e-06 16.496389 -17.809467 2.393949 1.665665 -1.95592 -2.878297 4.727794 -4.170584 4.993919 11.020511 1e-06 -0.0 12.109032 -3.735715 -2.866778 0.0 -0.0 0.0 1.291985 -1.928548 -1.498088 14.800115 0.567467 3.865604 14.242553 -1.341738 -6.660648 19.631935 0.143921 -0.648243 50.308399 -0.550796 -6.392047 0.353029 -1.51115 -0.03194 20.222769 3.684305 2.316629 18.787249 1e-06 -1e-06 10.751608 -0.47987 1.397903 0.0 -0.0 0.0 3.273804 0.305947 -0.58011 21.48679 11.830364 2.266131 8.162915 0.0 -0.0 18.399052 -3.798986 -4.940567 3e-06 0.0 -1e-06 -7.320241 2.747591 12.77462 0.04206 0.095566 1.949453 1.86393 -1.917441 -9.636281 1.727298 -2.024556 -2.552081 0.0 -0.0 2e-06 -4.152357 -11.832613 -25.143764 0.214434 -0.003468 8.383785 4.461445 -2.134318 8.079269 -1.395274 1.099677 -6.242386 0.0 -0.0 -1e-06 
0.0 0.0 0.0 0.0 -0.0 0.0 31.239769 96.959915 373.001038 6.207536 8.057872 -0.695887 -5.666358 -0.390882 2.739976 -1.279888 -1.22478 -3.858715 -1.930322 -3.316631 9.022475 1.375813 2.227156 -2.442064 -0.726509 0.524756 -3.441103 -1.040584 -0.474023 -12.529706 7.7e-05 -2.2e-05 6e-06 0.04261 0.063252 0.078953 0.725887 -3.690865 -10.610236 -0.647637 3.824532 -10.591589 -11.31839 -7.986685 14.455448 -52.43251 -17.204817 17.929504 0.005113 -40.783665 0.006285 5.455136 3.155865 -11.356599 -5.882102 9.861279 0.70259 -10.936861 -0.360574 7.156197 0.0 8.774815 -0.0 -15.480513 18.282068 6.377147 -1.844031 2.498503 -2.507276 -10.16359 4.678941 4.621104 -20.975996 -1e-06 1e-06 -21.226254 2.451698 -3.593995 0.0 -6e-06 -0.0 -1.362681 2.240797 -0.746323 -21.334892 0.58491 3.008319 -13.821196 -1e-06 1e-06 -23.887129 -0.249075 -0.839485 -60.320187 2.740775 -1.499073 -0.294025 1.679686 0.833255 -14.218195 0.093215 1.300579 -34.212002 -0.287561 0.967166 -20.033176 0.964536 1.212838 0.0 -0.0 0.0 -3.440387 0.788233 0.501655 -15.928172 -3.167306 2.999703 -6.338817 -0.0 1e-06 -18.123419 3.648181 -4.905662 -4e-06 0.0 -2e-06 13.859529 5.94034 15.175257 61.322578 3.720646 20.471779 0.03883 30.749718 0.090707 3.139937 -1.900168 -3.107949 2.24354 -5.255033 -3.180156 14.282877 -0.826594 6.952496 -0.0 -12.690593 -1e-06 16.436922 -17.724169 2.388262 1.665665 -1.95592 -2.878297 4.727794 -4.170584 4.993919 11.020511 1e-06 -0.0 12.109032 -3.735715 -2.866778 0.0 -0.0 0.0 1.291985 -1.928548 -1.498088 14.800115 0.567467 3.865604 14.242553 -1.341738 -6.660648 19.631935 0.143921 -0.648243 50.220791 -0.530088 -6.485212 0.353029 -1.51115 -0.03194 20.222769 3.684305 2.316629 18.787249 1e-06 -1e-06 10.751608 -0.47987 1.397903 0.0 -0.0 0.0 3.273804 0.305947 -0.58011 21.48679 11.830364 2.266131 8.162915 0.0 -0.0 18.399052 -3.798986 -4.940567 3e-06 0.0 -1e-06 -7.288156 3.111069 15.110339 0.001017 0.066665 2.575524 1.590521 -2.816278 -10.277449 1.769496 -1.974517 -3.722291 0.0 -0.0 2e-06 -4.368062 -11.517409 -25.525154 0.221373 0.077289 -0.511613 6.258606 -2.81724 6.475809 -1.329573 1.126459 -5.957911 0.0 -0.0 -1e-06 
0.0 0.0 0.0 0.0 -0.0 0.0 31.237381 96.361145 377.50116 6.43735 8.196733 -0.523784 -5.688051 -0.314041 2.639353 -1.286756 -1.413515 -3.903077 -1.983339 -3.146806 9.160476 1.311904 2.238094 -2.596146 -0.719839 0.650674 -3.405621 -1.293239 -0.389902 -12.66073 7.7e-05 -2.2e-05 6e-06 0.039263 0.030459 0.070386 0.713373 -3.721878 -10.616262 -0.6408 3.79168 -10.577819 -11.690961 -7.998188 14.450355 -52.285236 -17.406584 17.113663 -0.210075 -40.368549 0.060887 5.344368 3.204532 -10.862077 -5.882102 9.861279 0.70259 -10.936861 -0.360574 7.156197 0.0 8.774815 -0.0 -15.527315 18.24235 6.380835 -1.844031 2.498503 -2.507276 -10.16359 4.678941 4.621104 -20.975996 -1e-06 1e-06 -21.226254 2.451698 -3.593995 0.0 -6e-06 -0.0 -1.362681 2.240797 -0.746323 -21.334892 0.58491 3.008319 -13.821196 -1e-06 1e-06 -23.887129 -0.249075 -0.839485 -60.442635 2.750518 -1.315624 -0.294025 1.679686 0.833255 -14.218195 0.093215 1.300579 -34.212002 -0.287561 0.967166 -20.033176 0.964536 1.212838 0.0 -0.0 0.0 -3.440387 0.788233 0.501655 -15.928172 -3.167306 2.999703 -6.338817 -0.0 1e-06 -18.123419 3.648181 -4.905662 -4e-06 0.0 -2e-06 14.281088 5.985763 15.472125 61.260323 3.682723 20.93067 -0.105174 30.092813 -0.010887 4.029384 -2.335746 -2.005406 2.24354 -5.255033 -3.180156 14.282877 -0.826594 6.952496 -0.0 -12.690593 -1e-06 16.463419 -17.596333 2.35289 1.665665 -1.95592 -2.878297 4.727794 -4.170584 4.993919 11.020511 1e-06 -0.0 12.109032 -3.735715 -2.866778 0.0 -0.0 0.0 1.291985 -1.928548 -1.498088 14.800115 0.567467 3.865604 14.242553 -1.341738 -6.660648 19.631935 0.143921 -0.648243 50.001148 -0.433215 -6.609145 0.353029 -1.51115 -0.03194 20.222769 3.684305 2.316629 18.787249 1e-06 -1e-06 10.751608 -0.47987 1.397903 0.0 -0.0 0.0 3.273804 0.305947 -0.58011 21.48679 11.830364 2.266131 8.162915 0.0 -0.0 18.399052 -3.798986 -4.940567 3e-06 0.0 -1e-06 -6.687719 3.479058 16.905502 -0.030399 -0.044317 4.686552 1.023332 -3.885949 -9.871153 1.825939 -1.962189 -6.028501 0.0 -0.0 2e-06 -3.899018 -11.586732 -27.015232 0.144428 0.215437 -2.121702 8.668054 -3.112877 3.625894 -1.313799 1.064107 -6.033374 0.0 -0.0 -1e-06 
0.0 0.0 0.0 0.0 -0.0 0.0 31.141748 95.885078 382.295166 5.979017 8.457633 -0.336929 -5.234673 -0.217428 2.338062 -1.19146 -1.649298 -3.983876 -1.791228 -3.195651 9.277659 1.023006 2.29576 -2.692072 -0.702431 0.690769 -3.362488 -1.496705 -0.416499 -12.819674 7.7e-05 -2.2e-05 6e-06 0.033916 0.02779 0.080348 0.719962 -3.721077 -10.584185 -0.657407 3.784617 -10.532237 -11.988335 -8.05403 14.761865 -52.615589 -17.314922 16.879145 -0.049974 -39.386974 -0.066169 5.24176 3.156638 -10.545329 -5.882102 9.861279 0.70259 -10.936861 -0.360574 7.156197 0.0 8.774815 -0.0 -15.610493 18.190628 6.334025 -1.844031 2.498503 -2.507276 -10.16359 4.678941 4.621104 -20.975996 -1e-06 1e-06 -21.226254 2.451698 -3.593995 0.0 -6e-06 -0.0 -1.362681 2.240797 -0.746323 -21.334892 0.58491 3.008319 -13.821196 -1e-06 1e-06 -23.887129 -0.249075 -0.839485 -60.57431 2.740616 -1.286716 -0.294025 1.679686 0.833255 -14.218195 0.093215 1.300579 -34.212002 -0.287561 0.967166 -20.033176 0.964536 1.212838 0.0 -0.0 0.0 -3.440387 0.788233 0.501655 -15.928172 -3.167306 2.999703 -6.338817 -0.0 1e-06 -18.123419 3.648181 -4.905662 -4e-06 0.0 -2e-06 14.505409 5.983781 15.854044 61.210018 3.862666 21.375147 -0.270242 29.515802 -0.027693 4.363266 -2.357615 -1.939952 2.24354 -5.255033 -3.180156 14.282877 -0.826594 6.952496 -0.0 -12.690593 -1e-06 16.514343 -17.544374 2.290948 1.665665 -1.95592 -2.878297 4.727794 -4.170584 4.993919 11.020511 1e-06 -0.0 12.109032 -3.735715 -2.866778 0.0 -0.0 0.0 1.291985 -1.928548 -1.498088 14.800115 0.567467 3.865604 14.242553 -1.341738 -6.660648 19.631935 0.143921 -0.648243 50.01276 -0.320377 -6.622303 0.353029 -1.51115 -0.03194 20.222769 3.684305 2.316629 18.787249 1e-06 -1e-06 10.751608 -0.47987 1.397903 0.0 -0.0 0.0 3.273804 0.305947 -0.58011 21.48679 11.830364 2.266131 8.162915 0.0 -0.0 18.399052 -3.798986 -4.940567 3e-06 0.0 -1e-06 -5.045612 4.171834 17.668709 0.044441 -0.330846 8.816788 0.547691 -5.501251 -8.327117 1.90908 -1.979798 -10.360144 0.0 -0.0 2e-06 -3.086512 -11.318116 -26.843174 0.220929 0.26983 -0.642062 9.053877 -2.609836 4.214581 -1.318995 1.108618 -6.618061 0.0 -0.0 -1e-06 
0.0 0.0 0.0 0.0 -0.0 0.0 30.944752 95.75441 387.390625 4.002671 8.785261 0.198353 -3.640698 -0.207905 1.565639 -1.000576 -1.617668 -4.284661 -1.297744 -3.471292 9.362329 0.671807 2.479298 -2.869916 -0.745541 0.358701 -3.396949 -1.75721 -0.394381 -12.084663 7.7e-05 -2.2e-05 6e-06 0.026649 -6.1e-05 0.067077 0.707419 -3.741377 -10.536249 -0.655794 3.749322 -10.499404 -13.305731 -7.945546 14.7543 -52.150772 -16.393736 17.506119 0.275831 -38.102543 -0.345393 4.80683 3.178294 -10.487927 -5.882102 9.861279 0.70259 -10.936861 -0.360574 7.156197 0.0 8.774815 -0.0 -15.594067 18.110231 6.316696 -1.844031 2.498503 -2.507276 -10.16359 4.678941 4.621104 -20.975996 -1e-06 1e-06 -21.226254 2.451698 -3.593995 0.0 -6e-06 -0.0 -1.362681 2.240797 -0.746323 -21.334892 0.58491 3.008319 -13.821196 -1e-06 1e-06 -23.887129 -0.249075 -0.839485 -60.404915 2.593865 -1.324726 -0.294025 1.679686 0.833255 -14.218195 0.093215 1.300579 -34.212002 -0.287561 0.967166 -20.033176 0.964536 1.212838 0.0 -0.0 0.0 -3.440387 0.788233 0.501655 -15.928172 -3.167306 2.999703 -6.338817 -0.0 1e-06 -18.123419 3.648181 -4.905662 -4e-06 0.0 -2e-06 15.477752 5.85818 15.885219 60.352612 3.717491 21.319403 -0.247666 29.00304 0.078929 4.314696 -2.27448 -2.437402 2.24354 -5.255033 -3.180156 14.282877 -0.826594 6.952496 -0.0 -12.690593 -1e-06 16.333574 -17.575182 2.312563 1.665665 -1.95592 -2.878297 4.727794 -4.170584 4.993919 11.020511 1e-06 -0.0 12.109032 -3.735715 -2.866778 0.0 -0.0 0.0 1.291985 -1.928548 -1.498088 14.800115 0.567467 3.865604 14.242553 -1.341738 -6.660648 19.631935 0.143921 -0.648243 50.122326 -0.295414 -6.644023 0.353029 -1.51115 -0.03194 20.222769 3.684305 2.316629 18.787249 1e-06 -1e-06 10.751608 -0.47987 1.397903 0.0 -0.0 0.0 3.273804 0.305947 -0.58011 21.48679 11.830364 2.266131 8.162915 0.0 -0.0 18.399052 -3.798986 -4.940567 3e-06 0.0 -1e-06 -1.062854 5.73476 16.338627 0.10739 -0.638827 15.540716 0.102761 -8.429849 -5.629869 2.048536 -1.876047 -17.433714 0.0 -0.0 2e-06 -1.229446 -9.289378 -26.843956 0.212672 0.2066 3.085837 6.732 -1.944258 8.323052 -1.349283 1.182513 -7.075674 0.0 -0.0 -1e-06 
0.0 0.0 0.0 0.0 -0.0 0.0 30.612213 95.859512 392.452057 1.347146 8.961832 0.573598 -1.783432 -0.2062 0.853063 -0.692776 -1.660824 -4.578335 -0.368918 -3.658289 9.255343 0.203537 2.558387 -3.059811 -0.847837 0.548256 -3.528177 -1.992458 -0.365649 -11.255396 7.7e-05 -2.2e-05 6e-06 0.024456 -0.03744 0.032958 0.73869 -3.788107 -10.598562 -0.689786 3.721127 -10.579751 -14.682938 -7.718033 14.598157 -52.060181 -15.021885 18.193901 0.239237 -36.161098 -0.369848 4.412988 3.279354 -9.956235 -5.882102 9.861279 0.70259 -10.936861 -0.360574 7.156197 0.0 8.774815 -0.0 -15.841543 17.995058 6.131129 -1.844031 2.498503 -2.507276 -10.16359 4.678941 4.621104 -20.975996 -1e-06 1e-06 -21.226254 2.451698 -3.593995 0.0 -6e-06 -0.0 -1.362681 2.240797 -0.746323 -21.334892 0.58491 3.008319 -13.821196 -1e-06 1e-06 -23.887129 -0.249075 -0.839485 -60.263943 2.372513 -1.311655 -0.294025 1.679686 0.833255 -14.218195 0.093215 1.300579 -34.212002 -0.287561 0.967166 -20.033176 0.964536 1.212838 0.0 -0.0 0.0 -3.440387 0.788233 0.501655 -15.928172 -3.167306 2.999703 -6.338817 -0.0 1e-06 -18.123419 3.648181 -4.905662 -4e-06 0.0 -2e-06 16.168547 6.0988 15.812194 59.681778 3.796519 21.245502 -0.159343 27.745401 0.082059 4.032671 -2.162074 -3.015857 2.24354 -5.255033 -3.180156 14.282877 -0.826594 6.952496 -0.0 -12.690593 -1e-06 16.184452 -17.63377 2.312293 1.665665 -1.95592 -2.878297 4.727794 -4.170584 4.993919 11.020511 1e-06 -0.0 12.109032 -3.735715 -2.866778 0.0 -0.0 0.0 1.291985 -1.928548 -1.498088 14.800115 0.567467 3.865604 14.242553 -1.341738 -6.660648 19.631935 0.143921 -0.648243 50.126167 -0.265415 -6.674211 0.353029 -1.51115 -0.03194 20.222769 3.684305 2.316629 18.787249 1e-06 -1e-06 10.751608 -0.47987 1.397903 0.0 -0.0 0.0 3.273804 0.305947 -0.58011 21.48679 11.830364 2.266131 8.162915 0.0 -0.0 18.399052 -3.798986 -4.940567 3e-06 0.0 -1e-06 3.789923 7.117565 13.441646 0.020998 -0.773951 24.646568 -0.487426 -10.67556 0.304856 2.210507 -1.675629 -26.528469 0.0 -0.0 2e-06 1.265787 -6.647023 -27.223408 0.101231 0.014353 7.565237 3.724793 -2.327666 13.7272 -1.360365 1.160539 -5.677726 0.0 -0.0 -1e-06 
0.0 0.0 0.0 0.0 -0.0 0.0 30.332968 96.280693 397.378387 -0.721524 8.602102 0.109554 -0.480272 -0.143703 0.85762 -0.390911 -1.696049 -4.606392 0.594408 -3.602273 8.937087 -0.151793 2.753166 -2.853325 -0.823728 0.597 -3.520525 -1.991297 -0.421815 -11.210772 7.7e-05 -2.2e-05 6e-06 0.036877 0.005626 0.023938 0.780855 -3.727597 -10.610325 -0.708091 3.74635 -10.597689 -14.368275 -7.452713 14.734552 -54.197338 -14.008463 19.073362 0.346951 -33.35059 -0.236924 3.685666 3.733201 -10.1491 -5.882102 9.861279 0.70259 -10.936861 -0.360574 7.156197 0.0 8.774815 -0.0 -15.95936 18.048824 6.071428 -1.844031 2.498503 -2.507276 -10.16359 4.678941 4.621104 -20.975996 -1e-06 1e-06 -21.226254 2.451698 -3.593995 0.0 -6e-06 -0.0 -1.362681 2.240797 -0.746323 -21.334892 0.58491 3.008319 -13.821196 -1e-06 1e-06 -23.887129 -0.249075 -0.839485 -60.212898 2.309494 -1.326861 -0.294025 1.679686 0.833255 -14.218195 0.093215 1.300579 -34.212002 -0.287561 0.967166 -20.033176 0.964536 1.212838 0.0 -0.0 0.0 -3.440387 0.788233 0.501655 -15.928172 -3.167306 2.999703 -6.338817 -0.0 1e-06 -18.123419 3.648181 -4.905662 -4e-06 0.0 -2e-06 15.20849 6.900496 16.00782 60.500771 4.766447 21.028851 0.158336 25.859554 0.184463 3.648869 -2.73205 -3.338705 2.24354 -5.255033 -3.180156 14.282877 -0.826594 6.952496 -0.0 -12.690593 -1e-06 16.167171 -17.698013 2.284179 1.665665 -1.95592 -2.878297 4.727794 -4.170584 4.993919 11.020511 1e-06 -0.0 12.109032 -3.735715 -2.866778 0.0 -0.0 0.0 1.291985 -1.928548 -1.498088 14.800115 0.567467 3.865604 14.242553 -1.341738 -6.660648 19.631935 0.143921 -0.648243 49.920841 -0.326147 -6.705029 0.353029 -1.51115 -0.03194 20.222769 3.684305 2.316629 18.787249 1e-06 -1e-06 10.751608 -0.47987 1.397903 0.0 -0.0 0.0 3.273804 0.305947 -0.58011 21.48679 11.830364 2.266131 8.162915 0.0 -0.0 18.399052 -3.798986 -4.940567 3e-06 0.0 -1e-06 7.515003 7.995969 9.76616 -0.107499 -0.893265 35.469616 -1.733513 -11.314133 10.845148 2.337271 -1.434102 -32.624275 0.0 -0.0 2e-06 3.481152 -5.289555 -26.396946 0.088707 -0.20896 12.30595 1.632401 -1.657369 13.583892 -1.351235 1.168653 -3.676302 0.0 -0.0 -1e-06 
0.0 0.0 0.0 0.0 -0.0 0.0 30.08095 96.788269 402.152649 -2.117936 8.280979 -0.718205 0.351407 -0.039144 1.252671 -0.238948 -1.58822 -4.421373 1.276331 -3.617319 8.628999 -0.046214 2.663249 -2.544903 -0.67653 0.601234 -3.483694 -2.031773 0.019832 -11.337103 7.7e-05 -2.2e-05 6e-06 0.044756 0.029341 0.021414 0.796857 -3.704206 -10.610951 -0.709089 3.765929 -10.582125 -13.480745 -7.281971 14.820944 -56.437603 -13.221916 20.674458 0.351538 -30.745916 -0.188433 2.424236 4.366259 -9.075125 -5.882102 9.861279 0.70259 -10.936861 -0.360574 7.156197 0.0 8.774815 -0.0 -16.101179 17.899866 6.020311 -1.844031 2.498503 -2.507276 -10.16359 4.678941 4.621104 -20.975996 -1e-06 1e-06 -21.226254 2.451698 -3.593995 0.0 -6e-06 -0.0 -1.362681 2.240797 -0.746323 -21.334892 0.58491 3.008319 -13.821196 -1e-06 1e-06 -23.887129 -0.249075 -0.839485 -60.319527 2.235445 -1.289722 -0.294025 1.679686 0.833255 -14.218195 0.093215 1.300579 -34.212002 -0.287561 0.967166 -20.033176 0.964536 1.212838 0.0 -0.0 0.0 -3.440387 0.788233 0.501655 -15.928172 -3.167306 2.999703 -6.338817 -0.0 1e-06 -18.123419 3.648181 -4.905662 -4e-06 0.0 -2e-06 14.186852 7.724769 15.966797 61.175014 5.872024 21.200775 0.351772 24.650526 0.262844 3.5931 -3.355924 -3.423491 2.24354 -5.255033 -3.180156 14.282877 -0.826594 6.952496 -0.0 -12.690593 -1e-06 16.249947 -17.5672 2.272773 1.665665 -1.95592 -2.878297 4.727794 -4.170584 4.993919 11.020511 1e-06 -0.0 12.109032 -3.735715 -2.866778 0.0 -0.0 0.0 1.291985 -1.928548 -1.498088 14.800115 0.567467 3.865604 14.242553 -1.341738 -6.660648 19.631935 0.143921 -0.648243 49.807339 -0.388975 -6.562176 0.353029 -1.51115 -0.03194 20.222769 3.684305 2.316629 18.787249 1e-06 -1e-06 10.751608 -0.47987 1.397903 0.0 -0.0 0.0 3.273804 0.305947 -0.58011 21.48679 11.830364 2.266131 8.162915 0.0 -0.0 18.399052 -3.798986 -4.940567 3e-06 0.0 -1e-06 9.959406 8.012137 5.07092 -0.166691 -0.798067 46.800453 -3.767114 -10.030618 21.494387 2.083093 -1.412707 -24.902201 0.0 -0.0 2e-06 5.306056 -5.139572 -24.527458 0.103002 -0.212623 16.40185 0.121982 -0.979239 8.225737 -1.380763 1.131613 -2.712345 0.0 -0.0 -1e-06 
0.0 0.0 0.0 0.0 -0.0 0.0 29.939816 97.3218 406.714539 -2.919771 8.215413 -1.396619 0.879491 0.095902 1.591145 -0.190558 -1.372685 -4.288337 1.593487 -3.593303 8.602386 0.236462 2.327662 -2.395654 -0.537862 0.631888 -3.514726 -1.969627 0.253524 -11.359368 7.7e-05 -2.2e-05 6e-06 0.032224 -0.003154 0.014225 0.77716 -3.734165 -10.594965 -0.714706 3.72884 -10.549058 -13.444794 -7.023855 15.009391 -57.238049 -12.725048 22.599596 0.390262 -28.951506 -0.177193 0.900382 5.151388 -7.404495 -5.882102 9.861279 0.70259 -10.936861 -0.360574 7.156197 0.0 8.774815 -0.0 -16.361847 17.824036 6.027112 -1.844031 2.498503 -2.507276 -10.16359 4.678941 4.621104 -20.975996 -1e-06 1e-06 -21.226254 2.451698 -3.593995 0.0 -6e-06 -0.0 -1.362681 2.240797 -0.746323 -21.334892 0.58491 3.008319 -13.821196 -1e-06 1e-06 -23.887129 -0.249075 -0.839485 -60.632198 2.363723 -1.228512 -0.294025 1.679686 0.833255 -14.218195 0.093215 1.300579 -34.212002 -0.287561 0.967166 -20.033176 0.964536 1.212838 0.0 -0.0 0.0 -3.440387 0.788233 0.501655 -15.928172 -3.167306 2.999703 -6.338817 -0.0 1e-06 -18.123419 3.648181 -4.905662 -4e-06 0.0 -2e-06 14.078353 8.194498 15.847903 60.595779 6.871867 21.344469 0.412226 24.944014 0.220216 3.379374 -3.638574 -3.497552 2.24354 -5.255033 -3.180156 14.282877 -0.826594 6.952496 -0.0 -12.690593 -1e-06 16.30126 -17.441675 2.337005 1.665665 -1.95592 -2.878297 4.727794 -4.170584 4.993919 11.020511 1e-06 -0.0 12.109032 -3.735715 -2.866778 0.0 -0.0 0.0 1.291985 -1.928548 -1.498088 14.800115 0.567467 3.865604 14.242553 -1.341738 -6.660648 19.631935 0.143921 -0.648243 50.045853 -0.398482 -6.370226 0.353029 -1.51115 -0.03194 20.222769 3.684305 2.316629 18.787249 1e-06 -1e-06 10.751608 -0.47987 1.397903 0.0 -0.0 0.0 3.273804 0.305947 -0.58011 21.48679 11.830364 2.266131 8.162915 0.0 -0.0 18.399052 -3.798986 -4.940567 3e-06 0.0 -1e-06 10.813021 7.748925 -0.278424 -0.080473 -0.748633 56.961945 -3.555097 -5.601882 26.082161 1.886593 -1.781805 -8.440283 0.0 -0.0 2e-06 6.480361 -5.499693 -21.730839 0.015364 -0.148146 18.259781 -1.1391 -0.394854 4.093782 -1.403358 1.044404 -2.186949 0.0 -0.0 -1e-06 
0.0 0.0 0.0 0.0 -0.0 0.0 30.000595 98.135475 411.144073 -2.968623 8.021446 -1.762794 1.107766 0.249814 1.645423 -0.234887 -1.118419 -4.228877 1.425099 -3.307113 8.79768 0.633865 2.110471 -2.225816 -0.521703 0.447115 -3.486946 -1.902366 0.398293 -11.297313 7.7e-05 -2.2e-05 6e-06 0.01332 -0.057308 0.018382 0.740864 -3.788998 -10.583143 -0.716297 3.675822 -10.53996 -14.020333 -6.498995 15.272477 -57.161995 -12.135746 23.409019 0.247996 -28.215963 -0.036999 0.214257 5.471204 -6.585655 -5.882102 9.861279 0.70259 -10.936861 -0.360574 7.156197 0.0 8.774815 -0.0 -16.537222 17.844061 5.935373 -1.844031 2.498503 -2.507276 -10.16359 4.678941 4.621104 -20.975996 -1e-06 1e-06 -21.226254 2.451698 -3.593995 0.0 -6e-06 -0.0 -1.362681 2.240797 -0.746323 -21.334892 0.58491 3.008319 -13.821196 -1e-06 1e-06 -23.887129 -0.249075 -0.839485 -60.589989 2.502651 -1.328429 -0.294025 1.679686 0.833255 -14.218195 0.093215 1.300579 -34.212002 -0.287561 0.967166 -20.033176 0.964536 1.212838 0.0 -0.0 0.0 -3.440387 0.788233 0.501655 -15.928172 -3.167306 2.999703 -6.338817 -0.0 1e-06 -18.123419 3.648181 -4.905662 -4e-06 0.0 -2e-06 14.636283 8.390414 15.873321 59.202641 8.108164 21.050467 0.383171 25.939472 0.159956 2.565697 -3.116262 -3.769512 2.24354 -5.255033 -3.180156 14.282877 -0.826594 6.952496 -0.0 -12.690593 -1e-06 16.424471 -17.457714 2.389336 1.665665 -1.95592 -2.878297 4.727794 -4.170584 4.993919 11.020511 1e-06 -0.0 12.109032 -3.735715 -2.866778 0.0 -0.0 0.0 1.291985 -1.928548 -1.498088 14.800115 0.567467 3.865604 14.242553 -1.341738 -6.660648 19.631935 0.143921 -0.648243 50.214775 -0.491585 -6.388766 0.353029 -1.51115 -0.03194 20.222769 3.684305 2.316629 18.787249 1e-06 -1e-06 10.751608 -0.47987 1.397903 0.0 -0.0 0.0 3.273804 0.305947 -0.58011 21.48679 11.830364 2.266131 8.162915 0.0 -0.0 18.399052 -3.798986 -4.940567 3e-06 0.0 -1e-06 10.190202 8.327598 -5.557072 -0.138684 -0.526024 63.847809 -0.252618 -1.697601 20.90633 1.872482 -1.8598 -5.876942 0.0 -0.0 2e-06 6.64172 -5.554637 -17.753508 -0.053046 -0.113905 17.18693 -1.767141 -0.116532 1.549817 -1.405286 1.068558 -1.98067 0.0 -0.0 -1e-06 
0.0 0.0 0.0 0.0 -0.0 0.0 30.172623 98.987549 415.461914 -2.531377 7.636229 -2.027184 1.187365 0.4154 1.684895 -0.359617 -0.795662 -4.19032 0.910255 -2.886976 8.888025 1.020175 2.038165 -1.77357 -0.54844 0.34111 -3.4707 -1.825731 0.27405 -11.017204 7.7e-05 -2.2e-05 6e-06 0.003998 -0.08315 0.02941 0.712054 -3.814203 -10.57587 -0.706684 3.649658 -10.547678 -14.352711 -5.763374 15.405345 -57.117119 -11.150079 23.218222 0.029046 -28.608557 0.088397 0.274009 5.276386 -6.307846 -5.882102 9.861279 0.70259 -10.936861 -0.360574 7.156197 0.0 8.774815 -0.0 -16.513678 17.912151 5.851278 -1.844031 2.498503 -2.507276 -10.16359 4.678941 4.621104 -20.975996 -1e-06 1e-06 -21.226254 2.451698 -3.593995 0.0 -6e-06 -0.0 -1.362681 2.240797 -0.746323 -21.334892 0.58491 3.008319 -13.821196 -1e-06 1e-06 -23.887129 -0.249075 -0.839485 -60.351776 2.568516 -1.442218 -0.294025 1.679686 0.833255 -14.218195 0.093215 1.300579 -34.212002 -0.287561 0.967166 -20.033176 0.964536 1.212838 0.0 -0.0 0.0 -3.440387 0.788233 0.501655 -15.928172 -3.167306 2.999703 -6.338817 -0.0 1e-06 -18.123419 3.648181 -4.905662 -4e-06 0.0 -2e-06 14.863211 8.696915 15.837662 58.219337 9.333456 20.156221 0.382471 27.134514 0.155442 1.311222 -2.030869 -4.569978 2.24354 -5.255033 -3.180156 14.282877 -0.826594 6.952496 -0.0 -12.690593 -1e-06 16.434889 -17.525183 2.442657 1.665665 -1.95592 -2.878297 4.727794 -4.170584 4.993919 11.020511 1e-06 -0.0 12.109032 -3.735715 -2.866778 0.0 -0.0 0.0 1.291985 -1.928548 -1.498088 14.800115 0.567467 3.865604 14.242553 -1.341738 -6.660648 19.631935 0.143921 -0.648243 50.207001 -0.563724 -6.461372 0.353029 -1.51115 -0.03194 20.222769 3.684305 2.316629 18.787249 1e-06 -1e-06 10.751608 -0.47987 1.397903 0.0 -0.0 0.0 3.273804 0.305947 -0.58011 21.48679 11.830364 2.266131 8.162915 0.0 -0.0 18.399052 -3.798986 -4.940567 3e-06 0.0 -1e-06 8.562911 9.375135 -10.46636 -0.160467 -0.242489 66.559334 2.301816 1.136862 15.330027 1.843796 -1.845329 -5.991092 0.0 -0.0 2e-06 6.137197 -5.119674 -13.091025 -0.043822 -0.117235 14.48483 -1.834984 0.028912 -0.026994 -1.405699 1.108257 -1.910671 0.0 -0.0 -1e-06 
0.0 0.0 0.0 0.0 -0.0 0.0 30.370056 99.595573 419.654907 -2.098433 7.05688 -2.278197 1.328985 0.591931 1.829219 -0.437474 -0.350165 -4.098373 0.319779 -2.400675 8.789022 1.141139 2.112116 -1.241432 -0.589978 0.168573 -3.488204 -1.669129 0.040961 -10.658455 7.7e-05 -2.2e-05 6e-06 0.003438 -0.091426 0.041441 0.696385 -3.822833 -10.579082 -0.693487 3.64209 -10.564991 -14.434598 -4.937158 15.358946 -57.098263 -9.783071 23.064337 -0.013643 -30.125566 0.099786 0.669927 4.671303 -6.694942 -5.882102 9.861279 0.70259 -10.936861 -0.360574 7.156197 0.0 8.774815 -0.0 -16.355797 18.012058 5.820033 -1.844031 2.498503 -2.507276 -10.16359 4.678941 4.621104 -20.975996 -1e-06 1e-06 -21.226254 2.451698 -3.593995 0.0 -6e-06 -0.0 -1.362681 2.240797 -0.746323 -21.334892 0.58491 3.008319 -13.821196 -1e-06 1e-06 -23.887129 -0.249075 -0.839485 -60.166454 2.598246 -1.588122 -0.294025 1.679686 0.833255 -14.218195 0.093215 1.300579 -34.212002 -0.287561 0.967166 -20.033176 0.964536 1.212838 0.0 -0.0 0.0 -3.440387 0.788233 0.501655 -15.928172 -3.167306 2.999703 -6.338817 -0.0 1e-06 -18.123419 3.648181 -4.905662 -4e-06 0.0 -2e-06 14.448224 9.223918 15.713235 57.741211 10.564252 19.358526 0.357256 28.395309 0.193287 0.309011 -0.915566 -6.037902 2.24354 -5.255033 -3.180156 14.282877 -0.826594 6.952496 -0.0 -12.690593 -1e-06 16.327509 -17.566874 2.498683 1.665665 -1.95592 -2.878297 4.727794 -4.170584 4.993919 11.020511 1e-06 -0.0 12.109032 -3.735715 -2.866778 0.0 -0.0 0.0 1.291985 -1.928548 -1.498088 14.800115 0.567467 3.865604 14.242553 -1.341738 -6.660648 19.631935 0.143921 -0.648243 50.023022 -0.615786 -6.497694 0.353029 -1.51115 -0.03194 20.222769 3.684305 2.316629 18.787249 1e-06 -1e-06 10.751608 -0.47987 1.397903 0.0 -0.0 0.0 3.273804 0.305947 -0.58011 21.48679 11.830364 2.266131 8.162915 0.0 -0.0 18.399052 -3.798986 -4.940567 3e-06 0.0 -1e-06 6.70526 10.591656 -14.945571 -0.118114 -0.022142 65.877609 2.916472 2.293133 10.969079 1.816693 -1.823706 -6.389626 0.0 -0.0 2e-06 5.643452 -4.341259 -8.419223 -0.010374 -0.132737 11.472646 -1.664716 0.089749 -1.295897 -1.407883 1.098673 -1.950822 0.0 -0.0 -1e-06 
0.0 0.0 0.0 0.0 -0.0 0.0 30.595129 99.829086 423.750549 -1.933072 6.296817 -2.434834 1.645305 0.726592 1.993577 -0.434747 0.198497 -3.991447 -0.166572 -1.864842 8.649937 0.954619 2.326684 -0.903872 -0.649497 -0.05451 -3.521272 -1.502314 -0.232282 -10.297843 7.7e-05 -2.2e-05 6e-06 -0.000391 -0.111802 0.055954 0.68716 -3.841273 -10.570036 -0.693871 3.620763 -10.564208 -14.688668 -4.137116 15.220257 -56.740406 -8.338426 22.963114 0.054637 -32.100872 0.041962 1.268294 4.033823 -7.648793 -5.882102 9.861279 0.70259 -10.936861 -0.360574 7.156197 0.0 8.774815 -0.0 -16.203503 18.090843 5.859526 -1.844031 2.498503 -2.507276 -10.16359 4.678941 4.621104 -20.975996 -1e-06 1e-06 -21.226254 2.451698 -3.593995 0.0 -6e-06 -0.0 -1.362681 2.240797 -0.746323 -21.334892 0.58491 3.008319 -13.821196 -1e-06 1e-06 -23.887129 -0.249075 -0.839485 -60.12701 2.627724 -1.648134 -0.294025 1.679686 0.833255 -14.218195 0.093215 1.300579 -34.212002 -0.287561 0.967166 -20.033176 0.964536 1.212838 0.0 -0.0 0.0 -3.440387 0.788233 0.501655 -15.928172 -3.167306 2.999703 -6.338817 -0.0 1e-06 -18.123419 3.648181 -4.905662 -4e-06 0.0 -2e-06 13.775476 9.920962 15.588684 57.121021 11.980362 19.232464 0.318118 29.67164 0.230127 -0.164349 -0.18708 -7.308154 2.24354 -5.255033 -3.180156 14.282877 -0.826594 6.952496 -0.0 -12.690593 -1e-06 16.241396 -17.6066 2.550457 1.665665 -1.95592 -2.878297 4.727794 -4.170584 4.993919 11.020511 1e-06 -0.0 12.109032 -3.735715 -2.866778 0.0 -0.0 0.0 1.291985 -1.928548 -1.498088 14.800115 0.567467 3.865604 14.242553 -1.341738 -6.660648 19.631935 0.143921 -0.648243 49.877132 -0.660184 -6.478116 0.353029 -1.51115 -0.03194 20.222769 3.684305 2.316629 18.787249 1e-06 -1e-06 10.751608 -0.47987 1.397903 0.0 -0.0 0.0 3.273804 0.305947 -0.58011 21.48679 11.830364 2.266131 8.162915 0.0 -0.0 18.399052 -3.798986 -4.940567 3e-06 0.0 -1e-06 5.066195 11.678147 -19.010778 -0.011175 0.212362 62.265385 1.946052 2.08708 7.67103 1.810743 -1.82495 -6.666558 0.0 -0.0 2e-06 5.481876 -3.504192 -4.361446 0.013018 -0.145214 9.223555 -1.458258 0.11545 -2.886416 -1.417416 1.055885 -2.088291 0.0 -0.0 -1e-06 
0.0 0.0 0.0 0.0 -0.0 0.0 30.891705 99.735291 427.828888 -2.07007 5.419917 -2.474466 2.102023 0.779975 2.119666 -0.368525 0.754116 -3.916362 -0.456073 -1.321268 8.588946 0.536922 2.560931 -0.821367 -0.672902 -0.133131 -3.56348 -1.422853 -0.506303 -10.090536 7.7e-05 -2.2e-05 6e-06 -0.006485 -0.134962 0.066524 0.676822 -3.859421 -10.547823 -0.697769 3.593494 -10.547512 -15.246516 -3.380738 15.15822 -56.128811 -7.262135 22.659309 0.123235 -33.52932 -0.021388 1.935153 3.706556 -8.647933 -5.882102 9.861279 0.70259 -10.936861 -0.360574 7.156197 0.0 8.774815 -0.0 -16.118275 18.141476 5.923752 -1.844031 2.498503 -2.507276 -10.16359 4.678941 4.621104 -20.975996 -1e-06 1e-06 -21.226254 2.451698 -3.593995 0.0 -6e-06 -0.0 -1.362681 2.240797 -0.746323 -21.334892 0.58491 3.008319 -13.821196 -1e-06 1e-06 -23.887129 -0.249075 -0.839485 -60.126266 2.637161 -1.592215 -0.294025 1.679686 0.833255 -14.218195 0.093215 1.300579 -34.212002 -0.287561 0.967166 -20.033176 0.964536 1.212838 0.0 -0.0 0.0 -3.440387 0.788233 0.501655 -15.928172 -3.167306 2.999703 -6.338817 -0.0 1e-06 -18.123419 3.648181 -4.905662 -4e-06 0.0 -2e-06 13.194829 10.727444 15.544329 56.027176 13.592061 19.590446 0.259437 30.960859 0.209944 -0.325545 0.143741 -8.006815 2.24354 -5.255033 -3.180156 14.282877 -0.826594 6.952496 -0.0 -12.690593 -1e-06 16.158712 -17.621147 2.579911 1.665665 -1.95592 -2.878297 4.727794 -4.170584 4.993919 11.020511 1e-06 -0.0 12.109032 -3.735715 -2.866778 0.0 -0.0 0.0 1.291985 -1.928548 -1.498088 14.800115 0.567467 3.865604 14.242553 -1.341738 -6.660648 19.631935 0.143921 -0.648243 49.786022 -0.6967 -6.402696 0.353029 -1.51115 -0.03194 20.222769 3.684305 2.316629 18.787249 1e-06 -1e-06 10.751608 -0.47987 1.397903 0.0 -0.0 0.0 3.273804 0.305947 -0.58011 21.48679 11.830364 2.266131 8.162915 0.0 -0.0 18.399052 -3.798986 -4.940567 3e-06 0.0 -1e-06 3.805478 12.199127 -22.346588 0.131727 0.406046 55.809441 0.495892 1.608556 5.3614 1.822574 -1.857484 -6.865847 0.0 -0.0 2e-06 5.606591 -2.909382 -0.856788 0.024582 -0.107134 7.692497 -1.351296 0.292179 -4.845191 -1.431563 1.0136 -2.17097 0.0 -0.0 -1e-06 
0.0 0.0 0.0 0.0 -0.0 0.0 31.27107 99.404839 431.891449 -2.464377 4.479347 -2.388739 2.628528 0.738532 2.150889 -0.272036 1.259294 -3.883313 -0.529283 -0.843502 8.616686 0.004681 2.76929 -0.838932 -0.639713 -0.052056 -3.593942 -1.470327 -0.691956 -10.147907 7.7e-05 -2.2e-05 6e-06 -0.004809 -0.125947 0.070272 0.665613 -3.847821 -10.531737 -0.684884 3.600071 -10.539598 -15.969423 -2.634158 15.128184 -55.612961 -6.557658 22.158232 0.146203 -33.979568 -0.037419 2.49196 3.728937 -9.255898 -5.882102 9.861279 0.70259 -10.936861 -0.360574 7.156197 0.0 8.774815 -0.0 -16.077055 18.171383 5.973859 -1.844031 2.498503 -2.507276 -10.16359 4.678941 4.621104 -20.975996 -1e-06 1e-06 -21.226254 2.451698 -3.593995 0.0 -6e-06 -0.0 -1.362681 2.240797 -0.746323 -21.334892 0.58491 3.008319 -13.821196 -1e-06 1e-06 -23.887129 -0.249075 -0.839485 -60.11248 2.613467 -1.468993 -0.294025 1.679686 0.833255 -14.218195 0.093215 1.300579 -34.212002 -0.287561 0.967166 -20.033176 0.964536 1.212838 0.0 -0.0 0.0 -3.440387 0.788233 0.501655 -15.928172 -3.167306 2.999703 -6.338817 -0.0 1e-06 -18.123419 3.648181 -4.905662 -4e-06 0.0 -2e-06 12.782455 11.56447 15.636597 54.616802 15.401189 19.934406 0.125683 32.189426 0.133858 -0.467805 0.346184 -8.146859 2.24354 -5.255033 -3.180156 14.282877 -0.826594 6.952496 -0.0 -12.690593 -1e-06 16.075432 -17.618427 2.575337 1.665665 -1.95592 -2.878297 4.727794 -4.170584 4.993919 11.020511 1e-06 -0.0 12.109032 -3.735715 -2.866778 0.0 -0.0 0.0 1.291985 -1.928548 -1.498088 14.800115 0.567467 3.865604 14.242553 -1.341738 -6.660648 19.631935 0.143921 -0.648243 49.674721 -0.717487 -6.34396 0.353029 -1.51115 -0.03194 20.222769 3.684305 2.316629 18.787249 1e-06 -1e-06 10.751608 -0.47987 1.397903 0.0 -0.0 0.0 3.273804 0.305947 -0.58011 21.48679 11.830364 2.266131 8.162915 0.0 -0.0 18.399052 -3.798986 -4.940567 3e-06 0.0 -1e-06 3.030211 12.037467 -24.696236 0.24867 0.493562 46.611992 -0.380035 1.712163 4.373405 1.827132 -1.914965 -7.095867 0.0 -0.0 2e-06 5.970872 -2.438422 2.442297 0.009045 0.003251 6.264823 -1.500686 0.562429 -6.870263 -1.440931 0.992825 -2.062264 0.0 -0.0 -1e-06 
0.0 0.0 0.0 0.0 -0.0 0.0 31.748222 98.907883 435.860107 -3.054554 3.531863 -2.164581 3.172992 0.642272 2.069659 -0.17531 1.615561 -3.886017 -0.403328 -0.442308 8.645006 -0.513904 2.949273 -0.797921 -0.569211 0.102527 -3.597123 -1.579886 -0.744601 -10.302 7.7e-05 -2.2e-05 6e-06 0.00601 -0.086625 0.068909 0.669932 -3.811638 -10.548575 -0.668704 3.642684 -10.561765 -16.599751 -1.944557 15.089997 -55.489079 -6.00702 21.569712 0.058854 -33.605515 0.022066 2.844963 4.00617 -9.122912 -5.882102 9.861279 0.70259 -10.936861 -0.360574 7.156197 0.0 8.774815 -0.0 -16.042692 18.132219 6.008098 -1.844031 2.498503 -2.507276 -10.16359 4.678941 4.621104 -20.975996 -1e-06 1e-06 -21.226254 2.451698 -3.593995 0.0 -6e-06 -0.0 -1.362681 2.240797 -0.746323 -21.334892 0.58491 3.008319 -13.821196 -1e-06 1e-06 -23.887129 -0.249075 -0.839485 -60.12994 2.591985 -1.33974 -0.294025 1.679686 0.833255 -14.218195 0.093215 1.300579 -34.212002 -0.287561 0.967166 -20.033176 0.964536 1.212838 0.0 -0.0 0.0 -3.440387 0.788233 0.501655 -15.928172 -3.167306 2.999703 -6.338817 -0.0 1e-06 -18.123419 3.648181 -4.905662 -4e-06 0.0 -2e-06 12.413671 12.34083 15.704046 53.362309 17.181538 19.865417 -0.063952 33.309448 0.057377 -0.715529 0.540241 -7.983049 2.24354 -5.255033 -3.180156 14.282877 -0.826594 6.952496 -0.0 -12.690593 -1e-06 16.036669 -17.644855 2.568063 1.665665 -1.95592 -2.878297 4.727794 -4.170584 4.993919 11.020511 1e-06 -0.0 12.109032 -3.735715 -2.866778 0.0 -0.0 0.0 1.291985 -1.928548 -1.498088 14.800115 0.567467 3.865604 14.242553 -1.341738 -6.660648 19.631935 0.143921 -0.648243 49.613255 -0.742809 -6.355604 0.353029 -1.51115 -0.03194 20.222769 3.684305 2.316629 18.787249 1e-06 -1e-06 10.751608 -0.47987 1.397903 0.0 -0.0 0.0 3.273804 0.305947 -0.58011 21.48679 11.830364 2.266131 8.162915 0.0 -0.0 18.399052 -3.798986 -4.940567 3e-06 0.0 -1e-06 2.763194 11.427463 -25.958242 0.299695 0.534135 34.805965 0.029408 2.492484 4.984233 1.806326 -1.956872 -7.097772 0.0 -0.0 2e-06 6.436225 -2.096888 5.739727 -0.033604 0.11226 4.407139 -1.781073 0.99804 -8.554307 -1.440448 0.998614 -1.906386 0.0 -0.0 -1e-06 
0.0 0.0 0.0 0.0 -0.0 0.0 32.332676 98.280945 439.828918 -3.761889 2.6157 -1.885891 3.674982 0.609554 1.950758 -0.086618 1.749057 -3.919404 -0.13916 -0.175533 8.638125 -0.89885 3.082737 -0.781807 -0.537946 0.24592 -3.601252 -1.620862 -0.576079 -10.340171 7.7e-05 -2.2e-05 6e-06 0.016894 -0.052759 0.064997 0.693074 -3.78881 -10.613228 -0.671058 3.687844 -10.616189 -16.900381 -1.350229 15.126665 -55.89183 -5.519996 21.153015 -0.046964 -32.800613 0.081493 2.873513 4.421703 -8.254436 -5.882102 9.861279 0.70259 -10.936861 -0.360574 7.156197 0.0 8.774815 -0.0 -15.999387 18.029009 6.081629 -1.844031 2.498503 -2.507276 -10.16359 4.678941 4.621104 -20.975996 -1e-06 1e-06 -21.226254 2.451698 -3.593995 0.0 -6e-06 -0.0 -1.362681 2.240797 -0.746323 -21.334892 0.58491 3.008319 -13.821196 -1e-06 1e-06 -23.887129 -0.249075 -0.839485 -60.21814 2.616236 -1.176808 -0.294025 1.679686 0.833255 -14.218195 0.093215 1.300579 -34.212002 -0.287561 0.967166 -20.033176 0.964536 1.212838 0.0 -0.0 0.0 -3.440387 0.788233 0.501655 -15.928172 -3.167306 2.999703 -6.338817 -0.0 1e-06 -18.123419 3.648181 -4.905662 -4e-06 0.0 -2e-06 12.021282 13.021612 15.558211 52.675995 18.562761 19.118803 -0.212068 34.446682 0.02942 -1.077832 0.62687 -7.659376 2.24354 -5.255033 -3.180156 14.282877 -0.826594 6.952496 -0.0 -12.690593 -1e-06 15.977563 -17.615294 2.598577 1.665665 -1.95592 -2.878297 4.727794 -4.170584 4.993919 11.020511 1e-06 -0.0 12.109032 -3.735715 -2.866778 0.0 -0.0 0.0 1.291985 -1.928548 -1.498088 14.800115 0.567467 3.865604 14.242553 -1.341738 -6.660648 19.631935 0.143921 -0.648243 49.596554 -0.781185 -6.373137 0.353029 -1.51115 -0.03194 20.222769 3.684305 2.316629 18.787249 1e-06 -1e-06 10.751608 -0.47987 1.397903 0.0 -0.0 0.0 3.273804 0.305947 -0.58011 21.48679 11.830364 2.266131 8.162915 0.0 -0.0 18.399052 -3.798986 -4.940567 3e-06 0.0 -1e-06 3.012491 10.697891 -26.112211 0.220595 0.537004 21.507013 0.941186 2.937495 6.326628 1.773207 -1.961404 -6.622086 0.0 -0.0 2e-06 6.885448 -2.023901 9.200097 -0.071916 0.133503 2.185667 -2.038914 1.653742 -9.785249 -1.438263 1.002685 -1.954973 0.0 -0.0 -1e-06 
0.0 0.0 0.0 0.0 -0.0 0.0 32.990665 97.60321 443.93573 -4.437788 1.868977 -1.551742 4.01145 0.544885 1.765649 -0.008397 1.789716 -3.979049 0.141438 -0.147967 8.635617 -1.069587 3.145255 -0.96721 -0.556464 0.453806 -3.614966 -1.633519 -0.220481 -10.223552 7.7e-05 -2.2e-05 6e-06 0.018592 -0.038243 0.066922 0.706032 -3.788026 -10.669385 -0.681629 3.715856 -10.653806 -16.885288 -0.873234 15.244538 -56.61446 -4.986078 20.895018 -0.103226 -31.970549 0.09334 2.467185 4.776677 -6.986333 -5.882102 9.861279 0.70259 -10.936861 -0.360574 7.156197 0.0 8.774815 -0.0 -16.009983 17.976534 6.153887 -1.844031 2.498503 -2.507276 -10.16359 4.678941 4.621104 -20.975996 -1e-06 1e-06 -21.226254 2.451698 -3.593995 0.0 -6e-06 -0.0 -1.362681 2.240797 -0.746323 -21.334892 0.58491 3.008319 -13.821196 -1e-06 1e-06 -23.887129 -0.249075 -0.839485 -60.330452 2.643148 -1.015889 -0.294025 1.679686 0.833255 -14.218195 0.093215 1.300579 -34.212002 -0.287561 0.967166 -20.033176 0.964536 1.212838 0.0 -0.0 0.0 -3.440387 0.788233 0.501655 -15.928172 -3.167306 2.999703 -6.338817 -0.0 1e-06 -18.123419 3.648181 -4.905662 -4e-06 0.0 -2e-06 11.741677 13.534583 15.351066 52.501419 19.595015 17.81422 -0.260341 35.775002 -0.007484 -1.550584 0.717006 -7.284292 2.24354 -5.255033 -3.180156 14.282877 -0.826594 6.952496 -0.0 -12.690593 -1e-06 15.880332 -17.502178 2.659823 1.665665 -1.95592 -2.878297 4.727794 -4.170584 4.993919 11.020511 1e-06 -0.0 12.109032 -3.735715 -2.866778 0.0 -0.0 0.0 1.291985 -1.928548 -1.498088 14.800115 0.567467 3.865604 14.242553 -1.341738 -6.660648 19.631935 0.143921 -0.648243 49.609772 -0.848544 -6.340945 0.353029 -1.51115 -0.03194 20.222769 3.684305 2.316629 18.787249 1e-06 -1e-06 10.751608 -0.47987 1.397903 0.0 -0.0 0.0 3.273804 0.305947 -0.58011 21.48679 11.830364 2.266131 8.162915 0.0 -0.0 18.399052 -3.798986 -4.940567 3e-06 0.0 -1e-06 3.641069 9.882817 -25.946194 0.070151 0.405397 9.212546 0.345991 2.810313 6.909474 1.717018 -1.998217 -6.242151 0.0 -0.0 2e-06 7.051984 -2.279936 11.625791 -0.076812 0.049881 2.249094 -2.094675 2.461425 -11.210645 -1.439683 0.952968 -2.449161 0.0 -0.0 -1e-06 
0.0 0.0 0.0 0.0 -0.0 0.0 33.689289 96.828613 448.19455 -5.05839 1.340477 -1.097173 4.186991 0.351514 1.51225 0.03596 1.879199 -4.133485 0.488071 -0.259004 8.708041 -1.045965 3.133672 -1.374314 -0.565059 0.773112 -3.527328 -1.776939 0.15502 -10.209565 7.7e-05 -2.2e-05 6e-06 0.027011 0.01831 0.071823 0.703478 -3.740601 -10.67146 -0.662612 3.780496 -10.645759 -16.938177 -0.70946 15.275455 -57.160465 -4.335551 21.020952 -0.080518 -31.257334 0.091837 1.68115 5.045038 -6.190506 -5.882102 9.861279 0.70259 -10.936861 -0.360574 7.156197 0.0 8.774815 -0.0 -16.137405 17.94178 5.987131 -1.844031 2.498503 -2.507276 -10.16359 4.678941 4.621104 -20.975996 -1e-06 1e-06 -21.226254 2.451698 -3.593995 0.0 -6e-06 -0.0 -1.362681 2.240797 -0.746323 -21.334892 0.58491 3.008319 -13.821196 -1e-06 1e-06 -23.887129 -0.249075 -0.839485 -60.348049 2.614065 -1.112942 -0.294025 1.679686 0.833255 -14.218195 0.093215 1.300579 -34.212002 -0.287561 0.967166 -20.033176 0.964536 1.212838 0.0 -0.0 0.0 -3.440387 0.788233 0.501655 -15.928172 -3.167306 2.999703 -6.338817 -0.0 1e-06 -18.123419 3.648181 -4.905662 -4e-06 0.0 -2e-06 11.805298 13.686011 15.128167 52.408039 20.300356 16.517443 -0.128582 37.268707 0.128735 -2.098426 1.153863 -7.197275 2.24354 -5.255033 -3.180156 14.282877 -0.826594 6.952496 -0.0 -12.690593 -1e-06 15.773923 -17.477995 2.710165 1.665665 -1.95592 -2.878297 4.727794 -4.170584 4.993919 11.020511 1e-06 -0.0 12.109032 -3.735715 -2.866778 0.0 -0.0 0.0 1.291985 -1.928548 -1.498088 14.800115 0.567467 3.865604 14.242553 -1.341738 -6.660648 19.631935 0.143921 -0.648243 49.666267 -0.935701 -6.361138 0.353029 -1.51115 -0.03194 20.222769 3.684305 2.316629 18.787249 1e-06 -1e-06 10.751608 -0.47987 1.397903 0.0 -0.0 0.0 3.273804 0.305947 -0.58011 21.48679 11.830364 2.266131 8.162915 0.0 -0.0 18.399052 -3.798986 -4.940567 3e-06 0.0 -1e-06 4.222253 9.378867 -26.417576 -0.021954 0.21302 0.908654 -2.14299 2.884274 5.721144 1.601693 -2.097882 -5.995155 0.0 -0.0 2e-06 6.891463 -3.039846 13.878456 -0.076848 -0.07236 2.533329 -1.826623 3.739866 -12.319602 -1.451527 0.848838 -3.311813 0.0 -0.0 -1e-06 
0.0 0.0 0.0 0.0 -0.0 0.0 34.507504 96.095566 452.484711 -5.400133 0.945092 -0.68722 4.108373 0.270274 1.296109 0.039648 1.82739 -4.26338 0.797427 -0.45483 8.912498 -1.086396 3.131341 -1.958067 -0.469919 0.829469 -3.519542 -1.824401 0.469215 -10.344382 7.7e-05 -2.2e-05 6e-06 0.016843 -0.033782 0.067089 0.694035 -3.78113 -10.631316 -0.673647 3.717521 -10.606517 -17.148258 -0.840023 15.188231 -57.394463 -3.680182 21.437523 -0.024573 -30.59305 0.095563 0.881789 5.175624 -5.708148 -5.882102 9.861279 0.70259 -10.936861 -0.360574 7.156197 0.0 8.774815 -0.0 -16.246529 17.888092 5.859448 -1.844031 2.498503 -2.507276 -10.16359 4.678941 4.621104 -20.975996 -1e-06 1e-06 -21.226254 2.451698 -3.593995 0.0 -6e-06 -0.0 -1.362681 2.240797 -0.746323 -21.334892 0.58491 3.008319 -13.821196 -1e-06 1e-06 -23.887129 -0.249075 -0.839485 -60.378403 2.581294 -1.124662 -0.294025 1.679686 0.833255 -14.218195 0.093215 1.300579 -34.212002 -0.287561 0.967166 -20.033176 0.964536 1.212838 0.0 -0.0 0.0 -3.440387 0.788233 0.501655 -15.928172 -3.167306 2.999703 -6.338817 -0.0 1e-06 -18.123419 3.648181 -4.905662 -4e-06 0.0 -2e-06 12.252783 13.549572 15.054258 52.229935 20.695219 15.536616 -0.170552 38.979084 0.162671 -2.482725 1.787554 -7.702845 2.24354 -5.255033 -3.180156 14.282877 -0.826594 6.952496 -0.0 -12.690593 -1e-06 15.652067 -17.474052 2.723713 1.665665 -1.95592 -2.878297 4.727794 -4.170584 4.993919 11.020511 1e-06 -0.0 12.109032 -3.735715 -2.866778 0.0 -0.0 0.0 1.291985 -1.928548 -1.498088 14.800115 0.567467 3.865604 14.242553 -1.341738 -6.660648 19.631935 0.143921 -0.648243 49.535091 -0.839585 -6.356182 0.353029 -1.51115 -0.03194 20.222769 3.684305 2.316629 18.787249 1e-06 -1e-06 10.751608 -0.47987 1.397903 0.0 -0.0 0.0 3.273804 0.305947 -0.58011 21.48679 11.830364 2.266131 8.162915 0.0 -0.0 18.399052 -3.798986 -4.940567 3e-06 0.0 -1e-06 4.191333 9.614833 -28.101656 -0.004113 0.076663 -0.270265 -4.819959 3.562648 4.24771 1.554479 -2.091921 -6.043488 0.0 -0.0 2e-06 6.17496 -3.967142 15.595738 -0.137096 -0.042962 4.15369 -1.139588 5.424919 -12.849475 -1.438866 0.838606 -4.870627 0.0 -0.0 -1e-06 
0.0 0.0 0.0 0.0 -0.0 0.0 35.446747 95.548378 457.007507 -4.784242 0.651701 -0.173375 3.373853 0.253026 0.938262 -0.046887 1.765172 -4.435062 0.749838 -0.674162 9.045692 -0.953101 3.050758 -2.525328 -0.439206 0.971381 -3.443523 -1.757096 0.681623 -10.33261 7.7e-05 -2.2e-05 6e-06 0.014338 -0.064796 0.062886 0.713269 -3.803872 -10.634014 -0.69652 3.678328 -10.612155 -17.424295 -0.99735 15.245839 -57.233269 -3.270864 21.969875 -0.044597 -29.946476 0.094651 0.28306 5.318198 -5.258436 -5.882102 9.861279 0.70259 -10.936861 -0.360574 7.156197 0.0 8.774815 -0.0 -16.400833 18.025017 5.870225 -1.844031 2.498503 -2.507276 -10.16359 4.678941 4.621104 -20.975996 -1e-06 1e-06 -21.226254 2.451698 -3.593995 0.0 -6e-06 -0.0 -1.362681 2.240797 -0.746323 -21.334892 0.58491 3.008319 -13.821196 -1e-06 1e-06 -23.887129 -0.249075 -0.839485 -60.506992 2.59542 -1.13862 -0.294025 1.679686 0.833255 -14.218195 0.093215 1.300579 -34.212002 -0.287561 0.967166 -20.033176 0.964536 1.212838 0.0 -0.0 0.0 -3.440387 0.788233 0.501655 -15.928172 -3.167306 2.999703 -6.338817 -0.0 1e-06 -18.123419 3.648181 -4.905662 -4e-06 0.0 -2e-06 12.925257 13.208383 15.140235 52.417854 20.565174 15.185682 -0.449929 40.073994 0.039058 -2.899102 2.606002 -8.662999 2.24354 -5.255033 -3.180156 14.282877 -0.826594 6.952496 -0.0 -12.690593 -1e-06 15.719471 -17.512285 2.76654 1.665665 -1.95592 -2.878297 4.727794 -4.170584 4.993919 11.020511 1e-06 -0.0 12.109032 -3.735715 -2.866778 0.0 -0.0 0.0 1.291985 -1.928548 -1.498088 14.800115 0.567467 3.865604 14.242553 -1.341738 -6.660648 19.631935 0.143921 -0.648243 49.606281 -0.838138 -6.347379 0.353029 -1.51115 -0.03194 20.222769 3.684305 2.316629 18.787249 1e-06 -1e-06 10.751608 -0.47987 1.397903 0.0 -0.0 0.0 3.273804 0.305947 -0.58011 21.48679 11.830364 2.266131 8.162915 0.0 -0.0 18.399052 -3.798986 -4.940567 3e-06 0.0 -1e-06 2.990113 9.975392 -28.867569 -0.044953 -0.059824 2.261118 -5.990495 2.908745 4.707213 1.608854 -2.101251 -6.476812 0.0 -0.0 2e-06 4.174325 -4.806963 16.855318 -0.166556 0.09605 6.996371 -0.273241 7.068415 -12.130266 -1.438029 0.873048 -7.76858 0.0 -0.0 -1e-06 
0.0 0.0 0.0 0.0 -0.0 0.0 36.487122 95.396667 461.77298 -2.588182 0.457663 0.822302 1.58662 0.148517 0.117392 -0.289934 1.878989 -4.722923 0.145342 -0.756807 9.114116 -0.509105 2.898592 -3.208619 -0.332851 1.318158 -3.455894 -1.83138 0.770621 -9.616157 7.7e-05 -2.2e-05 6e-06 0.016438 -0.083056 0.054492 0.715524 -3.808231 -10.599565 -0.693274 3.644719 -10.579652 -18.017706 -1.285184 15.120376 -56.54858 -2.848526 22.291897 -0.090072 -28.966557 0.087129 -0.209067 5.294268 -5.243728 -5.882102 9.861279 0.70259 -10.936861 -0.360574 7.156197 0.0 8.774815 -0.0 -16.459146 18.009407 5.933225 -1.844031 2.498503 -2.507276 -10.16359 4.678941 4.621104 -20.975996 -1e-06 1e-06 -21.226254 2.451698 -3.593995 0.0 -6e-06 -0.0 -1.362681 2.240797 -0.746323 -21.334892 0.58491 3.008319 -13.821196 -1e-06 1e-06 -23.887129 -0.249075 -0.839485 -60.695774 2.579451 -1.097169 -0.294025 1.679686 0.833255 -14.218195 0.093215 1.300579 -34.212002 -0.287561 0.967166 -20.033176 0.964536 1.212838 0.0 -0.0 0.0 -3.440387 0.788233 0.501655 -15.928172 -3.167306 2.999703 -6.338817 -0.0 1e-06 -18.123419 3.648181 -4.905662 -4e-06 0.0 -2e-06 14.437422 12.603462 15.336593 52.26564 19.706854 14.993629 -0.401101 40.114082 0.063075 -3.406487 3.404656 -9.377909 2.24354 -5.255033 -3.180156 14.282877 -0.826594 6.952496 -0.0 -12.690593 -1e-06 15.705327 -17.446859 2.811496 1.665665 -1.95592 -2.878297 4.727794 -4.170584 4.993919 11.020511 1e-06 -0.0 12.109032 -3.735715 -2.866778 0.0 -0.0 0.0 1.291985 -1.928548 -1.498088 14.800115 0.567467 3.865604 14.242553 -1.341738 -6.660648 19.631935 0.143921 -0.648243 49.710327 -0.755682 -6.179924 0.353029 -1.51115 -0.03194 20.222769 3.684305 2.316629 18.787249 1e-06 -1e-06 10.751608 -0.47987 1.397903 0.0 -0.0 0.0 3.273804 0.305947 -0.58011 21.48679 11.830364 2.266131 8.162915 0.0 -0.0 18.399052 -3.798986 -4.940567 3e-06 0.0 -1e-06 0.220706 9.551582 -29.478092 -0.102321 -0.094966 6.064237 -4.063213 1.51044 9.804852 1.738188 -2.006254 -6.741989 0.0 -0.0 2e-06 0.133008 -5.653157 16.244387 -0.109062 0.209052 12.360587 0.480948 9.197655 -10.199446 -1.473108 0.885293 -13.92385 0.0 -0.0 -1e-06 
0.0 0.0 0.0 0.0 -0.0 0.0 37.610424 95.59417 466.650818 0.004025 0.641478 1.618778 -0.21005 0.016519 -0.42381 -0.652347 1.990999 -5.004039 -0.918244 -0.896937 8.959398 0.140642 2.614635 -3.829126 -0.421912 1.172372 -3.454451 -1.639995 0.867815 -9.483441 7.7e-05 -2.2e-05 6e-06 0.027423 -0.098286 0.034306 0.725449 -3.823624 -10.566979 -0.68115 3.628695 -10.5669 -17.922071 -1.966999 15.038494 -56.336952 -2.816074 22.698744 -0.069928 -27.359125 0.037001 -0.509758 4.946312 -6.233901 -5.882102 9.861279 0.70259 -10.936861 -0.360574 7.156197 0.0 8.774815 -0.0 -16.508989 17.976011 5.864031 -1.844031 2.498503 -2.507276 -10.16359 4.678941 4.621104 -20.975996 -1e-06 1e-06 -21.226254 2.451698 -3.593995 0.0 -6e-06 -0.0 -1.362681 2.240797 -0.746323 -21.334892 0.58491 3.008319 -13.821196 -1e-06 1e-06 -23.887129 -0.249075 -0.839485 -60.622364 2.619612 -1.129008 -0.294025 1.679686 0.833255 -14.218195 0.093215 1.300579 -34.212002 -0.287561 0.967166 -20.033176 0.964536 1.212838 0.0 -0.0 0.0 -3.440387 0.788233 0.501655 -15.928172 -3.167306 2.999703 -6.338817 -0.0 1e-06 -18.123419 3.648181 -4.905662 -4e-06 0.0 -2e-06 15.55133 11.777172 15.410216 53.299854 18.463957 14.677688 0.016797 38.743534 0.342245 -3.880327 3.724001 -8.972875 2.24354 -5.255033 -3.180156 14.282877 -0.826594 6.952496 -0.0 -12.690593 -1e-06 15.589038 -17.508638 2.892681 1.665665 -1.95592 -2.878297 4.727794 -4.170584 4.993919 11.020511 1e-06 -0.0 12.109032 -3.735715 -2.866778 0.0 -0.0 0.0 1.291985 -1.928548 -1.498088 14.800115 0.567467 3.865604 14.242553 -1.341738 -6.660648 19.631935 0.143921 -0.648243 49.892445 -0.718399 -6.133007 0.353029 -1.51115 -0.03194 20.222769 3.684305 2.316629 18.787249 1e-06 -1e-06 10.751608 -0.47987 1.397903 0.0 -0.0 0.0 3.273804 0.305947 -0.58011 21.48679 11.830364 2.266131 8.162915 0.0 -0.0 18.399052 -3.798986 -4.940567 3e-06 0.0 -1e-06 -2.695409 8.31274 -29.621704 -0.054779 -0.112142 9.57273 -1.738264 0.713107 14.78986 1.756512 -1.9752 -5.123677 0.0 -0.0 2e-06 -4.204974 -6.660822 14.039481 -0.184651 0.434684 20.670536 0.706137 10.514626 -5.030375 -1.554687 0.899343 -23.282507 0.0 -0.0 -1e-06 
0.0 0.0 0.0 0.0 -0.0 0.0 38.649849 96.027985 471.43985 1.958745 1.459651 1.498371 -1.313523 -0.074179 -0.212739 -0.938723 1.812747 -4.937189 -2.008056 -0.917667 8.541086 0.526911 2.403976 -3.983763 -0.610421 0.85706 -3.419417 -1.41905 0.596494 -9.855903 7.7e-05 -2.2e-05 6e-06 0.038235 -0.071351 0.035924 0.752537 -3.785635 -10.533761 -0.688704 3.642119 -10.535915 -16.551361 -2.985144 15.275387 -57.274868 -3.804911 23.180437 -0.142056 -25.525801 -0.009578 -0.555465 4.996868 -6.743599 -5.882102 9.861279 0.70259 -10.936861 -0.360574 7.156197 0.0 8.774815 -0.0 -16.752039 18.018826 5.609029 -1.844031 2.498503 -2.507276 -10.16359 4.678941 4.621104 -20.975996 -1e-06 1e-06 -21.226254 2.451698 -3.593995 0.0 -6e-06 -0.0 -1.362681 2.240797 -0.746323 -21.334892 0.58491 3.008319 -13.821196 -1e-06 1e-06 -23.887129 -0.249075 -0.839485 -60.457596 2.625004 -1.385936 -0.294025 1.679686 0.833255 -14.218195 0.093215 1.300579 -34.212002 -0.287561 0.967166 -20.033176 0.964536 1.212838 0.0 -0.0 0.0 -3.440387 0.788233 0.501655 -15.928172 -3.167306 2.999703 -6.338817 -0.0 1e-06 -18.123419 3.648181 -4.905662 -4e-06 0.0 -2e-06 14.917397 11.111715 15.618284 56.375038 17.323799 14.388567 0.297689 35.908051 0.463986 -3.665424 3.064223 -8.559082 2.24354 -5.255033 -3.180156 14.282877 -0.826594 6.952496 -0.0 -12.690593 -1e-06 15.746537 -17.46327 2.778612 1.665665 -1.95592 -2.878297 4.727794 -4.170584 4.993919 11.020511 1e-06 -0.0 12.109032 -3.735715 -2.866778 0.0 -0.0 0.0 1.291985 -1.928548 -1.498088 14.800115 0.567467 3.865604 14.242553 -1.341738 -6.660648 19.631935 0.143921 -0.648243 49.965179 -0.612505 -6.194754 0.353029 -1.51115 -0.03194 20.222769 3.684305 2.316629 18.787249 1e-06 -1e-06 10.751608 -0.47987 1.397903 0.0 -0.0 0.0 3.273804 0.305947 -0.58011 21.48679 11.830364 2.266131 8.162915 0.0 -0.0 18.399052 -3.798986 -4.940567 3e-06 0.0 -1e-06 -4.82067 7.037491 -28.478998 -0.079915 -0.152947 13.538068 -0.047645 0.500176 13.477283 1.665983 -1.970726 -2.940599 0.0 -0.0 2e-06 -7.430894 -7.310551 10.515298 -0.05425 0.539612 31.703615 0.700452 10.519446 4.547981 -1.650554 0.80334 -31.574011 0.0 -0.0 -1e-06 
0.0 0.0 0.0 0.0 -0.0 0.0 39.609776 96.693893 476.03949 3.263219 2.071192 0.794601 -1.952226 -0.164265 0.340117 -1.140091 1.628528 -4.679286 -2.551851 -0.938489 8.318536 0.127564 2.332293 -4.082204 -0.738101 0.632013 -3.394428 -1.269481 0.378875 -10.09166 7.7e-05 -2.2e-05 6e-06 0.040753 -0.04431 0.04061 0.755322 -3.762275 -10.507016 -0.688319 3.672355 -10.503517 -15.609401 -3.826605 15.380089 -57.74947 -4.994643 23.526268 -0.057302 -25.027781 0.010491 -0.750793 5.365692 -6.600689 -5.882102 9.861279 0.70259 -10.936861 -0.360574 7.156197 0.0 8.774815 -0.0 -16.917751 18.018848 5.443791 -1.844031 2.498503 -2.507276 -10.16359 4.678941 4.621104 -20.975996 -1e-06 1e-06 -21.226254 2.451698 -3.593995 0.0 -6e-06 -0.0 -1.362681 2.240797 -0.746323 -21.334892 0.58491 3.008319 -13.821196 -1e-06 1e-06 -23.887129 -0.249075 -0.839485 -60.342701 2.644505 -1.691306 -0.294025 1.679686 0.833255 -14.218195 0.093215 1.300579 -34.212002 -0.287561 0.967166 -20.033176 0.964536 1.212838 0.0 -0.0 0.0 -3.440387 0.788233 0.501655 -15.928172 -3.167306 2.999703 -6.338817 -0.0 1e-06 -18.123419 3.648181 -4.905662 -4e-06 0.0 -2e-06 13.805757 10.931748 15.816378 59.122166 16.184269 15.230134 0.384732 32.675938 0.426515 -2.200376 1.605352 -7.63546 2.24354 -5.255033 -3.180156 14.282877 -0.826594 6.952496 -0.0 -12.690593 -1e-06 16.073952 -17.504202 2.654204 1.665665 -1.95592 -2.878297 4.727794 -4.170584 4.993919 11.020511 1e-06 -0.0 12.109032 -3.735715 -2.866778 0.0 -0.0 0.0 1.291985 -1.928548 -1.498088 14.800115 0.567467 3.865604 14.242553 -1.341738 -6.660648 19.631935 0.143921 -0.648243 49.999619 -0.531805 -6.387297 0.353029 -1.51115 -0.03194 20.222769 3.684305 2.316629 18.787249 1e-06 -1e-06 10.751608 -0.47987 1.397903 0.0 -0.0 0.0 3.273804 0.305947 -0.58011 21.48679 11.830364 2.266131 8.162915 0.0 -0.0 18.399052 -3.798986 -4.940567 3e-06 0.0 -1e-06 -6.314428 6.522796 -25.741854 -0.105643 -0.128562 16.168831 0.900682 0.058452 8.783521 1.626404 -2.008794 -2.275331 0.0 -0.0 2e-06 -9.573709 -7.269889 5.483509 0.057642 0.614077 44.475101 2.423116 9.002631 16.447788 -1.485616 0.688228 -26.275358 0.0 -0.0 -1e-06 
0.0 0.0 0.0 0.0 -0.0 0.0 40.529381 97.331902 480.444244 4.200957 2.151767 0.112745 -2.441097 -0.219084 0.854235 -1.228053 1.512269 -4.524079 -2.777333 -1.037879 8.294366 -0.714359 2.599738 -4.113932 -0.624676 0.549279 -3.418171 -1.247176 0.336281 -10.235409 7.7e-05 -2.2e-05 6e-06 0.056143 0.029572 0.062403 0.772369 -3.695254 -10.525621 -0.675787 3.756259 -10.504885 -15.601165 -4.241688 15.391811 -57.105606 -6.080017 23.43742 0.131642 -25.846395 -0.050796 -0.374984 5.441825 -7.189292 -5.882102 9.861279 0.70259 -10.936861 -0.360574 7.156197 0.0 8.774815 -0.0 -16.876102 18.030832 5.534831 -1.844031 2.498503 -2.507276 -10.16359 4.678941 4.621104 -20.975996 -1e-06 1e-06 -21.226254 2.451698 -3.593995 0.0 -6e-06 -0.0 -1.362681 2.240797 -0.746323 -21.334892 0.58491 3.008319 -13.821196 -1e-06 1e-06 -23.887129 -0.249075 -0.839485 -60.376019 2.561139 -1.662297 -0.294025 1.679686 0.833255 -14.218195 0.093215 1.300579 -34.212002 -0.287561 0.967166 -20.033176 0.964536 1.212838 0.0 -0.0 0.0 -3.440387 0.788233 0.501655 -15.928172 -3.167306 2.999703 -6.338817 -0.0 1e-06 -18.123419 3.648181 -4.905662 -4e-06 0.0 -2e-06 13.421782 10.954324 16.155243 60.16692 15.409737 17.864676 0.452114 29.841305 0.373326 0.236007 0.170813 -5.516542 2.24354 -5.255033 -3.180156 14.282877 -0.826594 6.952496 -0.0 -12.690593 -1e-06 16.276632 -17.420147 2.546475 1.665665 -1.95592 -2.878297 4.727794 -4.170584 4.993919 11.020511 1e-06 -0.0 12.109032 -3.735715 -2.866778 0.0 -0.0 0.0 1.291985 -1.928548 -1.498088 14.800115 0.567467 3.865604 14.242553 -1.341738 -6.660648 19.631935 0.143921 -0.648243 49.840237 -0.568052 -6.428061 0.353029 -1.51115 -0.03194 20.222769 3.684305 2.316629 18.787249 1e-06 -1e-06 10.751608 -0.47987 1.397903 0.0 -0.0 0.0 3.273804 0.305947 -0.58011 21.48679 11.830364 2.266131 8.162915 0.0 -0.0 18.399052 -3.798986 -4.940567 3e-06 0.0 -1e-06 -7.400934 6.573998 -22.11846 -0.04557 0.01552 16.710993 1.335437 -0.20064 5.027508 1.63897 -2.01852 -2.414483 0.0 -0.0 2e-06 -10.640689 -6.450827 0.001808 0.099085 0.54123 55.393852 3.581613 6.702807 23.343395 -1.204119 0.850076 -8.463661 0.0 -0.0 -1e-06 
0.0 0.0 0.0 0.0 -0.0 0.0 41.370819 98.126114 484.679169 4.664463 2.171143 -0.444179 -2.788807 -0.237538 1.156931 -1.255468 1.233322 -4.461661 -2.685544 -1.201076 8.41053 -1.397155 2.927126 -3.895242 -0.592278 0.552628 -3.425926 -1.39112 0.58212 -10.571677 7.7e-05 -2.2e-05 6e-06 0.062217 0.040148 0.069682 0.791051 -3.691341 -10.580901 -0.682207 3.775287 -10.559284 -15.985769 -4.311563 15.100243 -55.935146 -7.027918 22.753424 0.190294 -27.18214 -0.097657 1.138315 5.038313 -7.879357 -5.882102 9.861279 0.70259 -10.936861 -0.360574 7.156197 0.0 8.774815 -0.0 -16.720209 18.161146 5.699986 -1.844031 2.498503 -2.507276 -10.16359 4.678941 4.621104 -20.975996 -1e-06 1e-06 -21.226254 2.451698 -3.593995 0.0 -6e-06 -0.0 -1.362681 2.240797 -0.746323 -21.334892 0.58491 3.008319 -13.821196 -1e-06 1e-06 -23.887129 -0.249075 -0.839485 -60.388996 2.595746 -1.595712 -0.294025 1.679686 0.833255 -14.218195 0.093215 1.300579 -34.212002 -0.287561 0.967166 -20.033176 0.964536 1.212838 0.0 -0.0 0.0 -3.440387 0.788233 0.501655 -15.928172 -3.167306 2.999703 -6.338817 -0.0 1e-06 -18.123419 3.648181 -4.905662 -4e-06 0.0 -2e-06 13.532959 10.977302 16.459421 60.099586 14.688346 21.597284 0.613751 27.830912 0.336991 3.032999 -1.151714 -1.992503 2.24354 -5.255033 -3.180156 14.282877 -0.826594 6.952496 -0.0 -12.690593 -1e-06 16.289827 -17.408552 2.416014 1.665665 -1.95592 -2.878297 4.727794 -4.170584 4.993919 11.020511 1e-06 -0.0 12.109032 -3.735715 -2.866778 0.0 -0.0 0.0 1.291985 -1.928548 -1.498088 14.800115 0.567467 3.865604 14.242553 -1.341738 -6.660648 19.631935 0.143921 -0.648243 49.847431 -0.636613 -6.508242 0.353029 -1.51115 -0.03194 20.222769 3.684305 2.316629 18.787249 1e-06 -1e-06 10.751608 -0.47987 1.397903 0.0 -0.0 0.0 3.273804 0.305947 -0.58011 21.48679 11.830364 2.266131 8.162915 0.0 -0.0 18.399052 -3.798986 -4.940567 3e-06 0.0 -1e-06 -7.919277 6.362051 -17.689632 0.017891 0.037981 15.06417 1.491284 0.190506 2.810401 1.616775 -2.014918 -2.29184 0.0 -0.0 2e-06 -10.711804 -6.17782 -5.130852 0.122655 0.309507 63.01709 2.21655 5.391143 18.010023 -1.303471 0.906586 -5.906098 0.0 -0.0 -1e-06 
0.0 0.0 0.0 0.0 -0.0 0.0 42.108955 98.908821 488.690857 4.546778 2.375752 -0.971587 -2.898243 -0.310304 1.408186 -1.180833 0.89283 -4.382117 -2.311772 -1.467045 8.50021 -1.879235 3.225442 -3.483442 -0.617083 0.572313 -3.441206 -1.608989 0.871366 -10.725234 7.7e-05 -2.2e-05 6e-06 0.053924 -0.004522 0.063142 0.789064 -3.738667 -10.616918 -0.69577 3.732873 -10.607526 -15.936657 -4.390534 14.84376 -55.30365 -8.047604 21.04637 0.083131 -28.809734 -0.061399 2.935025 4.560545 -8.283529 -5.882102 9.861279 0.70259 -10.936861 -0.360574 7.156197 0.0 8.774815 -0.0 -16.535196 18.26244 5.850355 -1.844031 2.498503 -2.507276 -10.16359 4.678941 4.621104 -20.975996 -1e-06 1e-06 -21.226254 2.451698 -3.593995 0.0 -6e-06 -0.0 -1.362681 2.240797 -0.746323 -21.334892 0.58491 3.008319 -13.821196 -1e-06 1e-06 -23.887129 -0.249075 -0.839485 -60.443295 2.542486 -1.453949 -0.294025 1.679686 0.833255 -14.218195 0.093215 1.300579 -34.212002 -0.287561 0.967166 -20.033176 0.964536 1.212838 0.0 -0.0 0.0 -3.440387 0.788233 0.501655 -15.928172 -3.167306 2.999703 -6.338817 -0.0 1e-06 -18.123419 3.648181 -4.905662 -4e-06 0.0 -2e-06 13.424203 10.934031 16.738533 60.06583 13.845082 24.538818 0.673272 26.899651 0.273199 5.5022 -2.54693 1.67995 2.24354 -5.255033 -3.180156 14.282877 -0.826594 6.952496 -0.0 -12.690593 -1e-06 16.222324 -17.412735 2.390336 1.665665 -1.95592 -2.878297 4.727794 -4.170584 4.993919 11.020511 1e-06 -0.0 12.109032 -3.735715 -2.866778 0.0 -0.0 0.0 1.291985 -1.928548 -1.498088 14.800115 0.567467 3.865604 14.242553 -1.341738 -6.660648 19.631935 0.143921 -0.648243 49.908199 -0.633922 -6.526721 0.353029 -1.51115 -0.03194 20.222769 3.684305 2.316629 18.787249 1e-06 -1e-06 10.751608 -0.47987 1.397903 0.0 -0.0 0.0 3.273804 0.305947 -0.58011 21.48679 11.830364 2.266131 8.162915 0.0 -0.0 18.399052 -3.798986 -4.940567 3e-06 0.0 -1e-06 -7.784505 5.916697 -13.053062 0.002769 -0.035189 12.508371 1.497925 0.714736 1.515305 1.610084 -2.018112 -2.13472 0.0 -0.0 2e-06 -9.635908 -6.450959 -10.105158 0.136369 0.132764 66.171478 1.362243 4.678627 12.255057 -1.405419 0.943317 -5.659152 0.0 -0.0 -1e-06 
0.0 0.0 0.0 0.0 -0.0 0.0 42.730385 99.521141 492.565674 4.222175 2.863202 -1.500349 -3.020698 -0.396957 1.727263 -1.073125 0.518532 -4.24787 -1.802514 -1.902394 8.472377 -2.075266 3.384791 -2.97886 -0.5734 0.681 -3.434523 -1.827763 1.066633 -10.678331 7.7e-05 -2.2e-05 6e-06 0.047049 -0.029234 0.055432 0.783395 -3.763864 -10.632616 -0.702332 3.707294 -10.626077 -15.22085 -4.668921 14.701453 -55.287048 -9.058209 19.374346 -0.051887 -30.787663 -0.006343 4.073079 4.22951 -8.674548 -5.882102 9.861279 0.70259 -10.936861 -0.360574 7.156197 0.0 8.774815 -0.0 -16.245659 18.255278 6.006318 -1.844031 2.498503 -2.507276 -10.16359 4.678941 4.621104 -20.975996 -1e-06 1e-06 -21.226254 2.451698 -3.593995 0.0 -6e-06 -0.0 -1.362681 2.240797 -0.746323 -21.334892 0.58491 3.008319 -13.821196 -1e-06 1e-06 -23.887129 -0.249075 -0.839485 -60.426003 2.558725 -1.36186 -0.294025 1.679686 0.833255 -14.218195 0.093215 1.300579 -34.212002 -0.287561 0.967166 -20.033176 0.964536 1.212838 0.0 -0.0 0.0 -3.440387 0.788233 0.501655 -15.928172 -3.167306 2.999703 -6.338817 -0.0 1e-06 -18.123419 3.648181 -4.905662 -4e-06 0.0 -2e-06 13.085999 10.653484 16.866323 60.305313 12.73955 25.465137 0.647496 26.982342 0.237405 6.781172 -3.542212 3.728866 2.24354 -5.255033 -3.180156 14.282877 -0.826594 6.952496 -0.0 -12.690593 -1e-06 16.157055 -17.418083 2.439735 1.665665 -1.95592 -2.878297 4.727794 -4.170584 4.993919 11.020511 1e-06 -0.0 12.109032 -3.735715 -2.866778 0.0 -0.0 0.0 1.291985 -1.928548 -1.498088 14.800115 0.567467 3.865604 14.242553 -1.341738 -6.660648 19.631935 0.143921 -0.648243 49.846928 -0.5953 -6.53849 0.353029 -1.51115 -0.03194 20.222769 3.684305 2.316629 18.787249 1e-06 -1e-06 10.751608 -0.47987 1.397903 0.0 -0.0 0.0 3.273804 0.305947 -0.58011 21.48679 11.830364 2.266131 8.162915 0.0 -0.0 18.399052 -3.798986 -4.940567 3e-06 0.0 -1e-06 -7.415637 5.418029 -8.313702 -0.038869 -0.139481 9.483735 1.451347 1.012715 0.613671 1.613706 -1.98981 -1.98958 0.0 -0.0 2e-06 -8.114511 -7.244252 -14.492433 0.123112 0.007673 65.214516 1.62682 4.539517 8.091442 -1.445621 0.963869 -5.711968 0.0 -0.0 -1e-06 
0.0 0.0 0.0 0.0 -0.0 0.0 43.237144 99.874367 496.483856 3.911031 3.60047 -1.912675 -3.209044 -0.461828 2.043715 -0.999741 0.139495 -4.109223 -1.291621 -2.43946 8.437498 -2.006864 3.388271 -2.515912 -0.484292 0.790251 -3.427373 -1.955644 1.144305 -10.575077 7.7e-05 -2.2e-05 6e-06 0.046931 -0.0279 0.05026 0.781591 -3.763435 -10.632517 -0.699146 3.70877 -10.624011 -14.326792 -5.135296 14.58047 -55.196587 -10.060192 18.389662 -0.201139 -32.918983 0.067726 4.428191 4.03866 -9.138145 -5.882102 9.861279 0.70259 -10.936861 -0.360574 7.156197 0.0 8.774815 -0.0 -15.951823 18.176796 6.114825 -1.844031 2.498503 -2.507276 -10.16359 4.678941 4.621104 -20.975996 -1e-06 1e-06 -21.226254 2.451698 -3.593995 0.0 -6e-06 -0.0 -1.362681 2.240797 -0.746323 -21.334892 0.58491 3.008319 -13.821196 -1e-06 1e-06 -23.887129 -0.249075 -0.839485 -60.347401 2.637429 -1.302705 -0.294025 1.679686 0.833255 -14.218195 0.093215 1.300579 -34.212002 -0.287561 0.967166 -20.033176 0.964536 1.212838 0.0 -0.0 0.0 -3.440387 0.788233 0.501655 -15.928172 -3.167306 2.999703 -6.338817 -0.0 1e-06 -18.123419 3.648181 -4.905662 -4e-06 0.0 -2e-06 12.979016 10.033914 16.784561 60.386044 11.312265 24.562542 0.613112 27.993649 0.234382 6.568308 -3.751199 3.427444 2.24354 -5.255033 -3.180156 14.282877 -0.826594 6.952496 -0.0 -12.690593 -1e-06 16.132843 -17.413118 2.485467 1.665665 -1.95592 -2.878297 4.727794 -4.170584 4.993919 11.020511 1e-06 -0.0 12.109032 -3.735715 -2.866778 0.0 -0.0 0.0 1.291985 -1.928548 -1.498088 14.800115 0.567467 3.865604 14.242553 -1.341738 -6.660648 19.631935 0.143921 -0.648243 49.698242 -0.560018 -6.548491 0.353029 -1.51115 -0.03194 20.222769 3.684305 2.316629 18.787249 1e-06 -1e-06 10.751608 -0.47987 1.397903 0.0 -0.0 0.0 3.273804 0.305947 -0.58011 21.48679 11.830364 2.266131 8.162915 0.0 -0.0 18.399052 -3.798986 -4.940567 3e-06 0.0 -1e-06 -7.025499 4.92284 -3.78638 -0.062631 -0.206915 6.681469 1.428356 0.879939 -0.429547 1.627365 -1.927945 -1.858743 0.0 -0.0 2e-06 -6.554359 -8.474248 -18.198168 0.030255 -0.149363 60.859554 2.048343 3.999194 5.206737 -1.452078 0.964409 -5.948971 0.0 -0.0 -1e-06 
0.0 0.0 0.0 0.0 -0.0 0.0 43.659954 99.952423 500.520569 3.791292 4.481174 -2.118527 -3.499335 -0.486316 2.28435 -0.985139 -0.248741 -4.000057 -0.866643 -2.937372 8.455546 -1.744839 3.25066 -2.132938 -0.407673 0.871412 -3.452883 -1.96535 1.070796 -10.593028 7.7e-05 -2.2e-05 6e-06 0.046033 -0.035911 0.043678 0.768988 -3.772235 -10.620735 -0.686707 3.70294 -10.606109 -13.46103 -5.777202 14.477436 -54.830925 -11.180654 18.034491 -0.35057 -34.926609 0.138602 4.502074 3.917944 -9.662708 -5.882102 9.861279 0.70259 -10.936861 -0.360574 7.156197 0.0 8.774815 -0.0 -15.751385 18.105057 6.159213 -1.844031 2.498503 -2.507276 -10.16359 4.678941 4.621104 -20.975996 -1e-06 1e-06 -21.226254 2.451698 -3.593995 0.0 -6e-06 -0.0 -1.362681 2.240797 -0.746323 -21.334892 0.58491 3.008319 -13.821196 -1e-06 1e-06 -23.887129 -0.249075 -0.839485 -60.227291 2.707537 -1.259924 -0.294025 1.679686 0.833255 -14.218195 0.093215 1.300579 -34.212002 -0.287561 0.967166 -20.033176 0.964536 1.212838 0.0 -0.0 0.0 -3.440387 0.788233 0.501655 -15.928172 -3.167306 2.999703 -6.338817 -0.0 1e-06 -18.123419 3.648181 -4.905662 -4e-06 0.0 -2e-06 13.221588 9.150055 16.56842 60.2477 9.680513 22.663368 0.590694 29.578701 0.240647 5.246408 -3.090951 0.92794 2.24354 -5.255033 -3.180156 14.282877 -0.826594 6.952496 -0.0 -12.690593 -1e-06 16.18479 -17.485195 2.494149 1.665665 -1.95592 -2.878297 4.727794 -4.170584 4.993919 11.020511 1e-06 -0.0 12.109032 -3.735715 -2.866778 0.0 -0.0 0.0 1.291985 -1.928548 -1.498088 14.800115 0.567467 3.865604 14.242553 -1.341738 -6.660648 19.631935 0.143921 -0.648243 49.622646 -0.574527 -6.589915 0.353029 -1.51115 -0.03194 20.222769 3.684305 2.316629 18.787249 1e-06 -1e-06 10.751608 -0.47987 1.397903 0.0 -0.0 0.0 3.273804 0.305947 -0.58011 21.48679 11.830364 2.266131 8.162915 0.0 -0.0 18.399052 -3.798986 -4.940567 3e-06 0.0 -1e-06 -6.786476 4.467835 0.240379 -0.057962 -0.217892 4.430902 1.475094 0.473259 -1.690372 1.646218 -1.872749 -1.646947 0.0 -0.0 2e-06 -5.163719 -9.957782 -21.276415 -0.07745 -0.254033 53.672806 2.240613 2.761954 3.328979 -1.452846 0.959948 -6.162962 0.0 -0.0 -1e-06 
0.0 0.0 0.0 0.0 -0.0 0.0 44.031845 99.75499 504.503235 4.013173 5.314826 -2.160097 -3.945046 -0.500327 2.447638 -1.013813 -0.652967 -3.917519 -0.636684 -3.254505 8.517256 -1.314782 2.981307 -1.774947 -0.399469 0.951717 -3.496878 -1.882517 0.924498 -10.780368 7.7e-05 -2.2e-05 6e-06 0.042003 -0.043992 0.045356 0.744246 -3.783422 -10.601496 -0.668686 3.699935 -10.579125 -12.645208 -6.42907 14.429255 -54.349976 -12.460814 17.904434 -0.486307 -36.575443 0.1988 4.654489 3.847538 -9.967619 -5.882102 9.861279 0.70259 -10.936861 -0.360574 7.156197 0.0 8.774815 -0.0 -15.622118 18.057657 6.16471 -1.844031 2.498503 -2.507276 -10.16359 4.678941 4.621104 -20.975996 -1e-06 1e-06 -21.226254 2.451698 -3.593995 0.0 -6e-06 -0.0 -1.362681 2.240797 -0.746323 -21.334892 0.58491 3.008319 -13.821196 -1e-06 1e-06 -23.887129 -0.249075 -0.839485 -60.081615 2.762702 -1.216664 -0.294025 1.679686 0.833255 -14.218195 0.093215 1.300579 -34.212002 -0.287561 0.967166 -20.033176 0.964536 1.212838 0.0 -0.0 0.0 -3.440387 0.788233 0.501655 -15.928172 -3.167306 2.999703 -6.338817 -0.0 1e-06 -18.123419 3.648181 -4.905662 -4e-06 0.0 -2e-06 13.604731 8.252622 16.344345 60.130814 8.245758 20.769197 0.602854 31.099617 0.224735 3.640921 -2.094898 -2.000305 2.24354 -5.255033 -3.180156 14.282877 -0.826594 6.952496 -0.0 -12.690593 -1e-06 16.243309 -17.602198 2.465216 1.665665 -1.95592 -2.878297 4.727794 -4.170584 4.993919 11.020511 1e-06 -0.0 12.109032 -3.735715 -2.866778 0.0 -0.0 0.0 1.291985 -1.928548 -1.498088 14.800115 0.567467 3.865604 14.242553 -1.341738 -6.660648 19.631935 0.143921 -0.648243 49.612591 -0.613466 -6.648121 0.353029 -1.51115 -0.03194 20.222769 3.684305 2.316629 18.787249 1e-06 -1e-06 10.751608 -0.47987 1.397903 0.0 -0.0 0.0 3.273804 0.305947 -0.58011 21.48679 11.830364 2.266131 8.162915 0.0 -0.0 18.399052 -3.798986 -4.940567 3e-06 0.0 -1e-06 -6.874145 4.049904 3.543996 -0.053892 -0.196268 3.065195 1.596349 0.193759 -3.240804 1.661709 -1.855211 -1.373836 0.0 -0.0 2e-06 -4.221218 -11.335559 -23.451714 -0.090367 -0.208499 44.262207 2.236343 1.072591 2.728565 -1.458795 0.97492 -6.347075 0.0 -0.0 -1e-06 
0.0 0.0 0.0 0.0 -0.0 0.0 44.33754 99.338852 508.322235 4.543366 5.971145 -2.106448 -4.488866 -0.52739 2.555923 -1.055513 -1.015295 -3.861444 -0.655394 -3.349596 8.565882 -0.831901 2.639143 -1.384704 -0.415312 0.984233 -3.513517 -1.754672 0.804951 -11.044979 7.7e-05 -2.2e-05 6e-06 0.031632 -0.042057 0.061687 0.718517 -3.787903 -10.589295 -0.662838 3.709148 -10.563062 -11.889988 -6.975226 14.426887 -53.93803 -13.754772 17.709196 -0.522101 -37.810802 0.216541 4.880543 3.772183 -10.044301 -5.882102 9.861279 0.70259 -10.936861 -0.360574 7.156197 0.0 8.774815 -0.0 -15.553416 18.025841 6.121441 -1.844031 2.498503 -2.507276 -10.16359 4.678941 4.621104 -20.975996 -1e-06 1e-06 -21.226254 2.451698 -3.593995 0.0 -6e-06 -0.0 -1.362681 2.240797 -0.746323 -21.334892 0.58491 3.008319 -13.821196 -1e-06 1e-06 -23.887129 -0.249075 -0.839485 -59.977642 2.750234 -1.204308 -0.294025 1.679686 0.833255 -14.218195 0.093215 1.300579 -34.212002 -0.287561 0.967166 -20.033176 0.964536 1.212838 0.0 -0.0 0.0 -3.440387 0.788233 0.501655 -15.928172 -3.167306 2.999703 -6.338817 -0.0 1e-06 -18.123419 3.648181 -4.905662 -4e-06 0.0 -2e-06 13.834291 7.499266 16.094162 60.290237 7.19426 19.627682 0.595773 32.01667 0.172225 2.485495 -1.415172 -3.846225 2.24354 -5.255033 -3.180156 14.282877 -0.826594 6.952496 -0.0 -12.690593 -1e-06 16.292597 -17.681664 2.422525 1.665665 -1.95592 -2.878297 4.727794 -4.170584 4.993919 11.020511 1e-06 -0.0 12.109032 -3.735715 -2.866778 0.0 -0.0 0.0 1.291985 -1.928548 -1.498088 14.800115 0.567467 3.865604 14.242553 -1.341738 -6.660648 19.631935 0.143921 -0.648243 49.684963 -0.650604 -6.635566 0.353029 -1.51115 -0.03194 20.222769 3.684305 2.316629 18.787249 1e-06 -1e-06 10.751608 -0.47987 1.397903 0.0 -0.0 0.0 3.273804 0.305947 -0.58011 21.48679 11.830364 2.266131 8.162915 0.0 -0.0 18.399052 -3.798986 -4.940567 3e-06 0.0 -1e-06 -7.27325 3.63652 6.282689 -0.044841 -0.137332 2.563409 1.747842 0.288446 -5.06411 1.667899 -1.897163 -1.205367 0.0 -0.0 2e-06 -3.827646 -12.308131 -24.513775 -0.00594 -0.108564 32.780273 1.916616 -0.70637 3.712418 -1.470286 1.027253 -6.449896 0.0 -0.0 -1e-06 
0.0 0.0 0.0 0.0 -0.0 0.0 44.530621 98.804543 512.115295 5.212287 6.531784 -1.9902 -5.023081 -0.504698 2.619005 -1.104313 -1.261604 -3.848413 -0.840583 -3.339878 8.56577 -0.371441 2.381943 -1.00941 -0.426367 0.89527 -3.490472 -1.630313 0.591954 -11.229948 7.7e-05 -2.2e-05 6e-06 0.016665 -0.026183 0.082086 0.707734 -3.775584 -10.596834 -0.681582 3.729204 -10.574425 -11.261158 -7.44785 14.506485 -53.67038 -14.892065 17.355673 -0.38307 -38.728954 0.140906 5.082499 3.570167 -10.004704 -5.882102 9.861279 0.70259 -10.936861 -0.360574 7.156197 0.0 8.774815 -0.0 -15.533133 18.072355 6.063881 -1.844031 2.498503 -2.507276 -10.16359 4.678941 4.621104 -20.975996 -1e-06 1e-06 -21.226254 2.451698 -3.593995 0.0 -6e-06 -0.0 -1.362681 2.240797 -0.746323 -21.334892 0.58491 3.008319 -13.821196 -1e-06 1e-06 -23.887129 -0.249075 -0.839485 -59.958591 2.699107 -1.319423 -0.294025 1.679686 0.833255 -14.218195 0.093215 1.300579 -34.212002 -0.287561 0.967166 -20.033176 0.964536 1.212838 0.0 -0.0 0.0 -3.440387 0.788233 0.501655 -15.928172 -3.167306 2.999703 -6.338817 -0.0 1e-06 -18.123419 3.648181 -4.905662 -4e-06 0.0 -2e-06 13.803839 6.903077 15.84153 60.750652 6.474388 19.435558 0.489597 32.08997 0.100492 2.012572 -1.114413 -4.589873 2.24354 -5.255033 -3.180156 14.282877 -0.826594 6.952496 -0.0 -12.690593 -1e-06 16.360058 -17.750917 2.410875 1.665665 -1.95592 -2.878297 4.727794 -4.170584 4.993919 11.020511 1e-06 -0.0 12.109032 -3.735715 -2.866778 0.0 -0.0 0.0 1.291985 -1.928548 -1.498088 14.800115 0.567467 3.865604 14.242553 -1.341738 -6.660648 19.631935 0.143921 -0.648243 49.933277 -0.621008 -6.503868 0.353029 -1.51115 -0.03194 20.222769 3.684305 2.316629 18.787249 1e-06 -1e-06 10.751608 -0.47987 1.397903 0.0 -0.0 0.0 3.273804 0.305947 -0.58011 21.48679 11.830364 2.266131 8.162915 0.0 -0.0 18.399052 -3.798986 -4.940567 3e-06 0.0 -1e-06 -7.737691 3.338341 8.750975 -0.000894 -0.031136 2.687827 1.741308 0.540591 -6.854381 1.664317 -1.96452 -1.314032 0.0 -0.0 2e-06 -3.853758 -12.638249 -24.52495 0.104533 -0.088566 19.733088 1.471742 -2.053709 5.068293 -1.459716 1.099543 -6.239501 0.0 -0.0 -1e-06 
0.0 0.0 0.0 0.0 -0.0 0.0 44.593887 98.210121 516.187805 5.822642 7.07443 -1.760648 -5.448989 -0.379054 2.572395 -1.200216 -1.43124 -3.881147 -1.024245 -3.297345 8.493346 0.120155 2.320296 -0.646389 -0.459812 0.599848 -3.483646 -1.593577 0.318888 -11.084446 7.7e-05 -2.2e-05 6e-06 0.013295 0.002701 0.093197 0.719561 -3.739013 -10.601525 -0.699833 3.753114 -10.581444 -10.898062 -7.8389 14.48667 -53.402977 -15.644393 17.115053 -0.124533 -39.395214 -0.02272 5.140873 3.343203 -10.078187 -5.882102 9.861279 0.70259 -10.936861 -0.360574 7.156197 0.0 8.774815 -0.0 -15.576261 18.263882 6.091838 -1.844031 2.498503 -2.507276 -10.16359 4.678941 4.621104 -20.975996 -1e-06 1e-06 -21.226254 2.451698 -3.593995 0.0 -6e-06 -0.0 -1.362681 2.240797 -0.746323 -21.334892 0.58491 3.008319 -13.821196 -1e-06 1e-06 -23.887129 -0.249075 -0.839485 -60.018295 2.612957 -1.551998 -0.294025 1.679686 0.833255 -14.218195 0.093215 1.300579 -34.212002 -0.287561 0.967166 -20.033176 0.964536 1.212838 0.0 -0.0 0.0 -3.440387 0.788233 0.501655 -15.928172 -3.167306 2.999703 -6.338817 -0.0 1e-06 -18.123419 3.648181 -4.905662 -4e-06 0.0 -2e-06 13.754989 6.459197 15.533524 61.145283 5.832244 20.241985 0.303378 31.503733 0.044818 2.276768 -1.097413 -4.059689 2.24354 -5.255033 -3.180156 14.282877 -0.826594 6.952496 -0.0 -12.690593 -1e-06 16.407791 -17.816702 2.421947 1.665665 -1.95592 -2.878297 4.727794 -4.170584 4.993919 11.020511 1e-06 -0.0 12.109032 -3.735715 -2.866778 0.0 -0.0 0.0 1.291985 -1.928548 -1.498088 14.800115 0.567467 3.865604 14.242553 -1.341738 -6.660648 19.631935 0.143921 -0.648243 50.243053 -0.539159 -6.379043 0.353029 -1.51115 -0.03194 20.222769 3.684305 2.316629 18.787249 1e-06 -1e-06 10.751608 -0.47987 1.397903 0.0 -0.0 0.0 3.273804 0.305947 -0.58011 21.48679 11.830364 2.266131 8.162915 0.0 -0.0 18.399052 -3.798986 -4.940567 3e-06 0.0 -1e-06 -7.961494 3.297295 10.969805 0.027361 0.027569 3.266391 1.684297 0.471776 -8.400104 1.672096 -1.983754 -1.778687 0.0 -0.0 2e-06 -4.244688 -11.848815 -24.363815 0.209528 -0.127105 7.931273 1.494419 -3.003542 4.582188 -1.39314 1.167566 -5.999104 0.0 -0.0 -1e-06 
0.0 0.0 0.0 0.0 -0.0 0.0 44.550877 97.620468 520.54541 5.902355 7.510584 -1.391267 -5.454256 -0.307286 2.302846 -1.257222 -1.515992 -3.954467 -1.068796 -3.120706 8.463221 0.487285 2.211939 -0.407512 -0.525138 0.344141 -3.503194 -1.685648 0.224857 -10.691461 7.7e-05 -2.2e-05 6e-06 0.016968 -0.016545 0.08303 0.726401 -3.750033 -10.575166 -0.699025 3.728189 -10.571115 -11.099984 -8.095475 14.200494 -52.850307 -15.94604 16.601973 -0.306995 -39.591637 0.106859 5.255273 2.971386 -10.108209 -5.882102 9.861279 0.70259 -10.936861 -0.360574 7.156197 0.0 8.774815 -0.0 -15.747981 18.464876 6.059043 -1.844031 2.498503 -2.507276 -10.16359 4.678941 4.621104 -20.975996 -1e-06 1e-06 -21.226254 2.451698 -3.593995 0.0 -6e-06 -0.0 -1.362681 2.240797 -0.746323 -21.334892 0.58491 3.008319 -13.821196 -1e-06 1e-06 -23.887129 -0.249075 -0.839485 -60.136471 2.565608 -1.827563 -0.294025 1.679686 0.833255 -14.218195 0.093215 1.300579 -34.212002 -0.287561 0.967166 -20.033176 0.964536 1.212838 0.0 -0.0 0.0 -3.440387 0.788233 0.501655 -15.928172 -3.167306 2.999703 -6.338817 -0.0 1e-06 -18.123419 3.648181 -4.905662 -4e-06 0.0 -2e-06 14.12119 6.195428 15.300923 60.969761 5.378519 21.955872 -0.102685 30.251099 -0.050591 3.100375 -1.449405 -3.099182 2.24354 -5.255033 -3.180156 14.282877 -0.826594 6.952496 -0.0 -12.690593 -1e-06 16.439404 -17.887342 2.441988 1.665665 -1.95592 -2.878297 4.727794 -4.170584 4.993919 11.020511 1e-06 -0.0 12.109032 -3.735715 -2.866778 0.0 -0.0 0.0 1.291985 -1.928548 -1.498088 14.800115 0.567467 3.865604 14.242553 -1.341738 -6.660648 19.631935 0.143921 -0.648243 50.320648 -0.593961 -6.353319 0.353029 -1.51115 -0.03194 20.222769 3.684305 2.316629 18.787249 1e-06 -1e-06 10.751608 -0.47987 1.397903 0.0 -0.0 0.0 3.273804 0.305947 -0.58011 21.48679 11.830364 2.266131 8.162915 0.0 -0.0 18.399052 -3.798986 -4.940567 3e-06 0.0 -1e-06 -7.405236 3.4878 12.674578 0.050312 0.043896 4.769152 1.512809 0.156592 -9.806409 1.727018 -1.92172 -2.420504 0.0 -0.0 2e-06 -4.294301 -10.423379 -25.028427 0.121371 -0.058879 0.14623 2.020574 -3.919234 2.435602 -1.314166 1.242738 -5.725657 0.0 -0.0 -1e-06 
0.0 0.0 0.0 0.0 -0.0 0.0 44.545357 96.963753 524.687744 5.666839 7.716266 -1.07926 -5.182446 -0.231448 1.993138 -1.286782 -1.663309 -4.019082 -1.094747 -2.910748 8.547326 0.554143 2.102215 -0.343958 -0.455814 0.420952 -3.534056 -1.85099 0.230335 -10.553126 7.7e-05 -2.2e-05 6e-06 0.018132 -0.060883 0.081602 0.711591 -3.77862 -10.530576 -0.681139 3.66712 -10.533159 -11.524391 -8.167453 13.948022 -52.306118 -15.782547 15.901949 -0.5943 -39.646709 0.179982 5.496407 2.546719 -9.990602 -5.882102 9.861279 0.70259 -10.936861 -0.360574 7.156197 0.0 8.774815 -0.0 -15.90134 18.631874 6.073701 -1.844031 2.498503 -2.507276 -10.16359 4.678941 4.621104 -20.975996 -1e-06 1e-06 -21.226254 2.451698 -3.593995 0.0 -6e-06 -0.0 -1.362681 2.240797 -0.746323 -21.334892 0.58491 3.008319 -13.821196 -1e-06 1e-06 -23.887129 -0.249075 -0.839485 -60.373264 2.55673 -1.824162 -0.294025 1.679686 0.833255 -14.218195 0.093215 1.300579 -34.212002 -0.287561 0.967166 -20.033176 0.964536 1.212838 0.0 -0.0 0.0 -3.440387 0.788233 0.501655 -15.928172 -3.167306 2.999703 -6.338817 -0.0 1e-06 -18.123419 3.648181 -4.905662 -4e-06 0.0 -2e-06 14.549659 6.139197 15.367288 60.723244 5.463644 23.565691 -0.467674 28.772558 -0.120021 3.693628 -1.824904 -2.423988 2.24354 -5.255033 -3.180156 14.282877 -0.826594 6.952496 -0.0 -12.690593 -1e-06 16.411112 -17.867802 2.494507 1.665665 -1.95592 -2.878297 4.727794 -4.170584 4.993919 11.020511 1e-06 -0.0 12.109032 -3.735715 -2.866778 0.0 -0.0 0.0 1.291985 -1.928548 -1.498088 14.800115 0.567467 3.865604 14.242553 -1.341738 -6.660648 19.631935 0.143921 -0.648243 50.444633 -0.574008 -6.390971 0.353029 -1.51115 -0.03194 20.222769 3.684305 2.316629 18.787249 1e-06 -1e-06 10.751608 -0.47987 1.397903 0.0 -0.0 0.0 3.273804 0.305947 -0.58011 21.48679 11.830364 2.266131 8.162915 0.0 -0.0 18.399052 -3.798986 -4.940567 3e-06 0.0 -1e-06 -6.416769 3.844192 13.919744 0.026579 -0.028132 7.013044 1.115633 -0.369183 -11.072409 1.774407 -1.893689 -3.961428 0.0 -0.0 2e-06 -3.607633 -10.123398 -26.502714 0.071366 0.175566 -2.157598 3.112267 -4.269488 0.539642 -1.303747 1.233308 -5.76998 0.0 -0.0 -1e-06 
