HIERARCHY
ROOT Root
{
  OFFSET 0.0 0.0 0.0
  CHANNELS 6 Xposition Yposition Zposition Zrotation Yrotation Xrotation
  JOINT Hips
  {
    OFFSET 0.0 100.0 0.0
    CHANNELS 6 Xposition Yposition Zposition Zrotation Yrotation Xrotation
    JOINT Spine1
    {
      OFFSET -0.013727 5.003763 -0.053727
      CHANNELS 3 Zrotation Yrotation Xrotation
      JOINT Spine2
      {
        OFFSET -0.0 7.125301 -0.029825
        CHANNELS 3 Zrotation Yrotation Xrotation
        JOINT Chest
        {
          OFFSET -1e-06 7.550063 -0.815971
          CHANNELS 3 Zrotation Yrotation Xrotation
          JOINT Neck1
          {
            OFFSET -0.181677 26.311295 -0.553348
            CHANNELS 3 Zrotation Yrotation Xrotation
            JOINT Neck2
            {
              OFFSET -3e-06 7.709397 2.302585
              CHANNELS 3 Zrotation Yrotation Xrotation
              JOINT Head
              {
                OFFSET -5e-06 6.128916 1.953709
                CHANNELS 3 Zrotation Yrotation Xrotation
                JOINT HeadEnd
                {
                  OFFSET 0.003598 16.065403 -1.835379
                  CHANNELS 3 Zrotation Yrotation Xrotation
                }
                JOINT Jaw
                {
                  OFFSET 0.002637 0.475592 3.094941
                  CHANNELS 3 Zrotation Yrotation Xrotation
                }
                JOINT LeftEye
                {
                  OFFSET 3.206381 5.380205 7.586883
                  CHANNELS 3 Zrotation Yrotation Xrotation
                }
                JOINT RightEye
                {
                  OFFSET -3.22244 5.361869 7.558234
                  CHANNELS 3 Zrotation Yrotation Xrotation
                }
              }
            }
          }
          JOINT LeftShoulder
          {
            OFFSET 1.621652 23.237164 5.113413
            CHANNELS 3 Zrotation Yrotation Xrotation
            JOINT LeftArm
            {
              OFFSET 14.919846 2e-06 -5.502326
              CHANNELS 3 Zrotation Yrotation Xrotation
              JOINT LeftForeArm
              {
                OFFSET 28.739307 0.0 -0.002588
                CHANNELS 3 Zrotation Yrotation Xrotation
                JOINT LeftHand
                {
                  OFFSET 27.093981 -1e-06 0.002609
                  CHANNELS 3 Zrotation Yrotation Xrotation
                  JOINT LeftHandThumb1
                  {
                    OFFSET 2.276482 -1.392045 3.191413
                    CHANNELS 3 Zrotation Yrotation Xrotation
                    JOINT LeftHandThumb2
                    {
                      OFFSET 4.012836 -1.828127 1.641654
                      CHANNELS 3 Zrotation Yrotation Xrotation
                      JOINT LeftHandThumb3
                      {
                        OFFSET 2.798515 0.0 -3e-06
                        CHANNELS 3 Zrotation Yrotation Xrotation
                        JOINT LeftHandThumbEnd
                        {
                          OFFSET 3.180793 -4e-06 4e-06
                          CHANNELS 3 Zrotation Yrotation Xrotation
                        }
                      }
                    }
                  }
                  JOINT LeftHandIndex1
                  {
                    OFFSET 3.247555 -0.531998 2.296169
                    CHANNELS 3 Zrotation Yrotation Xrotation
                    JOINT LeftHandIndex2
                    {
                      OFFSET 6.364578 0.01206 0.1786
                      CHANNELS 3 Zrotation Yrotation Xrotation
                      JOINT LeftHandIndex3
                      {
                        OFFSET 3.662364 0.0 0.0
                        CHANNELS 3 Zrotation Yrotation Xrotation
                        JOINT LeftHandIndex4
                        {
                          OFFSET 2.329242 4e-06 4e-06
                          CHANNELS 3 Zrotation Yrotation Xrotation
                          JOINT LeftHandIndexEnd
                          {
                            OFFSET 2.759615 -0.180537 -0.113024
                            CHANNELS 3 Zrotation Yrotation Xrotation
                          }
                        }
                      }
                    }
                  }
                  JOINT LeftHandMiddle1
                  {
                    OFFSET 3.163495 0.240981 1.000332
                    CHANNELS 3 Zrotation Yrotation Xrotation
                    JOINT LeftHandMiddle2
                    {
                      OFFSET 6.19078 -0.259278 -1.002548
                      CHANNELS 3 Zrotation Yrotation Xrotation
                      JOINT LeftHandMiddle3
                      {
                        OFFSET 4.35652 -4e-06 -1e-06
                        CHANNELS 3 Zrotation Yrotation Xrotation
                        JOINT LeftHandMiddle4
                        {
                          OFFSET 2.996877 -8e-06 0.0
                          CHANNELS 3 Zrotation Yrotation Xrotation
                          JOINT LeftHandMiddleEnd
                          {
                            OFFSET 2.304287 -0.294569 -0.031741
                            CHANNELS 3 Zrotation Yrotation Xrotation
                          }
                        }
                      }
                    }
                  }
                  JOINT LeftHandRing1
                  {
                    OFFSET 2.882643 -0.053652 -0.322543
                    CHANNELS 3 Zrotation Yrotation Xrotation
                    JOINT LeftHandRing2
                    {
                      OFFSET 5.854541 -0.486202 -1.373841
                      CHANNELS 3 Zrotation Yrotation Xrotation
                      JOINT LeftHandRing3
                      {
                        OFFSET 4.350578 0.0 3e-06
                        CHANNELS 3 Zrotation Yrotation Xrotation
                        JOINT LeftHandRing4
                        {
                          OFFSET 2.651321 7e-06 2e-06
                          CHANNELS 3 Zrotation Yrotation Xrotation
                          JOINT LeftHandRingEnd
                          {
                            OFFSET 1.936105 0.077687 -7.1e-05
                            CHANNELS 3 Zrotation Yrotation Xrotation
                          }
                        }
                      }
                    }
                  }
                  JOINT LeftHandPinky1
                  {
                    OFFSET 2.8655 -0.310005 -1.600378
                    CHANNELS 3 Zrotation Yrotation Xrotation
                    JOINT LeftHandPinky2
                    {
                      OFFSET 5.087849 -1.331141 -1.77123
                      CHANNELS 3 Zrotation Yrotation Xrotation
                      JOINT LeftHandPinky3
                      {
                        OFFSET 3.070974 4e-06 0.0
                        CHANNELS 3 Zrotation Yrotation Xrotation
                        JOINT LeftHandPinky4
                        {
                          OFFSET 1.549672 0.0 1e-06
                          CHANNELS 3 Zrotation Yrotation Xrotation
                          JOINT LeftHandPinkyEnd
                          {
                            OFFSET 1.944893 -0.157802 0.057219
                            CHANNELS 3 Zrotation Yrotation Xrotation
                          }
                        }
                      }
                    }
                  }
                }
              }
            }
          }
          JOINT RightShoulder
          {
            OFFSET -1.380118 23.180309 5.214158
            CHANNELS 3 Zrotation Yrotation Xrotation
            JOINT RightArm
            {
              OFFSET -15.037196 1.2e-05 -5.545604
              CHANNELS 3 Zrotation Yrotation Xrotation
              JOINT RightForeArm
              {
                OFFSET -28.736639 2e-06 -0.002597
                CHANNELS 3 Zrotation Yrotation Xrotation
                JOINT RightHand
                {
                  OFFSET -27.133619 -0.0 0.002613
                  CHANNELS 3 Zrotation Yrotation Xrotation
                  JOINT RightHandThumb1
                  {
                    OFFSET -2.274032 -1.383988 3.163127
                    CHANNELS 3 Zrotation Yrotation Xrotation
                    JOINT RightHandThumb2
                    {
                      OFFSET -4.011429 -1.827466 1.640914
                      CHANNELS 3 Zrotation Yrotation Xrotation
                      JOINT RightHandThumb3
                      {
                        OFFSET -2.794935 -4e-06 -3e-06
                        CHANNELS 3 Zrotation Yrotation Xrotation
                        JOINT RightHandThumbEnd
                        {
                          OFFSET -3.183852 4e-06 1e-06
                          CHANNELS 3 Zrotation Yrotation Xrotation
                        }
                      }
                    }
                  }
                  JOINT RightHandIndex1
                  {
                    OFFSET -3.253266 -0.520057 2.282866
                    CHANNELS 3 Zrotation Yrotation Xrotation
                    JOINT RightHandIndex2
                    {
                      OFFSET -6.341917 0.012471 0.178266
                      CHANNELS 3 Zrotation Yrotation Xrotation
                      JOINT RightHandIndex3
                      {
                        OFFSET -3.654871 -8e-06 -0.0
                        CHANNELS 3 Zrotation Yrotation Xrotation
                        JOINT RightHandIndex4
                        {
                          OFFSET -2.327586 0.0 1e-06
                          CHANNELS 3 Zrotation Yrotation Xrotation
                          JOINT RightHandIndexEnd
                          {
                            OFFSET -2.76179 -0.180656 -0.113078
                            CHANNELS 3 Zrotation Yrotation Xrotation
                          }
                        }
                      }
                    }
                  }
                  JOINT RightHandMiddle1
                  {
                    OFFSET -3.168106 0.246593 1.00103
                    CHANNELS 3 Zrotation Yrotation Xrotation
                    JOINT RightHandMiddle2
                    {
                      OFFSET -6.180828 -0.258836 -1.000895
                      CHANNELS 3 Zrotation Yrotation Xrotation
                      JOINT RightHandMiddle3
                      {
                        OFFSET -4.348901 0.0 -0.0
                        CHANNELS 3 Zrotation Yrotation Xrotation
                        JOINT RightHandMiddle4
                        {
                          OFFSET -3.00024 -4e-06 -2e-06
                          CHANNELS 3 Zrotation Yrotation Xrotation
                          JOINT RightHandMiddleEnd
                          {
                            OFFSET -2.30252 -0.29437 -0.031706
                            CHANNELS 3 Zrotation Yrotation Xrotation
                          }
                        }
                      }
                    }
                  }
                  JOINT RightHandRing1
                  {
                    OFFSET -2.88569 -0.067952 -0.308858
                    CHANNELS 3 Zrotation Yrotation Xrotation
                    JOINT RightHandRing2
                    {
                      OFFSET -5.854198 -0.48613 -1.373731
                      CHANNELS 3 Zrotation Yrotation Xrotation
                      JOINT RightHandRing3
                      {
                        OFFSET -4.33881 -4e-06 -0.0
                        CHANNELS 3 Zrotation Yrotation Xrotation
                        JOINT RightHandRing4
                        {
                          OFFSET -2.654903 -4e-06 4e-06
                          CHANNELS 3 Zrotation Yrotation Xrotation
                          JOINT RightHandRingEnd
                          {
                            OFFSET -1.933568 0.077527 -5.2e-05
                            CHANNELS 3 Zrotation Yrotation Xrotation
                          }
                        }
                      }
                    }
                  }
                  JOINT RightHandPinky1
                  {
                    OFFSET -2.866425 -0.342796 -1.584145
                    CHANNELS 3 Zrotation Yrotation Xrotation
                    JOINT RightHandPinky2
                    {
                      OFFSET -5.091371 -1.332055 -1.772385
                      CHANNELS 3 Zrotation Yrotation Xrotation
                      JOINT RightHandPinky3
                      {
                        OFFSET -3.062664 -4e-06 1e-06
                        CHANNELS 3 Zrotation Yrotation Xrotation
                        JOINT RightHandPinky4
                        {
                          OFFSET -1.546529 4e-06 -2e-06
                          CHANNELS 3 Zrotation Yrotation Xrotation
                          JOINT RightHandPinkyEnd
                          {
                            OFFSET -1.945119 -0.157718 0.057211
                            CHANNELS 3 Zrotation Yrotation Xrotation
                          }
                        }
                      }
                    }
                  }
                }
              }
            }
          }
        }
      }
    }
    JOINT LeftLeg
    {
      OFFSET 10.043214 -8.434526 2.595655
      CHANNELS 3 Zrotation Yrotation Xrotation
      JOINT LeftShin
      {
        OFFSET -1e-06 -43.221752 -0.802913
        CHANNELS 3 Zrotation Yrotation Xrotation
        JOINT LeftFoot
        {
          OFFSET 1e-06 -42.155094 -3.481523
          CHANNELS 3 Zrotation Yrotation Xrotation
          JOINT LeftToeBase
          {
            OFFSET 0.0 -5.059472 13.231529
            CHANNELS 3 Zrotation Yrotation Xrotation
            JOINT LeftToeEnd
            {
              OFFSET -0.009607 -1.647619 6.513017
              CHANNELS 3 Zrotation Yrotation Xrotation
            }
          }
        }
      }
    }
    JOINT RightLeg
    {
      OFFSET -10.047278 -8.29526 2.620317
      CHANNELS 3 Zrotation Yrotation Xrotation
      JOINT RightShin
      {
        OFFSET 1e-06 -43.362206 -0.805556
        CHANNELS 3 Zrotation Yrotation Xrotation
        JOINT RightFoot
        {
          OFFSET 2e-06 -42.117393 -3.478398
          CHANNELS 3 Zrotation Yrotation Xrotation
          JOINT RightToeBase
          {
            OFFSET -0.0 -5.079609 13.284196
            CHANNELS 3 Zrotation Yrotation Xrotation
            JOINT RightToeEnd
            {
              OFFSET 0.009532 -1.634378 6.460591
              CHANNELS 3 Zrotation Yrotation Xrotation
            }
          }
        }
      }
    }
  }
}
MOTION
Frames: 45
Frame Time: 0.03333333333333333
0.0 0.0 0.0 0.0 -0.0 0.0 -1.340607 82.311157 4.195073 4.229959 0.107725 1.556364 1.791208 -2.276836 11.513335 0.264684 -3.730126 0.26336 5.273851 -7.43007 21.834778 10.320962 0.971842 -6.256506 -4.815059 -12.082157 -2.896628 5.908804 -17.068153 -11.194704 7.7e-05 -2.2e-05 6e-06 -0.099924 0.190828 -0.096002 0.666091 -3.493375 -10.685178 -0.84774 3.854028 -10.667304 24.694418 -24.454784 -1.362783 -67.467163 -36.701141 13.574404 179.93074 -68.14502 -179.522873 21.242205 -18.218184 -16.006107 -5.882102 9.861279 0.70259 -10.936861 -0.360574 7.156197 0.0 8.774815 -0.0 -16.387442 17.99692 6.150466 -1.844031 2.498503 -2.507276 -10.16359 4.678941 4.621104 -20.975996 -1e-06 1e-06 -21.226254 2.451698 -3.593995 0.0 -6e-06 -0.0 -1.362681 2.240797 -0.746323 -21.334892 0.58491 3.008319 -13.821196 -1e-06 1e-06 -23.887129 -0.249075 -0.839485 -60.993706 2.421809 -0.92446 -0.294025 1.679686 0.833255 -14.218195 0.093215 1.300579 -34.212002 -0.287561 0.967166 -20.033176 0.964536 1.212838 0.0 -0.0 0.0 -3.440387 0.788233 0.501655 -15.928172 -3.167306 2.999703 -6.338817 -0.0 1e-06 -18.123419 3.648181 -4.905662 -4e-06 0.0 -2e-06 14.70577 22.165386 11.525316 32.412373 27.483368 -44.303501 165.643188 88.533401 165.694534 -31.021162 -1.276813 -5.540414 2.24354 -5.255033 -3.180156 14.282877 -0.826594 6.952496 -0.0 -12.690593 -1e-06 15.866717 -17.49646 2.787827 1.665665 -1.95592 -2.878297 4.727794 -4.170584 4.993919 11.020511 1e-06 -0.0 12.109032 -3.735715 -2.866778 0.0 -0.0 0.0 1.291985 -1.928548 -1.498088 14.800115 0.567467 3.865604 14.242553 -1.341738 -6.660648 19.631935 0.143921 -0.648243 49.187897 -0.607729 -5.934026 0.353029 -1.51115 -0.03194 20.222769 3.684305 2.316629 18.787249 1e-06 -1e-06 10.751608 -0.47987 1.397903 0.0 -0.0 0.0 3.273804 0.305947 -0.58011 21.48679 11.830364 2.266131 8.162915 0.0 -0.0 18.399052 -3.798986 -4.940567 3e-06 0.0 -1e-06 19.928976 26.004728 -13.733998 -0.244955 -0.702048 57.119278 -23.855581 -1.656746 -31.258493 1.608821 -1.752863 -0.077244 0.0 -0.0 2e-06 -9.740309 -36.615276 -55.03545 0.256027 0.276921 55.653919 8.305992 -7.038227 1.060879 -1.423161 0.976659 1.935172 0.0 -0.0 -1e-06 
0.0 0.0 0.0 0.0 -0.0 0.0 -0.935026 82.52095 3.814959 4.507802 0.502376 1.650414 1.626183 -2.259101 11.713329 0.269407 -3.429613 0.290844 5.200875 -7.261669 21.936642 10.621003 0.930258 -5.863574 -4.995413 -12.383009 -2.874501 6.422407 -17.354187 -10.778933 7.7e-05 -2.2e-05 6e-06 -0.107418 0.189707 -0.138544 0.666965 -3.507853 -10.787369 -0.861795 3.86369 -10.75694 25.323307 -24.137066 -1.358859 -67.521278 -37.05975 14.21597 -179.673782 -67.283607 -179.898941 21.441853 -18.290628 -16.09973 -5.882102 9.861279 0.70259 -10.936861 -0.360574 7.156197 0.0 8.774815 -0.0 -16.194366 18.082247 6.110827 -1.844031 2.498503 -2.507276 -10.16359 4.678941 4.621104 -20.975996 -1e-06 1e-06 -21.226254 2.451698 -3.593995 0.0 -6e-06 -0.0 -1.362681 2.240797 -0.746323 -21.334892 0.58491 3.008319 -13.821196 -1e-06 1e-06 -23.887129 -0.249075 -0.839485 -60.872784 2.454252 -1.015763 -0.294025 1.679686 0.833255 -14.218195 0.093215 1.300579 -34.212002 -0.287561 0.967166 -20.033176 0.964536 1.212838 0.0 -0.0 0.0 -3.440387 0.788233 0.501655 -15.928172 -3.167306 2.999703 -6.338817 -0.0 1e-06 -18.123419 3.648181 -4.905662 -4e-06 0.0 -2e-06 14.23835 21.970098 11.72981 34.317444 26.864517 -44.297951 172.873596 87.096535 172.688049 -31.635405 -1.2328 -5.315629 2.24354 -5.255033 -3.180156 14.282877 -0.826594 6.952496 -0.0 -12.690593 -1e-06 15.947615 -17.484032 2.749148 1.665665 -1.95592 -2.878297 4.727794 -4.170584 4.993919 11.020511 1e-06 -0.0 12.109032 -3.735715 -2.866778 0.0 -0.0 0.0 1.291985 -1.928548 -1.498088 14.800115 0.567467 3.865604 14.242553 -1.341738 -6.660648 19.631935 0.143921 -0.648243 49.215771 -0.568095 -5.881663 0.353029 -1.51115 -0.03194 20.222769 3.684305 2.316629 18.787249 1e-06 -1e-06 10.751608 -0.47987 1.397903 0.0 -0.0 0.0 3.273804 0.305947 -0.58011 21.48679 11.830364 2.266131 8.162915 0.0 -0.0 18.399052 -3.798986 -4.940567 3e-06 0.0 -1e-06 19.024202 25.898846 -14.399261 -0.293073 -0.736706 57.193859 -23.727179 -1.620413 -31.200281 1.621665 -1.806666 -0.117721 0.0 -0.0 2e-06 -10.453041 -36.479549 -54.550888 0.267157 0.338229 54.554619 8.653812 -7.832655 1.825285 -1.430558 0.942755 1.707347 0.0 -0.0 -1e-06 
0.0 0.0 0.0 0.0 -0.0 0.0 -0.847437 82.469246 3.43964 4.443981 1.247878 1.70413 1.449939 -2.147404 11.92827 0.250936 -3.291109 0.346076 5.271065 -7.062755 22.045755 11.172045 0.808038 -5.205986 -5.042574 -12.828163 -2.880106 6.90092 -17.617373 -10.095219 7.7e-05 -2.2e-05 6e-06 -0.109269 0.186298 -0.15263 0.669813 -3.527923 -10.891863 -0.867491 3.876383 -10.843474 25.763029 -23.957474 -1.228576 -67.503822 -37.265045 14.785063 -179.580338 -66.384827 -179.975388 21.377424 -18.427292 -16.229048 -5.882102 9.861279 0.70259 -10.936861 -0.360574 7.156197 0.0 8.774815 -0.0 -16.182615 18.128689 5.984767 -1.844031 2.498503 -2.507276 -10.16359 4.678941 4.621104 -20.975996 -1e-06 1e-06 -21.226254 2.451698 -3.593995 0.0 -6e-06 -0.0 -1.362681 2.240797 -0.746323 -21.334892 0.58491 3.008319 -13.821196 -1e-06 1e-06 -23.887129 -0.249075 -0.839485 -60.755619 2.382589 -1.083089 -0.294025 1.679686 0.833255 -14.218195 0.093215 1.300579 -34.212002 -0.287561 0.967166 -20.033176 0.964536 1.212838 0.0 -0.0 0.0 -3.440387 0.788233 0.501655 -15.928172 -3.167306 2.999703 -6.338817 -0.0 1e-06 -18.123419 3.648181 -4.905662 -4e-06 0.0 -2e-06 13.803555 21.746578 12.143504 37.002731 26.276968 -43.422634 -179.648544 85.399811 179.893784 -32.803425 -0.653382 -5.114659 2.24354 -5.255033 -3.180156 14.282877 -0.826594 6.952496 -0.0 -12.690593 -1e-06 15.981282 -17.534452 2.696362 1.665665 -1.95592 -2.878297 4.727794 -4.170584 4.993919 11.020511 1e-06 -0.0 12.109032 -3.735715 -2.866778 0.0 -0.0 0.0 1.291985 -1.928548 -1.498088 14.800115 0.567467 3.865604 14.242553 -1.341738 -6.660648 19.631935 0.143921 -0.648243 49.115253 -0.58294 -5.961605 0.353029 -1.51115 -0.03194 20.222769 3.684305 2.316629 18.787249 1e-06 -1e-06 10.751608 -0.47987 1.397903 0.0 -0.0 0.0 3.273804 0.305947 -0.58011 21.48679 11.830364 2.266131 8.162915 0.0 -0.0 18.399052 -3.798986 -4.940567 3e-06 0.0 -1e-06 18.892418 25.780354 -15.339978 -0.309315 -0.726736 57.773525 -23.68288 -1.957006 -31.105307 1.637989 -1.841766 -0.164397 0.0 -0.0 2e-06 -11.017249 -36.003216 -54.185905 0.265395 0.416923 54.330589 8.787779 -9.142597 1.991681 -1.436429 0.939829 1.568855 0.0 -0.0 -1e-06 
0.0 0.0 0.0 0.0 -0.0 0.0 -1.080708 82.108337 3.210732 4.055034 2.213292 1.582875 1.220748 -1.989337 12.145441 0.183301 -3.242758 0.428194 5.31021 -6.822157 22.266178 11.927155 0.567533 -4.312996 -4.986378 -13.212035 -2.911408 7.473058 -17.804913 -9.489765 7.7e-05 -2.2e-05 6e-06 -0.107039 0.175525 -0.150766 0.680352 -3.552221 -10.955814 -0.873754 3.879985 -10.889436 25.69714 -23.746861 -0.903349 -67.171288 -37.312397 15.131251 -179.334518 -65.669327 179.848206 21.092037 -18.591455 -16.477728 -5.882102 9.861279 0.70259 -10.936861 -0.360574 7.156197 0.0 8.774815 -0.0 -16.136654 18.140688 5.947223 -1.844031 2.498503 -2.507276 -10.16359 4.678941 4.621104 -20.975996 -1e-06 1e-06 -21.226254 2.451698 -3.593995 0.0 -6e-06 -0.0 -1.362681 2.240797 -0.746323 -21.334892 0.58491 3.008319 -13.821196 -1e-06 1e-06 -23.887129 -0.249075 -0.839485 -60.564709 2.355994 -1.115739 -0.294025 1.679686 0.833255 -14.218195 0.093215 1.300579 -34.212002 -0.287561 0.967166 -20.033176 0.964536 1.212838 0.0 -0.0 0.0 -3.440387 0.788233 0.501655 -15.928172 -3.167306 2.999703 -6.338817 -0.0 1e-06 -18.123419 3.648181 -4.905662 -4e-06 0.0 -2e-06 13.491207 21.366716 12.639042 40.511784 25.868433 -41.227573 -173.942429 83.402275 -174.618637 -34.123268 0.218053 -4.968374 2.24354 -5.255033 -3.180156 14.282877 -0.826594 6.952496 -0.0 -12.690593 -1e-06 15.909969 -17.611937 2.703707 1.665665 -1.95592 -2.878297 4.727794 -4.170584 4.993919 11.020511 1e-06 -0.0 12.109032 -3.735715 -2.866778 0.0 -0.0 0.0 1.291985 -1.928548 -1.498088 14.800115 0.567467 3.865604 14.242553 -1.341738 -6.660648 19.631935 0.143921 -0.648243 48.987804 -0.610642 -6.06366 0.353029 -1.51115 -0.03194 20.222769 3.684305 2.316629 18.787249 1e-06 -1e-06 10.751608 -0.47987 1.397903 0.0 -0.0 0.0 3.273804 0.305947 -0.58011 21.48679 11.830364 2.266131 8.162915 0.0 -0.0 18.399052 -3.798986 -4.940567 3e-06 0.0 -1e-06 19.611168 25.58589 -16.275669 -0.34163 -0.732645 58.897781 -24.021151 -2.908105 -30.999746 1.641315 -1.856659 -0.083269 0.0 -0.0 2e-06 -11.565854 -35.06757 -53.905445 0.233512 0.488752 55.298489 8.784373 -10.733273 1.524483 -1.443768 0.977642 1.482543 0.0 -0.0 -1e-06 
0.0 0.0 0.0 0.0 -0.0 0.0 -1.62268 81.419846 3.104306 3.546539 3.396217 1.182763 0.888504 -1.792292 12.318482 0.048964 -3.269143 0.523075 5.124506 -6.464926 22.759802 12.966228 0.323827 -3.419247 -5.001187 -13.522805 -2.869435 8.245459 -18.317266 -9.012219 7.7e-05 -2.2e-05 6e-06 -0.138177 0.222997 -0.11839 0.660136 -3.520297 -10.962636 -0.916514 3.944942 -10.89712 25.016623 -23.485353 -0.219154 -66.420303 -37.361465 15.288714 -178.969406 -65.269318 179.725601 20.52047 -18.611261 -17.020327 -5.882102 9.861279 0.70259 -10.936861 -0.360574 7.156197 0.0 8.774815 -0.0 -16.047686 18.11904 5.99003 -1.844031 2.498503 -2.507276 -10.16359 4.678941 4.621104 -20.975996 -1e-06 1e-06 -21.226254 2.451698 -3.593995 0.0 -6e-06 -0.0 -1.362681 2.240797 -0.746323 -21.334892 0.58491 3.008319 -13.821196 -1e-06 1e-06 -23.887129 -0.249075 -0.839485 -60.456745 2.360991 -1.156536 -0.294025 1.679686 0.833255 -14.218195 0.093215 1.300579 -34.212002 -0.287561 0.967166 -20.033176 0.964536 1.212838 0.0 -0.0 0.0 -3.440387 0.788233 0.501655 -15.928172 -3.167306 2.999703 -6.338817 -0.0 1e-06 -18.123419 3.648181 -4.905662 -4e-06 0.0 -2e-06 13.260382 20.708263 13.286821 44.922531 25.518494 -37.932018 -173.428955 80.960426 -174.367004 -35.398605 1.25943 -5.215812 2.24354 -5.255033 -3.180156 14.282877 -0.826594 6.952496 -0.0 -12.690593 -1e-06 15.821065 -17.78315 2.730606 1.665665 -1.95592 -2.878297 4.727794 -4.170584 4.993919 11.020511 1e-06 -0.0 12.109032 -3.735715 -2.866778 0.0 -0.0 0.0 1.291985 -1.928548 -1.498088 14.800115 0.567467 3.865604 14.242553 -1.341738 -6.660648 19.631935 0.143921 -0.648243 48.66396 -0.702369 -6.128613 0.353029 -1.51115 -0.03194 20.222769 3.684305 2.316629 18.787249 1e-06 -1e-06 10.751608 -0.47987 1.397903 0.0 -0.0 0.0 3.273804 0.305947 -0.58011 21.48679 11.830364 2.266131 8.162915 0.0 -0.0 18.399052 -3.798986 -4.940567 3e-06 0.0 -1e-06 20.891338 24.99222 -17.133268 -0.365295 -0.717308 60.468956 -24.624992 -4.062625 -30.993818 1.632941 -1.872672 0.27952 0.0 -0.0 2e-06 -12.248423 -33.853504 -53.705441 0.224716 0.566662 57.450619 8.701228 -12.774331 0.479521 -1.465507 0.976562 1.336908 0.0 -0.0 -1e-06 
0.0 0.0 0.0 0.0 -0.0 0.0 -2.499206 80.513809 3.222417 2.963727 4.788634 0.424583 0.513822 -1.586963 12.559188 -0.137226 -3.262062 0.6679 4.684192 -6.002743 23.38476 14.007844 0.019479 -2.464904 -4.979985 -13.934102 -2.88883 9.457799 -19.020473 -8.747058 7.7e-05 -2.2e-05 6e-06 -0.161405 0.244307 -0.103585 0.647512 -3.493627 -10.917711 -0.951264 3.963021 -10.858057 23.520794 -23.061993 0.923328 -65.074089 -36.98624 14.909778 -178.509857 -64.794525 179.585876 19.353954 -18.426498 -17.577127 -5.882102 9.861279 0.70259 -10.936861 -0.360574 7.156197 0.0 8.774815 -0.0 -15.92447 17.942966 5.982155 -1.844031 2.498503 -2.507276 -10.16359 4.678941 4.621104 -20.975996 -1e-06 1e-06 -21.226254 2.451698 -3.593995 0.0 -6e-06 -0.0 -1.362681 2.240797 -0.746323 -21.334892 0.58491 3.008319 -13.821196 -1e-06 1e-06 -23.887129 -0.249075 -0.839485 -60.06588 2.351162 -1.074119 -0.294025 1.679686 0.833255 -14.218195 0.093215 1.300579 -34.212002 -0.287561 0.967166 -20.033176 0.964536 1.212838 0.0 -0.0 0.0 -3.440387 0.788233 0.501655 -15.928172 -3.167306 2.999703 -6.338817 -0.0 1e-06 -18.123419 3.648181 -4.905662 -4e-06 0.0 -2e-06 13.008952 20.007786 13.971945 50.122753 24.741096 -33.047379 -174.262741 77.84198 -175.353821 -36.083305 2.609941 -6.09195 2.24354 -5.255033 -3.180156 14.282877 -0.826594 6.952496 -0.0 -12.690593 -1e-06 15.696516 -17.799528 2.84523 1.665665 -1.95592 -2.878297 4.727794 -4.170584 4.993919 11.020511 1e-06 -0.0 12.109032 -3.735715 -2.866778 0.0 -0.0 0.0 1.291985 -1.928548 -1.498088 14.800115 0.567467 3.865604 14.242553 -1.341738 -6.660648 19.631935 0.143921 -0.648243 48.545116 -0.767325 -6.151698 0.353029 -1.51115 -0.03194 20.222769 3.684305 2.316629 18.787249 1e-06 -1e-06 10.751608 -0.47987 1.397903 0.0 -0.0 0.0 3.273804 0.305947 -0.58011 21.48679 11.830364 2.266131 8.162915 0.0 -0.0 18.399052 -3.798986 -4.940567 3e-06 0.0 -1e-06 22.728895 23.878485 -17.632803 -0.400336 -0.74731 62.060055 -25.309328 -5.253394 -30.854609 1.631406 -1.858818 0.61764 0.0 -0.0 2e-06 -13.065071 -32.456593 -53.473118 0.2644 0.644995 60.769264 8.468217 -14.634296 -0.673452 -1.469343 1.039343 1.317228 0.0 -0.0 -1e-06 
0.0 0.0 0.0 0.0 -0.0 0.0 -3.707938 79.55352 3.61666 2.200075 6.16238 -0.58597 0.251002 -1.353124 12.939942 -0.268875 -3.014037 0.84754 4.138762 -5.418178 24.013266 15.046538 -0.142837 -1.928022 -5.144037 -14.411064 -2.806566 10.863112 -20.048693 -8.330139 7.7e-05 -2.2e-05 6e-06 -0.191976 0.259594 -0.086852 0.629498 -3.476583 -10.883649 -0.993942 3.975852 -10.846495 21.682261 -22.370214 2.590351 -63.090752 -35.747837 13.332806 -178.244034 -63.536751 179.459991 17.5578 -18.101479 -17.908112 -5.882102 9.861279 0.70259 -10.936861 -0.360574 7.156197 0.0 8.774815 -0.0 -15.62867 17.863947 6.126542 -1.844031 2.498503 -2.507276 -10.16359 4.678941 4.621104 -20.975996 -1e-06 1e-06 -21.226254 2.451698 -3.593995 0.0 -6e-06 -0.0 -1.362681 2.240797 -0.746323 -21.334892 0.58491 3.008319 -13.821196 -1e-06 1e-06 -23.887129 -0.249075 -0.839485 -59.808968 2.256432 -0.941406 -0.294025 1.679686 0.833255 -14.218195 0.093215 1.300579 -34.212002 -0.287561 0.967166 -20.033176 0.964536 1.212838 0.0 -0.0 0.0 -3.440387 0.788233 0.501655 -15.928172 -3.167306 2.999703 -6.338817 -0.0 1e-06 -18.123419 3.648181 -4.905662 -4e-06 0.0 -2e-06 12.69131 19.293163 14.725949 55.046406 23.410715 -27.197149 -175.937256 74.145042 -177.062759 -35.192837 4.593764 -7.8563 2.24354 -5.255033 -3.180156 14.282877 -0.826594 6.952496 -0.0 -12.690593 -1e-06 15.872699 -17.691504 2.973628 1.665665 -1.95592 -2.878297 4.727794 -4.170584 4.993919 11.020511 1e-06 -0.0 12.109032 -3.735715 -2.866778 0.0 -0.0 0.0 1.291985 -1.928548 -1.498088 14.800115 0.567467 3.865604 14.242553 -1.341738 -6.660648 19.631935 0.143921 -0.648243 48.632202 -0.718813 -6.11255 0.353029 -1.51115 -0.03194 20.222769 3.684305 2.316629 18.787249 1e-06 -1e-06 10.751608 -0.47987 1.397903 0.0 -0.0 0.0 3.273804 0.305947 -0.58011 21.48679 11.830364 2.266131 8.162915 0.0 -0.0 18.399052 -3.798986 -4.940567 3e-06 0.0 -1e-06 24.935669 22.336658 -17.634062 -0.44038 -0.830587 63.2453 -25.896677 -6.215844 -30.955814 1.639569 -1.838567 0.97582 0.0 -0.0 2e-06 -13.991986 -31.104252 -53.65134 0.500245 0.818724 65.050827 7.911897 -15.772292 -1.03897 -1.473208 1.037669 1.2324 0.0 -0.0 -1e-06 
0.0 0.0 0.0 0.0 -0.0 0.0 -5.203515 78.643265 4.319633 1.350692 7.446478 -1.380094 0.090936 -1.113089 13.332328 -0.255531 -2.672228 0.982634 3.855659 -4.696302 24.412985 15.659153 -0.232931 -1.625694 -5.277709 -15.017278 -2.710708 12.267989 -21.01144 -8.220248 7.7e-05 -2.2e-05 6e-06 -0.167316 0.198303 -0.098239 0.64954 -3.543221 -10.899895 -0.963695 3.919672 -10.877701 19.630421 -21.387798 4.122831 -60.195782 -32.695793 10.038056 -178.64212 -61.1003 179.871078 15.872293 -17.631182 -18.807428 -5.882102 9.861279 0.70259 -10.936861 -0.360574 7.156197 0.0 8.774815 -0.0 -15.398245 17.835835 6.218308 -1.844031 2.498503 -2.507276 -10.16359 4.678941 4.621104 -20.975996 -1e-06 1e-06 -21.226254 2.451698 -3.593995 0.0 -6e-06 -0.0 -1.362681 2.240797 -0.746323 -21.334892 0.58491 3.008319 -13.821196 -1e-06 1e-06 -23.887129 -0.249075 -0.839485 -59.488983 2.232427 -0.874264 -0.294025 1.679686 0.833255 -14.218195 0.093215 1.300579 -34.212002 -0.287561 0.967166 -20.033176 0.964536 1.212838 0.0 -0.0 0.0 -3.440387 0.788233 0.501655 -15.928172 -3.167306 2.999703 -6.338817 -0.0 1e-06 -18.123419 3.648181 -4.905662 -4e-06 0.0 -2e-06 12.180453 18.933367 15.067671 58.533398 21.878876 -21.917217 -178.365585 70.459778 -179.263794 -33.419777 6.942363 -10.420322 2.24354 -5.255033 -3.180156 14.282877 -0.826594 6.952496 -0.0 -12.690593 -1e-06 15.88561 -17.80209 3.12261 1.665665 -1.95592 -2.878297 4.727794 -4.170584 4.993919 11.020511 1e-06 -0.0 12.109032 -3.735715 -2.866778 0.0 -0.0 0.0 1.291985 -1.928548 -1.498088 14.800115 0.567467 3.865604 14.242553 -1.341738 -6.660648 19.631935 0.143921 -0.648243 48.956715 -0.591033 -6.147812 0.353029 -1.51115 -0.03194 20.222769 3.684305 2.316629 18.787249 1e-06 -1e-06 10.751608 -0.47987 1.397903 0.0 -0.0 0.0 3.273804 0.305947 -0.58011 21.48679 11.830364 2.266131 8.162915 0.0 -0.0 18.399052 -3.798986 -4.940567 3e-06 0.0 -1e-06 27.369612 20.721937 -17.517878 -0.486167 -0.902653 63.814602 -26.79826 -7.059156 -30.789564 1.647837 -1.802257 1.287224 0.0 -0.0 2e-06 -15.382452 -29.935982 -54.113621 0.723548 0.95713 68.520538 7.692955 -15.864388 -0.929498 -1.470606 1.085434 0.840973 0.0 -0.0 -1e-06 
0.0 0.0 0.0 0.0 -0.0 0.0 -6.94932 77.853432 5.252564 0.61019 8.568668 -1.746899 0.086168 -0.893839 13.701957 -0.166976 -2.264706 1.182067 3.843078 -3.966006 24.495388 16.093319 -0.277398 -1.752156 -5.333272 -15.586381 -2.611776 13.483342 -21.87145 -8.014354 7.7e-05 -2.2e-05 6e-06 -0.133447 0.124375 -0.108318 0.68386 -3.622075 -10.937721 -0.929364 3.85052 -10.922771 17.901787 -20.160089 5.130217 -56.171253 -27.736082 4.757215 179.918228 -57.915108 -178.904205 14.704661 -16.739103 -20.098734 -5.882102 9.861279 0.70259 -10.936861 -0.360574 7.156197 0.0 8.774815 -0.0 -15.311311 17.959789 6.339654 -1.844031 2.498503 -2.507276 -10.16359 4.678941 4.621104 -20.975996 -1e-06 1e-06 -21.226254 2.451698 -3.593995 0.0 -6e-06 -0.0 -1.362681 2.240797 -0.746323 -21.334892 0.58491 3.008319 -13.821196 -1e-06 1e-06 -23.887129 -0.249075 -0.839485 -59.414997 2.243306 -1.017995 -0.294025 1.679686 0.833255 -14.218195 0.093215 1.300579 -34.212002 -0.287561 0.967166 -20.033176 0.964536 1.212838 0.0 -0.0 0.0 -3.440387 0.788233 0.501655 -15.928172 -3.167306 2.999703 -6.338817 -0.0 1e-06 -18.123419 3.648181 -4.905662 -4e-06 0.0 -2e-06 11.473374 19.147015 14.893912 59.989792 21.19401 -19.348175 -179.200851 67.665604 -179.872299 -32.090691 8.669747 -13.095772 2.24354 -5.255033 -3.180156 14.282877 -0.826594 6.952496 -0.0 -12.690593 -1e-06 15.937514 -17.966661 3.123768 1.665665 -1.95592 -2.878297 4.727794 -4.170584 4.993919 11.020511 1e-06 -0.0 12.109032 -3.735715 -2.866778 0.0 -0.0 0.0 1.291985 -1.928548 -1.498088 14.800115 0.567467 3.865604 14.242553 -1.341738 -6.660648 19.631935 0.143921 -0.648243 49.125332 -0.497596 -6.245787 0.353029 -1.51115 -0.03194 20.222769 3.684305 2.316629 18.787249 1e-06 -1e-06 10.751608 -0.47987 1.397903 0.0 -0.0 0.0 3.273804 0.305947 -0.58011 21.48679 11.830364 2.266131 8.162915 0.0 -0.0 18.399052 -3.798986 -4.940567 3e-06 0.0 -1e-06 29.828068 19.437244 -17.34631 -0.560853 -1.063831 63.633766 -28.183533 -7.559903 -29.926966 1.653911 -1.773421 1.548524 0.0 -0.0 2e-06 -17.082474 -29.1966 -55.038567 0.909822 1.150543 69.804123 7.751141 -15.967004 -0.817006 -1.458477 1.157664 0.727484 0.0 -0.0 -1e-06 
0.0 0.0 0.0 0.0 -0.0 0.0 -8.911681 77.216431 6.422297 0.103662 9.429167 -1.718556 0.246102 -0.717787 14.058896 -0.019021 -1.781665 1.455769 4.12093 -3.257629 24.334793 16.377499 -0.282425 -2.318207 -5.365767 -16.177864 -2.502446 14.657713 -22.686926 -7.911494 7.7e-05 -2.2e-05 6e-06 -0.100855 0.053695 -0.113644 0.725842 -3.69691 -10.984932 -0.906344 3.785284 -10.969915 16.521193 -18.721718 5.693145 -51.349411 -21.251989 -2.167866 177.803146 -55.257046 -177.106003 14.371297 -15.176376 -21.721375 -5.882102 9.861279 0.70259 -10.936861 -0.360574 7.156197 0.0 8.774815 -0.0 -15.415472 18.147337 6.419607 -1.844031 2.498503 -2.507276 -10.16359 4.678941 4.621104 -20.975996 -1e-06 1e-06 -21.226254 2.451698 -3.593995 0.0 -6e-06 -0.0 -1.362681 2.240797 -0.746323 -21.334892 0.58491 3.008319 -13.821196 -1e-06 1e-06 -23.887129 -0.249075 -0.839485 -59.682617 2.26233 -1.349162 -0.294025 1.679686 0.833255 -14.218195 0.093215 1.300579 -34.212002 -0.287561 0.967166 -20.033176 0.964536 1.212838 0.0 -0.0 0.0 -3.440387 0.788233 0.501655 -15.928172 -3.167306 2.999703 -6.338817 -0.0 1e-06 -18.123419 3.648181 -4.905662 -4e-06 0.0 -2e-06 10.389584 19.884121 14.128749 59.153877 21.04711 -20.337936 -178.192093 66.092178 -178.964218 -31.898245 9.393643 -16.091904 2.24354 -5.255033 -3.180156 14.282877 -0.826594 6.952496 -0.0 -12.690593 -1e-06 15.877538 -17.849789 3.044315 1.665665 -1.95592 -2.878297 4.727794 -4.170584 4.993919 11.020511 1e-06 -0.0 12.109032 -3.735715 -2.866778 0.0 -0.0 0.0 1.291985 -1.928548 -1.498088 14.800115 0.567467 3.865604 14.242553 -1.341738 -6.660648 19.631935 0.143921 -0.648243 49.108734 -0.410368 -6.409961 0.353029 -1.51115 -0.03194 20.222769 3.684305 2.316629 18.787249 1e-06 -1e-06 10.751608 -0.47987 1.397903 0.0 -0.0 0.0 3.273804 0.305947 -0.58011 21.48679 11.830364 2.266131 8.162915 0.0 -0.0 18.399052 -3.798986 -4.940567 3e-06 0.0 -1e-06 31.987286 18.567686 -16.937761 -0.628031 -1.234001 62.552341 -29.861034 -7.685154 -28.961735 1.659897 -1.749422 1.723425 0.0 -0.0 2e-06 -18.735012 -29.063726 -56.196941 0.964872 1.302567 68.607864 7.906086 -16.040628 -1.221593 -1.434249 1.189775 0.776991 0.0 -0.0 -1e-06 
0.0 0.0 0.0 0.0 -0.0 0.0 -11.041619 76.739349 7.911963 0.016698 10.025815 -1.234471 0.595973 -0.628679 14.331574 0.150653 -1.223133 1.753418 4.594101 -2.550519 23.930941 16.434973 -0.230524 -3.223882 -5.394107 -16.840328 -2.37945 15.809948 -23.541546 -8.112597 7.7e-05 -2.2e-05 6e-06 -0.093115 0.026657 -0.114531 0.751336 -3.727334 -11.009301 -0.918601 3.765331 -11.002587 15.271356 -17.091324 6.134086 -46.440155 -13.433853 -9.450891 175.458344 -54.507301 -175.039658 14.845577 -12.575874 -23.766111 -5.882102 9.861279 0.70259 -10.936861 -0.360574 7.156197 0.0 8.774815 -0.0 -15.689894 18.166401 6.353481 -1.844031 2.498503 -2.507276 -10.16359 4.678941 4.621104 -20.975996 -1e-06 1e-06 -21.226254 2.451698 -3.593995 0.0 -6e-06 -0.0 -1.362681 2.240797 -0.746323 -21.334892 0.58491 3.008319 -13.821196 -1e-06 1e-06 -23.887129 -0.249075 -0.839485 -60.250103 2.235974 -1.600585 -0.294025 1.679686 0.833255 -14.218195 0.093215 1.300579 -34.212002 -0.287561 0.967166 -20.033176 0.964536 1.212838 0.0 -0.0 0.0 -3.440387 0.788233 0.501655 -15.928172 -3.167306 2.999703 -6.338817 -0.0 1e-06 -18.123419 3.648181 -4.905662 -4e-06 0.0 -2e-06 8.784755 20.89176 12.873857 55.958523 20.452272 -24.673729 -175.861877 66.08506 -177.015137 -32.528557 8.915233 -19.764986 2.24354 -5.255033 -3.180156 14.282877 -0.826594 6.952496 -0.0 -12.690593 -1e-06 15.681368 -17.423588 3.032231 1.665665 -1.95592 -2.878297 4.727794 -4.170584 4.993919 11.020511 1e-06 -0.0 12.109032 -3.735715 -2.866778 0.0 -0.0 0.0 1.291985 -1.928548 -1.498088 14.800115 0.567467 3.865604 14.242553 -1.341738 -6.660648 19.631935 0.143921 -0.648243 49.067875 -0.346392 -6.520223 0.353029 -1.51115 -0.03194 20.222769 3.684305 2.316629 18.787249 1e-06 -1e-06 10.751608 -0.47987 1.397903 0.0 -0.0 0.0 3.273804 0.305947 -0.58011 21.48679 11.830364 2.266131 8.162915 0.0 -0.0 18.399052 -3.798986 -4.940567 3e-06 0.0 -1e-06 33.783421 17.755402 -16.146082 -0.66095 -1.330849 60.428165 -31.998125 -7.566734 -27.417362 1.659807 -1.707339 1.853679 0.0 -0.0 2e-06 -20.092905 -29.543776 -57.320118 0.810063 1.324387 65.123779 7.770581 -16.378834 -2.473264 -1.42213 1.109578 0.608294 0.0 -0.0 -1e-06 
0.0 0.0 0.0 0.0 -0.0 0.0 -13.300809 76.478546 9.817362 0.535737 10.558496 -0.185753 1.146146 -0.675369 14.344328 0.282722 -0.648575 1.983477 5.138909 -1.877421 23.244661 16.263861 -0.03055 -4.212587 -5.396417 -17.520626 -2.263912 16.795385 -24.53064 -8.767002 7.7e-05 -2.2e-05 6e-06 -0.134381 0.086284 -0.107598 0.72959 -3.669242 -10.999991 -0.983434 3.832148 -11.02107 14.127429 -15.325112 6.860175 -42.57909 -5.284019 -14.836824 174.151978 -56.648678 -173.544189 15.072233 -9.256705 -26.675869 -5.882102 9.861279 0.70259 -10.936861 -0.360574 7.156197 0.0 8.774815 -0.0 -15.957506 18.0291 6.156319 -1.844031 2.498503 -2.507276 -10.16359 4.678941 4.621104 -20.975996 -1e-06 1e-06 -21.226254 2.451698 -3.593995 0.0 -6e-06 -0.0 -1.362681 2.240797 -0.746323 -21.334892 0.58491 3.008319 -13.821196 -1e-06 1e-06 -23.887129 -0.249075 -0.839485 -60.791546 2.289606 -1.62217 -0.294025 1.679686 0.833255 -14.218195 0.093215 1.300579 -34.212002 -0.287561 0.967166 -20.033176 0.964536 1.212838 0.0 -0.0 0.0 -3.440387 0.788233 0.501655 -15.928172 -3.167306 2.999703 -6.338817 -0.0 1e-06 -18.123419 3.648181 -4.905662 -4e-06 0.0 -2e-06 6.697274 21.700115 11.429481 50.766312 18.3216 -31.195284 -173.317291 67.993103 -174.707642 -33.149944 7.047391 -23.950785 2.24354 -5.255033 -3.180156 14.282877 -0.826594 6.952496 -0.0 -12.690593 -1e-06 15.375676 -17.057989 3.178958 1.665665 -1.95592 -2.878297 4.727794 -4.170584 4.993919 11.020511 1e-06 -0.0 12.109032 -3.735715 -2.866778 0.0 -0.0 0.0 1.291985 -1.928548 -1.498088 14.800115 0.567467 3.865604 14.242553 -1.341738 -6.660648 19.631935 0.143921 -0.648243 49.084156 -0.381727 -6.406836 0.353029 -1.51115 -0.03194 20.222769 3.684305 2.316629 18.787249 1e-06 -1e-06 10.751608 -0.47987 1.397903 0.0 -0.0 0.0 3.273804 0.305947 -0.58011 21.48679 11.830364 2.266131 8.162915 0.0 -0.0 18.399052 -3.798986 -4.940567 3e-06 0.0 -1e-06 34.649681 16.692459 -14.932779 -0.656318 -1.407716 56.988121 -34.413406 -7.135963 -25.96567 1.653048 -1.670503 2.11622 0.0 -0.0 2e-06 -21.581535 -30.228676 -57.950039 0.577066 1.263321 60.292343 7.300448 -17.487103 -5.004019 -1.447504 0.959561 0.000339 0.0 -0.0 -1e-06 
0.0 0.0 0.0 0.0 -0.0 0.0 -15.620619 76.541832 12.198024 1.795732 11.184325 1.556772 1.989532 -0.894702 14.03651 0.383096 -0.006133 1.997502 5.626613 -1.253927 22.117334 15.969123 0.194586 -4.871729 -5.298521 -18.154367 -2.23412 17.44569 -25.637472 -9.898875 7.7e-05 -2.2e-05 6e-06 -0.208724 0.210236 -0.099774 0.676237 -3.544786 -11.003628 -1.08253 3.960401 -11.069076 13.076935 -13.457981 8.142022 -40.362663 2.39359 -17.131227 175.373322 -62.268356 -174.174728 13.408638 -6.706238 -30.948431 -5.882102 9.861279 0.70259 -10.936861 -0.360574 7.156197 0.0 8.774815 -0.0 -15.880777 18.073051 5.904435 -1.844031 2.498503 -2.507276 -10.16359 4.678941 4.621104 -20.975996 -1e-06 1e-06 -21.226254 2.451698 -3.593995 0.0 -6e-06 -0.0 -1.362681 2.240797 -0.746323 -21.334892 0.58491 3.008319 -13.821196 -1e-06 1e-06 -23.887129 -0.249075 -0.839485 -61.009743 2.51751 -1.684593 -0.294025 1.679686 0.833255 -14.218195 0.093215 1.300579 -34.212002 -0.287561 0.967166 -20.033176 0.964536 1.212838 0.0 -0.0 0.0 -3.440387 0.788233 0.501655 -15.928172 -3.167306 2.999703 -6.338817 -0.0 1e-06 -18.123419 3.648181 -4.905662 -4e-06 0.0 -2e-06 3.99167 21.932201 9.732642 43.969509 13.721832 -38.750282 -171.241196 72.330582 -172.106323 -32.800327 3.689719 -28.850105 2.24354 -5.255033 -3.180156 14.282877 -0.826594 6.952496 -0.0 -12.690593 -1e-06 15.080119 -17.01894 3.329143 1.665665 -1.95592 -2.878297 4.727794 -4.170584 4.993919 11.020511 1e-06 -0.0 12.109032 -3.735715 -2.866778 0.0 -0.0 0.0 1.291985 -1.928548 -1.498088 14.800115 0.567467 3.865604 14.242553 -1.341738 -6.660648 19.631935 0.143921 -0.648243 49.176842 -0.594469 -6.13032 0.353029 -1.51115 -0.03194 20.222769 3.684305 2.316629 18.787249 1e-06 -1e-06 10.751608 -0.47987 1.397903 0.0 -0.0 0.0 3.273804 0.305947 -0.58011 21.48679 11.830364 2.266131 8.162915 0.0 -0.0 18.399052 -3.798986 -4.940567 3e-06 0.0 -1e-06 34.324219 15.201037 -13.274273 -0.635329 -1.511966 51.798683 -37.245022 -6.10746 -24.481609 1.648402 -1.656505 2.410368 0.0 -0.0 2e-06 -23.797644 -30.959574 -57.600578 0.416347 1.187233 54.436676 6.408657 -18.879965 -8.219837 -1.486504 0.848682 -0.745614 0.0 -0.0 -1e-06 
0.0 0.0 0.0 0.0 -0.0 0.0 -18.054159 76.954865 15.133171 3.778044 12.028305 4.149761 3.253011 -1.207383 13.377081 0.527737 0.753666 1.617511 6.040032 -0.818512 20.150797 15.611241 0.059398 -4.717524 -5.271826 -18.449474 -2.1999 17.704596 -26.874174 -11.479653 7.7e-05 -2.2e-05 6e-06 -0.263292 0.316311 -0.102973 0.624084 -3.440241 -11.08099 -1.140375 4.067728 -11.176508 12.576844 -11.445301 9.704279 -40.98167 7.619085 -15.337687 -178.683884 -71.693283 -179.919189 8.580662 -6.369639 -33.470585 -5.882102 9.861279 0.70259 -10.936861 -0.360574 7.156197 0.0 8.774815 -0.0 -15.266265 18.053881 5.597491 -1.844031 2.498503 -2.507276 -10.16359 4.678941 4.621104 -20.975996 -1e-06 1e-06 -21.226254 2.451698 -3.593995 0.0 -6e-06 -0.0 -1.362681 2.240797 -0.746323 -21.334892 0.58491 3.008319 -13.821196 -1e-06 1e-06 -23.887129 -0.249075 -0.839485 -60.666943 2.633794 -1.943062 -0.294025 1.679686 0.833255 -14.218195 0.093215 1.300579 -34.212002 -0.287561 0.967166 -20.033176 0.964536 1.212838 0.0 -0.0 0.0 -3.440387 0.788233 0.501655 -15.928172 -3.167306 2.999703 -6.338817 -0.0 1e-06 -18.123419 3.648181 -4.905662 -4e-06 0.0 -2e-06 -0.364339 21.520584 7.689788 37.130852 6.886009 -47.096378 -167.359055 80.512718 -167.378021 -30.533916 -1.000599 -33.789089 2.24354 -5.255033 -3.180156 14.282877 -0.826594 6.952496 -0.0 -12.690593 -1e-06 14.949107 -16.986013 3.152325 1.665665 -1.95592 -2.878297 4.727794 -4.170584 4.993919 11.020511 1e-06 -0.0 12.109032 -3.735715 -2.866778 0.0 -0.0 0.0 1.291985 -1.928548 -1.498088 14.800115 0.567467 3.865604 14.242553 -1.341738 -6.660648 19.631935 0.143921 -0.648243 49.082199 -0.921733 -6.14674 0.353029 -1.51115 -0.03194 20.222769 3.684305 2.316629 18.787249 1e-06 -1e-06 10.751608 -0.47987 1.397903 0.0 -0.0 0.0 3.273804 0.305947 -0.58011 21.48679 11.830364 2.266131 8.162915 0.0 -0.0 18.399052 -3.798986 -4.940567 3e-06 0.0 -1e-06 33.069935 13.506574 -11.084945 -0.614853 -1.50973 44.321262 -39.917774 -3.829499 -22.344501 1.713337 -1.658018 2.295591 0.0 -0.0 2e-06 -26.908188 -31.861446 -55.885143 0.46403 1.194397 48.089245 5.192379 -19.781878 -9.756138 -1.480454 0.876953 -1.451814 0.0 -0.0 -1e-06 
0.0 0.0 0.0 0.0 -0.0 0.0 -20.754145 77.412971 18.488457 5.783459 13.099997 7.543665 4.984464 -1.449227 12.384325 0.837188 1.507429 0.89758 6.831863 -0.207059 17.028616 14.254818 -0.357224 -4.013087 -4.572944 -18.879271 -2.208608 16.811497 -27.621765 -12.571404 7.7e-05 -2.2e-05 6e-06 -0.288666 0.373254 -0.095132 0.607551 -3.412615 -11.256596 -1.172247 4.154025 -11.389778 13.037428 -9.824936 10.475412 -44.755302 8.811902 -9.280089 -162.600967 -84.254234 164.220078 2.297371 -7.655713 -32.183483 -5.882102 9.861279 0.70259 -10.936861 -0.360574 7.156197 0.0 8.774815 -0.0 -15.209313 17.817856 5.38497 -1.844031 2.498503 -2.507276 -10.16359 4.678941 4.621104 -20.975996 -1e-06 1e-06 -21.226254 2.451698 -3.593995 0.0 -6e-06 -0.0 -1.362681 2.240797 -0.746323 -21.334892 0.58491 3.008319 -13.821196 -1e-06 1e-06 -23.887129 -0.249075 -0.839485 -60.625587 2.320807 -2.07134 -0.294025 1.679686 0.833255 -14.218195 0.093215 1.300579 -34.212002 -0.287561 0.967166 -20.033176 0.964536 1.212838 0.0 -0.0 0.0 -3.440387 0.788233 0.501655 -15.928172 -3.167306 2.999703 -6.338817 -0.0 1e-06 -18.123419 3.648181 -4.905662 -4e-06 0.0 -2e-06 -7.040975 21.084002 5.048648 30.809639 -1.270848 -56.681068 -2.454417 84.456276 -2.355078 -25.067261 -4.771034 -39.045044 2.24354 -5.255033 -3.180156 14.282877 -0.826594 6.952496 -0.0 -12.690593 -1e-06 15.153431 -16.423042 2.474468 1.665665 -1.95592 -2.878297 4.727794 -4.170584 4.993919 11.020511 1e-06 -0.0 12.109032 -3.735715 -2.866778 0.0 -0.0 0.0 1.291985 -1.928548 -1.498088 14.800115 0.567467 3.865604 14.242553 -1.341738 -6.660648 19.631935 0.143921 -0.648243 48.637188 -0.832829 -6.081818 0.353029 -1.51115 -0.03194 20.222769 3.684305 2.316629 18.787249 1e-06 -1e-06 10.751608 -0.47987 1.397903 0.0 -0.0 0.0 3.273804 0.305947 -0.58011 21.48679 11.830364 2.266131 8.162915 0.0 -0.0 18.399052 -3.798986 -4.940567 3e-06 0.0 -1e-06 32.171043 12.511753 -8.243103 -0.454174 -1.607388 33.949341 -41.456837 -1.839478 -16.173883 1.820306 -1.598459 1.356066 0.0 -0.0 2e-06 -29.660759 -33.44437 -53.586502 0.703572 1.394339 42.786869 3.632256 -18.690041 -7.417711 -1.519282 0.894954 -1.524219 0.0 -0.0 -1e-06 
0.0 0.0 0.0 0.0 -0.0 0.0 -23.610792 77.096214 22.022236 7.808121 13.839748 11.52429 6.891631 -1.409949 10.882817 1.460932 2.019338 0.11442 7.248085 0.941039 13.758564 12.091443 -0.73601 -4.200469 -3.933952 -18.787626 -2.322842 15.52317 -28.475845 -12.765166 7.7e-05 -2.2e-05 6e-06 -0.316416 0.428977 -0.12953 0.598185 -3.381742 -11.468454 -1.219894 4.237375 -11.582241 13.16995 -8.346118 10.611089 -49.127033 7.853499 -2.336527 -8.244178 -81.292702 10.132456 -2.404208 -9.150764 -29.546579 -5.882102 9.861279 0.70259 -10.936861 -0.360574 7.156197 0.0 8.774815 -0.0 -15.552119 17.417381 5.443271 -1.844031 2.498503 -2.507276 -10.16359 4.678941 4.621104 -20.975996 -1e-06 1e-06 -21.226254 2.451698 -3.593995 0.0 -6e-06 -0.0 -1.362681 2.240797 -0.746323 -21.334892 0.58491 3.008319 -13.821196 -1e-06 1e-06 -23.887129 -0.249075 -0.839485 -60.752724 1.935726 -1.982555 -0.294025 1.679686 0.833255 -14.218195 0.093215 1.300579 -34.212002 -0.287561 0.967166 -20.033176 0.964536 1.212838 0.0 -0.0 0.0 -3.440387 0.788233 0.501655 -15.928172 -3.167306 2.999703 -6.338817 -0.0 1e-06 -18.123419 3.648181 -4.905662 -4e-06 0.0 -2e-06 -15.396208 21.993349 2.614183 21.780268 -9.516335 -64.129395 3.398854 58.266747 3.153562 -15.910178 -4.962413 -47.876282 2.24354 -5.255033 -3.180156 14.282877 -0.826594 6.952496 -0.0 -12.690593 -1e-06 15.297297 -16.013577 1.792453 1.665665 -1.95592 -2.878297 4.727794 -4.170584 4.993919 11.020511 1e-06 -0.0 12.109032 -3.735715 -2.866778 0.0 -0.0 0.0 1.291985 -1.928548 -1.498088 14.800115 0.567467 3.865604 14.242553 -1.341738 -6.660648 19.631935 0.143921 -0.648243 48.391083 -0.277208 -6.416348 0.353029 -1.51115 -0.03194 20.222769 3.684305 2.316629 18.787249 1e-06 -1e-06 10.751608 -0.47987 1.397903 0.0 -0.0 0.0 3.273804 0.305947 -0.58011 21.48679 11.830364 2.266131 8.162915 0.0 -0.0 18.399052 -3.798986 -4.940567 3e-06 0.0 -1e-06 31.829191 11.729728 -5.33489 -0.416684 -1.709532 22.550173 -40.546017 1.97096 -7.986417 1.866377 -1.509911 0.506799 0.0 -0.0 2e-06 -32.001766 -34.809563 -52.863541 0.728131 1.571726 41.665062 4.383861 -16.558779 -1.143376 -1.568703 0.92072 -0.848596 0.0 -0.0 -1e-06 
0.0 0.0 0.0 0.0 -0.0 0.0 -26.478657 75.632332 25.17411 10.618373 13.702499 14.891556 8.507604 -1.005721 9.967961 2.274462 2.022066 -0.171357 6.23701 1.859151 11.491838 8.640188 0.867089 -6.480424 -4.611685 -18.881592 -2.433438 15.082803 -30.252142 -13.461993 7.7e-05 -2.2e-05 6e-06 -0.289099 0.330834 -0.233224 0.642555 -3.444982 -11.363986 -1.208462 4.103783 -11.476684 10.335146 -6.90119 10.314795 -50.275188 8.275167 3.282504 0.642282 -68.657425 1.800249 -4.375005 -9.468841 -25.265896 -5.882102 9.861279 0.70259 -10.936861 -0.360574 7.156197 0.0 8.774815 -0.0 -15.317601 17.004128 6.281015 -1.844031 2.498503 -2.507276 -10.16359 4.678941 4.621104 -20.975996 -1e-06 1e-06 -21.226254 2.451698 -3.593995 0.0 -6e-06 -0.0 -1.362681 2.240797 -0.746323 -21.334892 0.58491 3.008319 -13.821196 -1e-06 1e-06 -23.887129 -0.249075 -0.839485 -60.983551 2.182013 -1.339543 -0.294025 1.679686 0.833255 -14.218195 0.093215 1.300579 -34.212002 -0.287561 0.967166 -20.033176 0.964536 1.212838 0.0 -0.0 0.0 -3.440387 0.788233 0.501655 -15.928172 -3.167306 2.999703 -6.338817 -0.0 1e-06 -18.123419 3.648181 -4.905662 -4e-06 0.0 -2e-06 -23.338022 24.194483 0.509744 8.287078 -15.246335 -62.603508 0.363703 25.475883 0.500856 -5.111762 -2.723462 -58.709854 2.24354 -5.255033 -3.180156 14.282877 -0.826594 6.952496 -0.0 -12.690593 -1e-06 15.189458 -15.999754 2.028411 1.665665 -1.95592 -2.878297 4.727794 -4.170584 4.993919 11.020511 1e-06 -0.0 12.109032 -3.735715 -2.866778 0.0 -0.0 0.0 1.291985 -1.928548 -1.498088 14.800115 0.567467 3.865604 14.242553 -1.341738 -6.660648 19.631935 0.143921 -0.648243 47.767796 -0.072574 -6.639562 0.353029 -1.51115 -0.03194 20.222769 3.684305 2.316629 18.787249 1e-06 -1e-06 10.751608 -0.47987 1.397903 0.0 -0.0 0.0 3.273804 0.305947 -0.58011 21.48679 11.830364 2.266131 8.162915 0.0 -0.0 18.399052 -3.798986 -4.940567 3e-06 0.0 -1e-06 30.784708 11.835496 -3.330814 -0.422042 -2.153491 14.663732 -38.259487 5.260272 -0.267511 1.890679 -1.510992 -0.131799 0.0 -0.0 2e-06 -33.901161 -36.686646 -56.22715 0.914844 1.704372 46.694386 11.813743 -16.112978 7.864261 -1.5311 1.002755 0.591507 0.0 -0.0 -1e-06 
0.0 0.0 0.0 0.0 -0.0 0.0 -29.451614 73.736137 27.881414 13.632545 12.883775 16.835024 9.438695 -0.786045 10.020307 3.042701 2.044382 0.008978 4.749898 1.880845 10.246418 4.518329 3.747597 -9.673887 -5.657104 -19.472109 -2.56815 14.484989 -31.535629 -14.675357 7.7e-05 -2.2e-05 6e-06 -0.266518 0.264361 -0.26462 0.723413 -3.452504 -11.096285 -1.242356 3.976746 -11.260081 5.346778 -5.534215 10.978226 -49.021152 10.075979 6.30811 4.003181 -57.668331 -0.182983 -7.597297 -9.640896 -17.44253 -5.882102 9.861279 0.70259 -10.936861 -0.360574 7.156197 0.0 8.774815 -0.0 -15.53777 16.065731 6.410655 -1.844031 2.498503 -2.507276 -10.16359 4.678941 4.621104 -20.975996 -1e-06 1e-06 -21.226254 2.451698 -3.593995 0.0 -6e-06 -0.0 -1.362681 2.240797 -0.746323 -21.334892 0.58491 3.008319 -13.821196 -1e-06 1e-06 -23.887129 -0.249075 -0.839485 -60.778248 2.539794 -0.5853 -0.294025 1.679686 0.833255 -14.218195 0.093215 1.300579 -34.212002 -0.287561 0.967166 -20.033176 0.964536 1.212838 0.0 -0.0 0.0 -3.440387 0.788233 0.501655 -15.928172 -3.167306 2.999703 -6.338817 -0.0 1e-06 -18.123419 3.648181 -4.905662 -4e-06 0.0 -2e-06 -31.517147 25.198799 -1.639843 0.114534 -17.853638 -57.731873 -1.581535 8.140965 -0.068113 1.757979 1.115103 -67.248207 2.24354 -5.255033 -3.180156 14.282877 -0.826594 6.952496 -0.0 -12.690593 -1e-06 15.399871 -16.598839 2.194616 1.665665 -1.95592 -2.878297 4.727794 -4.170584 4.993919 11.020511 1e-06 -0.0 12.109032 -3.735715 -2.866778 0.0 -0.0 0.0 1.291985 -1.928548 -1.498088 14.800115 0.567467 3.865604 14.242553 -1.341738 -6.660648 19.631935 0.143921 -0.648243 47.749249 -0.370339 -6.778547 0.353029 -1.51115 -0.03194 20.222769 3.684305 2.316629 18.787249 1e-06 -1e-06 10.751608 -0.47987 1.397903 0.0 -0.0 0.0 3.273804 0.305947 -0.58011 21.48679 11.830364 2.266131 8.162915 0.0 -0.0 18.399052 -3.798986 -4.940567 3e-06 0.0 -1e-06 30.179667 11.187136 -2.016669 -0.383191 -2.783654 11.709287 -38.573284 5.153584 6.308565 1.895649 -1.541057 -0.77911 0.0 -0.0 2e-06 -34.682289 -39.562763 -62.758232 1.328593 1.589141 56.23069 18.314413 -14.991987 10.346364 -1.521192 1.002936 1.697101 0.0 -0.0 -1e-06 
0.0 0.0 0.0 0.0 -0.0 0.0 -32.532997 71.521973 30.38862 15.66735 12.4086 17.40844 10.131465 -1.003361 10.308758 3.262473 2.165437 0.341445 3.695775 1.032256 9.839992 1.261422 5.409681 -12.640654 -6.120152 -19.104366 -2.577502 13.639777 -31.991486 -14.96586 7.7e-05 -2.2e-05 6e-06 -0.256285 0.261795 -0.279231 0.791403 -3.415342 -10.919181 -1.288949 3.933645 -11.136946 0.609657 -4.898095 12.181828 -47.218964 13.701521 5.676563 6.610612 -50.953186 -1.161309 -14.486126 -9.81424 -5.22716 -5.882102 9.861279 0.70259 -10.936861 -0.360574 7.156197 0.0 8.774815 -0.0 -16.299477 14.762664 5.489823 -1.844031 2.498503 -2.507276 -10.16359 4.678941 4.621104 -20.975996 -1e-06 1e-06 -21.226254 2.451698 -3.593995 0.0 -6e-06 -0.0 -1.362681 2.240797 -0.746323 -21.334892 0.58491 3.008319 -13.821196 -1e-06 1e-06 -23.887129 -0.249075 -0.839485 -60.232719 2.595694 0.081886 -0.294025 1.679686 0.833255 -14.218195 0.093215 1.300579 -34.212002 -0.287561 0.967166 -20.033176 0.964536 1.212838 0.0 -0.0 0.0 -3.440387 0.788233 0.501655 -15.928172 -3.167306 2.999703 -6.338817 -0.0 1e-06 -18.123419 3.648181 -4.905662 -4e-06 0.0 -2e-06 -38.794151 24.593563 -3.821987 -1.965976 -17.899448 -55.421791 -2.939336 2.752193 -0.074196 6.875441 7.361617 -72.10434 2.24354 -5.255033 -3.180156 14.282877 -0.826594 6.952496 -0.0 -12.690593 -1e-06 16.222589 -17.570566 1.380145 1.665665 -1.95592 -2.878297 4.727794 -4.170584 4.993919 11.020511 1e-06 -0.0 12.109032 -3.735715 -2.866778 0.0 -0.0 0.0 1.291985 -1.928548 -1.498088 14.800115 0.567467 3.865604 14.242553 -1.341738 -6.660648 19.631935 0.143921 -0.648243 48.819572 -0.807687 -7.034666 0.353029 -1.51115 -0.03194 20.222769 3.684305 2.316629 18.787249 1e-06 -1e-06 10.751608 -0.47987 1.397903 0.0 -0.0 0.0 3.273804 0.305947 -0.58011 21.48679 11.830364 2.266131 8.162915 0.0 -0.0 18.399052 -3.798986 -4.940567 3e-06 0.0 -1e-06 31.36747 9.107624 -0.943428 -0.219113 -3.3915 11.779613 -40.877277 2.793153 11.806286 1.914471 -1.738668 -1.299475 0.0 -0.0 2e-06 -34.242657 -42.119514 -68.805664 1.420299 1.152267 66.478714 20.567415 -11.847259 7.504835 -1.493141 0.926957 2.727653 0.0 -0.0 -1e-06 
0.0 0.0 0.0 0.0 -0.0 0.0 -35.603333 69.414772 32.791878 16.708368 12.402932 17.080055 10.389349 -1.400666 10.613825 3.205406 1.896576 0.686207 3.292782 0.193825 9.754769 -0.019436 5.470526 -14.582292 -6.259029 -18.092272 -2.681575 13.180927 -31.751808 -14.095039 7.7e-05 -2.2e-05 6e-06 -0.281531 0.282209 -0.278622 0.757339 -3.377966 -10.75667 -1.30616 3.939435 -10.956377 -2.794732 -4.900521 12.85653 -45.995598 18.968094 1.729147 8.800417 -52.939415 -2.698059 -17.630898 -11.133432 -2.315087 -5.882102 9.861279 0.70259 -10.936861 -0.360574 7.156197 0.0 8.774815 -0.0 -17.134644 14.481283 4.920599 -1.844031 2.498503 -2.507276 -10.16359 4.678941 4.621104 -20.975996 -1e-06 1e-06 -21.226254 2.451698 -3.593995 0.0 -6e-06 -0.0 -1.362681 2.240797 -0.746323 -21.334892 0.58491 3.008319 -13.821196 -1e-06 1e-06 -23.887129 -0.249075 -0.839485 -60.915051 2.834407 0.208997 -0.294025 1.679686 0.833255 -14.218195 0.093215 1.300579 -34.212002 -0.287561 0.967166 -20.033176 0.964536 1.212838 0.0 -0.0 0.0 -3.440387 0.788233 0.501655 -15.928172 -3.167306 2.999703 -6.338817 -0.0 1e-06 -18.123419 3.648181 -4.905662 -4e-06 0.0 -2e-06 -43.244167 23.363476 -5.334788 -1.974823 -16.193129 -54.551472 -3.268574 1.002383 -0.057884 9.905781 8.832167 -72.629784 2.24354 -5.255033 -3.180156 14.282877 -0.826594 6.952496 -0.0 -12.690593 -1e-06 16.246428 -17.76473 1.296192 1.665665 -1.95592 -2.878297 4.727794 -4.170584 4.993919 11.020511 1e-06 -0.0 12.109032 -3.735715 -2.866778 0.0 -0.0 0.0 1.291985 -1.928548 -1.498088 14.800115 0.567467 3.865604 14.242553 -1.341738 -6.660648 19.631935 0.143921 -0.648243 48.704163 -0.986243 -6.863432 0.353029 -1.51115 -0.03194 20.222769 3.684305 2.316629 18.787249 1e-06 -1e-06 10.751608 -0.47987 1.397903 0.0 -0.0 0.0 3.273804 0.305947 -0.58011 21.48679 11.830364 2.266131 8.162915 0.0 -0.0 18.399052 -3.798986 -4.940567 3e-06 0.0 -1e-06 33.25605 6.910491 -0.126107 -0.139079 -4.118546 13.446087 -40.997391 0.473944 16.202196 1.954794 -1.813191 -1.755871 0.0 -0.0 2e-06 -33.481609 -43.634434 -72.740639 1.447067 0.841423 75.340942 20.416319 -9.08279 1.824327 -1.4889 0.968713 3.283609 0.0 -0.0 -1e-06 
0.0 0.0 0.0 0.0 -0.0 0.0 -38.245762 67.690338 34.791504 16.963161 12.39732 16.461226 10.47879 -1.635737 10.820458 3.167027 1.402465 0.981639 3.241828 -0.347625 9.993671 -0.574669 5.168231 -16.526693 -6.255303 -17.285997 -2.627324 12.858565 -31.681398 -12.667985 7.7e-05 -2.2e-05 6e-06 -0.330875 0.346061 -0.27971 0.685008 -3.324994 -10.699909 -1.33215 4.011983 -10.88878 -5.532892 -5.615757 13.104185 -45.410629 24.540859 -4.900408 10.927529 -61.697849 -4.839389 -17.296576 -13.655766 -7.606596 -5.882102 9.861279 0.70259 -10.936861 -0.360574 7.156197 0.0 8.774815 -0.0 -17.590908 14.81781 4.672435 -1.844031 2.498503 -2.507276 -10.16359 4.678941 4.621104 -20.975996 -1e-06 1e-06 -21.226254 2.451698 -3.593995 0.0 -6e-06 -0.0 -1.362681 2.240797 -0.746323 -21.334892 0.58491 3.008319 -13.821196 -1e-06 1e-06 -23.887129 -0.249075 -0.839485 -61.762691 2.899494 0.065174 -0.294025 1.679686 0.833255 -14.218195 0.093215 1.300579 -34.212002 -0.287561 0.967166 -20.033176 0.964536 1.212838 0.0 -0.0 0.0 -3.440387 0.788233 0.501655 -15.928172 -3.167306 2.999703 -6.338817 -0.0 1e-06 -18.123419 3.648181 -4.905662 -4e-06 0.0 -2e-06 -45.437901 22.1199 -6.280705 -1.986284 -14.056293 -55.000767 -3.13714 -0.281902 0.011281 11.538104 7.828019 -71.266968 2.24354 -5.255033 -3.180156 14.282877 -0.826594 6.952496 -0.0 -12.690593 -1e-06 16.180367 -17.484932 1.451816 1.665665 -1.95592 -2.878297 4.727794 -4.170584 4.993919 11.020511 1e-06 -0.0 12.109032 -3.735715 -2.866778 0.0 -0.0 0.0 1.291985 -1.928548 -1.498088 14.800115 0.567467 3.865604 14.242553 -1.341738 -6.660648 19.631935 0.143921 -0.648243 48.432579 -0.805456 -6.769539 0.353029 -1.51115 -0.03194 20.222769 3.684305 2.316629 18.787249 1e-06 -1e-06 10.751608 -0.47987 1.397903 0.0 -0.0 0.0 3.273804 0.305947 -0.58011 21.48679 11.830364 2.266131 8.162915 0.0 -0.0 18.399052 -3.798986 -4.940567 3e-06 0.0 -1e-06 34.689949 5.736423 0.3878 -0.20427 -4.469473 15.199943 -38.660328 -1.090644 18.785933 2.024908 -1.860904 -1.739779 0.0 -0.0 2e-06 -32.616123 -44.081135 -75.348106 1.339636 0.605866 82.319206 19.953705 -6.913402 -2.47505 -1.475653 0.96721 3.387976 0.0 -0.0 -1e-06 
0.0 0.0 0.0 0.0 -0.0 0.0 -40.183231 66.648125 36.173965 16.590286 12.358025 15.777289 10.438251 -1.833509 11.014324 3.168903 0.927681 1.261911 3.4631 -0.724234 10.225073 -0.604427 4.805478 -18.405771 -6.24055 -16.784069 -2.599227 12.429087 -31.670277 -11.227591 7.7e-05 -2.2e-05 6e-06 -0.348698 0.350648 -0.277714 0.658651 -3.335991 -10.700148 -1.340892 4.028251 -10.876601 -7.294792 -6.54552 13.036678 -45.288609 28.275122 -10.633562 13.431849 -71.517868 -7.956713 -14.970015 -16.96155 -15.060207 -5.882102 9.861279 0.70259 -10.936861 -0.360574 7.156197 0.0 8.774815 -0.0 -17.245995 15.765301 4.553422 -1.844031 2.498503 -2.507276 -10.16359 4.678941 4.621104 -20.975996 -1e-06 1e-06 -21.226254 2.451698 -3.593995 0.0 -6e-06 -0.0 -1.362681 2.240797 -0.746323 -21.334892 0.58491 3.008319 -13.821196 -1e-06 1e-06 -23.887129 -0.249075 -0.839485 -61.333439 2.810161 -0.420725 -0.294025 1.679686 0.833255 -14.218195 0.093215 1.300579 -34.212002 -0.287561 0.967166 -20.033176 0.964536 1.212838 0.0 -0.0 0.0 -3.440387 0.788233 0.501655 -15.928172 -3.167306 2.999703 -6.338817 -0.0 1e-06 -18.123419 3.648181 -4.905662 -4e-06 0.0 -2e-06 -45.956589 21.254259 -6.729815 -2.411899 -12.06495 -55.859417 -2.768118 -1.369142 0.071335 12.804636 7.332922 -69.556351 2.24354 -5.255033 -3.180156 14.282877 -0.826594 6.952496 -0.0 -12.690593 -1e-06 16.351929 -17.274687 1.554141 1.665665 -1.95592 -2.878297 4.727794 -4.170584 4.993919 11.020511 1e-06 -0.0 12.109032 -3.735715 -2.866778 0.0 -0.0 0.0 1.291985 -1.928548 -1.498088 14.800115 0.567467 3.865604 14.242553 -1.341738 -6.660648 19.631935 0.143921 -0.648243 48.687824 -0.631631 -6.724236 0.353029 -1.51115 -0.03194 20.222769 3.684305 2.316629 18.787249 1e-06 -1e-06 10.751608 -0.47987 1.397903 0.0 -0.0 0.0 3.273804 0.305947 -0.58011 21.48679 11.830364 2.266131 8.162915 0.0 -0.0 18.399052 -3.798986 -4.940567 3e-06 0.0 -1e-06 35.685986 5.193315 0.473307 -0.328525 -4.372135 17.050983 -35.51783 -2.53376 19.360853 2.085465 -1.820755 -1.390388 0.0 -0.0 2e-06 -31.57662 -43.641712 -76.711647 1.176685 0.515976 86.842255 19.853659 -5.502805 -5.398658 -1.464728 0.985263 3.481873 0.0 -0.0 -1e-06 
0.0 0.0 0.0 0.0 -0.0 0.0 -41.500916 66.186584 36.982254 15.77799 12.050735 15.031317 10.210082 -1.944848 11.277151 3.243511 0.515636 1.509836 3.88942 -0.975406 10.540952 -0.203078 4.657115 -20.382055 -6.431212 -16.494452 -2.517654 11.872884 -31.749632 -9.729795 7.7e-05 -2.2e-05 6e-06 -0.379216 0.357913 -0.262919 0.636357 -3.334795 -10.707988 -1.378902 4.033865 -10.864137 -7.574091 -7.353173 12.873242 -45.148026 29.31846 -13.61191 17.336958 -79.088409 -12.425912 -12.670315 -18.696709 -18.208372 -5.882102 9.861279 0.70259 -10.936861 -0.360574 7.156197 0.0 8.774815 -0.0 -16.793148 16.502354 4.538133 -1.844031 2.498503 -2.507276 -10.16359 4.678941 4.621104 -20.975996 -1e-06 1e-06 -21.226254 2.451698 -3.593995 0.0 -6e-06 -0.0 -1.362681 2.240797 -0.746323 -21.334892 0.58491 3.008319 -13.821196 -1e-06 1e-06 -23.887129 -0.249075 -0.839485 -60.769459 2.586542 -0.710518 -0.294025 1.679686 0.833255 -14.218195 0.093215 1.300579 -34.212002 -0.287561 0.967166 -20.033176 0.964536 1.212838 0.0 -0.0 0.0 -3.440387 0.788233 0.501655 -15.928172 -3.167306 2.999703 -6.338817 -0.0 1e-06 -18.123419 3.648181 -4.905662 -4e-06 0.0 -2e-06 -45.159977 20.984596 -6.621035 -3.568769 -10.722622 -56.529453 -1.982039 -2.101028 0.105292 14.107604 7.560234 -68.424492 2.24354 -5.255033 -3.180156 14.282877 -0.826594 6.952496 -0.0 -12.690593 -1e-06 16.800673 -17.207832 1.532623 1.665665 -1.95592 -2.878297 4.727794 -4.170584 4.993919 11.020511 1e-06 -0.0 12.109032 -3.735715 -2.866778 0.0 -0.0 0.0 1.291985 -1.928548 -1.498088 14.800115 0.567467 3.865604 14.242553 -1.341738 -6.660648 19.631935 0.143921 -0.648243 49.268986 -0.491695 -6.639919 0.353029 -1.51115 -0.03194 20.222769 3.684305 2.316629 18.787249 1e-06 -1e-06 10.751608 -0.47987 1.397903 0.0 -0.0 0.0 3.273804 0.305947 -0.58011 21.48679 11.830364 2.266131 8.162915 0.0 -0.0 18.399052 -3.798986 -4.940567 3e-06 0.0 -1e-06 36.147942 4.693993 0.038931 -0.444168 -4.059419 19.68589 -32.06535 -3.186826 18.270359 2.069696 -1.677036 -0.905009 0.0 -0.0 2e-06 -30.361565 -42.380291 -77.360054 1.120665 0.491365 89.38958 20.020477 -4.883488 -7.249219 -1.458929 1.075713 3.504452 0.0 -0.0 -1e-06 
0.0 0.0 0.0 0.0 -0.0 0.0 -42.184387 66.558777 37.448318 14.790676 11.666387 14.283021 9.948043 -2.038643 11.602877 3.130158 0.344697 1.638443 4.515123 -1.396663 10.712664 0.389665 4.715744 -21.911852 -6.541851 -16.722788 -2.506044 10.826259 -31.844152 -8.195351 7.7e-05 -2.2e-05 6e-06 -0.328055 0.230835 -0.282375 0.694257 -3.46542 -10.796251 -1.332312 3.910557 -10.942719 -6.58799 -8.280102 12.389348 -45.129116 28.891394 -14.059722 33.4828 -84.355415 -28.269621 -10.852363 -19.595488 -19.554585 -5.882102 9.861279 0.70259 -10.936861 -0.360574 7.156197 0.0 8.774815 -0.0 -16.731968 16.779196 4.590459 -1.844031 2.498503 -2.507276 -10.16359 4.678941 4.621104 -20.975996 -1e-06 1e-06 -21.226254 2.451698 -3.593995 0.0 -6e-06 -0.0 -1.362681 2.240797 -0.746323 -21.334892 0.58491 3.008319 -13.821196 -1e-06 1e-06 -23.887129 -0.249075 -0.839485 -60.369373 2.442972 -0.619492 -0.294025 1.679686 0.833255 -14.218195 0.093215 1.300579 -34.212002 -0.287561 0.967166 -20.033176 0.964536 1.212838 0.0 -0.0 0.0 -3.440387 0.788233 0.501655 -15.928172 -3.167306 2.999703 -6.338817 -0.0 1e-06 -18.123419 3.648181 -4.905662 -4e-06 0.0 -2e-06 -43.02684 20.988016 -6.338955 -5.272602 -9.674681 -56.848614 -1.154916 -1.864628 0.087341 15.458188 7.706193 -67.410362 2.24354 -5.255033 -3.180156 14.282877 -0.826594 6.952496 -0.0 -12.690593 -1e-06 16.900455 -17.68597 1.741495 1.665665 -1.95592 -2.878297 4.727794 -4.170584 4.993919 11.020511 1e-06 -0.0 12.109032 -3.735715 -2.866778 0.0 -0.0 0.0 1.291985 -1.928548 -1.498088 14.800115 0.567467 3.865604 14.242553 -1.341738 -6.660648 19.631935 0.143921 -0.648243 49.314754 -0.67267 -6.597163 0.353029 -1.51115 -0.03194 20.222769 3.684305 2.316629 18.787249 1e-06 -1e-06 10.751608 -0.47987 1.397903 0.0 -0.0 0.0 3.273804 0.305947 -0.58011 21.48679 11.830364 2.266131 8.162915 0.0 -0.0 18.399052 -3.798986 -4.940567 3e-06 0.0 -1e-06 36.158504 4.275122 -0.918683 -0.247689 -3.700984 22.826279 -27.125412 -2.992493 16.705881 2.185079 -1.701767 -0.537179 0.0 -0.0 2e-06 -29.320452 -40.675053 -76.789139 1.014488 0.526285 89.852501 20.688944 -5.023386 -8.185803 -1.434387 1.098111 3.491338 0.0 -0.0 -1e-06 
0.0 0.0 0.0 0.0 -0.0 0.0 -42.153572 67.357132 37.487675 13.968474 11.121024 13.445627 9.515837 -2.149979 11.945606 3.131534 0.061398 1.804553 4.966451 -1.716419 10.946985 1.187287 4.779725 -23.177414 -6.809025 -16.828566 -2.415746 9.632607 -31.770393 -6.632072 7.7e-05 -2.2e-05 6e-06 -0.278284 0.128692 -0.280019 0.747387 -3.572999 -10.879931 -1.284789 3.811548 -11.009185 -5.147138 -9.47837 11.729037 -44.440529 27.870735 -14.254371 92.389069 -87.278542 -87.422386 -8.738015 -19.735273 -20.139391 -5.882102 9.861279 0.70259 -10.936861 -0.360574 7.156197 0.0 8.774815 -0.0 -16.499722 17.014961 4.812682 -1.844031 2.498503 -2.507276 -10.16359 4.678941 4.621104 -20.975996 -1e-06 1e-06 -21.226254 2.451698 -3.593995 0.0 -6e-06 -0.0 -1.362681 2.240797 -0.746323 -21.334892 0.58491 3.008319 -13.821196 -1e-06 1e-06 -23.887129 -0.249075 -0.839485 -60.072086 2.321628 -0.480963 -0.294025 1.679686 0.833255 -14.218195 0.093215 1.300579 -34.212002 -0.287561 0.967166 -20.033176 0.964536 1.212838 0.0 -0.0 0.0 -3.440387 0.788233 0.501655 -15.928172 -3.167306 2.999703 -6.338817 -0.0 1e-06 -18.123419 3.648181 -4.905662 -4e-06 0.0 -2e-06 -40.590439 21.426079 -5.976213 -7.02837 -9.147158 -57.041435 -0.609927 -0.947017 0.040437 15.892412 7.789974 -67.057983 2.24354 -5.255033 -3.180156 14.282877 -0.826594 6.952496 -0.0 -12.690593 -1e-06 16.956095 -17.961687 1.964972 1.665665 -1.95592 -2.878297 4.727794 -4.170584 4.993919 11.020511 1e-06 -0.0 12.109032 -3.735715 -2.866778 0.0 -0.0 0.0 1.291985 -1.928548 -1.498088 14.800115 0.567467 3.865604 14.242553 -1.341738 -6.660648 19.631935 0.143921 -0.648243 49.384525 -0.729436 -6.554574 0.353029 -1.51115 -0.03194 20.222769 3.684305 2.316629 18.787249 1e-06 -1e-06 10.751608 -0.47987 1.397903 0.0 -0.0 0.0 3.273804 0.305947 -0.58011 21.48679 11.830364 2.266131 8.162915 0.0 -0.0 18.399052 -3.798986 -4.940567 3e-06 0.0 -1e-06 35.556778 4.151116 -1.992139 -0.274371 -3.293599 26.536867 -23.14712 -2.4392 14.405485 2.166256 -1.748568 -0.358389 0.0 -0.0 2e-06 -28.941828 -38.896317 -75.350189 0.939126 0.556652 88.666641 21.369713 -5.074564 -8.258135 -1.423845 1.14989 3.614014 0.0 -0.0 -1e-06 
0.0 0.0 0.0 0.0 -0.0 0.0 -41.41629 68.558578 37.144775 13.30589 10.552658 12.602738 9.031495 -2.205113 12.244429 3.107 -0.260017 1.873092 5.380459 -2.187523 11.219822 2.29212 4.75725 -23.881323 -7.109389 -16.914968 -2.326689 8.36639 -31.210287 -5.329033 7.7e-05 -2.2e-05 6e-06 -0.235611 0.050101 -0.274168 0.782913 -3.657893 -10.962201 -1.234976 3.738996 -11.070867 -3.033265 -11.036531 10.790167 -43.528835 25.891678 -14.663589 157.204346 -84.856194 -152.933319 -5.979485 -18.795357 -20.693708 -5.882102 9.861279 0.70259 -10.936861 -0.360574 7.156197 0.0 8.774815 -0.0 -16.266979 17.362822 5.073017 -1.844031 2.498503 -2.507276 -10.16359 4.678941 4.621104 -20.975996 -1e-06 1e-06 -21.226254 2.451698 -3.593995 0.0 -6e-06 -0.0 -1.362681 2.240797 -0.746323 -21.334892 0.58491 3.008319 -13.821196 -1e-06 1e-06 -23.887129 -0.249075 -0.839485 -59.769115 2.25795 -0.467224 -0.294025 1.679686 0.833255 -14.218195 0.093215 1.300579 -34.212002 -0.287561 0.967166 -20.033176 0.964536 1.212838 0.0 -0.0 0.0 -3.440387 0.788233 0.501655 -15.928172 -3.167306 2.999703 -6.338817 -0.0 1e-06 -18.123419 3.648181 -4.905662 -4e-06 0.0 -2e-06 -37.66251 21.955734 -5.572142 -8.485649 -8.609677 -58.081429 -0.832432 1.545961 -0.059575 15.057926 7.382424 -67.304962 2.24354 -5.255033 -3.180156 14.282877 -0.826594 6.952496 -0.0 -12.690593 -1e-06 16.963217 -18.136793 2.206893 1.665665 -1.95592 -2.878297 4.727794 -4.170584 4.993919 11.020511 1e-06 -0.0 12.109032 -3.735715 -2.866778 0.0 -0.0 0.0 1.291985 -1.928548 -1.498088 14.800115 0.567467 3.865604 14.242553 -1.341738 -6.660648 19.631935 0.143921 -0.648243 49.377274 -0.752478 -6.501571 0.353029 -1.51115 -0.03194 20.222769 3.684305 2.316629 18.787249 1e-06 -1e-06 10.751608 -0.47987 1.397903 0.0 -0.0 0.0 3.273804 0.305947 -0.58011 21.48679 11.830364 2.266131 8.162915 0.0 -0.0 18.399052 -3.798986 -4.940567 3e-06 0.0 -1e-06 34.62471 4.515161 -3.164845 -0.389014 -2.905144 30.428486 -19.602808 -1.803144 11.681937 2.107381 -1.824316 -0.367147 0.0 -0.0 2e-06 -29.160017 -37.286713 -73.082985 0.848108 0.619275 85.837257 22.160673 -5.226796 -7.427637 -1.416089 1.186006 3.792483 0.0 -0.0 -1e-06 
0.0 0.0 0.0 0.0 -0.0 0.0 -40.031254 70.097801 36.414841 12.76049 10.044102 11.824758 8.493995 -2.292257 12.384276 3.040551 -0.667821 1.788832 5.719756 -2.817631 11.611051 3.824167 4.401346 -23.880516 -7.231942 -16.67701 -2.269284 7.193421 -30.188381 -4.319417 7.7e-05 -2.2e-05 6e-06 -0.213493 0.023116 -0.275363 0.78864 -3.689172 -11.042322 -1.197064 3.717427 -11.119078 -0.224847 -12.968313 9.454919 -42.468845 22.38847 -14.86298 171.311508 -80.107666 -167.825821 -2.39764 -16.882292 -21.38798 -5.882102 9.861279 0.70259 -10.936861 -0.360574 7.156197 0.0 8.774815 -0.0 -16.240704 17.859135 5.263756 -1.844031 2.498503 -2.507276 -10.16359 4.678941 4.621104 -20.975996 -1e-06 1e-06 -21.226254 2.451698 -3.593995 0.0 -6e-06 -0.0 -1.362681 2.240797 -0.746323 -21.334892 0.58491 3.008319 -13.821196 -1e-06 1e-06 -23.887129 -0.249075 -0.839485 -59.816216 2.364497 -0.721434 -0.294025 1.679686 0.833255 -14.218195 0.093215 1.300579 -34.212002 -0.287561 0.967166 -20.033176 0.964536 1.212838 0.0 -0.0 0.0 -3.440387 0.788233 0.501655 -15.928172 -3.167306 2.999703 -6.338817 -0.0 1e-06 -18.123419 3.648181 -4.905662 -4e-06 0.0 -2e-06 -33.839806 22.50631 -5.037658 -9.080205 -7.632641 -60.892872 -2.073853 6.901857 -0.228704 12.707708 6.559107 -67.395546 2.24354 -5.255033 -3.180156 14.282877 -0.826594 6.952496 -0.0 -12.690593 -1e-06 17.053398 -18.181067 2.286645 1.665665 -1.95592 -2.878297 4.727794 -4.170584 4.993919 11.020511 1e-06 -0.0 12.109032 -3.735715 -2.866778 0.0 -0.0 0.0 1.291985 -1.928548 -1.498088 14.800115 0.567467 3.865604 14.242553 -1.341738 -6.660648 19.631935 0.143921 -0.648243 49.258686 -0.766909 -6.431765 0.353029 -1.51115 -0.03194 20.222769 3.684305 2.316629 18.787249 1e-06 -1e-06 10.751608 -0.47987 1.397903 0.0 -0.0 0.0 3.273804 0.305947 -0.58011 21.48679 11.830364 2.266131 8.162915 0.0 -0.0 18.399052 -3.798986 -4.940567 3e-06 0.0 -1e-06 33.443928 5.184738 -4.344418 -0.46647 -2.583714 33.733353 -16.064098 -0.611976 8.96701 2.069777 -1.863326 -0.532996 0.0 -0.0 2e-06 -29.568289 -35.864506 -70.199249 0.7733 0.732799 81.438202 22.834152 -5.941086 -6.274206 -1.411293 1.18122 3.96928 0.0 -0.0 -1e-06 
0.0 0.0 0.0 0.0 -0.0 0.0 -38.083683 72.026237 35.357567 12.346984 9.675052 11.18135 7.794672 -2.486495 12.281488 2.822153 -1.151784 1.542638 5.970999 -3.709434 12.162235 5.807969 3.67907 -23.050993 -7.119178 -16.161346 -2.293184 6.130033 -28.488647 -3.553918 7.7e-05 -2.2e-05 6e-06 -0.217295 0.054498 -0.292468 0.762923 -3.660374 -11.127217 -1.179333 3.751785 -11.155975 3.225476 -15.156378 7.625089 -41.610199 16.871075 -15.052904 174.149323 -74.36264 -171.520554 2.676364 -14.454431 -22.463648 -5.882102 9.861279 0.70259 -10.936861 -0.360574 7.156197 0.0 8.774815 -0.0 -16.488214 18.351995 5.312247 -1.844031 2.498503 -2.507276 -10.16359 4.678941 4.621104 -20.975996 -1e-06 1e-06 -21.226254 2.451698 -3.593995 0.0 -6e-06 -0.0 -1.362681 2.240797 -0.746323 -21.334892 0.58491 3.008319 -13.821196 -1e-06 1e-06 -23.887129 -0.249075 -0.839485 -60.366673 2.669769 -1.16273 -0.294025 1.679686 0.833255 -14.218195 0.093215 1.300579 -34.212002 -0.287561 0.967166 -20.033176 0.964536 1.212838 0.0 -0.0 0.0 -3.440387 0.788233 0.501655 -15.928172 -3.167306 2.999703 -6.338817 -0.0 1e-06 -18.123419 3.648181 -4.905662 -4e-06 0.0 -2e-06 -28.709454 22.838171 -4.114981 -7.063972 -5.604152 -66.321556 -4.285479 18.306036 -0.777075 7.758797 5.343538 -66.295891 2.24354 -5.255033 -3.180156 14.282877 -0.826594 6.952496 -0.0 -12.690593 -1e-06 17.482935 -17.873869 1.989897 1.665665 -1.95592 -2.878297 4.727794 -4.170584 4.993919 11.020511 1e-06 -0.0 12.109032 -3.735715 -2.866778 0.0 -0.0 0.0 1.291985 -1.928548 -1.498088 14.800115 0.567467 3.865604 14.242553 -1.341738 -6.660648 19.631935 0.143921 -0.648243 49.191101 -0.786887 -6.362131 0.353029 -1.51115 -0.03194 20.222769 3.684305 2.316629 18.787249 1e-06 -1e-06 10.751608 -0.47987 1.397903 0.0 -0.0 0.0 3.273804 0.305947 -0.58011 21.48679 11.830364 2.266131 8.162915 0.0 -0.0 18.399052 -3.798986 -4.940567 3e-06 0.0 -1e-06 32.150852 5.75449 -5.34414 -0.508659 -2.361116 35.281734 -13.4633 0.826216 7.368005 2.080646 -1.860041 -0.698333 0.0 -0.0 2e-06 -30.217123 -34.923729 -66.647514 0.679195 0.880882 75.383461 23.649055 -7.087036 -3.981617 -1.40558 1.151368 4.155775 0.0 -0.0 -1e-06 
0.0 0.0 0.0 0.0 -0.0 0.0 -35.603703 74.378578 34.032822 11.786689 9.241524 10.522886 6.99041 -2.759295 12.162105 2.430743 -1.681827 1.202265 6.039387 -4.810634 12.602073 8.116611 2.820853 -21.13006 -6.878006 -15.24217 -2.328557 5.067448 -26.132118 -3.097848 7.7e-05 -2.2e-05 6e-06 -0.204706 0.084567 -0.293129 0.749726 -3.6336 -11.140359 -1.140731 3.783947 -11.117928 7.5495 -17.401089 5.009753 -41.812763 9.788924 -15.3675 174.680359 -68.34642 -172.988449 8.574527 -12.325124 -23.171814 -5.882102 9.861279 0.70259 -10.936861 -0.360574 7.156197 0.0 8.774815 -0.0 -16.584949 18.432854 5.512207 -1.844031 2.498503 -2.507276 -10.16359 4.678941 4.621104 -20.975996 -1e-06 1e-06 -21.226254 2.451698 -3.593995 0.0 -6e-06 -0.0 -1.362681 2.240797 -0.746323 -21.334892 0.58491 3.008319 -13.821196 -1e-06 1e-06 -23.887129 -0.249075 -0.839485 -61.120712 3.025226 -1.433627 -0.294025 1.679686 0.833255 -14.218195 0.093215 1.300579 -34.212002 -0.287561 0.967166 -20.033176 0.964536 1.212838 0.0 -0.0 0.0 -3.440387 0.788233 0.501655 -15.928172 -3.167306 2.999703 -6.338817 -0.0 1e-06 -18.123419 3.648181 -4.905662 -4e-06 0.0 -2e-06 -22.727072 22.499609 -2.715561 0.394379 -1.120236 -72.880196 -6.727224 38.500023 -2.583597 0.066255 3.26194 -61.002934 2.24354 -5.255033 -3.180156 14.282877 -0.826594 6.952496 -0.0 -12.690593 -1e-06 17.945625 -17.300756 1.68207 1.665665 -1.95592 -2.878297 4.727794 -4.170584 4.993919 11.020511 1e-06 -0.0 12.109032 -3.735715 -2.866778 0.0 -0.0 0.0 1.291985 -1.928548 -1.498088 14.800115 0.567467 3.865604 14.242553 -1.341738 -6.660648 19.631935 0.143921 -0.648243 49.210812 -0.836423 -6.188456 0.353029 -1.51115 -0.03194 20.222769 3.684305 2.316629 18.787249 1e-06 -1e-06 10.751608 -0.47987 1.397903 0.0 -0.0 0.0 3.273804 0.305947 -0.58011 21.48679 11.830364 2.266131 8.162915 0.0 -0.0 18.399052 -3.798986 -4.940567 3e-06 0.0 -1e-06 31.161486 5.753402 -5.758303 -0.456711 -2.210279 35.090916 -11.429497 2.804358 6.367451 2.091191 -1.791813 -0.616737 0.0 -0.0 2e-06 -30.655645 -34.296303 -62.322258 0.594554 0.993372 67.374725 24.480394 -8.573835 -0.483234 -1.40914 1.12623 4.272086 0.0 -0.0 -1e-06 
0.0 0.0 0.0 0.0 -0.0 0.0 -32.429192 77.074158 32.465733 10.760561 8.269101 9.760358 6.337557 -2.925946 12.247561 1.934615 -2.198619 0.853976 5.957875 -5.814338 12.927347 10.371915 2.133545 -18.41132 -6.712574 -14.058792 -2.228109 3.989192 -23.690014 -2.883785 7.7e-05 -2.2e-05 6e-06 -0.155605 0.081051 -0.233313 0.76572 -3.674572 -11.086575 -1.057824 3.817116 -11.039933 12.632879 -19.50456 2.101636 -43.668892 1.809656 -15.027581 175.17955 -63.188049 -174.523712 12.80081 -11.287388 -22.948107 -5.882102 9.861279 0.70259 -10.936861 -0.360574 7.156197 0.0 8.774815 -0.0 -16.175659 17.952652 5.898143 -1.844031 2.498503 -2.507276 -10.16359 4.678941 4.621104 -20.975996 -1e-06 1e-06 -21.226254 2.451698 -3.593995 0.0 -6e-06 -0.0 -1.362681 2.240797 -0.746323 -21.334892 0.58491 3.008319 -13.821196 -1e-06 1e-06 -23.887129 -0.249075 -0.839485 -61.097736 3.171788 -1.344975 -0.294025 1.679686 0.833255 -14.218195 0.093215 1.300579 -34.212002 -0.287561 0.967166 -20.033176 0.964536 1.212838 0.0 -0.0 0.0 -3.440387 0.788233 0.501655 -15.928172 -3.167306 2.999703 -6.338817 -0.0 1e-06 -18.123419 3.648181 -4.905662 -4e-06 0.0 -2e-06 -16.786509 21.427246 -1.006676 12.302183 6.052968 -75.122154 -8.721943 61.061543 -6.141744 -8.13208 1.847181 -50.616177 2.24354 -5.255033 -3.180156 14.282877 -0.826594 6.952496 -0.0 -12.690593 -1e-06 17.662249 -17.050367 1.851895 1.665665 -1.95592 -2.878297 4.727794 -4.170584 4.993919 11.020511 1e-06 -0.0 12.109032 -3.735715 -2.866778 0.0 -0.0 0.0 1.291985 -1.928548 -1.498088 14.800115 0.567467 3.865604 14.242553 -1.341738 -6.660648 19.631935 0.143921 -0.648243 48.909199 -0.841371 -5.98761 0.353029 -1.51115 -0.03194 20.222769 3.684305 2.316629 18.787249 1e-06 -1e-06 10.751608 -0.47987 1.397903 0.0 -0.0 0.0 3.273804 0.305947 -0.58011 21.48679 11.830364 2.266131 8.162915 0.0 -0.0 18.399052 -3.798986 -4.940567 3e-06 0.0 -1e-06 30.75635 5.328014 -5.449868 -0.234597 -2.025388 34.074059 -9.89357 6.143432 5.821383 2.108671 -1.771921 -0.450571 0.0 -0.0 2e-06 -30.477465 -33.657551 -56.913971 0.588836 1.008841 56.274021 25.068836 -10.537043 4.016082 -1.436389 1.030312 3.907915 0.0 -0.0 -1e-06 
0.0 0.0 0.0 0.0 -0.0 0.0 -28.699974 79.760277 30.737617 9.57256 6.255905 8.883845 5.548286 -2.974105 12.653391 1.523444 -2.46018 0.640966 5.60436 -6.534493 13.405801 12.232632 1.555717 -15.69822 -6.376477 -12.883714 -2.183152 2.94177 -21.018152 -2.88261 7.7e-05 -2.2e-05 6e-06 -0.082539 0.029921 -0.147638 0.831415 -3.746986 -10.927118 -0.97777 3.787934 -10.880459 17.78541 -20.930578 -0.278664 -46.973244 -6.354649 -13.057715 176.343292 -59.133682 -176.604111 14.127051 -11.810599 -23.091528 -5.882102 9.861279 0.70259 -10.936861 -0.360574 7.156197 0.0 8.774815 -0.0 -15.946427 17.674742 6.317579 -1.844031 2.498503 -2.507276 -10.16359 4.678941 4.621104 -20.975996 -1e-06 1e-06 -21.226254 2.451698 -3.593995 0.0 -6e-06 -0.0 -1.362681 2.240797 -0.746323 -21.334892 0.58491 3.008319 -13.821196 -1e-06 1e-06 -23.887129 -0.249075 -0.839485 -60.908909 3.144246 -1.132403 -0.294025 1.679686 0.833255 -14.218195 0.093215 1.300579 -34.212002 -0.287561 0.967166 -20.033176 0.964536 1.212838 0.0 -0.0 0.0 -3.440387 0.788233 0.501655 -15.928172 -3.167306 2.999703 -6.338817 -0.0 1e-06 -18.123419 3.648181 -4.905662 -4e-06 0.0 -2e-06 -10.466086 20.525177 1.732501 25.091518 13.804285 -69.977783 -16.77338 77.992355 -16.027351 -15.59902 1.740049 -39.717411 2.24354 -5.255033 -3.180156 14.282877 -0.826594 6.952496 -0.0 -12.690593 -1e-06 17.037909 -17.010914 2.357957 1.665665 -1.95592 -2.878297 4.727794 -4.170584 4.993919 11.020511 1e-06 -0.0 12.109032 -3.735715 -2.866778 0.0 -0.0 0.0 1.291985 -1.928548 -1.498088 14.800115 0.567467 3.865604 14.242553 -1.341738 -6.660648 19.631935 0.143921 -0.648243 48.95546 -0.867202 -5.877917 0.353029 -1.51115 -0.03194 20.222769 3.684305 2.316629 18.787249 1e-06 -1e-06 10.751608 -0.47987 1.397903 0.0 -0.0 0.0 3.273804 0.305947 -0.58011 21.48679 11.830364 2.266131 8.162915 0.0 -0.0 18.399052 -3.798986 -4.940567 3e-06 0.0 -1e-06 30.472347 6.042865 -4.302408 -0.063219 -1.966742 33.280758 -11.017186 8.803537 5.442871 2.121996 -1.765691 -0.757842 0.0 -0.0 2e-06 -29.56975 -32.729076 -50.631378 0.642074 1.179654 41.206997 23.991367 -13.644911 10.071983 -1.456261 1.070723 2.31379 0.0 -0.0 -1e-06 
0.0 0.0 0.0 0.0 -0.0 0.0 -24.61931 82.232735 28.768847 8.130414 3.125762 8.020771 4.49961 -2.839596 13.007967 1.280144 -2.760901 0.704494 5.488855 -6.551692 14.270247 12.655842 1.316904 -13.719675 -5.673551 -11.706388 -2.351033 2.123684 -18.630047 -2.257537 7.7e-05 -2.2e-05 6e-06 -0.100865 0.117017 -0.109778 0.801974 -3.675716 -10.916081 -0.985268 3.893849 -10.846485 20.293762 -22.26152 -1.109347 -49.292656 -13.618354 -9.502087 178.371719 -55.357452 -179.035767 13.035455 -13.314511 -24.326689 -5.882102 9.861279 0.70259 -10.936861 -0.360574 7.156197 0.0 8.774815 -0.0 -15.913943 17.688822 6.391428 -1.844031 2.498503 -2.507276 -10.16359 4.678941 4.621104 -20.975996 -1e-06 1e-06 -21.226254 2.451698 -3.593995 0.0 -6e-06 -0.0 -1.362681 2.240797 -0.746323 -21.334892 0.58491 3.008319 -13.821196 -1e-06 1e-06 -23.887129 -0.249075 -0.839485 -60.958477 2.954849 -0.931429 -0.294025 1.679686 0.833255 -14.218195 0.093215 1.300579 -34.212002 -0.287561 0.967166 -20.033176 0.964536 1.212838 0.0 -0.0 0.0 -3.440387 0.788233 0.501655 -15.928172 -3.167306 2.999703 -6.338817 -0.0 1e-06 -18.123419 3.648181 -4.905662 -4e-06 0.0 -2e-06 -2.5914 20.613247 5.277318 35.591373 20.072969 -59.361412 -68.574646 87.371765 -68.623535 -21.503933 3.2706 -32.536564 2.24354 -5.255033 -3.180156 14.282877 -0.826594 6.952496 -0.0 -12.690593 -1e-06 16.610128 -16.954449 2.886294 1.665665 -1.95592 -2.878297 4.727794 -4.170584 4.993919 11.020511 1e-06 -0.0 12.109032 -3.735715 -2.866778 0.0 -0.0 0.0 1.291985 -1.928548 -1.498088 14.800115 0.567467 3.865604 14.242553 -1.341738 -6.660648 19.631935 0.143921 -0.648243 49.867233 -0.665205 -5.83797 0.353029 -1.51115 -0.03194 20.222769 3.684305 2.316629 18.787249 1e-06 -1e-06 10.751608 -0.47987 1.397903 0.0 -0.0 0.0 3.273804 0.305947 -0.58011 21.48679 11.830364 2.266131 8.162915 0.0 -0.0 18.399052 -3.798986 -4.940567 3e-06 0.0 -1e-06 30.419733 8.657005 -2.67731 -0.068128 -1.668347 33.567902 -16.734838 8.444469 4.7464 2.072146 -1.728885 -0.87409 0.0 -0.0 2e-06 -26.496468 -31.621395 -46.528412 0.301416 1.089801 26.271044 17.07185 -17.006189 11.742548 -1.38944 1.142177 0.549133 0.0 -0.0 -1e-06 
0.0 0.0 0.0 0.0 -0.0 0.0 -20.550983 83.546005 26.356512 6.061185 -0.900795 7.316228 4.030351 -2.238657 13.77718 1.272526 -3.045335 0.777249 5.664281 -6.042219 15.464307 11.429515 1.695434 -13.468838 -5.220507 -10.672865 -2.756809 1.822881 -16.877583 -1.772439 7.7e-05 -2.2e-05 6e-06 -0.105686 0.132439 -0.131789 0.756901 -3.671102 -11.031505 -0.948996 3.92121 -10.961243 19.698454 -23.389673 -0.836133 -50.314034 -19.280865 -5.614529 179.668335 -52.92466 -179.947617 11.041332 -13.74043 -23.04571 -5.882102 9.861279 0.70259 -10.936861 -0.360574 7.156197 0.0 8.774815 -0.0 -16.308254 17.734482 5.991599 -1.844031 2.498503 -2.507276 -10.16359 4.678941 4.621104 -20.975996 -1e-06 1e-06 -21.226254 2.451698 -3.593995 0.0 -6e-06 -0.0 -1.362681 2.240797 -0.746323 -21.334892 0.58491 3.008319 -13.821196 -1e-06 1e-06 -23.887129 -0.249075 -0.839485 -60.682392 2.680388 -0.892294 -0.294025 1.679686 0.833255 -14.218195 0.093215 1.300579 -34.212002 -0.287561 0.967166 -20.033176 0.964536 1.212838 0.0 -0.0 0.0 -3.440387 0.788233 0.501655 -15.928172 -3.167306 2.999703 -6.338817 -0.0 1e-06 -18.123419 3.648181 -4.905662 -4e-06 0.0 -2e-06 3.808446 21.6175 8.535193 42.414688 24.536846 -46.334827 -151.57457 86.124298 -152.080765 -23.455809 7.473557 -27.170406 2.24354 -5.255033 -3.180156 14.282877 -0.826594 6.952496 -0.0 -12.690593 -1e-06 15.680173 -17.392391 3.326737 1.665665 -1.95592 -2.878297 4.727794 -4.170584 4.993919 11.020511 1e-06 -0.0 12.109032 -3.735715 -2.866778 0.0 -0.0 0.0 1.291985 -1.928548 -1.498088 14.800115 0.567467 3.865604 14.242553 -1.341738 -6.660648 19.631935 0.143921 -0.648243 49.745499 -0.8818 -5.799813 0.353029 -1.51115 -0.03194 20.222769 3.684305 2.316629 18.787249 1e-06 -1e-06 10.751608 -0.47987 1.397903 0.0 -0.0 0.0 3.273804 0.305947 -0.58011 21.48679 11.830364 2.266131 8.162915 0.0 -0.0 18.399052 -3.798986 -4.940567 3e-06 0.0 -1e-06 30.4746 13.331385 -0.99177 -0.126144 -1.055963 34.828094 -20.693754 7.673083 2.919071 1.949347 -1.707529 -1.048993 0.0 -0.0 2e-06 -18.151672 -32.762348 -51.931179 0.006071 0.593974 26.080139 7.212443 -15.422682 5.181067 -1.403028 1.187554 -0.055004 0.0 -0.0 -1e-06 
0.0 0.0 0.0 0.0 -0.0 0.0 -16.873503 82.747063 23.891964 3.196794 -4.921121 6.394251 4.242777 -2.193773 15.030239 1.13263 -2.63816 1.016485 5.956848 -5.691451 16.88121 9.697593 2.01289 -13.5593 -4.34464 -9.885803 -2.940499 2.149654 -14.512343 -3.186565 7.7e-05 -2.2e-05 6e-06 -0.070098 0.045638 -0.169168 0.779626 -3.711393 -10.958078 -0.89562 3.778795 -10.895368 19.676641 -22.955421 -0.038164 -53.042889 -25.06505 -3.394747 -179.422821 -52.446556 179.555588 11.226836 -13.657037 -20.493996 -5.882102 9.861279 0.70259 -10.936861 -0.360574 7.156197 0.0 8.774815 -0.0 -16.384829 17.761156 5.98238 -1.844031 2.498503 -2.507276 -10.16359 4.678941 4.621104 -20.975996 -1e-06 1e-06 -21.226254 2.451698 -3.593995 0.0 -6e-06 -0.0 -1.362681 2.240797 -0.746323 -21.334892 0.58491 3.008319 -13.821196 -1e-06 1e-06 -23.887129 -0.249075 -0.839485 -60.403366 2.682585 -0.689771 -0.294025 1.679686 0.833255 -14.218195 0.093215 1.300579 -34.212002 -0.287561 0.967166 -20.033176 0.964536 1.212838 0.0 -0.0 0.0 -3.440387 0.788233 0.501655 -15.928172 -3.167306 2.999703 -6.338817 -0.0 1e-06 -18.123419 3.648181 -4.905662 -4e-06 0.0 -2e-06 5.930776 23.065044 10.120271 46.4692 28.885775 -35.087673 -152.006973 86.70295 -152.384811 -23.57671 11.719033 -22.246477 2.24354 -5.255033 -3.180156 14.282877 -0.826594 6.952496 -0.0 -12.690593 -1e-06 15.485115 -17.719332 3.37592 1.665665 -1.95592 -2.878297 4.727794 -4.170584 4.993919 11.020511 1e-06 -0.0 12.109032 -3.735715 -2.866778 0.0 -0.0 0.0 1.291985 -1.928548 -1.498088 14.800115 0.567467 3.865604 14.242553 -1.341738 -6.660648 19.631935 0.143921 -0.648243 49.714615 -0.877944 -5.802151 0.353029 -1.51115 -0.03194 20.222769 3.684305 2.316629 18.787249 1e-06 -1e-06 10.751608 -0.47987 1.397903 0.0 -0.0 0.0 3.273804 0.305947 -0.58011 21.48679 11.830364 2.266131 8.162915 0.0 -0.0 18.399052 -3.798986 -4.940567 3e-06 0.0 -1e-06 31.568285 18.829239 0.900174 -0.198489 -1.182633 36.92934 -27.817675 6.586061 -2.841383 1.8351 -1.7077 -3.149605 0.0 -0.0 2e-06 -9.458965 -32.759541 -61.743313 0.093149 0.368325 41.135696 7.469321 -10.689585 5.925112 -1.480064 1.053344 0.363325 0.0 -0.0 -1e-06 
0.0 0.0 0.0 0.0 -0.0 0.0 -13.586349 81.074867 21.081783 0.452547 -7.183551 5.080372 4.09397 -1.987402 16.579636 0.936144 -2.645003 1.529368 6.258164 -5.54166 18.391695 9.790359 1.875516 -13.412157 -3.53517 -9.133417 -3.124492 2.662292 -12.46551 -5.458735 7.7e-05 -2.2e-05 6e-06 -0.037141 -0.038141 -0.152192 0.810472 -3.754851 -10.824675 -0.860008 3.652293 -10.806206 20.454906 -22.709259 0.614316 -55.332851 -31.325783 -2.667492 -178.933685 -53.670177 179.277649 12.552016 -13.073917 -19.00399 -5.882102 9.861279 0.70259 -10.936861 -0.360574 7.156197 0.0 8.774815 -0.0 -16.20443 17.572826 6.024525 -1.844031 2.498503 -2.507276 -10.16359 4.678941 4.621104 -20.975996 -1e-06 1e-06 -21.226254 2.451698 -3.593995 0.0 -6e-06 -0.0 -1.362681 2.240797 -0.746323 -21.334892 0.58491 3.008319 -13.821196 -1e-06 1e-06 -23.887129 -0.249075 -0.839485 -60.110783 2.505104 -0.71907 -0.294025 1.679686 0.833255 -14.218195 0.093215 1.300579 -34.212002 -0.287561 0.967166 -20.033176 0.964536 1.212838 0.0 -0.0 0.0 -3.440387 0.788233 0.501655 -15.928172 -3.167306 2.999703 -6.338817 -0.0 1e-06 -18.123419 3.648181 -4.905662 -4e-06 0.0 -2e-06 6.466161 23.815979 10.511342 48.430233 33.289452 -28.301304 -117.904144 88.513641 -117.8452 -24.092066 13.226288 -16.599131 2.24354 -5.255033 -3.180156 14.282877 -0.826594 6.952496 -0.0 -12.690593 -1e-06 15.684992 -18.028362 3.192059 1.665665 -1.95592 -2.878297 4.727794 -4.170584 4.993919 11.020511 1e-06 -0.0 12.109032 -3.735715 -2.866778 0.0 -0.0 0.0 1.291985 -1.928548 -1.498088 14.800115 0.567467 3.865604 14.242553 -1.341738 -6.660648 19.631935 0.143921 -0.648243 49.96312 -0.873174 -6.013221 0.353029 -1.51115 -0.03194 20.222769 3.684305 2.316629 18.787249 1e-06 -1e-06 10.751608 -0.47987 1.397903 0.0 -0.0 0.0 3.273804 0.305947 -0.58011 21.48679 11.830364 2.266131 8.162915 0.0 -0.0 18.399052 -3.798986 -4.940567 3e-06 0.0 -1e-06 34.645344 23.085955 0.08723 -0.321698 -1.362155 44.772243 -32.889011 3.796265 -10.814984 1.76168 -1.72634 -2.799574 0.0 -0.0 2e-06 -5.202957 -30.574703 -68.81974 0.238786 0.346745 58.922207 9.90257 -5.049083 5.897746 -1.46124 1.098165 0.768028 0.0 -0.0 -1e-06 
0.0 0.0 0.0 0.0 -0.0 0.0 -10.697086 79.441956 18.102451 -0.764928 -6.630535 3.539467 3.604519 -1.805365 17.593769 0.717481 -3.080713 2.170388 5.867119 -5.712249 20.034691 11.61995 1.61815 -13.036933 -3.54449 -8.788652 -3.112719 3.626846 -11.788028 -8.046608 7.7e-05 -2.2e-05 6e-06 -0.068894 0.044033 -0.10067 0.740804 -3.66753 -10.707512 -0.858185 3.732918 -10.702748 21.712471 -23.5632 0.881281 -55.887672 -37.223278 -2.712566 -178.154633 -56.289551 178.761154 13.470042 -11.537275 -16.699625 -5.882102 9.861279 0.70259 -10.936861 -0.360574 7.156197 0.0 8.774815 -0.0 -16.243883 17.656769 6.09765 -1.844031 2.498503 -2.507276 -10.16359 4.678941 4.621104 -20.975996 -1e-06 1e-06 -21.226254 2.451698 -3.593995 0.0 -6e-06 -0.0 -1.362681 2.240797 -0.746323 -21.334892 0.58491 3.008319 -13.821196 -1e-06 1e-06 -23.887129 -0.249075 -0.839485 -60.203236 2.247963 -0.926397 -0.294025 1.679686 0.833255 -14.218195 0.093215 1.300579 -34.212002 -0.287561 0.967166 -20.033176 0.964536 1.212838 0.0 -0.0 0.0 -3.440387 0.788233 0.501655 -15.928172 -3.167306 2.999703 -6.338817 -0.0 1e-06 -18.123419 3.648181 -4.905662 -4e-06 0.0 -2e-06 7.288839 23.407463 10.729629 48.779572 36.782635 -26.536722 -32.348614 88.706078 -32.532684 -25.152092 12.638472 -9.333833 2.24354 -5.255033 -3.180156 14.282877 -0.826594 6.952496 -0.0 -12.690593 -1e-06 15.875682 -18.146471 2.976956 1.665665 -1.95592 -2.878297 4.727794 -4.170584 4.993919 11.020511 1e-06 -0.0 12.109032 -3.735715 -2.866778 0.0 -0.0 0.0 1.291985 -1.928548 -1.498088 14.800115 0.567467 3.865604 14.242553 -1.341738 -6.660648 19.631935 0.143921 -0.648243 50.244377 -0.888144 -6.192198 0.353029 -1.51115 -0.03194 20.222769 3.684305 2.316629 18.787249 1e-06 -1e-06 10.751608 -0.47987 1.397903 0.0 -0.0 0.0 3.273804 0.305947 -0.58011 21.48679 11.830364 2.266131 8.162915 0.0 -0.0 18.399052 -3.798986 -4.940567 3e-06 0.0 -1e-06 36.899189 25.861835 -4.000102 -0.783896 -1.561668 54.933102 -33.2285 0.522661 -15.134449 1.675868 -1.707953 -2.809063 0.0 -0.0 2e-06 -4.842261 -29.197638 -72.427765 0.423729 0.422078 74.133545 10.606542 -0.023114 2.88559 -1.442304 1.081935 0.386927 0.0 -0.0 -1e-06 
0.0 0.0 0.0 0.0 -0.0 0.0 -8.407784 77.948364 15.558111 -0.468644 -4.24693 2.351315 3.167354 -1.751097 18.026134 0.50291 -3.377238 2.382036 5.195784 -6.291083 21.139479 13.738438 1.289983 -12.240402 -4.080458 -8.741144 -3.001741 4.451887 -12.104534 -9.848535 7.7e-05 -2.2e-05 6e-06 -0.101084 0.111812 -0.076104 0.664995 -3.607373 -10.656487 -0.848866 3.813666 -10.660988 23.080761 -24.698786 1.313784 -56.625904 -41.514263 -1.531635 -177.370575 -58.443272 178.323059 13.575747 -10.639041 -14.572182 -5.882102 9.861279 0.70259 -10.936861 -0.360574 7.156197 0.0 8.774815 -0.0 -16.222439 17.787266 6.059901 -1.844031 2.498503 -2.507276 -10.16359 4.678941 4.621104 -20.975996 -1e-06 1e-06 -21.226254 2.451698 -3.593995 0.0 -6e-06 -0.0 -1.362681 2.240797 -0.746323 -21.334892 0.58491 3.008319 -13.821196 -1e-06 1e-06 -23.887129 -0.249075 -0.839485 -60.273129 2.176836 -0.903105 -0.294025 1.679686 0.833255 -14.218195 0.093215 1.300579 -34.212002 -0.287561 0.967166 -20.033176 0.964536 1.212838 0.0 -0.0 0.0 -3.440387 0.788233 0.501655 -15.928172 -3.167306 2.999703 -6.338817 -0.0 1e-06 -18.123419 3.648181 -4.905662 -4e-06 0.0 -2e-06 8.186688 22.240967 11.210143 49.172482 38.443142 -27.598082 7.15474 88.223701 6.528498 -26.043791 11.748399 -2.589908 2.24354 -5.255033 -3.180156 14.282877 -0.826594 6.952496 -0.0 -12.690593 -1e-06 16.124952 -18.219103 2.952604 1.665665 -1.95592 -2.878297 4.727794 -4.170584 4.993919 11.020511 1e-06 -0.0 12.109032 -3.735715 -2.866778 0.0 -0.0 0.0 1.291985 -1.928548 -1.498088 14.800115 0.567467 3.865604 14.242553 -1.341738 -6.660648 19.631935 0.143921 -0.648243 50.206196 -0.902277 -6.172884 0.353029 -1.51115 -0.03194 20.222769 3.684305 2.316629 18.787249 1e-06 -1e-06 10.751608 -0.47987 1.397903 0.0 -0.0 0.0 3.273804 0.305947 -0.58011 21.48679 11.830364 2.266131 8.162915 0.0 -0.0 18.399052 -3.798986 -4.940567 3e-06 0.0 -1e-06 36.68821 27.960819 -9.039074 -1.102987 -1.595092 62.564213 -31.869629 -2.489114 -17.952414 1.659043 -1.692703 -3.121081 0.0 -0.0 2e-06 -5.694053 -29.778839 -72.503632 0.610327 0.457872 82.64003 10.895879 3.357385 0.333112 -1.414336 0.999717 -0.068816 0.0 -0.0 -1e-06 
0.0 0.0 0.0 0.0 -0.0 0.0 -6.539675 76.640366 13.520853 0.536745 -2.241803 1.696477 2.614127 -1.782148 18.413118 0.359659 -3.518694 2.414465 4.843403 -6.475689 21.398584 14.839889 0.812104 -11.451988 -4.559196 -8.558722 -2.993894 4.751338 -12.718741 -10.122965 7.7e-05 -2.2e-05 6e-06 -0.114016 0.132479 -0.066975 0.636432 -3.578391 -10.640713 -0.84668 3.825358 -10.650046 23.89674 -25.135817 1.571741 -58.217739 -43.262764 1.018994 -177.36377 -58.588074 178.445847 12.865331 -10.453073 -13.914085 -5.882102 9.861279 0.70259 -10.936861 -0.360574 7.156197 0.0 8.774815 -0.0 -15.858636 17.646765 5.998152 -1.844031 2.498503 -2.507276 -10.16359 4.678941 4.621104 -20.975996 -1e-06 1e-06 -21.226254 2.451698 -3.593995 0.0 -6e-06 -0.0 -1.362681 2.240797 -0.746323 -21.334892 0.58491 3.008319 -13.821196 -1e-06 1e-06 -23.887129 -0.249075 -0.839485 -59.918854 2.360183 -0.894663 -0.294025 1.679686 0.833255 -14.218195 0.093215 1.300579 -34.212002 -0.287561 0.967166 -20.033176 0.964536 1.212838 0.0 -0.0 0.0 -3.440387 0.788233 0.501655 -15.928172 -3.167306 2.999703 -6.338817 -0.0 1e-06 -18.123419 3.648181 -4.905662 -4e-06 0.0 -2e-06 8.657185 21.3421 11.481264 49.335476 38.402847 -29.022833 21.60943 88.426414 21.061352 -26.054781 11.222173 0.689649 2.24354 -5.255033 -3.180156 14.282877 -0.826594 6.952496 -0.0 -12.690593 -1e-06 16.416971 -18.282366 2.937224 1.665665 -1.95592 -2.878297 4.727794 -4.170584 4.993919 11.020511 1e-06 -0.0 12.109032 -3.735715 -2.866778 0.0 -0.0 0.0 1.291985 -1.928548 -1.498088 14.800115 0.567467 3.865604 14.242553 -1.341738 -6.660648 19.631935 0.143921 -0.648243 50.010799 -0.950261 -6.158615 0.353029 -1.51115 -0.03194 20.222769 3.684305 2.316629 18.787249 1e-06 -1e-06 10.751608 -0.47987 1.397903 0.0 -0.0 0.0 3.273804 0.305947 -0.58011 21.48679 11.830364 2.266131 8.162915 0.0 -0.0 18.399052 -3.798986 -4.940567 3e-06 0.0 -1e-06 34.725483 29.624193 -12.790195 -1.135492 -1.418363 66.630219 -30.87859 -4.189785 -23.250977 1.643937 -1.717313 -2.293896 0.0 -0.0 2e-06 -6.627923 -30.497293 -69.413345 0.593787 0.438023 83.114761 10.348125 3.533069 -1.648866 -1.388243 0.911996 -0.819757 0.0 -0.0 -1e-06 
0.0 0.0 0.0 0.0 -0.0 0.0 -4.764586 75.31601 11.810883 2.298507 -0.660099 1.797473 2.145913 -1.663058 18.60578 0.174065 -3.573785 2.348589 4.407285 -6.3703 20.704229 14.684886 0.724845 -10.863795 -4.024367 -9.36222 -3.123443 4.291913 -12.589722 -10.520703 7.7e-05 -2.2e-05 6e-06 -0.075972 0.045582 -0.108042 0.655086 -3.677623 -10.793404 -0.790257 3.754598 -10.789535 24.506128 -25.043861 2.274359 -60.84552 -43.89835 4.232674 -177.712311 -58.106606 178.493576 11.962714 -11.267156 -12.442753 -5.882102 9.861279 0.70259 -10.936861 -0.360574 7.156197 0.0 8.774815 -0.0 -16.105759 17.163147 5.644761 -1.844031 2.498503 -2.507276 -10.16359 4.678941 4.621104 -20.975996 -1e-06 1e-06 -21.226254 2.451698 -3.593995 0.0 -6e-06 -0.0 -1.362681 2.240797 -0.746323 -21.334892 0.58491 3.008319 -13.821196 -1e-06 1e-06 -23.887129 -0.249075 -0.839485 -59.334934 2.209198 -0.963338 -0.294025 1.679686 0.833255 -14.218195 0.093215 1.300579 -34.212002 -0.287561 0.967166 -20.033176 0.964536 1.212838 0.0 -0.0 0.0 -3.440387 0.788233 0.501655 -15.928172 -3.167306 2.999703 -6.338817 -0.0 1e-06 -18.123419 3.648181 -4.905662 -4e-06 0.0 -2e-06 8.605615 20.475147 11.309528 49.579166 36.995987 -28.977303 -88.546844 89.073799 -89.335289 -24.488152 10.655673 6.08499 2.24354 -5.255033 -3.180156 14.282877 -0.826594 6.952496 -0.0 -12.690593 -1e-06 16.121752 -18.111464 3.034943 1.665665 -1.95592 -2.878297 4.727794 -4.170584 4.993919 11.020511 1e-06 -0.0 12.109032 -3.735715 -2.866778 0.0 -0.0 0.0 1.291985 -1.928548 -1.498088 14.800115 0.567467 3.865604 14.242553 -1.341738 -6.660648 19.631935 0.143921 -0.648243 49.678478 -0.660854 -6.015467 0.353029 -1.51115 -0.03194 20.222769 3.684305 2.316629 18.787249 1e-06 -1e-06 10.751608 -0.47987 1.397903 0.0 -0.0 0.0 3.273804 0.305947 -0.58011 21.48679 11.830364 2.266131 8.162915 0.0 -0.0 18.399052 -3.798986 -4.940567 3e-06 0.0 -1e-06 30.990803 30.743628 -16.542233 -0.903771 -1.144867 69.639595 -30.195448 -5.680243 -29.125546 1.649316 -1.915154 -0.585885 0.0 -0.0 2e-06 -8.991405 -29.315409 -63.098465 0.412048 0.353157 75.755173 6.842723 -1.755043 -10.936929 -1.516543 0.918102 0.235841 0.0 -0.0 -1e-06 
0.0 0.0 0.0 0.0 -0.0 0.0 -3.205623 74.423409 10.120992 2.787492 -0.38793 1.54284 2.352789 -1.423031 18.945995 0.287389 -3.128139 2.678679 4.919209 -6.091911 21.209585 13.412428 1.209101 -12.354845 -4.443339 -9.709763 -3.179389 3.96066 -13.28462 -10.999269 7.7e-05 -2.2e-05 6e-06 -0.108634 0.114794 -0.128904 0.663559 -3.580332 -10.820887 -0.86715 3.798796 -10.826345 24.139221 -24.54587 1.733281 -61.956482 -44.094131 5.668891 -178.307205 -57.913769 178.811783 11.802833 -11.673135 -11.812633 -5.882102 9.861279 0.70259 -10.936861 -0.360574 7.156197 0.0 8.774815 -0.0 -16.398043 17.541962 5.616634 -1.844031 2.498503 -2.507276 -10.16359 4.678941 4.621104 -20.975996 -1e-06 1e-06 -21.226254 2.451698 -3.593995 0.0 -6e-06 -0.0 -1.362681 2.240797 -0.746323 -21.334892 0.58491 3.008319 -13.821196 -1e-06 1e-06 -23.887129 -0.249075 -0.839485 -59.514751 2.348959 -0.911801 -0.294025 1.679686 0.833255 -14.218195 0.093215 1.300579 -34.212002 -0.287561 0.967166 -20.033176 0.964536 1.212838 0.0 -0.0 0.0 -3.440387 0.788233 0.501655 -15.928172 -3.167306 2.999703 -6.338817 -0.0 1e-06 -18.123419 3.648181 -4.905662 -4e-06 0.0 -2e-06 9.058341 21.598108 11.209927 44.875614 35.641083 -33.510983 -132.35112 88.458076 -133.013107 -25.041866 9.263185 9.435616 2.24354 -5.255033 -3.180156 14.282877 -0.826594 6.952496 -0.0 -12.690593 -1e-06 16.140512 -18.065739 2.837845 1.665665 -1.95592 -2.878297 4.727794 -4.170584 4.993919 11.020511 1e-06 -0.0 12.109032 -3.735715 -2.866778 0.0 -0.0 0.0 1.291985 -1.928548 -1.498088 14.800115 0.567467 3.865604 14.242553 -1.341738 -6.660648 19.631935 0.143921 -0.648243 49.655746 -0.627642 -6.249335 0.353029 -1.51115 -0.03194 20.222769 3.684305 2.316629 18.787249 1e-06 -1e-06 10.751608 -0.47987 1.397903 0.0 -0.0 0.0 3.273804 0.305947 -0.58011 21.48679 11.830364 2.266131 8.162915 0.0 -0.0 18.399052 -3.798986 -4.940567 3e-06 0.0 -1e-06 29.15984 31.142767 -19.368963 -0.783347 -0.948108 73.448677 -28.47504 -5.460516 -31.189577 1.658638 -1.885691 -0.211091 0.0 -0.0 2e-06 -11.071697 -27.839411 -63.942471 0.394195 0.666948 75.406761 7.481551 -4.457726 -8.831975 -1.459072 1.012818 0.861955 0.0 -0.0 -1e-06 
0.0 0.0 0.0 0.0 -0.0 0.0 -2.096095 73.953613 8.972926 2.619523 -0.39578 1.108639 2.585966 -1.37206 18.932346 0.449715 -2.79441 2.915799 5.759401 -5.839286 22.237064 12.790088 1.383572 -12.934184 -4.700731 -9.537084 -3.140645 3.337625 -13.256257 -11.423335 7.7e-05 -2.2e-05 6e-06 -0.135789 0.167709 -0.117266 0.616117 -3.53087 -10.839625 -0.874837 3.855333 -10.824388 24.027967 -23.651821 1.839379 -63.607044 -44.312366 7.147426 -178.643082 -57.84787 178.9048 12.044167 -12.945687 -11.883178 -5.882102 9.861279 0.70259 -10.936861 -0.360574 7.156197 0.0 8.774815 -0.0 -16.465155 17.532227 5.606583 -1.844031 2.498503 -2.507276 -10.16359 4.678941 4.621104 -20.975996 -1e-06 1e-06 -21.226254 2.451698 -3.593995 0.0 -6e-06 -0.0 -1.362681 2.240797 -0.746323 -21.334892 0.58491 3.008319 -13.821196 -1e-06 1e-06 -23.887129 -0.249075 -0.839485 -59.770691 2.342702 -0.886048 -0.294025 1.679686 0.833255 -14.218195 0.093215 1.300579 -34.212002 -0.287561 0.967166 -20.033176 0.964536 1.212838 0.0 -0.0 0.0 -3.440387 0.788233 0.501655 -15.928172 -3.167306 2.999703 -6.338817 -0.0 1e-06 -18.123419 3.648181 -4.905662 -4e-06 0.0 -2e-06 9.74769 22.81274 11.629658 39.964371 35.092274 -38.202221 -127.192703 88.443039 -127.923378 -24.94269 8.06654 11.780736 2.24354 -5.255033 -3.180156 14.282877 -0.826594 6.952496 -0.0 -12.690593 -1e-06 15.968823 -17.964956 2.846538 1.665665 -1.95592 -2.878297 4.727794 -4.170584 4.993919 11.020511 1e-06 -0.0 12.109032 -3.735715 -2.866778 0.0 -0.0 0.0 1.291985 -1.928548 -1.498088 14.800115 0.567467 3.865604 14.242553 -1.341738 -6.660648 19.631935 0.143921 -0.648243 49.581902 -0.643806 -6.273553 0.353029 -1.51115 -0.03194 20.222769 3.684305 2.316629 18.787249 1e-06 -1e-06 10.751608 -0.47987 1.397903 0.0 -0.0 0.0 3.273804 0.305947 -0.58011 21.48679 11.830364 2.266131 8.162915 0.0 -0.0 18.399052 -3.798986 -4.940567 3e-06 0.0 -1e-06 28.578537 31.423433 -20.736645 -0.666482 -0.823409 75.727882 -26.97472 -5.263163 -32.527454 1.647937 -1.886798 0.01594 0.0 -0.0 2e-06 -11.587367 -27.987625 -64.314911 0.555245 0.656587 74.887306 8.154168 -4.148601 -6.746892 -1.423236 1.02442 1.071338 0.0 -0.0 -1e-06 
0.0 0.0 0.0 0.0 -0.0 0.0 -1.408015 73.704628 8.208677 2.404716 -0.257375 0.735958 2.700528 -1.330224 18.83139 0.551285 -2.704379 2.934006 6.503416 -5.658251 22.759659 12.900125 1.345866 -12.541729 -4.749905 -9.353243 -3.117709 2.687013 -13.030213 -11.444991 7.7e-05 -2.2e-05 6e-06 -0.135591 0.165606 -0.109807 0.594077 -3.544352 -10.864973 -0.851947 3.864264 -10.828949 24.624788 -22.904039 1.698714 -65.915871 -43.746403 9.338743 -179.025482 -57.584644 179.027176 12.040092 -13.83667 -12.048536 -5.882102 9.861279 0.70259 -10.936861 -0.360574 7.156197 0.0 8.774815 -0.0 -16.518467 17.521048 5.637463 -1.844031 2.498503 -2.507276 -10.16359 4.678941 4.621104 -20.975996 -1e-06 1e-06 -21.226254 2.451698 -3.593995 0.0 -6e-06 -0.0 -1.362681 2.240797 -0.746323 -21.334892 0.58491 3.008319 -13.821196 -1e-06 1e-06 -23.887129 -0.249075 -0.839485 -59.848938 2.359612 -0.845541 -0.294025 1.679686 0.833255 -14.218195 0.093215 1.300579 -34.212002 -0.287561 0.967166 -20.033176 0.964536 1.212838 0.0 -0.0 0.0 -3.440387 0.788233 0.501655 -15.928172 -3.167306 2.999703 -6.338817 -0.0 1e-06 -18.123419 3.648181 -4.905662 -4e-06 0.0 -2e-06 10.432935 23.624519 11.891152 37.169437 34.661987 -41.126663 -106.820168 88.658562 -107.521904 -24.412052 7.209817 12.123542 2.24354 -5.255033 -3.180156 14.282877 -0.826594 6.952496 -0.0 -12.690593 -1e-06 15.818624 -17.979277 2.909081 1.665665 -1.95592 -2.878297 4.727794 -4.170584 4.993919 11.020511 1e-06 -0.0 12.109032 -3.735715 -2.866778 0.0 -0.0 0.0 1.291985 -1.928548 -1.498088 14.800115 0.567467 3.865604 14.242553 -1.341738 -6.660648 19.631935 0.143921 -0.648243 49.637497 -0.676362 -6.177529 0.353029 -1.51115 -0.03194 20.222769 3.684305 2.316629 18.787249 1e-06 -1e-06 10.751608 -0.47987 1.397903 0.0 -0.0 0.0 3.273804 0.305947 -0.58011 21.48679 11.830364 2.266131 8.162915 0.0 -0.0 18.399052 -3.798986 -4.940567 3e-06 0.0 -1e-06 28.365185 31.563148 -21.598789 -0.610944 -0.748405 77.143112 -25.9547 -5.407578 -33.128963 1.641684 -1.85186 0.084136 0.0 -0.0 2e-06 -11.658112 -28.541292 -64.246712 0.663732 0.629174 74.198418 8.746664 -3.234857 -5.793409 -1.413645 1.052122 1.337967 0.0 -0.0 -1e-06 
0.0 0.0 0.0 0.0 -0.0 0.0 -0.915275 73.64505 7.575968 2.345966 -0.005514 0.447136 2.766469 -1.368409 18.680168 0.63192 -2.736412 2.860195 6.956153 -5.513513 22.874817 13.063107 1.294687 -12.072235 -4.743731 -9.283642 -3.075049 2.210044 -12.849548 -11.366379 7.7e-05 -2.2e-05 6e-06 -0.128245 0.147162 -0.107579 0.595808 -3.567821 -10.883943 -0.83832 3.851092 -10.839962 25.402195 -22.439253 1.293165 -67.860222 -42.794853 11.42557 -179.150009 -57.134518 178.94754 11.954987 -14.118038 -11.720389 -5.882102 9.861279 0.70259 -10.936861 -0.360574 7.156197 0.0 8.774815 -0.0 -16.478859 17.647203 5.725609 -1.844031 2.498503 -2.507276 -10.16359 4.678941 4.621104 -20.975996 -1e-06 1e-06 -21.226254 2.451698 -3.593995 0.0 -6e-06 -0.0 -1.362681 2.240797 -0.746323 -21.334892 0.58491 3.008319 -13.821196 -1e-06 1e-06 -23.887129 -0.249075 -0.839485 -59.871166 2.380838 -0.876582 -0.294025 1.679686 0.833255 -14.218195 0.093215 1.300579 -34.212002 -0.287561 0.967166 -20.033176 0.964536 1.212838 0.0 -0.0 0.0 -3.440387 0.788233 0.501655 -15.928172 -3.167306 2.999703 -6.338817 -0.0 1e-06 -18.123419 3.648181 -4.905662 -4e-06 0.0 -2e-06 11.000344 24.004801 12.036702 35.819096 34.301132 -43.134212 -92.1259 88.865295 -92.80603 -23.925936 6.586261 11.431737 2.24354 -5.255033 -3.180156 14.282877 -0.826594 6.952496 -0.0 -12.690593 -1e-06 15.771926 -18.08672 2.88913 1.665665 -1.95592 -2.878297 4.727794 -4.170584 4.993919 11.020511 1e-06 -0.0 12.109032 -3.735715 -2.866778 0.0 -0.0 0.0 1.291985 -1.928548 -1.498088 14.800115 0.567467 3.865604 14.242553 -1.341738 -6.660648 19.631935 0.143921 -0.648243 49.646332 -0.662097 -6.13433 0.353029 -1.51115 -0.03194 20.222769 3.684305 2.316629 18.787249 1e-06 -1e-06 10.751608 -0.47987 1.397903 0.0 -0.0 0.0 3.273804 0.305947 -0.58011 21.48679 11.830364 2.266131 8.162915 0.0 -0.0 18.399052 -3.798986 -4.940567 3e-06 0.0 -1e-06 27.972141 31.562435 -22.364466 -0.609319 -0.707855 78.067192 -25.229437 -5.465239 -33.235775 1.642973 -1.809793 0.013513 0.0 -0.0 2e-06 -11.795298 -29.023277 -63.967667 0.71777 0.653763 73.360603 9.270102 -2.67433 -5.122013 -1.417184 1.051693 1.667599 0.0 -0.0 -1e-06 
0.0 0.0 0.0 0.0 -0.0 0.0 -0.429595 73.792686 7.001434 2.412835 0.215811 0.162731 2.78526 -1.461152 18.451244 0.707181 -2.823058 2.783243 7.14003 -5.437428 22.767727 12.943877 1.311354 -11.657521 -4.704962 -9.309901 -3.018164 1.934951 -12.758077 -11.086865 7.7e-05 -2.2e-05 6e-06 -0.1265 0.140991 -0.109603 0.601277 -3.56893 -10.877985 -0.839696 3.840032 -10.842227 26.012644 -22.130541 0.777258 -69.243156 -41.665306 13.057601 -179.170807 -56.583614 178.780289 11.862986 -13.850945 -11.167932 -5.882102 9.861279 0.70259 -10.936861 -0.360574 7.156197 0.0 8.774815 -0.0 -16.426716 17.868492 5.776593 -1.844031 2.498503 -2.507276 -10.16359 4.678941 4.621104 -20.975996 -1e-06 1e-06 -21.226254 2.451698 -3.593995 0.0 -6e-06 -0.0 -1.362681 2.240797 -0.746323 -21.334892 0.58491 3.008319 -13.821196 -1e-06 1e-06 -23.887129 -0.249075 -0.839485 -60.026421 2.358681 -1.074963 -0.294025 1.679686 0.833255 -14.218195 0.093215 1.300579 -34.212002 -0.287561 0.967166 -20.033176 0.964536 1.212838 0.0 -0.0 0.0 -3.440387 0.788233 0.501655 -15.928172 -3.167306 2.999703 -6.338817 -0.0 1e-06 -18.123419 3.648181 -4.905662 -4e-06 0.0 -2e-06 11.454461 24.118778 12.167987 35.276424 33.895813 -44.596436 -87.720802 89.160461 -88.407974 -23.686228 6.133922 10.006028 2.24354 -5.255033 -3.180156 14.282877 -0.826594 6.952496 -0.0 -12.690593 -1e-06 15.889054 -18.19919 2.792153 1.665665 -1.95592 -2.878297 4.727794 -4.170584 4.993919 11.020511 1e-06 -0.0 12.109032 -3.735715 -2.866778 0.0 -0.0 0.0 1.291985 -1.928548 -1.498088 14.800115 0.567467 3.865604 14.242553 -1.341738 -6.660648 19.631935 0.143921 -0.648243 49.761948 -0.609315 -6.162554 0.353029 -1.51115 -0.03194 20.222769 3.684305 2.316629 18.787249 1e-06 -1e-06 10.751608 -0.47987 1.397903 0.0 -0.0 0.0 3.273804 0.305947 -0.58011 21.48679 11.830364 2.266131 8.162915 0.0 -0.0 18.399052 -3.798986 -4.940567 3e-06 0.0 -1e-06 27.278009 31.369387 -22.934898 -0.668073 -0.685516 78.520401 -24.556231 -5.277068 -33.30035 1.653626 -1.766082 -0.080592 0.0 -0.0 2e-06 -12.117671 -29.357718 -63.43084 0.722934 0.687455 72.245964 9.814281 -2.447469 -4.276424 -1.425352 1.015004 1.943046 0.0 -0.0 -1e-06 
0.0 0.0 0.0 0.0 -0.0 0.0 -0.113618 74.081139 6.700623 2.499318 0.377566 -0.152515 2.753915 -1.57664 18.116505 0.778341 -3.001064 2.74589 7.188712 -5.395825 22.638748 12.568833 1.212255 -11.259649 -4.580067 -9.260271 -2.970756 1.70131 -12.720916 -10.594413 7.7e-05 -2.2e-05 6e-06 -0.128384 0.144482 -0.116653 0.604001 -3.558682 -10.864849 -0.845815 3.836277 -10.843454 26.458128 -21.886742 0.19491 -70.355522 -40.378078 13.959248 -178.739197 -56.001514 178.206573 11.772617 -13.290617 -11.029449 -5.882102 9.861279 0.70259 -10.936861 -0.360574 7.156197 0.0 8.774815 -0.0 -16.558933 18.074148 5.80312 -1.844031 2.498503 -2.507276 -10.16359 4.678941 4.621104 -20.975996 -1e-06 1e-06 -21.226254 2.451698 -3.593995 0.0 -6e-06 -0.0 -1.362681 2.240797 -0.746323 -21.334892 0.58491 3.008319 -13.821196 -1e-06 1e-06 -23.887129 -0.249075 -0.839485 -60.38261 2.315701 -1.199485 -0.294025 1.679686 0.833255 -14.218195 0.093215 1.300579 -34.212002 -0.287561 0.967166 -20.033176 0.964536 1.212838 0.0 -0.0 0.0 -3.440387 0.788233 0.501655 -15.928172 -3.167306 2.999703 -6.338817 -0.0 1e-06 -18.123419 3.648181 -4.905662 -4e-06 0.0 -2e-06 11.600598 24.062906 12.339007 35.064945 33.529057 -45.417194 -83.919746 89.325653 -84.614021 -23.58917 5.763715 8.493155 2.24354 -5.255033 -3.180156 14.282877 -0.826594 6.952496 -0.0 -12.690593 -1e-06 16.058401 -18.237242 2.732237 1.665665 -1.95592 -2.878297 4.727794 -4.170584 4.993919 11.020511 1e-06 -0.0 12.109032 -3.735715 -2.866778 0.0 -0.0 0.0 1.291985 -1.928548 -1.498088 14.800115 0.567467 3.865604 14.242553 -1.341738 -6.660648 19.631935 0.143921 -0.648243 50.000031 -0.515984 -6.17389 0.353029 -1.51115 -0.03194 20.222769 3.684305 2.316629 18.787249 1e-06 -1e-06 10.751608 -0.47987 1.397903 0.0 -0.0 0.0 3.273804 0.305947 -0.58011 21.48679 11.830364 2.266131 8.162915 0.0 -0.0 18.399052 -3.798986 -4.940567 3e-06 0.0 -1e-06 26.700136 30.927298 -22.930429 -0.748143 -0.657263 78.280304 -23.934713 -5.056343 -33.535179 1.666061 -1.717649 -0.053281 0.0 -0.0 2e-06 -12.510823 -29.537874 -62.632946 0.704749 0.678367 71.256287 10.342095 -2.313127 -3.640845 -1.433571 0.970602 1.899424 0.0 -0.0 -1e-06 
