HIERARCHY
ROOT Root
{
  OFFSET 0.0 0.0 0.0
  CHANNELS 6 Xposition Yposition Zposition Zrotation Yrotation Xrotation
  JOINT Hips
  {
    OFFSET 0.0 100.0 0.0
    CHANNELS 6 Xposition Yposition Zposition Zrotation Yrotation Xrotation
    JOINT Spine1
    {
      OFFSET 5.003913 -0.037094 -0.013727
      CHANNELS 3 Zrotation Yrotation Xrotation
      JOINT Spine2
      {
        OFFSET 7.125363 -1e-06 0.0
        CHANNELS 3 Zrotation Yrotation Xrotation
        JOINT Chest
        {
          OFFSET 7.594027 1e-06 0.0
          CHANNELS 3 Zrotation Yrotation Xrotation
          JOINT Neck1
          {
            OFFSET 26.313086 -0.460272 -0.181672
            CHANNELS 3 Zrotation Yrotation Xrotation
            JOINT Neck2
            {
              OFFSET 8.045911 0.0 0.0
              CHANNELS 3 Zrotation Yrotation Xrotation
              JOINT Head
              {
                OFFSET 6.432774 0.0 0.0
                CHANNELS 3 Zrotation Yrotation Xrotation
                JOINT HeadEnd
                {
                  OFFSET 16.169773 0.06451 0.00362
                  CHANNELS 3 Zrotation Yrotation Xrotation
                }
                JOINT Jaw
                {
                  OFFSET 0.108741 3.12938 0.002639
                  CHANNELS 3 Zrotation Yrotation Xrotation
                }
                JOINT LeftEye
                {
                  OFFSET 4.45173 8.166359 3.206392
                  CHANNELS 3 Zrotation Yrotation Xrotation
                }
                JOINT RightEye
                {
                  OFFSET 4.436895 8.135758 -3.222429
                  CHANNELS 3 Zrotation Yrotation Xrotation
                }
              }
            }
          }
          JOINT LeftShoulder
          {
            OFFSET 23.218927 5.195579 1.621656
            CHANNELS 3 Zrotation Yrotation Xrotation
            JOINT LeftArm
            {
              OFFSET 15.902118 2e-06 -2e-06
              CHANNELS 3 Zrotation Yrotation Xrotation
              JOINT LeftForeArm
              {
                OFFSET 28.739307 0.0 -1e-06
                CHANNELS 3 Zrotation Yrotation Xrotation
                JOINT LeftHand
                {
                  OFFSET 27.093981 -4e-06 0.0
                  CHANNELS 3 Zrotation Yrotation Xrotation
                  JOINT LeftHandThumb1
                  {
                    OFFSET 2.276781 3.380274 0.83384
                    CHANNELS 3 Zrotation Yrotation Xrotation
                    JOINT LeftHandThumb2
                    {
                      OFFSET 4.705309 -1e-06 -1e-06
                      CHANNELS 3 Zrotation Yrotation Xrotation
                      JOINT LeftHandThumb3
                      {
                        OFFSET 2.798515 0.0 3e-06
                        CHANNELS 3 Zrotation Yrotation Xrotation
                        JOINT LeftHandThumbEnd
                        {
                          OFFSET 3.180793 4e-06 -4e-06
                          CHANNELS 3 Zrotation Yrotation Xrotation
                        }
                      }
                    }
                  }
                  JOINT LeftHandIndex1
                  {
                    OFFSET 3.247786 2.352677 0.137192
                    CHANNELS 3 Zrotation Yrotation Xrotation
                    JOINT LeftHandIndex2
                    {
                      OFFSET 6.367095 1e-06 0.0
                      CHANNELS 3 Zrotation Yrotation Xrotation
                      JOINT LeftHandIndex3
                      {
                        OFFSET 3.662364 0.0 0.0
                        CHANNELS 3 Zrotation Yrotation Xrotation
                        JOINT LeftHandIndex4
                        {
                          OFFSET 2.329242 4e-06 -4e-06
                          CHANNELS 3 Zrotation Yrotation Xrotation
                          JOINT LeftHandIndexEnd
                          {
                            OFFSET 2.767823 1e-06 0.0
                            CHANNELS 3 Zrotation Yrotation Xrotation
                          }
                        }
                      }
                    }
                  }
                  JOINT LeftHandMiddle1
                  {
                    OFFSET 3.163612 0.945023 -0.406112
                    CHANNELS 3 Zrotation Yrotation Xrotation
                    JOINT LeftHandMiddle2
                    {
                      OFFSET 6.276789 3e-06 0.0
                      CHANNELS 3 Zrotation Yrotation Xrotation
                      JOINT LeftHandMiddle3
                      {
                        OFFSET 4.35652 -1e-06 4e-06
                        CHANNELS 3 Zrotation Yrotation Xrotation
                        JOINT LeftHandMiddle4
                        {
                          OFFSET 2.996877 0.0 8e-06
                          CHANNELS 3 Zrotation Yrotation Xrotation
                          JOINT LeftHandMiddleEnd
                          {
                            OFFSET 2.323256 3e-06 -4e-06
                            CHANNELS 3 Zrotation Yrotation Xrotation
                          }
                        }
                      }
                    }
                  }
                  JOINT LeftHandRing1
                  {
                    OFFSET 2.882606 -0.309162 0.107445
                    CHANNELS 3 Zrotation Yrotation Xrotation
                    JOINT LeftHandRing2
                    {
                      OFFSET 6.033198 0.0 4e-06
                      CHANNELS 3 Zrotation Yrotation Xrotation
                      JOINT LeftHandRing3
                      {
                        OFFSET 4.350578 3e-06 0.0
                        CHANNELS 3 Zrotation Yrotation Xrotation
                        JOINT LeftHandRing4
                        {
                          OFFSET 2.651321 2e-06 -7e-06
                          CHANNELS 3 Zrotation Yrotation Xrotation
                          JOINT LeftHandRingEnd
                          {
                            OFFSET 1.937663 1e-06 -4e-06
                            CHANNELS 3 Zrotation Yrotation Xrotation
                          }
                        }
                      }
                    }
                  }
                  JOINT LeftHandPinky1
                  {
                    OFFSET 2.865315 -1.525436 0.575687
                    CHANNELS 3 Zrotation Yrotation Xrotation
                    JOINT LeftHandPinky2
                    {
                      OFFSET 5.54936 1e-06 -8e-06
                      CHANNELS 3 Zrotation Yrotation Xrotation
                      JOINT LeftHandPinky3
                      {
                        OFFSET 3.070974 0.0 -4e-06
                        CHANNELS 3 Zrotation Yrotation Xrotation
                        JOINT LeftHandPinky4
                        {
                          OFFSET 1.549672 1e-06 0.0
                          CHANNELS 3 Zrotation Yrotation Xrotation
                          JOINT LeftHandPinkyEnd
                          {
                            OFFSET 1.952123 0.0 0.0
                            CHANNELS 3 Zrotation Yrotation Xrotation
                          }
                        }
                      }
                    }
                  }
                }
              }
            }
          }
          JOINT RightShoulder
          {
            OFFSET 23.161716 5.296122 -1.380114
            CHANNELS 3 Zrotation Yrotation Xrotation
            JOINT RightArm
            {
              OFFSET -16.027195 -2e-06 1.1e-05
              CHANNELS 3 Zrotation Yrotation Xrotation
              JOINT RightForeArm
              {
                OFFSET -28.736639 4e-06 2e-06
                CHANNELS 3 Zrotation Yrotation Xrotation
                JOINT RightHand
                {
                  OFFSET -27.133619 6e-06 0.0
                  CHANNELS 3 Zrotation Yrotation Xrotation
                  JOINT RightHandThumb1
                  {
                    OFFSET -2.274328 -3.351035 -0.83067
                    CHANNELS 3 Zrotation Yrotation Xrotation
                    JOINT RightHandThumb2
                    {
                      OFFSET -4.703594 -3e-06 2e-06
                      CHANNELS 3 Zrotation Yrotation Xrotation
                      JOINT RightHandThumb3
                      {
                        OFFSET -2.794935 -4e-06 -3e-06
                        CHANNELS 3 Zrotation Yrotation Xrotation
                        JOINT RightHandThumbEnd
                        {
                          OFFSET -3.183852 4e-06 1e-06
                          CHANNELS 3 Zrotation Yrotation Xrotation
                        }
                      }
                    }
                  }
                  JOINT RightHandIndex1
                  {
                    OFFSET -3.253496 -2.33755 -0.127667
                    CHANNELS 3 Zrotation Yrotation Xrotation
                    JOINT RightHandIndex2
                    {
                      OFFSET -6.344434 0.0 0.0
                      CHANNELS 3 Zrotation Yrotation Xrotation
                      JOINT RightHandIndex3
                      {
                        OFFSET -3.654871 0.0 -8e-06
                        CHANNELS 3 Zrotation Yrotation Xrotation
                        JOINT RightHandIndex4
                        {
                          OFFSET -2.327586 -1e-06 0.0
                          CHANNELS 3 Zrotation Yrotation Xrotation
                          JOINT RightHandIndexEnd
                          {
                            OFFSET -2.770001 3e-06 8e-06
                            CHANNELS 3 Zrotation Yrotation Xrotation
                          }
                        }
                      }
                    }
                  }
                  JOINT RightHandMiddle1
                  {
                    OFFSET -3.168223 -0.944764 0.411762
                    CHANNELS 3 Zrotation Yrotation Xrotation
                    JOINT RightHandMiddle2
                    {
                      OFFSET -6.266691 -1e-06 -4e-06
                      CHANNELS 3 Zrotation Yrotation Xrotation
                      JOINT RightHandMiddle3
                      {
                        OFFSET -4.348901 0.0 0.0
                        CHANNELS 3 Zrotation Yrotation Xrotation
                        JOINT RightHandMiddle4
                        {
                          OFFSET -3.00024 2e-06 -4e-06
                          CHANNELS 3 Zrotation Yrotation Xrotation
                          JOINT RightHandMiddleEnd
                          {
                            OFFSET -2.321477 -4e-06 -4e-06
                            CHANNELS 3 Zrotation Yrotation Xrotation
                          }
                        }
                      }
                    }
                  }
                  JOINT RightHandRing1
                  {
                    OFFSET -2.885654 0.293261 -0.119232
                    CHANNELS 3 Zrotation Yrotation Xrotation
                    JOINT RightHandRing2
                    {
                      OFFSET -6.032835 -1e-06 -4e-06
                      CHANNELS 3 Zrotation Yrotation Xrotation
                      JOINT RightHandRing3
                      {
                        OFFSET -4.33881 0.0 -4e-06
                        CHANNELS 3 Zrotation Yrotation Xrotation
                        JOINT RightHandRing4
                        {
                          OFFSET -2.654903 -4e-06 -4e-06
                          CHANNELS 3 Zrotation Yrotation Xrotation
                          JOINT RightHandRingEnd
                          {
                            OFFSET -1.935122 0.0 4e-06
                            CHANNELS 3 Zrotation Yrotation Xrotation
                          }
                        }
                      }
                    }
                  }
                  JOINT RightHandPinky1
                  {
                    OFFSET -2.866241 1.503904 -0.60527
                    CHANNELS 3 Zrotation Yrotation Xrotation
                    JOINT RightHandPinky2
                    {
                      OFFSET -5.553177 -2e-06 0.0
                      CHANNELS 3 Zrotation Yrotation Xrotation
                      JOINT RightHandPinky3
                      {
                        OFFSET -3.062664 -1e-06 -4e-06
                        CHANNELS 3 Zrotation Yrotation Xrotation
                        JOINT RightHandPinky4
                        {
                          OFFSET -1.546529 2e-06 4e-06
                          CHANNELS 3 Zrotation Yrotation Xrotation
                          JOINT RightHandPinkyEnd
                          {
                            OFFSET -1.952341 0.0 -4e-06
                            CHANNELS 3 Zrotation Yrotation Xrotation
                          }
                        }
                      }
                    }
                  }
                }
              }
            }
          }
        }
      }
    }
    JOINT LeftLeg
    {
      OFFSET -8.443107 2.567604 10.043214
      CHANNELS 3 Zrotation Yrotation Xrotation
      JOINT LeftShin
      {
        OFFSET 43.229198 1e-06 -1e-06
        CHANNELS 3 Zrotation Yrotation Xrotation
        JOINT LeftFoot
        {
          OFFSET 42.298611 1e-06 1e-06
          CHANNELS 3 Zrotation Yrotation Xrotation
          JOINT LeftToeBase
          {
            OFFSET 14.165858 1e-06 0.0
            CHANNELS 3 Zrotation Yrotation Xrotation
            JOINT LeftToeEnd
            {
              OFFSET 6.7141 -0.234461 0.0
              CHANNELS 3 Zrotation Yrotation Xrotation
            }
          }
        }
      }
    }
    JOINT RightLeg
    {
      OFFSET -8.303923 2.592729 -10.047278
      CHANNELS 3 Zrotation Yrotation Xrotation
      JOINT RightShin
      {
        OFFSET -43.369682 0.0 1e-06
        CHANNELS 3 Zrotation Yrotation Xrotation
        JOINT RightFoot
        {
          OFFSET -42.260784 4e-06 2e-06
          CHANNELS 3 Zrotation Yrotation Xrotation
          JOINT RightToeBase
          {
            OFFSET -14.222245 -2e-06 -1e-06
            CHANNELS 3 Zrotation Yrotation Xrotation
            JOINT RightToeEnd
            {
              OFFSET -6.660062 0.232574 -2e-06
              CHANNELS 3 Zrotation Yrotation Xrotation
            }
          }
        }
      }
    }
  }
}
MOTION
Frames: 120
Frame Time: 0.03333333333333333
0.0 0.0 0.0 0.0 -0.0 0.0 -0.046753 95.233498 -7.250214 83.471893 -0.368037 90.024773 2.204076 4.644062 0.431935 -9.969158 0.435502 1.668947 15.632188 2.061506 -0.368677 13.318921 -2.240064 2.554981 -2.419748 -0.709453 -0.317882 -36.768665 -1.862557 0.22538 5e-06 -0.0 -0.0 0.055032 0.020521 -0.044218 0.044509 -0.038096 -0.054237 0.045442 0.066474 -0.027937 -120.160217 -68.520737 137.910507 27.276928 -58.458641 16.115173 27.599852 -0.067569 0.222723 -6.120698 -0.786377 5.446103 17.636814 -26.322927 52.41153 -19.466909 -14.395729 29.410679 7e-06 -8.774953 -1e-05 16.501417 -17.738665 5.953135 -0.609782 -1.795672 -3.889355 -4.807154 -11.046954 -2.937882 -3e-06 -20.976372 -1.2e-05 -5.020059 -25.034107 -4.031979 6e-06 2e-06 -0.0 -10.634635 -5.687032 -3.565606 10.573393 -17.923172 -3.113943 1e-06 -13.821433 -1.5e-05 -0.501761 -31.182205 -4.027143 -11.369965 -59.891697 7.548936 -13.982849 -7.150277 -2.875056 13.772888 -8.401591 -3.218276 0.347745 -34.212189 0.771626 -0.963035 -17.733757 2.621054 0.0 -2e-06 -0.0 -17.346609 -20.095432 -4.201789 21.757816 -1.638382 3.866478 0.0 -6.338924 -8e-06 -1.697607 -22.592239 -6.194168 -2e-06 -5e-06 -1e-06 41.714851 -82.215752 153.747696 51.414669 -44.392273 -7.391662 49.864304 -0.334261 0.465263 1.323409 0.906725 3.466326 22.18222 -20.375999 49.933754 -16.702082 -16.743715 28.476927 3e-06 -12.690782 2e-05 15.585918 -17.927427 2.630182 -0.105918 -1.513876 -4.275921 -5.039097 -5.612951 -2.953594 -3e-06 -11.020705 -2.5e-05 -6.111389 -15.89568 -3.840575 0.0 0.0 1e-06 -10.283457 -5.680359 -4.34187 11.028418 -11.302535 -2.372699 -1.384275 -14.238828 -6.320254 -0.62539 -26.924784 -3.827782 -4.843467 -49.480663 -3.60498 -13.708643 -7.363564 -3.720961 18.141357 -14.052898 -3.242769 1e-05 -18.78758 -4.9e-05 -0.429718 -8.456211 2.555529 1e-06 -0.0 2e-06 -15.923686 -20.094709 -5.473627 30.419559 -7.190882 1.735902 2e-06 -8.163047 -2.2e-05 -1.861893 -22.861958 -6.16815 -1e-06 -1e-06 -1e-06 151.48114 -10.586423 -11.431699 1.285577 0.249828 0.074381 -66.614166 2.94785 -12.190257 -11.618272 1.867284 1.942298 -1.0 -1e-06 0.0 18.567093 7.45586 -0.761532 8.665815 -0.116886 -0.073681 -85.054115 7.875659 1.812808 -12.212749 0.670488 1.545239 -1.000007 0.0 0.0 
0.0 0.0 0.0 0.0 -0.0 0.0 0.924661 94.658783 -3.025599 84.388512 -0.771884 89.604591 1.873109 3.886691 0.509301 -10.015859 0.426043 1.927867 15.683715 1.719958 -0.353984 12.809503 -2.451298 2.641863 -2.472135 -0.634172 -0.217127 -36.480976 -1.483864 -0.063167 6e-06 0.0 0.0 0.050776 0.003789 -0.070638 0.069555 -0.037667 -0.070314 0.08318 0.032716 -0.066704 -121.264488 -67.894638 138.898804 25.799597 -57.395325 17.41453 28.677189 -0.201078 0.159928 -6.459548 -0.849381 5.536395 17.636766 -26.322817 52.411392 -19.46678 -14.395732 29.410559 3.6e-05 -8.77495 -9e-06 16.500805 -17.897163 6.031803 -0.609785 -1.795667 -3.88934 -4.807186 -11.046921 -2.937859 -6.9e-05 -20.976252 -1e-06 -5.020144 -25.033955 -4.031996 4e-06 -1e-06 -0.0 -10.634645 -5.687039 -3.565587 10.573339 -17.923069 -3.11392 -4.1e-05 -13.821362 -1.3e-05 -0.501863 -31.182016 -4.027157 -11.501545 -60.262459 7.712727 -13.982863 -7.150286 -2.87503 13.772868 -8.40152 -3.218264 0.347628 -34.211987 0.771646 -0.963072 -17.733639 2.621014 -1e-06 -1e-06 0.0 -17.346661 -20.095409 -4.201751 21.75783 -1.638322 3.866479 -2e-05 -6.338892 -4e-06 -1.697707 -22.592093 -6.194137 -0.0 -5e-06 -3e-06 39.445415 -81.520988 156.168716 50.646503 -44.017498 -5.274261 49.970432 0.278715 0.492815 1.916126 1.114803 2.36477 22.182283 -20.375938 49.933784 -16.702024 -16.743656 28.476877 3.2e-05 -12.690777 -4e-06 15.984123 -17.884033 2.516716 -0.105925 -1.513879 -4.275918 -5.039115 -5.61296 -2.953599 -2.4e-05 -11.020695 -2.8e-05 -6.111427 -15.895686 -3.840588 -0.0 -1e-06 1e-06 -10.283472 -5.680378 -4.341876 11.028389 -11.302518 -2.372674 -1.384315 -14.238824 -6.32026 -0.625437 -26.924759 -3.827799 -4.710106 -49.561226 -3.581332 -13.708661 -7.363594 -3.720973 18.141323 -14.05287 -3.242732 -2.1e-05 -18.787561 -6.1e-05 -0.429723 -8.456199 2.555524 1e-06 0.0 1e-06 -15.923727 -20.094755 -5.473646 30.419538 -7.190838 1.735968 -8e-06 -8.163038 -2.4e-05 -1.861912 -22.861933 -6.168179 3e-06 -4e-06 -2e-06 150.80043 -9.152632 -9.962792 5.827894 0.197016 0.114877 -66.86132 3.065274 -9.752243 -12.310903 1.892058 1.963679 -1.000003 -0.0 -1e-06 18.999176 5.462604 -2.052345 12.694563 -0.092296 0.072123 -84.663635 8.988074 1.628326 -15.583744 0.751353 1.508425 -1.000005 1e-06 1e-06 
0.0 0.0 0.0 0.0 -0.0 0.0 2.103287 94.766876 1.574791 87.343292 -1.766524 89.692719 1.020749 1.722371 0.436199 -10.35908 0.225995 2.181049 15.932873 0.583809 -0.537878 12.091696 -1.948543 2.567534 -2.540771 -0.665346 -0.060751 -36.048477 -1.001269 -0.658239 4e-06 -0.0 -0.0 0.02378 0.018395 -0.066948 0.086557 -0.031496 -0.062157 0.106382 0.056884 -0.066281 -124.967735 -67.271156 142.561676 24.724285 -55.254272 18.281847 28.481607 -0.114639 0.123167 -6.110649 -0.749222 5.038019 17.637007 -26.323215 52.411827 -19.467112 -14.395876 29.410894 3e-06 -8.775056 -1.2e-05 16.60837 -18.175262 6.094271 -0.609784 -1.795688 -3.889376 -4.807198 -11.047071 -2.937887 -4e-06 -20.976646 1.6e-05 -5.020162 -25.034475 -4.031977 3e-06 1e-06 0.0 -10.634724 -5.687075 -3.565615 10.573519 -17.92338 -3.113965 2e-06 -13.821612 3e-06 -0.501805 -31.182707 -4.027144 -11.896581 -60.394234 7.927554 -13.982964 -7.150327 -2.875054 13.773031 -8.401685 -3.218303 0.347736 -34.212662 0.771681 -0.963054 -17.733999 2.6211 -2e-06 -1e-06 0.0 -17.346762 -20.095598 -4.201784 21.758038 -1.638412 3.866507 1e-06 -6.339003 -3e-06 -1.697645 -22.592564 -6.194205 -0.0 -4e-06 -1e-06 34.829739 -79.625168 161.062454 48.846424 -44.198044 -3.715106 48.636726 0.330179 0.497401 2.811899 1.807516 2.121406 22.182352 -20.37606 49.934071 -16.702255 -16.743872 28.477167 1.4e-05 -12.690931 2e-05 15.964252 -17.855003 2.623172 -0.105917 -1.513892 -4.27595 -5.039151 -5.613004 -2.953614 -1.2e-05 -11.020797 -3.9e-05 -6.111486 -15.895855 -3.840624 1e-06 -0.0 -1e-06 -10.283543 -5.680418 -4.341888 11.028513 -11.302608 -2.372733 -1.384306 -14.238955 -6.320322 -0.625399 -26.925043 -3.827868 -4.679161 -49.789108 -3.538147 -13.708755 -7.363637 -3.720973 18.141523 -14.052985 -3.242815 -1e-06 -18.787727 -8.1e-05 -0.429722 -8.456278 2.555537 0.0 0.0 0.0 -15.923841 -20.094887 -5.473655 30.419859 -7.190906 1.735914 -5e-06 -8.163106 -3e-05 -1.861923 -22.862156 -6.168252 -2e-06 -2e-06 2e-06 150.093002 -5.205775 -8.577951 10.30769 0.126772 0.139654 -60.228806 2.130585 -3.736977 -12.040903 1.822772 2.055007 -1.000001 1e-06 0.0 17.182325 1.224927 -4.685303 19.751177 -0.214371 0.330837 -82.200478 10.023241 1.719406 -22.515745 0.935905 1.443097 -1.000006 -0.0 0.0 
0.0 0.0 0.0 0.0 -0.0 0.0 3.167298 95.245438 6.549202 89.924568 -2.223508 90.448982 0.696386 0.122542 0.290513 -10.556427 -0.108916 2.364048 15.79219 -0.856503 -0.660329 11.795843 -1.050088 2.414832 -2.486493 -0.75363 -0.424852 -36.336536 -0.589708 -1.084528 6e-06 -0.0 -0.0 0.002041 0.045139 -0.009174 0.131557 0.019331 0.008801 0.146227 0.060133 -0.022361 -125.653969 -68.124458 143.329239 26.06539 -54.680477 17.71516 26.867519 -0.07021 0.120326 -5.815506 -0.6329 3.703332 17.636829 -26.322966 52.411438 -19.466816 -14.39572 29.410576 4e-06 -8.774937 -1.5e-05 16.842127 -18.278656 5.927355 -0.609781 -1.795664 -3.889343 -4.807141 -11.046918 -2.93786 -6e-06 -20.976303 3.5e-05 -5.020081 -25.033998 -4.031905 4e-06 1e-06 1e-06 -10.634618 -5.687009 -3.565599 10.573377 -17.923132 -3.113904 -4e-06 -13.821397 1.9e-05 -0.501828 -31.182093 -4.027031 -11.933062 -60.25787 7.712103 -13.982825 -7.150247 -2.875044 13.772866 -8.401571 -3.218253 0.347709 -34.212082 0.771716 -0.96306 -17.733707 2.621089 -1e-06 1e-06 -0.0 -17.346571 -20.095364 -4.201774 21.757774 -1.638393 3.866476 1e-06 -6.338907 6e-06 -1.697633 -22.59215 -6.194076 -1e-06 -4e-06 -1e-06 37.451893 -78.789833 158.636871 48.203793 -47.12949 -4.313423 45.342953 0.154156 0.52941 3.05714 2.777142 2.211052 22.182217 -20.375999 49.933567 -16.701977 -16.743643 28.476765 -1.8e-05 -12.690707 7e-06 15.948829 -17.739645 2.654998 -0.105919 -1.513868 -4.275903 -5.039072 -5.612913 -2.95358 1.7e-05 -11.020632 -1.5e-05 -6.111329 -15.895542 -3.840532 -0.0 -0.0 -2e-06 -10.283422 -5.680317 -4.341857 11.028377 -11.302496 -2.372662 -1.384255 -14.238726 -6.320194 -0.625387 -26.924587 -3.827667 -4.491506 -50.002258 -3.606035 -13.708592 -7.363514 -3.720953 18.141291 -14.052855 -3.242717 3.1e-05 -18.787464 -1.1e-05 -0.429708 -8.45616 2.555541 2e-06 1e-06 -2e-06 -15.923616 -20.094599 -5.47361 30.419416 -7.190892 1.735915 1.1e-05 -8.163003 -3e-06 -1.861872 -22.861776 -6.168029 -3e-06 -1e-06 -0.0 149.866135 -1.633891 -7.573312 15.51004 0.007623 0.225135 -58.57571 0.87054 -1.573624 -10.400046 1.727261 2.059578 -1.000001 0.0 -0.0 13.997904 -2.445532 -6.886062 29.610489 -0.463449 0.460621 -74.537811 9.626366 3.288718 -33.357468 1.219523 1.363589 -1.000004 -0.0 0.0 
0.0 0.0 0.0 0.0 -0.0 0.0 4.196024 95.929977 11.688341 91.570549 -1.924137 91.510117 0.931776 -0.824897 0.115911 -10.394876 -0.379587 2.388816 15.308853 -1.858184 -0.767614 12.167237 -0.549751 2.223327 -2.461668 -0.905898 -0.678312 -36.528263 -0.424779 -1.508442 5e-06 -0.0 -0.0 0.004577 0.051922 -0.001405 0.139633 0.044922 0.014547 0.142579 0.046268 -0.017061 -123.328453 -69.876953 140.740952 28.819839 -55.883167 15.716976 25.286827 -0.132826 0.061765 -6.143969 -0.48564 4.376223 17.63674 -26.322977 52.411583 -19.466864 -14.395753 29.410688 5e-06 -8.77494 1e-06 16.923571 -18.14193 5.6822 -0.60978 -1.795667 -3.889351 -4.807146 -11.046926 -2.937871 -1.5e-05 -20.976307 9e-06 -5.020077 -25.034006 -4.031949 5e-06 0.0 0.0 -10.634619 -5.68702 -3.565604 10.573379 -17.923128 -3.113937 -9e-06 -13.821398 2e-06 -0.501802 -31.182102 -4.027095 -11.772879 -59.940704 7.156726 -13.982826 -7.150259 -2.875047 13.772869 -8.401568 -3.218282 0.347706 -34.21209 0.771676 -0.963064 -17.733706 2.621066 -1e-06 -1e-06 1e-06 -17.346579 -20.09539 -4.201787 21.757784 -1.638378 3.866459 -3e-06 -6.338908 1e-06 -1.697626 -22.592155 -6.194117 -2e-06 -5e-06 -2e-06 44.295452 -79.666534 151.734741 49.160046 -52.097115 -6.552278 39.660408 0.049879 0.352686 2.561713 3.023288 2.176214 22.182272 -20.376118 49.933868 -16.702105 -16.743771 28.476999 -7e-06 -12.69082 1.5e-05 16.160837 -17.796772 2.580986 -0.105916 -1.513873 -4.275925 -5.039104 -5.612957 -2.953594 3e-06 -11.02073 -1.7e-05 -6.111407 -15.895725 -3.840573 2e-06 -1e-06 1e-06 -10.283467 -5.680354 -4.341876 11.028443 -11.302562 -2.372693 -1.384274 -14.238852 -6.32026 -0.625399 -26.92487 -3.82775 -4.172271 -50.417118 -3.985454 -13.708655 -7.363561 -3.72097 18.141401 -14.052935 -3.242766 1e-05 -18.787628 -2.6e-05 -0.429725 -8.456243 2.55555 -1e-06 1e-06 -1e-06 -15.923701 -20.094717 -5.473638 30.419624 -7.190912 1.735906 2e-06 -8.163072 -1e-05 -1.861907 -22.862032 -6.16813 1e-06 -3e-06 -2e-06 151.285904 0.831958 -7.707658 20.351145 0.013882 0.174172 -62.427479 0.454746 0.249644 -8.621231 1.68848 2.047083 -0.999999 -0.0 -0.0 9.721968 -5.115018 -7.943242 41.198299 -0.525276 0.443583 -62.994637 7.594068 4.012676 -38.884594 1.284809 1.364785 -1.000007 0.0 -0.0 
0.0 0.0 0.0 0.0 -0.0 0.0 5.286814 96.709625 16.716505 92.610779 -1.390643 92.023209 1.322711 -1.446 -0.048094 -10.23364 -0.562547 2.28666 15.029727 -2.20142 -0.709884 12.400685 -0.746715 2.197421 -2.443513 -0.930376 -0.857439 -36.359585 -0.336256 -1.647446 7e-06 0.0 -0.0 0.024184 0.052957 0.013687 0.153765 0.053742 0.027214 0.169124 0.037209 -0.00047 -122.318352 -70.878693 139.626862 31.398632 -56.118874 13.83777 25.678461 -0.230013 0.074236 -6.366139 -0.599587 4.720564 17.636745 -26.322954 52.411568 -19.466925 -14.395719 29.410709 -2.4e-05 -8.77492 -3e-06 17.026489 -18.13632 5.504982 -0.609776 -1.795667 -3.889355 -4.807099 -11.046909 -2.937889 6.6e-05 -20.976311 -1.7e-05 -5.019957 -25.033998 -4.031939 5e-06 -0.0 0.0 -10.634584 -5.686994 -3.565618 10.57341 -17.923157 -3.113958 4.1e-05 -13.821401 -5e-06 -0.501679 -31.182108 -4.027077 -11.61447 -59.824875 6.851123 -13.98278 -7.150224 -2.875072 13.772859 -8.401603 -3.218286 0.347844 -34.21207 0.771641 -0.963007 -17.733702 2.621094 2e-06 2e-06 1e-06 -17.346479 -20.095331 -4.20183 21.757725 -1.638437 3.866449 1.9e-05 -6.338907 1e-06 -1.697524 -22.59215 -6.194125 -0.0 -3e-06 -4e-06 48.734901 -80.453827 147.390518 49.720215 -55.275543 -6.476886 33.935097 0.028132 0.240423 1.017959 1.441298 3.326558 22.182196 -20.376059 49.933544 -16.701944 -16.743626 28.476727 -4.2e-05 -12.690676 4e-06 16.408161 -17.749701 2.503259 -0.105916 -1.513859 -4.275903 -5.039052 -5.612885 -2.953574 3.7e-05 -11.020596 -1e-06 -6.111289 -15.895464 -3.840517 2e-06 -1e-06 -0.0 -10.283393 -5.680284 -4.341862 11.028368 -11.302472 -2.372652 -1.384229 -14.238658 -6.320169 -0.625356 -26.924444 -3.827615 -4.104228 -50.433556 -4.075477 -13.708557 -7.363471 -3.720965 18.141268 -14.052839 -3.242703 4.9e-05 -18.787395 1.7e-05 -0.429701 -8.456127 2.555552 3e-06 -1e-06 3e-06 -15.923547 -20.094507 -5.47362 30.419353 -7.190928 1.735903 1.9e-05 -8.162981 1e-05 -1.861852 -22.861685 -6.167963 1e-06 -2e-06 -1e-06 154.396774 2.626092 -7.846356 22.319033 0.035811 0.155333 -67.308777 0.136452 1.294358 -8.293453 1.705047 2.051504 -1.000001 0.0 0.0 4.278241 -7.286273 -7.830098 52.835049 -0.570436 0.425075 -51.573963 5.950772 2.127077 -25.505493 0.921666 1.341334 -1.000005 0.0 0.0 
0.0 0.0 0.0 0.0 -0.0 0.0 6.27975 97.459206 21.371332 93.541473 -1.035337 92.165451 1.617163 -2.098819 -0.129006 -10.207468 -0.678934 2.114401 14.953644 -2.327051 -0.807671 12.639296 -1.206736 2.336757 -2.4473 -0.820015 -0.808233 -36.389294 -0.279896 -1.632711 7e-06 -0.0 0.0 0.059362 0.058056 0.042489 0.138156 0.063351 0.04767 0.175422 0.036231 0.038783 -123.043579 -70.982506 140.090805 33.005676 -55.106884 13.160169 27.591925 -0.137926 0.09253 -5.886055 -0.288323 4.046344 17.636671 -26.322744 52.411228 -19.466705 -14.395647 29.41046 1.7e-05 -8.774879 -6e-06 16.970846 -18.234848 5.546135 -0.60978 -1.79566 -3.889332 -4.807131 -11.046863 -2.937854 -3.6e-05 -20.976135 -1e-06 -5.020052 -25.033785 -4.031939 6e-06 1e-06 -1e-06 -10.634577 -5.687003 -3.565586 10.57329 -17.923 -3.113907 -2.1e-05 -13.821289 -4e-06 -0.501824 -31.181805 -4.027088 -11.448243 -59.917645 6.85007 -13.982769 -7.150238 -2.875034 13.772779 -8.401499 -3.218251 0.347681 -34.211792 0.771649 -0.963057 -17.733543 2.621027 -0.0 2e-06 0.0 -17.346519 -20.095304 -4.20176 21.757671 -1.638342 3.866448 -1e-05 -6.338862 -3e-06 -1.697644 -22.59197 -6.194081 0.0 -6e-06 -3e-06 47.830566 -80.388229 148.643845 49.234684 -56.137489 -3.20202 29.243483 -0.179326 0.101639 -0.539853 -1.022406 6.050249 22.182188 -20.37591 49.93346 -16.701899 -16.743595 28.476669 1.6e-05 -12.690689 1e-06 16.574562 -17.630985 2.414366 -0.105924 -1.513864 -4.275894 -5.039077 -5.612917 -2.953572 -1.2e-05 -11.020624 -8e-06 -6.111375 -15.89555 -3.840527 1e-06 -1e-06 2e-06 -10.283416 -5.68033 -4.341849 11.028337 -11.302456 -2.372654 -1.384293 -14.238709 -6.320183 -0.62545 -26.924519 -3.827692 -4.342836 -50.31266 -3.861793 -13.708587 -7.363528 -3.720944 18.141232 -14.052803 -3.242699 -9e-06 -18.787437 -2.4e-05 -0.429718 -8.456139 2.555521 1e-06 -1e-06 -2e-06 -15.923635 -20.094606 -5.473588 30.419365 -7.190826 1.735942 -3e-06 -8.16299 -1.2e-05 -1.861916 -22.861744 -6.168057 -0.0 -7e-06 1e-06 158.008423 4.326536 -7.681718 22.380404 -0.01113 0.01881 -70.694687 -0.390417 1.697581 -8.12505 1.701227 2.049277 -1.000002 0.0 0.0 -1.493068 -8.853999 -6.980773 62.877922 -0.431183 0.266227 -49.64793 4.680967 1.095588 -11.810864 0.7665 1.418676 -1.000004 -0.0 -0.0 
0.0 0.0 0.0 0.0 -0.0 0.0 7.076906 98.31234 25.564068 93.982803 -0.669828 92.380119 1.814088 -2.501166 -0.225382 -10.209892 -0.765686 1.805593 15.072916 -2.216466 -0.983934 12.964738 -1.491711 2.501095 -2.466242 -0.830728 -0.860462 -36.563587 -0.275942 -1.408363 5e-06 0.0 -0.0 0.059705 0.047462 0.017257 0.093624 0.063298 0.015078 0.129816 0.016374 0.022038 -124.140686 -70.781944 140.911133 34.651894 -53.654499 12.02821 29.654598 -0.118202 0.11403 -4.954105 1.086496 3.342055 17.636755 -26.322975 52.411652 -19.466902 -14.39576 29.410734 8e-06 -8.774954 -1e-06 16.808649 -18.322081 5.632779 -0.609782 -1.795671 -3.889357 -4.807157 -11.046946 -2.937882 -1.7e-05 -20.976334 -1e-05 -5.020078 -25.034063 -4.031988 1e-06 -1e-06 1e-06 -10.634633 -5.687033 -3.565611 10.573393 -17.923161 -3.11395 -8e-06 -13.821424 -7e-06 -0.501786 -31.18219 -4.027142 -11.35724 -59.908234 6.853744 -13.982846 -7.150275 -2.875054 13.772887 -8.401576 -3.218287 0.347714 -34.212147 0.771643 -0.963054 -17.733727 2.621054 -1e-06 -2e-06 -2e-06 -17.346605 -20.095428 -4.201798 21.757822 -1.638372 3.866466 -5e-06 -6.338919 -3e-06 -1.69763 -22.592213 -6.194155 -0.0 -3e-06 -2e-06 45.842651 -79.918839 151.031601 47.80312 -56.366329 0.643241 26.388201 -0.478275 -0.048521 -1.740918 -2.866625 8.849373 22.182302 -20.376051 49.933701 -16.702053 -16.74371 28.476864 -1e-06 -12.690788 4e-06 16.508121 -17.55971 2.311353 -0.105919 -1.513872 -4.275915 -5.039101 -5.612948 -2.953587 1e-06 -11.020702 -1.2e-05 -6.111401 -15.895674 -3.840557 -0.0 2e-06 1e-06 -10.283464 -5.680351 -4.341868 11.028422 -11.302546 -2.372677 -1.384289 -14.238823 -6.320229 -0.625423 -26.924791 -3.827725 -4.436342 -50.253555 -3.81777 -13.70865 -7.363558 -3.720959 18.141365 -14.052912 -3.242734 1.3e-05 -18.787584 -3e-05 -0.429714 -8.456219 2.555542 -1e-06 2e-06 0.0 -15.923697 -20.094704 -5.473616 30.419565 -7.190902 1.735937 6e-06 -8.163054 -1.6e-05 -1.861903 -22.861963 -6.168116 -3e-06 -2e-06 1e-06 162.553253 5.596539 -6.893 19.907711 -0.055947 0.016256 -72.431458 -0.863773 1.618899 -7.93828 1.715325 2.036327 -1.0 -0.0 -0.0 -7.009768 -9.272123 -6.252669 69.670235 -0.177883 0.126515 -55.975796 3.621098 1.122193 -10.441206 0.754252 1.514145 -1.0 -0.0 0.0 
0.0 0.0 0.0 0.0 -0.0 0.0 7.78548 99.118423 29.600965 93.896301 -0.159531 92.971672 2.074272 -2.643433 -0.37184 -10.131348 -0.784099 1.366806 15.12359 -1.85064 -1.30226 13.477996 -1.602103 2.633639 -2.462736 -0.873517 -0.887716 -36.487892 -0.390893 -1.174087 5e-06 -0.0 -0.0 0.047839 0.036906 -0.000197 0.061429 0.059514 -0.003693 0.08718 0.001352 0.005453 -123.848938 -71.106644 140.440109 37.036709 -52.806961 9.570741 31.324549 -0.178367 0.105853 -4.390645 2.841521 3.125264 17.636654 -26.322828 52.411354 -19.466749 -14.395645 29.410528 -6e-06 -8.774856 1e-06 16.513405 -18.326122 5.793863 -0.609775 -1.795658 -3.889339 -4.807098 -11.046853 -2.937862 1.3e-05 -20.976135 0.0 -5.019979 -25.033766 -4.031907 5e-06 2e-06 1e-06 -10.634553 -5.686984 -3.5656 10.57331 -17.923025 -3.11392 6e-06 -13.821289 3e-06 -0.501765 -31.181784 -4.027049 -11.275043 -59.775089 6.893415 -13.982738 -7.150214 -2.875051 13.772768 -8.401527 -3.218261 0.347746 -34.211784 0.771658 -0.963038 -17.733532 2.621048 1e-06 0.0 -1e-06 -17.346451 -20.095268 -4.201791 21.757616 -1.638384 3.866432 4e-06 -6.338862 -0.0 -1.697573 -22.591948 -6.194063 1e-06 -4e-06 -0.0 47.255287 -79.579628 149.896759 45.867088 -57.254513 2.883381 25.323837 -0.636741 -0.138006 -2.416862 -3.66168 10.382314 22.182209 -20.375996 49.933544 -16.70192 -16.743649 28.476715 4e-06 -12.690716 4e-06 16.41238 -17.53314 2.242437 -0.10592 -1.513862 -4.275898 -5.039078 -5.612909 -2.953571 -4e-06 -11.020618 -1e-06 -6.111375 -15.895526 -3.84052 -0.0 -1e-06 5e-06 -10.283422 -5.680319 -4.34185 11.028362 -11.302465 -2.372652 -1.384292 -14.238705 -6.32018 -0.625443 -26.92453 -3.827662 -4.289761 -50.112568 -3.951688 -13.708595 -7.363517 -3.720948 18.141264 -14.052814 -3.242705 -9e-06 -18.787441 -5e-06 -0.429727 -8.456145 2.555533 4e-06 -4e-06 -2e-06 -15.923635 -20.094589 -5.473598 30.419418 -7.190845 1.735937 -2e-06 -8.162994 -4e-06 -1.861937 -22.861757 -6.168033 0.0 -4e-06 0.0 167.75943 6.23552 -5.840849 16.19272 -0.04468 0.118392 -73.374435 -0.886992 1.541034 -7.790639 1.700002 2.039015 -0.999998 0.0 -0.0 -11.97183 -8.674641 -5.990314 72.198135 -0.012631 0.07147 -61.170929 3.686126 1.119987 -10.338821 0.762146 1.570855 -1.000003 -0.0 0.0 
0.0 0.0 0.0 0.0 -0.0 0.0 8.432846 99.685432 33.760101 93.628914 0.482277 93.975044 2.439529 -2.77995 -0.527593 -9.97302 -0.800051 0.826808 15.037015 -1.316449 -1.821983 14.15573 -1.513648 2.686836 -2.426561 -0.849953 -0.859736 -36.223808 -0.577855 -0.985402 7e-06 0.0 -0.0 0.038814 0.032427 -0.003461 0.039072 0.051485 -0.00933 0.05792 0.002487 0.002547 -122.288788 -72.056313 138.695129 39.505188 -52.565979 6.82192 32.891228 -0.250585 0.071964 -4.276945 4.239165 3.198144 17.63674 -26.32287 52.411434 -19.466877 -14.395712 29.410631 -3e-06 -8.774926 -3e-06 16.142605 -18.301863 5.973576 -0.609776 -1.795667 -3.889348 -4.807128 -11.046922 -2.937878 1.3e-05 -20.976299 -1.2e-05 -5.020021 -25.033995 -4.031949 5e-06 -1e-06 1e-06 -10.634604 -5.687016 -3.565601 10.573379 -17.923134 -3.113945 1.1e-05 -13.82139 -9e-06 -0.50175 -31.182072 -4.027098 -11.400021 -59.621548 7.053951 -13.982804 -7.150252 -2.875046 13.772854 -8.401577 -3.218281 0.347765 -34.212055 0.77163 -0.963027 -17.733681 2.621055 -2e-06 1e-06 0.0 -17.346542 -20.095377 -4.201785 21.757746 -1.638388 3.866448 4e-06 -6.338905 -7e-06 -1.697588 -22.592144 -6.194123 0.0 -2e-06 -3e-06 51.06422 -79.158974 146.12941 43.030277 -58.549446 4.272315 25.862701 -0.704438 -0.167584 -2.157005 -3.674128 10.226869 22.18227 -20.375988 49.93354 -16.702068 -16.743654 28.476797 -2.7e-05 -12.690748 5e-06 16.356964 -17.532669 2.218231 -0.105915 -1.513873 -4.275901 -5.039077 -5.612937 -2.953584 2.2e-05 -11.0207 -1.8e-05 -6.111346 -15.895657 -3.840539 -2e-06 -0.0 3e-06 -10.283436 -5.680332 -4.341856 11.028412 -11.302556 -2.372676 -1.384253 -14.238813 -6.320212 -0.625372 -26.924791 -3.827697 -4.080407 -49.897423 -4.118935 -13.708611 -7.363531 -3.720952 18.141338 -14.052929 -3.242734 5.3e-05 -18.787573 -3.4e-05 -0.429694 -8.456211 2.555532 0.0 -2e-06 2e-06 -15.923635 -20.094654 -5.47361 30.419491 -7.190939 1.735914 2e-05 -8.163049 -2.1e-05 -1.861835 -22.861958 -6.168101 -2e-06 -4e-06 -0.0 173.286118 6.502963 -4.798656 12.198845 -0.017445 0.22916 -74.182159 -0.406513 1.660368 -7.635655 1.6393 2.040757 -1.000001 0.0 -0.0 -15.844839 -7.888768 -6.42638 70.824219 0.108461 0.016526 -64.727242 4.16869 0.77159 -10.664941 0.768804 1.571424 -1.000008 0.0 0.0 
0.0 0.0 0.0 0.0 -0.0 0.0 9.014 99.867256 38.027946 93.550957 1.020004 95.235703 2.782193 -3.068623 -0.645767 -9.806561 -0.892592 0.269947 14.966457 -0.811812 -2.437724 14.774063 -1.15246 2.642289 -2.390984 -0.819753 -0.746587 -35.962154 -0.757411 -0.999338 6e-06 -0.0 -0.0 0.033434 0.033226 -0.004389 0.027384 0.040336 -0.013373 0.048264 0.01667 0.00301 -120.831429 -73.249023 136.959579 41.602684 -52.096611 4.756808 34.750336 -0.32013 0.020312 -4.22859 5.025892 3.216192 17.636688 -26.322863 52.411423 -19.466906 -14.395727 29.410654 -5e-06 -8.774922 1e-05 15.860155 -18.281618 6.081397 -0.609775 -1.795669 -3.88935 -4.807126 -11.046926 -2.93787 1.4e-05 -20.976318 -1.6e-05 -5.02003 -25.034027 -4.031944 6e-06 3e-06 1e-06 -10.634594 -5.687014 -3.565595 10.57338 -17.92314 -3.113958 9e-06 -13.821397 -1.4e-05 -0.501743 -31.182112 -4.027111 -11.606846 -59.529743 7.220773 -13.9828 -7.150253 -2.875043 13.772853 -8.401578 -3.218294 0.34776 -34.21209 0.771616 -0.963028 -17.733707 2.621043 1e-06 2e-06 -1e-06 -17.346537 -20.095377 -4.201777 21.757751 -1.638385 3.86643 5e-06 -6.338907 -9e-06 -1.697581 -22.592157 -6.194131 -1e-06 -4e-06 -2e-06 54.436932 -78.227463 142.699051 39.250633 -59.424702 6.200758 27.475086 -0.680449 -0.155292 -1.151246 -3.261791 8.75778 22.182253 -20.375866 49.933365 -16.701958 -16.743603 28.476622 -4e-06 -12.69071 -1.9e-05 16.345732 -17.560406 2.235941 -0.105919 -1.513868 -4.275891 -5.039077 -5.612912 -2.953564 9e-06 -11.020619 -1.7e-05 -6.111354 -15.895522 -3.840524 -1e-06 -0.0 3e-06 -10.28343 -5.680323 -4.341843 11.028371 -11.302476 -2.372653 -1.38428 -14.238706 -6.320172 -0.625397 -26.924513 -3.827682 -3.987804 -49.716408 -4.211002 -13.708606 -7.36352 -3.720939 18.141289 -14.052835 -3.242703 3e-05 -18.78743 -4e-05 -0.429693 -8.456132 2.555511 -1e-06 0.0 -2e-06 -15.92364 -20.094597 -5.473584 30.41943 -7.190881 1.735947 1.4e-05 -8.162985 -1.9e-05 -1.861863 -22.861713 -6.168068 -2e-06 1e-06 1e-06 178.409561 6.711683 -3.853907 8.837523 -0.000935 0.260678 -75.357887 0.43203 1.956468 -7.410103 1.548343 2.045587 -0.999998 -0.0 0.0 -19.142242 -7.4822 -7.161294 66.42115 0.188971 -0.107341 -67.303894 4.395733 -0.003605 -11.052713 0.775473 1.577432 -1.000008 0.0 0.0 
0.0 0.0 0.0 0.0 -0.0 0.0 9.51278 99.672195 42.143517 93.828514 1.333814 96.375298 3.06888 -3.510131 -0.714369 -9.672733 -1.034771 -0.193318 14.992037 -0.528168 -2.962212 15.133924 -0.61575 2.550853 -2.40198 -0.847962 -0.634381 -35.995106 -0.85917 -1.179293 6e-06 -0.0 0.0 0.037367 0.034251 -0.012728 0.03278 0.030161 -0.020155 0.060432 0.02957 -0.006231 -120.01136 -74.339325 135.880539 43.334599 -51.155445 3.197572 36.761547 -0.345287 -0.017743 -4.032333 5.458541 2.947678 17.636784 -26.323092 52.411877 -19.467152 -14.395859 29.410976 -2.4e-05 -8.775011 1.1e-05 15.638334 -18.285208 6.172633 -0.609776 -1.795684 -3.889381 -4.807146 -11.047016 -2.937911 6.2e-05 -20.976536 -4e-05 -5.020022 -25.034321 -4.031996 5e-06 1e-06 1e-06 -10.63466 -5.687044 -3.565623 10.573507 -17.923309 -3.114017 4e-05 -13.821534 -2.5e-05 -0.501657 -31.182491 -4.027174 -11.788286 -59.453232 7.41352 -13.982883 -7.150291 -2.875068 13.772985 -8.401672 -3.21834 0.347854 -34.212463 0.77159 -0.963004 -17.733898 2.621084 1e-06 -1e-06 -2e-06 -17.346626 -20.095512 -4.201829 21.757925 -1.638432 3.866449 1.6e-05 -6.338968 -1e-05 -1.697539 -22.592422 -6.194217 0.0 -6e-06 0.0 56.411488 -77.067902 140.726379 35.830376 -59.735565 8.139922 29.196983 -0.553071 -0.14041 -0.29295 -2.605319 7.310627 22.182407 -20.376223 49.933929 -16.702133 -16.743778 28.477003 -2.2e-05 -12.690835 4e-06 16.391249 -17.63203 2.242677 -0.105918 -1.513876 -4.275931 -5.039109 -5.612956 -2.953598 2.1e-05 -11.020746 -5e-06 -6.111397 -15.895723 -3.840562 1e-06 0.0 -2e-06 -10.283491 -5.680352 -4.341887 11.028481 -11.302601 -2.37268 -1.384267 -14.23887 -6.320247 -0.6254 -26.924917 -3.827699 -4.039292 -49.638687 -4.221606 -13.708684 -7.363556 -3.720981 18.141453 -14.05299 -3.242747 3.3e-05 -18.787661 -3e-06 -0.429713 -8.456259 2.555575 1e-06 -1e-06 -0.0 -15.92372 -20.094734 -5.473649 30.419672 -7.190973 1.735929 1e-05 -8.163088 2e-06 -1.861895 -22.862055 -6.168094 0.0 -3e-06 -3e-06 -177.555023 7.079933 -3.163609 7.176888 -0.005201 0.232966 -77.2761 1.214707 2.348019 -7.132906 1.475764 2.057987 -1.000003 -0.0 -0.0 -22.048098 -7.543757 -7.656602 59.673309 0.159442 -0.215897 -69.034554 3.942989 -0.908559 -11.170144 0.793115 1.599131 -1.000004 0.0 0.0 
0.0 0.0 0.0 0.0 -0.0 0.0 9.952537 99.232697 46.094212 94.344902 1.428988 97.134071 3.265506 -4.012517 -0.74987 -9.572188 -1.160238 -0.570192 15.09523 -0.492309 -3.296023 15.256766 -0.057288 2.475195 -2.430043 -0.93651 -0.619595 -36.32143 -0.87175 -1.322672 6e-06 -0.0 -0.0 0.047939 0.03311 -0.014459 0.044254 0.017875 -0.020583 0.073425 0.039985 -0.007488 -119.345566 -75.234001 135.013031 44.961109 -50.157932 1.446519 38.341099 -0.370214 -0.0424 -3.773838 5.875819 2.497544 17.636826 -26.322969 52.411697 -19.46689 -14.395708 29.410709 1.1e-05 -8.77494 -1.3e-05 15.452664 -18.309004 6.280579 -0.609788 -1.795675 -3.889359 -4.807167 -11.046955 -2.937891 -1.7e-05 -20.97633 -2.3e-05 -5.020057 -25.034037 -4.032002 6e-06 1e-06 -2e-06 -10.634651 -5.687052 -3.565622 10.573378 -17.923157 -3.113943 -7e-06 -13.821405 -2.1e-05 -0.501761 -31.182108 -4.027159 -11.914095 -59.376858 7.608318 -13.982866 -7.150298 -2.875066 13.772876 -8.401573 -3.218271 0.347721 -34.212097 0.771619 -0.963041 -17.733685 2.621043 2e-06 -1e-06 -0.0 -17.346638 -20.095472 -4.201812 21.757811 -1.638365 3.866495 -4e-06 -6.338913 -5e-06 -1.697617 -22.592165 -6.194165 -0.0 -5e-06 -3e-06 57.690231 -76.143852 139.498764 33.553329 -59.913418 9.417997 30.397764 -0.359714 -0.120992 0.10922 -1.978566 6.533057 22.182381 -20.376135 49.933861 -16.702003 -16.743744 28.476885 2.3e-05 -12.690811 -7e-06 16.442417 -17.717951 2.229676 -0.105925 -1.513871 -4.275926 -5.039123 -5.612956 -2.953594 -1.7e-05 -11.020703 -0.0 -6.111446 -15.895673 -3.840549 -1e-06 1e-06 1e-06 -10.2835 -5.680368 -4.341875 11.028425 -11.302532 -2.372657 -1.384321 -14.238817 -6.320227 -0.625483 -26.924753 -3.827703 -4.102731 -49.640701 -4.21664 -13.708698 -7.363583 -3.720965 18.141375 -14.052891 -3.24271 -2.9e-05 -18.787582 -8e-06 -0.429731 -8.456214 2.555548 0.0 1e-06 -0.0 -15.923777 -20.094749 -5.473619 30.419621 -7.190866 1.735978 -1.1e-05 -8.163059 -3e-06 -1.861964 -22.861967 -6.168105 2e-06 -3e-06 0.0 -174.212387 7.611025 -2.613418 6.384001 -0.010622 0.190567 -79.46627 1.639946 2.733045 -6.947231 1.458349 2.074582 -1.000003 1e-06 0.0 -24.276739 -7.822541 -7.809688 50.844017 0.046216 -0.174486 -69.644791 2.75324 -1.603102 -11.231593 0.815102 1.611177 -1.000005 -0.0 -0.0 
0.0 0.0 0.0 0.0 -0.0 0.0 10.348502 98.653862 50.056816 94.921104 1.343172 97.510269 3.385651 -4.467978 -0.795334 -9.525222 -1.248161 -0.870412 15.205177 -0.626929 -3.448399 15.24041 0.376668 2.387021 -2.43219 -1.006961 -0.635334 -36.785412 -0.851232 -1.373143 5e-06 0.0 -0.0 0.058544 0.029553 0.000491 0.049014 0.007621 -0.008988 0.074597 0.043493 0.011756 -118.177216 -76.033295 133.694992 46.650024 -49.470692 -0.754616 39.217247 -0.424486 -0.053998 -3.549836 6.29902 2.138895 17.636776 -26.322989 52.411705 -19.466953 -14.395756 29.410774 -1.1e-05 -8.774948 -3e-06 15.360435 -18.335052 6.319961 -0.609778 -1.795671 -3.889363 -4.807136 -11.046943 -2.937895 3.6e-05 -20.976341 -2.4e-05 -5.020008 -25.034048 -4.031972 7e-06 3e-06 0.0 -10.634624 -5.687022 -3.56562 10.573423 -17.923174 -3.113968 2.6e-05 -13.821419 -1e-05 -0.501704 -31.182159 -4.027117 -11.961178 -59.385509 7.700494 -13.982831 -7.150257 -2.875068 13.77289 -8.401599 -3.218291 0.347799 -34.212112 0.771631 -0.963025 -17.733711 2.621077 -0.0 1e-06 2e-06 -17.346571 -20.095409 -4.201825 21.757803 -1.638411 3.86646 1e-05 -6.338913 -5e-06 -1.697559 -22.592182 -6.194156 -2e-06 -1e-06 -5e-06 59.109299 -75.591034 138.044724 32.200439 -60.289562 10.200282 31.048656 -0.199366 -0.11395 0.152182 -1.600069 6.428974 22.182323 -20.376074 49.933712 -16.702026 -16.743729 28.476839 4e-06 -12.690794 2e-06 16.45554 -17.75766 2.219098 -0.10592 -1.513871 -4.275912 -5.039105 -5.612941 -2.953583 -3e-06 -11.020691 -4e-06 -6.11142 -15.895643 -3.840538 -1e-06 1e-06 1e-06 -10.283475 -5.680348 -4.341864 11.028427 -11.302529 -2.372665 -1.384299 -14.238793 -6.32021 -0.625446 -26.924715 -3.827694 -4.109909 -49.71497 -4.198262 -13.708665 -7.363554 -3.720954 18.141376 -14.052893 -3.242721 2e-06 -18.787558 -1.2e-05 -0.429722 -8.456199 2.555551 2e-06 -3e-06 -0.0 -15.92372 -20.094692 -5.473603 30.419582 -7.190889 1.735948 -3e-06 -8.163041 -6e-06 -1.861932 -22.861904 -6.168075 -0.0 -3e-06 -0.0 -171.241409 8.118622 -2.084314 5.893312 -0.001533 0.13676 -81.541405 1.793272 2.944613 -6.906031 1.500218 2.096307 -1.0 0.0 -0.0 -25.605246 -8.055265 -7.81461 39.754906 -0.015578 -0.028994 -68.710709 1.384137 -2.032942 -11.394204 0.854893 1.624257 -1.000006 0.0 -0.0 
0.0 0.0 0.0 0.0 -0.0 0.0 10.687606 97.960236 54.194473 95.537285 1.13913 97.627571 3.480161 -4.91014 -0.816704 -9.546712 -1.316727 -1.01338 15.264806 -0.79398 -3.583244 15.1689 0.603877 2.335604 -2.400762 -0.981546 -0.647097 -37.311146 -0.860582 -1.439766 5e-06 0.0 0.0 0.070228 0.028209 0.035341 0.036611 0.009436 0.021412 0.05529 0.039812 0.051544 -116.164879 -76.802971 131.625626 48.346943 -49.234127 -3.087057 39.574383 -0.36852 -0.064844 -3.410123 6.556139 1.930631 17.636734 -26.322895 52.41156 -19.466892 -14.395734 29.410692 3e-06 -8.774937 5e-06 15.35992 -18.3715 6.307376 -0.60978 -1.795672 -3.889356 -4.807146 -11.046927 -2.937882 -0.0 -20.976299 -2.1e-05 -5.020043 -25.034002 -4.031982 4e-06 2e-06 -1e-06 -10.634625 -5.687027 -3.565602 10.573384 -17.923124 -3.113956 2e-06 -13.821383 -1.9e-05 -0.501758 -31.182064 -4.027129 -11.957044 -59.530788 7.657694 -13.982834 -7.150269 -2.875049 13.772872 -8.401567 -3.218292 0.347742 -34.212063 0.771615 -0.963039 -17.733683 2.621044 2e-06 -1e-06 -0.0 -17.346588 -20.095404 -4.201797 21.757793 -1.638377 3.86646 -2e-06 -6.338905 -3e-06 -1.697611 -22.592154 -6.194146 -1e-06 -4e-06 -2e-06 60.861473 -75.336708 136.245193 31.479269 -60.849827 10.724102 31.274715 -0.048829 -0.068997 0.037171 -1.570285 6.625158 22.182264 -20.376003 49.933544 -16.701948 -16.743654 28.476713 2e-06 -12.69073 -5e-06 16.478292 -17.794363 2.244443 -0.10592 -1.513866 -4.275902 -5.039083 -5.612916 -2.953572 2e-06 -11.020633 -6e-06 -6.111373 -15.895541 -3.840518 -2e-06 1e-06 2e-06 -10.283439 -5.680328 -4.341855 11.028381 -11.302489 -2.372653 -1.384289 -14.238718 -6.320178 -0.625441 -26.92454 -3.827656 -4.108093 -49.972542 -4.118986 -13.708616 -7.363528 -3.720949 18.141296 -14.052846 -3.242702 4e-06 -18.787466 -9e-06 -0.429713 -8.456155 2.555535 1e-06 0.0 -1e-06 -15.923657 -20.094622 -5.473599 30.419456 -7.190875 1.735942 3e-06 -8.163002 -4e-06 -1.861913 -22.861761 -6.168037 2e-06 -3e-06 -1e-06 -168.597961 8.614674 -1.693746 6.063691 -0.003922 0.06438 -83.486115 1.943165 2.969147 -7.184286 1.579672 2.113098 -1.000004 0.0 -0.0 -25.827032 -8.188583 -7.945682 26.431339 0.057828 0.056087 -66.954216 0.85643 -2.397975 -11.349066 0.90331 1.629025 -1.000006 -0.0 -0.0 
0.0 0.0 0.0 0.0 -0.0 0.0 10.945255 97.174576 58.701973 96.205521 0.811672 97.592041 3.430359 -5.372142 -0.779934 -9.599306 -1.402595 -1.017687 15.297254 -0.935288 -3.720106 15.021605 0.793755 2.320952 -2.346403 -0.942722 -0.725867 -37.85553 -0.98239 -1.632231 8e-06 0.0 -0.0 0.076074 0.042208 0.07572 0.017402 0.035749 0.054256 0.023259 0.04256 0.100932 -114.172859 -77.419373 129.569489 49.534378 -49.311161 -4.621761 39.722542 -0.083913 0.074029 -3.289703 6.557003 1.51806 17.636707 -26.322903 52.411648 -19.467024 -14.395768 29.410822 -1.1e-05 -8.774961 1e-05 15.4272 -18.38521 6.276521 -0.609779 -1.795679 -3.889365 -4.807141 -11.046968 -2.937902 3.5e-05 -20.976393 -5.8e-05 -5.019994 -25.03414 -4.032019 3e-06 2e-06 0.0 -10.634625 -5.687037 -3.565613 10.573426 -17.923204 -3.113999 2.7e-05 -13.821446 -3.5e-05 -0.501669 -31.182255 -4.027197 -11.819852 -59.554867 7.22932 -13.982841 -7.15028 -2.875056 13.772902 -8.401608 -3.218317 0.347818 -34.212208 0.771553 -0.963 -17.733761 2.621035 -0.0 1e-06 2e-06 -17.346582 -20.095448 -4.201818 21.757826 -1.638397 3.866446 5e-06 -6.338931 -1.7e-05 -1.697555 -22.592268 -6.194208 -1e-06 -3e-06 -2e-06 62.120552 -75.130852 134.953659 30.640911 -61.294666 11.617496 31.304523 0.075429 0.004326 -0.256642 -1.800641 7.165186 22.182377 -20.37606 49.933697 -16.702072 -16.743742 28.476856 8e-06 -12.690829 -8e-06 16.557873 -17.848064 2.274415 -0.105919 -1.513875 -4.27592 -5.039117 -5.612958 -2.953584 -2e-06 -11.020726 -5e-06 -6.111436 -15.895706 -3.84055 1e-06 0.0 -1e-06 -10.283492 -5.680362 -4.341865 11.028449 -11.302562 -2.372672 -1.384308 -14.238849 -6.320223 -0.625455 -26.924839 -3.827721 -4.184599 -50.230976 -3.954939 -13.70869 -7.363572 -3.720955 18.141413 -14.052935 -3.242729 4e-06 -18.787622 -2.6e-05 -0.429712 -8.45623 2.555543 2e-06 -0.0 -5e-06 -15.92375 -20.094738 -5.473608 30.419651 -7.190916 1.73596 3e-06 -8.16307 -1.4e-05 -1.861924 -22.862005 -6.168124 2e-06 -3e-06 -1e-06 -165.699448 9.092137 -1.67906 5.767467 -0.045557 -0.051381 -84.679222 2.591291 3.0173 -7.739471 1.603662 2.142036 -1.000002 -0.0 -0.0 -25.471815 -8.188303 -7.8219 13.243124 0.200999 0.037901 -66.183853 1.231174 -3.475772 -11.093612 0.955446 1.582245 -1.000007 -0.0 -0.0 
0.0 0.0 0.0 0.0 -0.0 0.0 11.071395 96.432289 63.350342 96.555748 0.385637 97.436958 3.144898 -5.639132 -0.635393 -9.670314 -1.47532 -1.081434 15.370368 -0.986305 -3.667369 14.806464 0.939234 2.338727 -2.318011 -0.848278 -0.840834 -38.073383 -1.06732 -1.620512 7e-06 -0.0 -0.0 0.075658 0.059851 0.097582 0.023979 0.048045 0.082609 0.042651 0.066234 0.11839 -115.213188 -77.402153 130.502151 49.598881 -48.967915 -4.679732 39.848106 0.079085 0.014211 -3.189398 6.201579 1.110602 17.636707 -26.323044 52.411789 -19.466999 -14.395795 29.410852 -1.9e-05 -8.774952 1.5e-05 15.484316 -18.359232 6.340897 -0.609774 -1.795674 -3.889367 -4.807126 -11.046948 -2.937898 5e-05 -20.976362 -2.6e-05 -5.019992 -25.034073 -4.031969 8e-06 0.0 0.0 -10.634618 -5.687017 -3.565619 10.573437 -17.923193 -3.113983 3e-05 -13.82143 -1e-05 -0.501684 -31.182198 -4.027122 -11.70321 -59.580685 7.204101 -13.982825 -7.150255 -2.875067 13.772899 -8.401611 -3.218315 0.347808 -34.212166 0.771626 -0.963025 -17.73373 2.621078 -1e-06 2e-06 2e-06 -17.346544 -20.095406 -4.201825 21.757805 -1.638422 3.866435 1.1e-05 -6.338925 -6e-06 -1.697547 -22.59223 -6.194161 0.0 -6e-06 -2e-06 60.901192 -74.662292 136.201538 29.52709 -61.127911 12.744095 31.073362 0.205677 0.022862 -0.530916 -2.096912 8.126549 22.182322 -20.376156 49.933811 -16.702135 -16.743744 28.476963 -3.6e-05 -12.690798 1.5e-05 16.513941 -17.747555 2.259592 -0.105916 -1.513875 -4.275927 -5.039091 -5.612945 -2.953597 3.2e-05 -11.020728 -1.4e-05 -6.111363 -15.895689 -3.840551 1e-06 -1e-06 -3e-06 -10.283462 -5.680337 -4.34188 11.028459 -11.302586 -2.372688 -1.384246 -14.23884 -6.320238 -0.625363 -26.924847 -3.827699 -4.114998 -50.155468 -4.041423 -13.708647 -7.363536 -3.72097 18.141415 -14.052967 -3.242757 5.3e-05 -18.787613 -1.3e-05 -0.429703 -8.45623 2.555561 -0.0 2e-06 1e-06 -15.923664 -20.094688 -5.473639 30.419603 -7.190978 1.735897 2.1e-05 -8.163073 -4e-06 -1.861855 -22.861996 -6.168077 1e-06 1e-06 -0.0 -163.628784 9.101905 -2.271824 6.810487 -5e-05 -0.040873 -85.421654 3.579668 2.912139 -9.005118 1.582895 2.137391 -1.000002 0.0 0.0 -25.467297 -7.856447 -7.055874 3.896195 0.218905 0.090834 -67.350021 1.799216 -5.441546 -10.829324 0.990772 1.520861 -1.000003 -0.0 -0.0 
0.0 0.0 0.0 0.0 -0.0 0.0 11.106726 95.902992 67.970528 96.444557 0.010939 97.387688 2.785648 -5.54322 -0.541011 -9.78274 -1.489127 -1.257212 15.533717 -0.954422 -3.52535 14.531965 1.058148 2.265207 -2.285582 -0.882027 -0.722739 -38.400131 -1.216177 -1.591355 6e-06 -0.0 0.0 0.075785 0.05858 0.078402 0.018115 0.037029 0.061701 0.063297 0.074688 0.102709 -117.23774 -77.166481 132.512314 49.076351 -48.756989 -4.53006 39.751621 -0.038859 -0.102259 -2.875341 5.916936 1.044251 17.636765 -26.322975 52.411732 -19.466997 -14.395788 29.41083 1e-06 -8.774977 6e-06 15.562661 -18.28878 6.337542 -0.609784 -1.795679 -3.889369 -4.807158 -11.046968 -2.937893 1.6e-05 -20.976389 -3.7e-05 -5.020041 -25.034126 -4.032013 8e-06 0.0 -1e-06 -10.634646 -5.687042 -3.565615 10.573429 -17.923204 -3.113985 1e-05 -13.821449 -2.3e-05 -0.501725 -31.182262 -4.027178 -11.709865 -59.690853 7.429986 -13.982867 -7.150288 -2.87506 13.772923 -8.401605 -3.218309 0.347774 -34.212212 0.771598 -0.963033 -17.733761 2.621058 2e-06 0.0 1e-06 -17.346622 -20.095465 -4.201815 21.757858 -1.638389 3.86646 3e-06 -6.33893 -1.2e-05 -1.697586 -22.592264 -6.194193 -2e-06 -0.0 -6e-06 58.810478 -74.273529 138.503082 28.982283 -60.750618 13.185266 30.387867 0.272706 0.005818 -0.924466 -2.246041 8.577859 22.182369 -20.376144 49.933792 -16.702093 -16.743757 28.476919 -1e-05 -12.690824 -1e-06 16.491062 -17.566917 2.207175 -0.105919 -1.513874 -4.275925 -5.039111 -5.612956 -2.953592 1e-05 -11.020737 1e-06 -6.111413 -15.89571 -3.840548 1e-06 0.0 -1e-06 -10.283486 -5.680354 -4.341874 11.028459 -11.302578 -2.372674 -1.384286 -14.238856 -6.320225 -0.625427 -26.924877 -3.827697 -3.839165 -49.887718 -4.342209 -13.708682 -7.363562 -3.720965 18.141422 -14.05296 -3.242736 1.6e-05 -18.787649 -4e-06 -0.429713 -8.456255 2.555558 1e-06 -1e-06 2e-06 -15.923727 -20.09473 -5.473621 30.419641 -7.190938 1.735935 8e-06 -8.163077 -7e-06 -1.861908 -22.862034 -6.168098 -1e-06 -0.0 -0.0 -162.287216 8.385955 -3.125416 9.370029 0.00765 0.074931 -84.840851 4.844645 2.608999 -11.726326 1.65713 2.119626 -1.000002 -0.0 -0.0 -26.140293 -7.252532 -6.642222 1.322889 0.125964 0.19379 -69.363556 2.285558 -7.492904 -10.951077 0.967325 1.489187 -1.000003 0.0 -0.0 
0.0 0.0 0.0 0.0 -0.0 0.0 11.102153 95.631363 72.720818 95.325562 -0.485899 97.452126 2.213294 -4.728097 -0.372917 -9.985469 -1.381633 -1.492525 15.585375 -0.617057 -3.51138 14.364965 0.872683 2.276268 -2.284451 -0.910191 -0.771077 -38.531815 -1.361539 -1.643575 8e-06 -0.0 -0.0 0.08196 0.052634 0.077927 0.067438 0.04577 0.065454 0.124951 0.054342 0.097474 -119.079567 -76.931068 134.561905 48.175644 -49.083527 -3.748063 39.251514 -0.017929 -0.115721 -2.667468 5.76573 1.213285 17.636751 -26.322824 52.41156 -19.46699 -14.39577 29.410774 2.5e-05 -8.77499 0.0 15.633901 -18.233688 6.304689 -0.609782 -1.795681 -3.889361 -4.807194 -11.047003 -2.937897 -4e-05 -20.976435 -5.6e-05 -5.020109 -25.034237 -4.032067 6e-06 -2e-06 -0.0 -10.634669 -5.687077 -3.565602 10.573401 -17.923206 -3.113985 -2e-05 -13.821476 -5.1e-05 -0.501764 -31.182371 -4.027273 -11.573242 -59.783009 7.360154 -13.982894 -7.150328 -2.87504 13.772923 -8.401585 -3.218309 0.347716 -34.21228 0.771532 -0.963038 -17.733801 2.620999 -2e-06 1e-06 2e-06 -17.346693 -20.095533 -4.201781 21.757898 -1.638335 3.866471 -1.4e-05 -6.338939 -2.3e-05 -1.697652 -22.592331 -6.194251 -2e-06 0.0 -2e-06 57.257805 -74.169624 140.126663 28.66543 -60.54467 13.784559 29.349108 0.278595 0.055527 -1.294398 -2.511089 8.366026 22.1824 -20.375946 49.933514 -16.702034 -16.743725 28.476742 3.5e-05 -12.690838 -1.7e-05 16.455994 -17.503998 2.151979 -0.105922 -1.513876 -4.275908 -5.039133 -5.612973 -2.953573 -2.8e-05 -11.02074 -1e-06 -6.111493 -15.895747 -3.840533 2e-06 -1e-06 -1e-06 -10.283507 -5.680382 -4.341846 11.028434 -11.302552 -2.372658 -1.384347 -14.238877 -6.320209 -0.625515 -26.924891 -3.827729 -3.676698 -49.883705 -4.471748 -13.708709 -7.363597 -3.720931 18.14139 -14.052911 -3.242714 -2.9e-05 -18.787638 -4e-05 -0.429721 -8.456237 2.555521 -1e-06 -1e-06 -1e-06 -15.923809 -20.094778 -5.473561 30.419664 -7.190862 1.735991 -8e-06 -8.163069 -2.8e-05 -1.861951 -22.862043 -6.168175 2e-06 0.0 -1e-06 -162.186493 6.434326 -4.790199 13.787348 -0.140413 0.334295 -82.696793 6.465473 2.682142 -16.606541 1.821466 2.058535 -1.0 0.0 -0.0 -25.853266 -5.807486 -6.676022 2.996697 0.155162 0.2139 -67.882568 2.955247 -6.9969 -11.684237 1.057199 1.489 -1.000005 -0.0 0.0 
0.0 0.0 0.0 0.0 -0.0 0.0 11.028438 95.749435 77.695312 92.717628 -1.322502 97.323349 1.274405 -2.852495 -0.265969 -10.366479 -1.143956 -1.410835 15.477317 0.163634 -3.633955 14.137066 0.441628 2.455359 -2.361234 -0.935054 -0.995423 -37.687698 -1.546026 -1.527865 5e-06 0.0 -0.0 0.048494 0.033539 0.03752 0.090321 0.032623 0.030645 0.128447 0.034136 0.050662 -123.740364 -75.807755 139.163315 45.78894 -49.234455 -0.873101 38.255169 0.031867 -0.188849 -2.647578 5.273696 1.659812 17.636709 -26.322803 52.411354 -19.466785 -14.39568 29.410542 1e-05 -8.774904 -6e-06 15.658308 -18.19977 6.273612 -0.609781 -1.795664 -3.889341 -4.807134 -11.046887 -2.937865 -1.4e-05 -20.9762 -9e-06 -5.020041 -25.033869 -4.031948 8e-06 2e-06 -1e-06 -10.634599 -5.687015 -3.565595 10.57333 -17.923059 -3.11392 -1e-05 -13.82133 -9e-06 -0.501791 -31.181908 -4.027098 -11.271386 -59.718361 7.092554 -13.9828 -7.150251 -2.87504 13.772816 -8.40153 -3.218259 0.347713 -34.211891 0.771634 -0.963048 -17.733591 2.621037 -1e-06 -2e-06 -0.0 -17.346546 -20.095346 -4.201777 21.757717 -1.638359 3.866456 -7e-06 -6.338878 -4e-06 -1.697623 -22.59203 -6.194104 -2e-06 -2e-06 -3e-06 53.893288 -73.796387 143.387009 27.953566 -59.706112 14.600209 28.1611 0.08648 0.129497 -1.938825 -3.036257 8.25774 22.182266 -20.375931 49.933456 -16.701923 -16.743628 28.476652 1.6e-05 -12.690724 -1e-05 16.200865 -17.467197 2.191684 -0.105921 -1.513866 -4.275894 -5.039091 -5.612925 -2.953568 -1.1e-05 -11.02064 -0.0 -6.111398 -15.895565 -3.840517 0.0 0.0 1e-06 -10.283444 -5.680337 -4.341847 11.028368 -11.302478 -2.372645 -1.384305 -14.238736 -6.320181 -0.625465 -26.924572 -3.82768 -3.648872 -49.868233 -4.490006 -13.708624 -7.363542 -3.720946 18.141277 -14.052827 -3.242692 -1.1e-05 -18.787472 -2.4e-05 -0.429717 -8.456161 2.55552 3e-06 -0.0 1e-06 -15.923679 -20.094637 -5.47358 30.419447 -7.190842 1.735967 -2e-06 -8.163003 -1.3e-05 -1.861924 -22.861797 -6.168073 4e-06 -4e-06 -1e-06 -163.968201 2.613294 -8.043331 20.343599 -0.304231 0.5408 -79.048981 8.915821 3.462425 -24.189266 1.938919 1.946395 -1.000007 0.0 0.0 -26.384153 -2.680363 -6.043222 6.88691 0.091302 0.12983 -62.815052 3.222842 -4.812014 -11.852882 1.08659 1.519102 -1.000008 0.0 0.0 
0.0 0.0 0.0 0.0 -0.0 0.0 10.899514 96.05098 82.88134 90.412964 -1.755563 96.89817 0.67778 -1.367353 -0.198408 -10.577668 -0.866076 -1.548356 15.160132 1.040204 -3.521463 14.082042 0.036665 2.501704 -2.455617 -1.05626 -0.733075 -37.181873 -1.599826 -1.205835 7e-06 0.0 -0.0 0.023469 0.021477 0.00099 0.030102 0.047354 -0.019513 0.058879 -0.002902 0.027433 -125.227341 -75.058006 140.638794 43.696663 -50.486435 1.804502 36.317654 0.105918 -0.220826 -2.868451 4.693734 2.460015 17.63669 -26.322847 52.41143 -19.466805 -14.395671 29.410576 1e-06 -8.774887 -0.0 15.889137 -18.048639 6.076038 -0.609777 -1.795663 -3.889346 -4.80712 -11.046887 -2.937871 4e-06 -20.9762 -1.8e-05 -5.020002 -25.033855 -4.031944 6e-06 2e-06 -3e-06 -10.634583 -5.687005 -3.5656 10.573337 -17.923071 -3.113934 5e-06 -13.821334 -1.4e-05 -0.501744 -31.181913 -4.0271 -10.982971 -59.686878 6.890185 -13.982781 -7.150241 -2.875047 13.772809 -8.401545 -3.218267 0.347748 -34.211884 0.771622 -0.96303 -17.733574 2.621033 2e-06 -2e-06 2e-06 -17.34651 -20.095339 -4.201793 21.757685 -1.638376 3.866445 -0.0 -6.338878 -6e-06 -1.697588 -22.592022 -6.194108 -1e-06 -4e-06 -4e-06 52.321198 -74.154076 144.789078 28.49365 -59.52417 14.490422 26.769711 -0.103423 0.072261 -2.492213 -3.448009 7.973021 22.182257 -20.37608 49.933704 -16.702036 -16.743685 28.476862 -2e-05 -12.690748 9e-06 16.078308 -17.4779 2.193491 -0.105918 -1.513869 -4.275914 -5.039081 -5.612931 -2.953588 1.5e-05 -11.020688 -7e-06 -6.111358 -15.895641 -3.840542 0.0 -1e-06 -3e-06 -10.283437 -5.680331 -4.34187 11.028402 -11.302534 -2.372669 -1.384262 -14.23879 -6.320216 -0.625394 -26.924734 -3.827696 -3.666188 -49.669609 -4.480867 -13.708615 -7.36353 -3.720965 18.141329 -14.052902 -3.242731 2.6e-05 -18.787548 -1.1e-05 -0.429713 -8.456203 2.555545 1e-06 1e-06 1e-06 -15.923644 -20.094648 -5.473624 30.419487 -7.190913 1.735916 9e-06 -8.163042 -4e-06 -1.861883 -22.861914 -6.168069 -1e-06 -4e-06 -2e-06 -166.804459 -1.272127 -10.447607 29.200151 -0.361714 0.640752 -72.099632 9.890724 4.516068 -32.807419 2.079302 1.829458 -1.000005 -0.0 0.0 -26.727766 0.198428 -5.537681 11.442548 0.054597 -0.025384 -59.572617 2.80297 -2.925265 -10.512611 1.001083 1.551231 -1.000005 0.0 0.0 
0.0 0.0 0.0 0.0 -0.0 0.0 10.767243 96.620224 88.04216 88.922173 -1.402282 96.225349 0.727773 -0.368755 -0.091648 -10.573932 -0.648593 -1.58328 14.889037 1.587482 -3.349902 14.320808 -0.116891 2.56373 -2.405838 -0.955827 -0.621711 -37.218231 -1.525372 -1.097589 6e-06 0.0 -0.0 0.017069 0.049724 0.074968 0.046643 0.089038 0.068633 0.07284 0.010627 0.085967 -122.91935 -75.09288 138.589462 42.887829 -52.700027 3.288885 33.683647 0.318976 -0.110543 -3.290425 3.964944 2.501532 17.636787 -26.323034 52.411793 -19.466965 -14.395797 29.410818 8e-06 -8.774981 0.0 15.992025 -18.075132 5.991573 -0.609783 -1.795676 -3.88937 -4.807171 -11.046977 -2.93789 -1.4e-05 -20.976406 -1.7e-05 -5.020094 -25.034147 -4.031996 4e-06 2e-06 -0.0 -10.63466 -5.687049 -3.565617 10.573419 -17.923204 -3.113962 -7e-06 -13.821456 -1.5e-05 -0.501778 -31.182259 -4.027158 -10.907298 -59.576263 6.805419 -13.982882 -7.150295 -2.875056 13.772923 -8.401595 -3.218302 0.347721 -34.212231 0.771638 -0.963057 -17.733767 2.621057 1e-06 -3e-06 -3e-06 -17.346653 -20.095482 -4.201808 21.757881 -1.638376 3.866476 -4e-06 -6.338935 -4e-06 -1.697631 -22.592278 -6.194179 -0.0 -5e-06 -4e-06 52.894604 -75.191399 144.195343 30.332409 -60.063366 12.795141 26.155174 -0.257647 0.133255 -2.944763 -3.566237 7.040295 22.182352 -20.376059 49.933758 -16.702072 -16.743738 28.476871 8e-06 -12.690817 -6e-06 16.184252 -17.59243 2.193509 -0.10592 -1.513875 -4.275924 -5.039116 -5.612957 -2.953588 -5e-06 -11.020711 -1.4e-05 -6.111432 -15.895682 -3.840554 1e-06 0.0 1e-06 -10.283494 -5.680365 -4.341867 11.028443 -11.302553 -2.372677 -1.384304 -14.238836 -6.320231 -0.62544 -26.924799 -3.82773 -3.795285 -49.511002 -4.409208 -13.708688 -7.363575 -3.720958 18.141403 -14.052922 -3.242739 6e-06 -18.787605 -3.2e-05 -0.429714 -8.456221 2.55554 1e-06 0.0 -3e-06 -15.923757 -20.094744 -5.473614 30.419641 -7.190898 1.735952 2e-06 -8.163057 -1.6e-05 -1.861919 -22.861982 -6.168132 -2e-06 0.0 -4e-06 -170.781036 -4.752161 -11.732481 40.475857 -0.404317 0.669347 -61.068695 10.215537 5.041558 -36.411263 2.036825 1.824744 -1.000002 0.0 -0.0 -25.652794 2.207776 -5.616099 15.741168 0.16089 -0.173286 -60.62711 2.78795 -0.584734 -8.812033 0.927749 1.58627 -1.000006 -0.0 0.0 
0.0 0.0 0.0 0.0 -0.0 0.0 10.591604 97.215363 92.930672 87.822105 -0.762266 96.030777 1.047751 0.32144 0.010037 -10.425176 -0.542537 -1.433342 14.739224 2.034594 -3.343499 14.534409 0.1423 2.386142 -2.384625 -0.783548 -0.476501 -37.261116 -1.408065 -0.73695 7e-06 -0.0 0.0 0.01337 0.066623 0.125283 0.0607 0.100142 0.115408 0.100688 0.031001 0.135879 -121.842857 -74.953819 137.721512 42.02142 -54.146275 4.905867 31.396156 0.245378 -0.087427 -3.814253 3.181664 3.505847 17.63682 -26.323069 52.411819 -19.467005 -14.39581 29.41086 1e-06 -8.774993 1e-06 16.106882 -17.907904 5.981585 -0.609783 -1.795678 -3.889373 -4.807165 -11.046986 -2.937897 6e-06 -20.97644 -1.7e-05 -5.020075 -25.034193 -4.031995 6e-06 -2e-06 -3e-06 -10.634666 -5.687048 -3.565623 10.573446 -17.923235 -3.113971 6e-06 -13.821482 -1e-05 -0.501751 -31.182337 -4.027153 -10.967336 -59.618668 6.935261 -13.982889 -7.150299 -2.875064 13.772946 -8.40162 -3.218305 0.347754 -34.21233 0.771646 -0.963046 -17.733831 2.621078 1e-06 -1e-06 1e-06 -17.346657 -20.09549 -4.201811 21.7579 -1.638392 3.866477 1e-06 -6.338944 -5e-06 -1.697608 -22.59231 -6.194187 0.0 -3e-06 0.0 52.93882 -75.606079 143.882248 31.786716 -59.990242 11.556731 26.705051 -0.293947 0.161951 -2.71367 -3.511914 6.014271 22.182405 -20.376093 49.9338 -16.702082 -16.743752 28.476896 1.1e-05 -12.690841 -9e-06 16.260624 -17.526791 2.217908 -0.105921 -1.513877 -4.275919 -5.039127 -5.61297 -2.953591 -9e-06 -11.020745 -7e-06 -6.111454 -15.895744 -3.840563 2e-06 -1e-06 2e-06 -10.283507 -5.680374 -4.341872 11.028459 -11.302573 -2.372676 -1.384312 -14.238877 -6.32024 -0.625451 -26.92491 -3.827733 -3.899056 -49.594028 -4.220096 -13.708708 -7.363587 -3.720962 18.141428 -14.052949 -3.242731 2e-06 -18.787655 -2.8e-05 -0.429715 -8.456248 2.555549 0.0 -2e-06 -2e-06 -15.923779 -20.094778 -5.473619 30.419682 -7.190912 1.735968 -0.0 -8.163083 -1.6e-05 -1.861929 -22.862055 -6.168155 1e-06 -2e-06 -2e-06 -176.04303 -7.941433 -11.082126 52.396961 -0.425929 0.450826 -51.570515 10.22171 3.128424 -22.556316 1.700905 1.921383 -1.000006 1e-06 0.0 -23.55826 3.808713 -6.069991 19.296795 0.1305 -0.096328 -65.830254 2.327431 0.963302 -7.96902 0.842595 1.630701 -1.000007 0.0 -0.0 
0.0 0.0 0.0 0.0 -0.0 0.0 10.554877 97.948372 97.537476 87.28289 -0.232878 96.036606 1.2787 0.711562 0.143016 -10.321771 -0.486785 -1.198947 14.825599 2.112048 -3.254828 14.675886 0.556797 2.166079 -2.413474 -0.693671 -0.481498 -37.205975 -1.260204 -0.672817 8e-06 -0.0 -0.0 0.002744 0.049589 0.083023 0.068313 0.069138 0.07577 0.118902 0.026879 0.090015 -122.359825 -74.33522 138.717911 41.200966 -54.566864 6.296122 29.777109 0.198629 0.009393 -4.521992 2.48995 4.744035 17.636721 -26.322971 52.41161 -19.466915 -14.395744 29.410736 -3e-06 -8.774937 8e-06 16.359037 -17.842432 5.951481 -0.609778 -1.79567 -3.889357 -4.807136 -11.046938 -2.937883 7e-06 -20.976351 -1.2e-05 -5.020051 -25.034092 -4.031964 8e-06 -1e-06 -0.0 -10.634607 -5.687017 -3.565611 10.573392 -17.923161 -3.113957 6e-06 -13.821424 -6e-06 -0.501761 -31.182205 -4.027124 -11.357203 -59.768002 7.300973 -13.982811 -7.150257 -2.875056 13.772873 -8.401588 -3.218294 0.347747 -34.212154 0.771646 -0.963044 -17.733744 2.621064 -1e-06 -1e-06 1e-06 -17.346546 -20.095388 -4.201802 21.757776 -1.638391 3.866448 0.0 -6.338919 -2e-06 -1.697599 -22.592222 -6.194149 0.0 -4e-06 -2e-06 51.74152 -75.484291 144.981842 33.383472 -58.98402 10.318179 27.998325 -0.281702 0.106036 -2.317078 -2.895837 5.16029 22.182236 -20.37611 49.93367 -16.702 -16.743687 28.476828 -2.7e-05 -12.690735 1.4e-05 16.291895 -17.490732 2.304221 -0.105917 -1.513864 -4.275912 -5.039072 -5.612912 -2.953582 2.2e-05 -11.02065 -4e-06 -6.11134 -15.895563 -3.840528 -0.0 -0.0 -1e-06 -10.283422 -5.680312 -4.341871 11.028396 -11.30251 -2.372665 -1.384251 -14.238736 -6.320192 -0.625386 -26.924627 -3.827649 -3.946499 -49.762295 -4.08131 -13.708592 -7.363507 -3.720968 18.141321 -14.052878 -3.242724 2.9e-05 -18.7875 1.4e-05 -0.429715 -8.456185 2.555558 2e-06 -2e-06 -2e-06 -15.923608 -20.094593 -5.47362 30.419451 -7.190915 1.735909 9e-06 -8.163026 7e-06 -1.861898 -22.861841 -6.168009 3e-06 -3e-06 -0.0 178.415146 -9.445215 -9.687859 62.075726 -0.434844 0.294385 -49.989235 6.167654 1.115448 -11.850814 1.586321 2.126456 -1.0 0.0 -1e-06 -20.082373 4.853878 -6.217404 19.66584 0.016483 -0.094625 -69.275139 2.030291 1.964906 -7.581992 0.792587 1.646426 -1.000004 -0.0 -0.0 
0.0 0.0 0.0 0.0 -0.0 0.0 10.670348 98.873871 102.007469 87.558746 0.189374 95.75444 1.413406 0.784397 0.316972 -10.244927 -0.509756 -0.851825 14.909385 1.6177 -2.934242 15.077231 1.01521 2.136558 -2.396954 -0.708853 -0.651024 -36.975384 -1.214952 -0.781563 6e-06 -0.0 0.0 0.009631 0.022402 0.01752 0.071673 0.02203 0.012278 0.117655 0.019993 0.022925 -121.767059 -73.65638 138.517883 39.793839 -55.203182 7.060643 29.468195 0.065999 0.112944 -4.963331 2.410853 5.247141 17.636866 -26.323195 52.411907 -19.467062 -14.395844 29.410917 -5e-06 -8.775014 2e-06 16.504969 -17.869076 5.858874 -0.609783 -1.79568 -3.88938 -4.80717 -11.047025 -2.937893 6e-06 -20.976545 1e-05 -5.020112 -25.034338 -4.031964 6e-06 -2e-06 -1e-06 -10.634677 -5.687056 -3.565628 10.573474 -17.923307 -3.113968 4e-06 -13.821548 1e-06 -0.501783 -31.182518 -4.027122 -11.582788 -59.727341 7.382959 -13.982907 -7.150306 -2.875067 13.772975 -8.401656 -3.218307 0.347741 -34.212498 0.77168 -0.96306 -17.733925 2.621101 2e-06 1e-06 -1e-06 -17.346672 -20.095535 -4.201807 21.757933 -1.638407 3.866479 3e-06 -6.338977 -2e-06 -1.697612 -22.592455 -6.194182 -0.0 -4e-06 -2e-06 50.777512 -75.523666 145.97641 35.669521 -57.961758 8.436056 29.152517 -0.273396 0.091222 -1.873088 -1.87188 4.7109 22.182409 -20.376223 49.933975 -16.702221 -16.743843 28.477091 -2.5e-05 -12.690886 1.6e-05 16.333084 -17.536741 2.381288 -0.105916 -1.513882 -4.27594 -5.039122 -5.612978 -2.953603 2.2e-05 -11.020797 -1e-05 -6.111424 -15.895805 -3.840565 1e-06 -0.0 -0.0 -10.283514 -5.680373 -4.341888 11.028515 -11.302638 -2.3727 -1.384271 -14.238936 -6.320267 -0.625395 -26.92507 -3.827726 -4.052773 -49.819813 -4.063323 -13.70872 -7.363584 -3.720974 18.14152 -14.05304 -3.242777 3.7e-05 -18.787752 -2e-05 -0.429711 -8.456302 2.555572 -0.0 -1e-06 -0.0 -15.923767 -20.094805 -5.473641 30.419788 -7.190989 1.73591 1.3e-05 -8.163125 -1.1e-05 -1.861889 -22.862188 -6.168146 1e-06 0.0 -1e-06 173.246124 -9.281813 -8.977152 67.946663 -0.255419 0.228567 -54.636814 1.050953 0.811638 -10.661946 1.582225 2.179582 -1.000006 -0.0 -1e-06 -15.405066 5.106395 -5.624865 17.42783 -0.012207 -0.101252 -71.243217 2.107573 2.387541 -7.392137 0.821075 1.659466 -1.000007 0.0 -0.0 
0.0 0.0 0.0 0.0 -0.0 0.0 10.864985 99.667488 106.512573 88.148376 0.602114 95.08345 1.604592 0.793462 0.545697 -10.151974 -0.53022 -0.384058 14.802507 0.860149 -2.474926 15.77881 1.23918 2.221745 -2.402724 -0.726055 -0.818014 -36.612782 -1.246432 -1.024705 6e-06 0.0 -0.0 0.028533 0.008696 -0.020135 0.064168 -0.010432 -0.023951 0.097865 0.025043 -0.016016 -119.41922 -73.086151 136.263077 37.400867 -56.354572 8.229878 30.738211 -0.100876 0.151859 -4.780863 2.645146 4.843513 17.636866 -26.32303 52.411587 -19.467043 -14.395823 29.41077 -2.2e-05 -8.774994 2e-06 16.451145 -17.970694 5.79524 -0.609776 -1.795678 -3.889363 -4.807142 -11.046981 -2.937884 5.4e-05 -20.976458 -6e-06 -5.02004 -25.034195 -4.031947 3e-06 0.0 5e-06 -10.634653 -5.687028 -3.56561 10.573487 -17.923264 -3.113973 3.7e-05 -13.821488 -5e-06 -0.501708 -31.182348 -4.027091 -11.601604 -59.617268 7.202775 -13.982875 -7.150266 -2.875049 13.772964 -8.401651 -3.218304 0.347834 -34.21233 0.771641 -0.963011 -17.733829 2.621098 2e-06 -0.0 -2e-06 -17.346617 -20.095451 -4.201792 21.757896 -1.638438 3.866454 1.6e-05 -6.338951 -6e-06 -1.697567 -22.592329 -6.194149 1e-06 -6e-06 1e-06 51.101143 -76.1679 145.482132 38.056408 -57.438107 6.52677 30.356178 -0.349306 0.08421 -1.381529 -0.94279 4.122542 22.182377 -20.376101 49.933739 -16.702221 -16.74378 28.476973 -4.8e-05 -12.690845 9e-06 16.299412 -17.579927 2.41473 -0.105911 -1.513882 -4.275926 -5.039101 -5.612961 -2.953592 3.9e-05 -11.020763 -2.1e-05 -6.11137 -15.895744 -3.840565 -0.0 -1e-06 -1e-06 -10.283484 -5.680348 -4.341872 11.0285 -11.302623 -2.3727 -1.384237 -14.238884 -6.320249 -0.625327 -26.924957 -3.827715 -4.136179 -49.714378 -4.112154 -13.708678 -7.363552 -3.72097 18.141489 -14.053024 -3.24278 7.8e-05 -18.787674 -3.4e-05 -0.429688 -8.456258 2.555556 0.0 0.0 -1e-06 -15.923701 -20.094738 -5.473629 30.419695 -7.191016 1.735897 3e-05 -8.163095 -2.1e-05 -1.861826 -22.86208 -6.168128 1e-06 -3e-06 -3e-06 168.812836 -8.440105 -9.1201 69.695618 -0.081852 0.167538 -59.053043 -2.441094 1.150963 -10.76077 1.592368 2.191908 -1.000003 1e-06 0.0 -10.265042 4.986022 -4.530801 14.286436 0.030815 -0.119481 -72.681305 2.462409 2.512232 -7.246155 0.831595 1.661558 -1.000007 1e-06 0.0 
0.0 0.0 0.0 0.0 -0.0 0.0 11.047409 100.088051 110.962883 88.553421 1.02542 94.164383 1.856979 0.945605 0.764565 -10.02152 -0.465308 0.188888 14.610118 0.149669 -1.964395 16.475458 1.099351 2.353586 -2.429065 -0.69852 -1.059348 -36.258255 -1.233871 -1.261474 5e-06 -0.0 -0.0 0.04712 0.001772 -0.050012 0.064949 -0.031085 -0.053512 0.085542 0.031153 -0.045959 -116.928398 -72.424202 133.779907 34.541187 -57.326092 10.345633 32.789318 -0.166373 0.139861 -4.326748 2.87473 4.032464 17.636639 -26.322783 52.411308 -19.466753 -14.395635 29.410519 -3e-06 -8.774862 -2e-06 16.334551 -18.071316 5.801013 -0.609776 -1.795659 -3.889334 -4.807099 -11.046853 -2.937869 1.3e-05 -20.976147 -8e-06 -5.019977 -25.033785 -4.031926 7e-06 3e-06 0.0 -10.634547 -5.686985 -3.565594 10.573308 -17.923023 -3.113921 8e-06 -13.821295 -3e-06 -0.501753 -31.181826 -4.027067 -11.601027 -59.599308 7.053763 -13.982732 -7.150214 -2.875047 13.772767 -8.401525 -3.218258 0.347747 -34.211784 0.771644 -0.963034 -17.733541 2.621046 -1e-06 -0.0 0.0 -17.346441 -20.095266 -4.201788 21.757618 -1.63838 3.866431 4e-06 -6.338861 -2e-06 -1.697572 -22.591953 -6.194081 -1e-06 -2e-06 -1e-06 52.173557 -77.233131 144.134796 40.345016 -56.863632 5.185372 31.99357 -0.377082 0.085577 -0.799528 -0.301512 3.1734 22.182121 -20.375946 49.933392 -16.701893 -16.743597 28.476639 -2.5e-05 -12.69065 1.5e-05 16.237803 -17.596485 2.446819 -0.105917 -1.513859 -4.275887 -5.039045 -5.61288 -2.953563 2.1e-05 -11.020572 -2e-06 -6.111293 -15.895427 -3.840497 -0.0 0.0 1e-06 -10.283381 -5.680289 -4.341836 11.028337 -11.30244 -2.372652 -1.384247 -14.238632 -6.32015 -0.625388 -26.924381 -3.827612 -4.21178 -49.531044 -4.111716 -13.708542 -7.363476 -3.720942 18.141222 -14.052788 -3.242703 2.9e-05 -18.787354 4e-06 -0.429708 -8.456105 2.555533 -1e-06 0.0 -3e-06 -15.923548 -20.094498 -5.473586 30.419304 -7.190867 1.735897 1.2e-05 -8.16296 1e-06 -1.861877 -22.861616 -6.167959 -2e-06 -2e-06 -1e-06 164.961487 -7.777684 -9.740535 68.111298 0.066372 0.065547 -62.445061 -3.719747 1.319583 -11.101595 1.619905 2.183456 -1.000002 -0.0 -0.0 -5.33284 4.950573 -3.26204 11.40775 0.070656 -0.142828 -74.243355 2.761756 2.519192 -7.232896 0.799751 1.655089 -1.000004 -0.0 0.0 
0.0 0.0 0.0 0.0 -0.0 0.0 11.234081 100.106857 115.305305 88.575325 1.365751 93.221962 2.078329 1.310352 0.907874 -9.897014 -0.332058 0.744888 14.487784 -0.346955 -1.482169 16.867109 0.642075 2.46604 -2.456969 -0.671327 -1.197735 -35.984169 -1.231306 -1.452132 5e-06 0.0 -0.0 0.065101 -0.009744 -0.092851 0.087814 -0.045554 -0.093724 0.095376 0.021662 -0.090495 -116.018677 -71.561203 132.988937 32.152122 -57.565765 12.410906 34.342659 -0.195412 0.106444 -4.056155 3.138962 3.496372 17.636818 -26.322935 52.411541 -19.466967 -14.395777 29.410734 1.7e-05 -8.774989 -4e-06 16.25857 -18.12945 5.861802 -0.609784 -1.79568 -3.889359 -4.807184 -11.047002 -2.937878 -3.4e-05 -20.976461 -1.8e-05 -5.020134 -25.034266 -4.032012 7e-06 -0.0 -2e-06 -10.634665 -5.687058 -3.5656 10.573415 -17.923223 -3.113963 -1.4e-05 -13.821486 -2.3e-05 -0.501796 -31.182371 -4.027194 -11.637145 -59.621113 7.12198 -13.982887 -7.150307 -2.87504 13.772929 -8.4016 -3.218294 0.347701 -34.212341 0.771611 -0.963049 -17.733833 2.62103 1e-06 -0.0 -2e-06 -17.346678 -20.095503 -4.201771 21.757902 -1.638361 3.866479 -1e-05 -6.338951 -1.2e-05 -1.697658 -22.592365 -6.194204 -0.0 -4e-06 -1e-06 52.748096 -78.256958 143.335449 42.221756 -55.712357 4.317452 34.174545 -0.38064 0.075088 -0.198452 0.180054 2.263922 22.182318 -20.375927 49.933552 -16.702023 -16.743685 28.476755 1.5e-05 -12.690786 -1.5e-05 16.173954 -17.623949 2.495927 -0.105919 -1.513874 -4.275908 -5.03911 -5.612947 -2.953581 -7e-06 -11.020683 -1.4e-05 -6.111425 -15.895645 -3.840549 -1e-06 -1e-06 4e-06 -10.283472 -5.680357 -4.341851 11.028417 -11.302521 -2.372665 -1.384306 -14.238797 -6.320214 -0.625439 -26.924709 -3.827728 -4.290976 -49.448269 -4.005376 -13.708664 -7.363564 -3.720948 18.141357 -14.052879 -3.242723 4e-06 -18.787544 -4.5e-05 -0.429709 -8.456192 2.555523 3e-06 -4e-06 -2e-06 -15.923724 -20.094702 -5.4736 30.419573 -7.190883 1.735967 4e-06 -8.163033 -2.5e-05 -1.861907 -22.861908 -6.168133 -1e-06 -4e-06 1e-06 161.649429 -7.515607 -10.28016 63.679638 0.207239 -0.117911 -65.229828 -3.360526 1.040023 -11.477728 1.653929 2.163797 -1.000007 1e-06 0.0 -1.048489 5.143068 -2.040294 9.488801 0.077857 -0.14989 -76.26825 2.868595 2.504308 -7.289077 0.753269 1.652901 -1.000005 0.0 0.0 
0.0 0.0 0.0 0.0 -0.0 0.0 11.456689 99.831207 119.547844 88.298088 1.580037 92.387764 2.221575 1.774544 0.944635 -9.815948 -0.171605 1.210154 14.505847 -0.617932 -1.064559 16.922459 0.063823 2.522325 -2.489544 -0.658581 -1.163263 -35.841766 -1.293222 -1.54143 7e-06 0.0 0.0 0.074549 -0.013835 -0.110254 0.113836 -0.052891 -0.106099 0.105739 0.020044 -0.112388 -116.419868 -70.606293 133.625031 30.623016 -57.349808 13.771741 34.899895 -0.165835 0.106222 -4.09339 3.324055 3.10901 17.636793 -26.322971 52.411583 -19.466993 -14.395773 29.41074 -9e-06 -8.774967 1e-06 16.243839 -18.153303 5.922346 -0.609778 -1.795676 -3.889359 -4.807139 -11.046965 -2.937888 3.4e-05 -20.976398 -2.4e-05 -5.020024 -25.03413 -4.031971 9e-06 3e-06 -3e-06 -10.634634 -5.687028 -3.565609 10.573437 -17.923212 -3.11397 2.3e-05 -13.821454 -1.7e-05 -0.501711 -31.182266 -4.027136 -11.606834 -59.672604 7.268512 -13.982848 -7.150271 -2.875054 13.772918 -8.401622 -3.2183 0.347805 -34.212242 0.771608 -0.96301 -17.733788 2.621059 1e-06 -1e-06 -2e-06 -17.34659 -20.095438 -4.2018 21.757837 -1.63841 3.866454 9e-06 -6.33893 -1e-05 -1.697574 -22.592247 -6.194165 0.0 -5e-06 -2e-06 52.381611 -79.064453 143.575333 43.868477 -54.073757 3.381323 36.49902 -0.331204 0.065727 0.35673 0.655197 1.51662 22.182316 -20.376099 49.933681 -16.70204 -16.743734 28.476839 -1.9e-05 -12.690785 6e-06 16.098711 -17.651096 2.533228 -0.105917 -1.513868 -4.275916 -5.039094 -5.612927 -2.953582 1.6e-05 -11.020676 -0.0 -6.111386 -15.8956 -3.840525 -1e-06 1e-06 1e-06 -10.28346 -5.680328 -4.341866 11.028439 -11.302537 -2.372668 -1.384268 -14.23877 -6.320203 -0.62541 -26.924685 -3.827651 -4.336163 -49.41349 -3.872355 -13.708644 -7.363528 -3.72096 18.141382 -14.052903 -3.242726 2.5e-05 -18.78754 4e-06 -0.42971 -8.456195 2.555555 3e-06 -3e-06 0.0 -15.923677 -20.094646 -5.473619 30.419573 -7.190928 1.735923 1e-05 -8.16304 -0.0 -1.861905 -22.861887 -6.168039 0.0 -5e-06 -2e-06 158.930328 -7.408202 -10.339911 56.524437 0.259459 -0.341215 -67.096893 -2.62334 0.376379 -11.766981 1.689224 2.146126 -1.0 0.0 0.0 2.509647 5.497839 -0.896607 8.323285 0.05144 -0.109102 -78.462463 2.74888 2.580037 -7.232353 0.716426 1.653633 -1.000008 0.0 0.0 
0.0 0.0 0.0 0.0 -0.0 0.0 11.724129 99.342171 123.607506 87.840942 1.616592 91.676895 2.260268 2.25101 0.86952 -9.788681 -0.023296 1.588155 14.610051 -0.714978 -0.717948 16.808146 -0.480124 2.52043 -2.512204 -0.648149 -0.977029 -35.880306 -1.4188 -1.531039 5e-06 -0.0 -0.0 0.071303 -0.002255 -0.078325 0.117498 -0.054863 -0.072032 0.095283 0.044524 -0.082805 -117.215622 -69.711479 134.664246 29.772669 -57.133957 14.506087 34.601822 -0.067845 0.146027 -4.352551 3.366115 2.736847 17.636738 -26.322855 52.411392 -19.466856 -14.395688 29.410587 -1e-06 -8.774913 -4e-06 16.255791 -18.138298 5.94629 -0.609779 -1.795668 -3.889344 -4.807129 -11.046917 -2.937873 9e-06 -20.976294 -1.3e-05 -5.020028 -25.033997 -4.031954 7e-06 0.0 -1e-06 -10.634595 -5.68701 -3.565595 10.573364 -17.923119 -3.113939 7e-06 -13.821379 -1.1e-05 -0.501754 -31.18206 -4.027106 -11.563658 -59.744957 7.407106 -13.982797 -7.150249 -2.875046 13.772841 -8.40157 -3.218271 0.347762 -34.212036 0.771629 -0.963025 -17.733671 2.621047 2e-06 -0.0 -0.0 -17.346529 -20.095362 -4.201787 21.757734 -1.638388 3.866454 3e-06 -6.3389 -5e-06 -1.69759 -22.592133 -6.194124 -2e-06 1e-06 -2e-06 51.415836 -79.73484 144.419113 45.486542 -52.377007 2.091984 38.510063 -0.248748 0.11253 0.814855 1.152686 1.118874 22.182236 -20.375996 49.933628 -16.702044 -16.743687 28.476833 -9e-06 -12.690759 9e-06 16.058006 -17.67848 2.538634 -0.105919 -1.513871 -4.275913 -5.039086 -5.612937 -2.953581 8e-06 -11.020681 -1.6e-05 -6.111378 -15.895637 -3.84055 0.0 -1e-06 -0.0 -10.283441 -5.680334 -4.341859 11.028403 -11.302519 -2.372676 -1.384273 -14.238782 -6.320216 -0.625396 -26.924704 -3.827716 -4.355116 -49.386219 -3.802237 -13.708619 -7.363536 -3.720954 18.141338 -14.05289 -3.242738 2.5e-05 -18.787537 -3.5e-05 -0.429707 -8.456193 2.555532 2e-06 -0.0 3e-06 -15.923651 -20.094648 -5.473617 30.419504 -7.190901 1.73592 6e-06 -8.16303 -1.5e-05 -1.861885 -22.861883 -6.168094 -2e-06 -2e-06 -1e-06 156.880753 -7.246166 -9.801387 46.84095 0.180537 -0.50298 -67.200218 -2.501594 -0.210606 -12.031167 1.755573 2.135368 -1.000001 -1e-06 0.0 5.639019 5.927994 0.18664 7.632491 -0.000464 -0.02527 -80.783569 2.466784 2.823296 -7.051792 0.693217 1.652003 -1.000004 -0.0 0.0 
0.0 0.0 0.0 0.0 -0.0 0.0 12.055294 98.73642 127.607452 87.267876 1.432262 90.975677 2.209068 2.710192 0.788923 -9.800004 0.0922 1.830954 14.670618 -0.665349 -0.414499 16.661625 -0.979232 2.508022 -2.514281 -0.621895 -0.726488 -36.016449 -1.503462 -1.435342 5e-06 -0.0 0.0 0.064939 0.015462 -0.029287 0.096721 -0.043753 -0.024181 0.069053 0.068164 -0.031938 -117.819252 -68.980484 135.436295 29.220715 -57.2304 14.846926 33.814281 0.013906 0.186952 -4.736455 3.271651 2.639488 17.636953 -26.323032 52.411572 -19.467066 -14.395785 29.410761 -1.8e-05 -8.774997 -1.4e-05 16.239414 -18.07629 5.958432 -0.609779 -1.795683 -3.889362 -4.807148 -11.047007 -2.937894 5.4e-05 -20.976509 -1.3e-05 -5.02003 -25.034258 -4.031962 6e-06 2e-06 -1e-06 -10.634667 -5.687043 -3.565615 10.57349 -17.923309 -3.113965 3.9e-05 -13.821525 -1.1e-05 -0.501695 -31.182453 -4.027114 -11.613388 -59.784763 7.526369 -13.982893 -7.150286 -2.875057 13.77297 -8.40167 -3.218291 0.347844 -34.212433 0.771622 -0.962999 -17.733885 2.621093 -0.0 -2e-06 -2e-06 -17.346645 -20.095495 -4.2018 21.757906 -1.638443 3.866486 1.7e-05 -6.338962 -8e-06 -1.697551 -22.592381 -6.194179 1e-06 -5e-06 -1e-06 50.439964 -80.386856 145.152283 47.074062 -51.031757 0.489325 39.995098 -0.200393 0.17114 1.070021 1.554726 1.109326 22.182291 -20.375942 49.933685 -16.702215 -16.743773 28.47694 -2.8e-05 -12.690835 1.4e-05 16.040731 -17.678679 2.535087 -0.105912 -1.513885 -4.275923 -5.039105 -5.612961 -2.953592 2.5e-05 -11.02073 -4.1e-05 -6.111378 -15.895703 -3.840569 -1e-06 1e-06 -0.0 -10.283486 -5.680363 -4.341864 11.028481 -11.302583 -2.37272 -1.384254 -14.238854 -6.320251 -0.62533 -26.924847 -3.827761 -4.360416 -49.367859 -3.817432 -13.708686 -7.363569 -3.720949 18.141462 -14.052966 -3.242798 6.4e-05 -18.7876 -7.5e-05 -0.429685 -8.456214 2.555519 0.0 0.0 0.0 -15.923729 -20.094751 -5.473629 30.419699 -7.190959 1.735883 2.3e-05 -8.163052 -3.8e-05 -1.861827 -22.861958 -6.168169 -2e-06 -3e-06 -2e-06 155.695984 -7.068015 -8.996321 34.621601 0.072875 -0.588197 -65.25367 -3.487936 -0.17477 -12.026395 1.795736 2.114263 -1.000008 -0.0 -0.0 8.80141 6.335878 1.155398 6.424113 -0.060677 0.061211 -82.599541 2.32067 3.19019 -7.024053 0.702504 1.648588 -1.000005 0.0 0.0 
0.0 0.0 0.0 0.0 -0.0 0.0 12.466994 98.003571 131.778351 86.449203 1.171177 90.221428 2.183397 3.26527 0.815016 -9.819934 0.173709 1.889578 14.635692 -0.46681 -0.144739 16.458986 -1.383114 2.538197 -2.526357 -0.598995 -0.608548 -36.22451 -1.41575 -1.165197 5e-06 -0.0 -0.0 0.060335 0.027613 -0.000215 0.046847 -0.020612 -0.002626 0.031656 0.067566 0.005722 -117.498474 -68.548233 135.257172 28.995823 -57.842747 14.80872 32.863857 0.048085 0.164901 -5.236257 3.047576 3.080455 17.636885 -26.323065 52.411629 -19.466961 -14.395786 29.410736 -3e-06 -8.77498 -6e-06 16.150036 -17.9569 6.051403 -0.609781 -1.795677 -3.889362 -4.807159 -11.046983 -2.937879 6e-06 -20.976439 1.4e-05 -5.020095 -25.034176 -4.031944 8e-06 2e-06 1e-06 -10.634659 -5.687038 -3.565609 10.573441 -17.923239 -3.113944 6e-06 -13.821482 5e-06 -0.501787 -31.182331 -4.027091 -11.747307 -59.777496 7.740449 -13.98288 -7.15028 -2.875055 13.772932 -8.401625 -3.218281 0.347743 -34.212299 0.771682 -0.963046 -17.733814 2.621092 1e-06 0.0 -0.0 -17.346642 -20.095472 -4.201788 21.757879 -1.638407 3.866482 4e-06 -6.338947 -0.0 -1.697615 -22.592312 -6.194139 1e-06 -3e-06 -1e-06 50.388103 -81.120819 144.837372 48.688648 -50.257339 -1.404366 41.067326 -0.216459 0.189908 1.028983 1.864197 1.41723 22.18231 -20.376041 49.933819 -16.70212 -16.743725 28.47694 -1.5e-05 -12.690798 1e-06 15.979906 -17.564983 2.54529 -0.105915 -1.513878 -4.275922 -5.0391 -5.612952 -2.953598 1.4e-05 -11.02071 -2.7e-05 -6.111371 -15.895674 -3.840584 -0.0 1e-06 3e-06 -10.283473 -5.680357 -4.341883 11.028449 -11.302557 -2.372699 -1.384263 -14.238827 -6.320253 -0.625358 -26.924788 -3.827759 -4.402434 -49.327118 -3.792257 -13.708669 -7.36356 -3.720973 18.141405 -14.052938 -3.242759 4.3e-05 -18.78758 -4.6e-05 -0.429698 -8.456212 2.555538 -1e-06 -1e-06 -2e-06 -15.923701 -20.094721 -5.47365 30.419607 -7.190936 1.735918 1.4e-05 -8.163047 -1.7e-05 -1.861861 -22.861931 -6.168125 -5e-06 -2e-06 -0.0 155.597015 -7.291874 -8.114924 20.641039 0.030998 -0.566056 -62.789322 -4.251522 -0.031711 -11.517776 1.755283 2.09575 -1.000007 -1e-06 -1e-06 11.254035 6.849518 1.817704 6.640898 -0.109761 0.0923 -84.422447 2.526518 3.564203 -7.402048 0.734224 1.649112 -1.000008 0.0 0.0 
0.0 0.0 0.0 0.0 -0.0 0.0 12.936118 97.161087 136.153336 85.390472 0.871998 89.569786 2.16648 3.885319 0.718262 -9.87637 0.250565 1.957822 14.558081 -0.111981 0.002477 16.108383 -1.572116 2.592091 -2.445583 -0.709207 -0.34103 -36.659801 -1.3039 -0.744363 5e-06 -0.0 -0.0 0.076242 0.04743 0.066859 -0.004122 0.014318 0.046155 -0.00824 0.070705 0.090747 -116.267105 -68.369095 134.251495 29.111048 -58.805096 14.381015 31.941021 0.074006 0.158132 -5.668292 2.677569 3.68417 17.636755 -26.322744 52.411201 -19.466797 -14.395674 29.410475 2e-05 -8.77492 -1e-05 16.140606 -17.907694 6.081051 -0.609781 -1.795669 -3.889333 -4.807155 -11.046919 -2.937855 -3.7e-05 -20.976273 -8e-06 -5.020092 -25.033983 -4.03196 5e-06 -1e-06 -0.0 -10.634614 -5.687027 -3.565581 10.573338 -17.923098 -3.113921 -1.6e-05 -13.821374 -1.9e-05 -0.501813 -31.182051 -4.027131 -11.746991 -59.82127 7.823234 -13.982821 -7.150268 -2.875024 13.77284 -8.401542 -3.218258 0.347697 -34.212013 0.771613 -0.963035 -17.733662 2.621009 2e-06 -1e-06 -1e-06 -17.34659 -20.095383 -4.201745 21.757759 -1.638349 3.866462 -9e-06 -6.338896 -8e-06 -1.697653 -22.592123 -6.194119 1e-06 -5e-06 0.0 51.87196 -81.893272 143.040298 50.385643 -49.921944 -3.452831 41.996414 -0.344522 0.243641 0.864756 2.183079 1.820991 22.182182 -20.375893 49.933578 -16.701963 -16.743618 28.476759 1.8e-05 -12.690718 5e-06 15.944712 -17.533493 2.590583 -0.10592 -1.513866 -4.275903 -5.039088 -5.612937 -2.953583 -1.9e-05 -11.020648 -2.2e-05 -6.111382 -15.8956 -3.840558 3e-06 -0.0 0.0 -10.283435 -5.68035 -4.341854 11.028351 -11.302475 -2.372675 -1.384297 -14.238757 -6.320219 -0.625426 -26.924604 -3.827762 -4.740485 -49.495331 -3.531934 -13.70861 -7.363556 -3.720949 18.141256 -14.052821 -3.242726 -9e-06 -18.787476 -5.5e-05 -0.429719 -8.456156 2.555511 1e-06 0.0 -0.0 -15.923664 -20.094666 -5.473605 30.419422 -7.190819 1.735939 -4e-06 -8.163002 -2.3e-05 -1.861901 -22.861805 -6.168119 -2e-06 -3e-06 -2e-06 155.643097 -8.070964 -6.941859 7.727068 0.059195 -0.374167 -62.634617 -3.381761 -1.399665 -10.798249 1.782893 2.046004 -0.999999 1e-06 -0.0 13.841951 7.4376 1.962836 6.841701 -0.099852 -0.015825 -85.582253 3.231571 3.913259 -8.168574 0.685814 1.647561 -1.000006 0.0 0.0 
0.0 0.0 0.0 0.0 -0.0 0.0 13.528117 96.241325 140.722824 84.385429 0.462221 88.991035 2.013982 4.372382 0.547891 -9.976139 0.345224 2.086932 14.649076 0.364731 0.044976 15.562039 -1.8963 2.605953 -2.455467 -0.738871 -0.017516 -36.901535 -1.147427 -0.405469 6e-06 -0.0 -0.0 0.08964 0.032893 0.041617 -0.009055 -0.011816 0.013023 -0.00075 0.06581 0.072556 -115.808456 -68.234543 133.787704 28.913864 -59.541306 14.451895 30.959246 0.10344 0.13559 -5.77674 2.119996 3.74776 17.636717 -26.322813 52.411346 -19.466713 -14.395682 29.410498 2.4e-05 -8.774905 -1.3e-05 16.140547 -17.943422 6.027577 -0.609784 -1.795659 -3.889338 -4.807152 -11.046877 -2.937852 -5e-05 -20.976179 1.6e-05 -5.020097 -25.03385 -4.031943 7e-06 -2e-06 -0.0 -10.634604 -5.687011 -3.565588 10.573309 -17.923025 -3.113901 -2.9e-05 -13.821317 2e-06 -0.501857 -31.181896 -4.027078 -11.764482 -59.86969 7.712177 -13.982806 -7.150249 -2.875034 13.772812 -8.401501 -3.21825 0.347644 -34.211849 0.771686 -0.963072 -17.733578 2.621039 1e-06 -2e-06 -1e-06 -17.346571 -20.095324 -4.201763 21.757725 -1.638341 3.866467 -1.3e-05 -6.338871 6e-06 -1.697672 -22.592014 -6.19408 -1e-06 -4e-06 0.0 52.689495 -82.282249 142.084351 51.644138 -49.35556 -4.624566 42.897202 -0.415282 0.319071 0.843987 2.127527 1.905616 22.182226 -20.375832 49.933426 -16.701849 -16.743546 28.476582 3.3e-05 -12.690675 -2.1e-05 15.81482 -17.59733 2.656994 -0.105928 -1.513868 -4.275887 -5.039079 -5.61291 -2.95357 -2.5e-05 -11.020585 -1.6e-05 -6.111375 -15.895492 -3.840539 1e-06 0.0 -3e-06 -10.283422 -5.680336 -4.341848 11.028315 -11.302426 -2.372635 -1.384311 -14.238672 -6.320178 -0.625454 -26.924404 -3.827711 -4.72323 -49.50642 -3.560725 -13.708594 -7.363538 -3.720948 18.141195 -14.052756 -3.242673 -2.1e-05 -18.787373 -3.8e-05 -0.429712 -8.456104 2.555503 1e-06 0.0 -0.0 -15.923654 -20.094608 -5.473593 30.419331 -7.190795 1.735987 -9e-06 -8.16296 -1.6e-05 -1.861922 -22.861647 -6.16807 -3e-06 -1e-06 -0.0 154.700226 -9.0478 -6.210879 0.016369 0.079892 -0.208651 -64.928345 -1.554359 -5.213064 -10.729766 1.879692 1.92981 -1.000002 0.0 -0.0 16.387533 7.790041 1.751148 7.051055 -0.072034 -0.075779 -86.100845 4.60998 3.795961 -9.347491 0.649942 1.619011 -1.000004 0.0 0.0 
0.0 0.0 0.0 0.0 -0.0 0.0 14.236871 95.494514 145.449936 83.998306 0.054809 88.54142 1.87636 4.432172 0.491252 -10.07694 0.388983 2.143988 14.801339 0.579731 0.021789 14.892094 -2.112141 2.521207 -2.411117 -0.643231 0.193988 -37.182896 -0.917963 -0.091458 6e-06 -0.0 -0.0 0.090891 0.012051 -0.005927 0.0199 -0.023571 -0.026474 0.028969 0.035096 0.017877 -116.285446 -68.159828 134.241943 28.561295 -59.610126 14.913681 30.169199 0.033112 0.097392 -5.783906 1.698802 3.407249 17.636816 -26.322901 52.411343 -19.466925 -14.395684 29.410587 -1.7e-05 -8.77492 -7e-06 16.161291 -17.921335 5.965346 -0.609775 -1.795673 -3.889345 -4.807111 -11.046937 -2.937875 4.8e-05 -20.976353 -9e-06 -5.01999 -25.034046 -4.031923 8e-06 1e-06 -0.0 -10.634597 -5.687007 -3.565598 10.573404 -17.923185 -3.113945 3.2e-05 -13.821417 -9e-06 -0.501708 -31.182146 -4.027084 -11.590667 -59.931904 7.553377 -13.982797 -7.150243 -2.87505 13.772863 -8.401619 -3.218271 0.347831 -34.212143 0.771621 -0.962992 -17.733723 2.621063 0.0 -0.0 0.0 -17.346516 -20.095385 -4.201792 21.757742 -1.638428 3.866456 1.6e-05 -6.338919 -8e-06 -1.697544 -22.592197 -6.19412 -0.0 -3e-06 -2e-06 52.175087 -82.347885 142.638947 52.354 -48.925453 -5.034927 43.624027 -0.261607 0.449573 1.168508 1.930728 1.569735 22.182163 -20.375999 49.933601 -16.702074 -16.743725 28.476852 -3.7e-05 -12.690743 3e-05 15.804845 -17.660498 2.665256 -0.10591 -1.51387 -4.275912 -5.039064 -5.612911 -2.953577 3.2e-05 -11.020645 -2.2e-05 -6.111311 -15.89555 -3.84053 2e-06 -0.0 -1e-06 -10.283422 -5.680314 -4.341856 11.028419 -11.302514 -2.372694 -1.384229 -14.238738 -6.320203 -0.625323 -26.924608 -3.827688 -4.616532 -49.526203 -3.613671 -13.708598 -7.363501 -3.720947 18.141352 -14.05288 -3.242768 5.4e-05 -18.787479 -2.3e-05 -0.429699 -8.456163 2.555531 1e-06 -1e-06 -1e-06 -15.923604 -20.094587 -5.473612 30.419498 -7.190927 1.735852 1.9e-05 -8.163005 -7e-06 -1.861853 -22.861788 -6.168036 -1e-06 -2e-06 -1e-06 153.011917 -9.428013 -6.486872 -1.058543 0.082827 -0.006067 -67.385208 -0.554185 -8.85793 -10.808319 1.915135 1.851859 -0.999998 0.0 1e-06 17.825224 7.440135 0.910278 9.239644 -0.129784 -0.05741 -85.98542 6.155685 3.581446 -11.470324 0.686818 1.575201 -1.000006 0.0 0.0 
0.0 0.0 0.0 0.0 -0.0 0.0 15.067988 95.081749 150.312225 84.91674 -0.605578 88.309898 1.391483 3.596882 0.506529 -10.267182 0.328493 2.223065 14.850259 0.317449 -0.126266 14.353374 -2.005694 2.551425 -2.345958 -0.649223 0.285935 -36.801575 -0.675867 -0.038793 7e-06 -0.0 -0.0 0.078661 0.010498 -0.015427 -0.008479 -0.010799 -0.034559 -0.002181 0.020565 0.006645 -117.748764 -67.983955 135.633316 27.564917 -58.924992 16.040943 29.660568 -0.133993 0.028496 -5.916918 1.415314 3.61958 17.636965 -26.32313 52.411781 -19.467146 -14.395864 29.4109 -4e-06 -8.77505 -6e-06 16.282938 -18.018194 5.966185 -0.609782 -1.79569 -3.889376 -4.807188 -11.047061 -2.937897 2.2e-05 -20.976614 -1.9e-05 -5.020103 -25.03442 -4.032013 9e-06 -0.0 -0.0 -10.634716 -5.687075 -3.565614 10.573524 -17.92337 -3.113995 2e-05 -13.821596 -2.1e-05 -0.501727 -31.182665 -4.027188 -11.661053 -59.93153 7.54737 -13.982954 -7.150327 -2.875056 13.773033 -8.401686 -3.218318 0.347798 -34.212627 0.771607 -0.963016 -17.733992 2.621076 2e-06 -1e-06 0.0 -17.346745 -20.095596 -4.201796 21.758024 -1.638418 3.866494 8e-06 -6.338996 -1.1e-05 -1.697605 -22.592537 -6.194233 -0.0 -4e-06 -1e-06 49.339649 -81.806961 145.630447 52.092854 -48.924522 -4.395854 43.623974 0.056627 0.497907 1.571462 1.852466 1.219925 22.182362 -20.376074 49.93404 -16.702272 -16.743858 28.477146 -3e-06 -12.69092 1.9e-05 15.977734 -17.650126 2.642506 -0.105916 -1.51389 -4.27595 -5.039144 -5.613001 -2.953611 0.0 -11.020799 -4.1e-05 -6.111459 -15.895846 -3.840621 3e-06 1e-06 -3e-06 -10.283539 -5.680402 -4.341887 11.028521 -11.30262 -2.37273 -1.384288 -14.238948 -6.32031 -0.625373 -26.925037 -3.827838 -4.646683 -49.600941 -3.640529 -13.708753 -7.363622 -3.720974 18.141535 -14.053001 -3.242818 2.6e-05 -18.78772 -7.8e-05 -0.429707 -8.456275 2.555536 -0.0 -1e-06 1e-06 -15.923826 -20.094864 -5.473658 30.419846 -7.190942 1.735905 6e-06 -8.163106 -3.3e-05 -1.86189 -22.862158 -6.168243 0.0 -4e-06 -1e-06 152.881241 -8.22327 -7.340654 0.592426 0.130212 0.138547 -66.691299 0.368667 -9.694957 -11.4454 1.955462 1.892906 -1.0 -0.0 0.0 18.021984 5.70177 -0.313839 13.142825 -0.197305 0.069065 -84.489983 7.217796 3.504425 -15.259664 0.820637 1.54158 -1.000009 -0.0 0.0 
0.0 0.0 0.0 0.0 -0.0 0.0 15.949854 95.077553 155.181152 87.312325 -1.738883 88.3274 0.415518 1.7627 0.405245 -10.570069 0.128835 2.426356 14.792161 -0.43442 -0.20598 13.673696 -1.508474 2.588818 -2.385322 -0.656722 0.613665 -35.635189 -0.657833 -0.098958 6e-06 -0.0 -0.0 0.065716 0.006855 -0.037171 0.023428 -0.01872 -0.043846 0.028521 0.022543 -0.029384 -120.493118 -67.624046 138.159485 26.150293 -57.515152 17.776039 29.058771 -0.153487 0.023148 -6.082296 0.973352 3.773729 17.636951 -26.323145 52.411701 -19.467054 -14.395807 29.410805 -1.1e-05 -8.775009 -9e-06 16.378502 -18.019806 5.981584 -0.609782 -1.795682 -3.88937 -4.807162 -11.047027 -2.937887 2.6e-05 -20.976566 1.4e-05 -5.020093 -25.034357 -4.031946 7e-06 0.0 1e-06 -10.63468 -5.687048 -3.565614 10.573485 -17.92333 -3.113955 1.9e-05 -13.821556 6e-06 -0.501762 -31.182529 -4.027098 -11.690734 -60.058846 7.623451 -13.982907 -7.150295 -2.875061 13.772979 -8.401672 -3.218289 0.347789 -34.212528 0.771676 -0.963032 -17.733936 2.621114 2e-06 -2e-06 -1e-06 -17.34667 -20.095526 -4.201796 21.757933 -1.638431 3.866493 1.2e-05 -6.338984 -3e-06 -1.697592 -22.592482 -6.194165 -0.0 -5e-06 -3e-06 43.421806 -80.321594 151.787262 50.251282 -48.961128 -2.534901 42.733932 0.150316 0.444532 2.013651 2.039947 1.298459 22.182325 -20.376009 49.933937 -16.702213 -16.743816 28.47707 6e-06 -12.690879 1.5e-05 15.998479 -17.575399 2.643274 -0.105916 -1.513884 -4.275939 -5.039132 -5.612981 -2.953606 -7e-06 -11.020756 -3.9e-05 -6.111451 -15.895777 -3.840619 0.0 1e-06 -2e-06 -10.283522 -5.680394 -4.34188 11.028489 -11.302587 -2.372721 -1.384293 -14.238905 -6.3203 -0.625382 -26.924953 -3.827845 -4.524768 -49.684116 -3.651389 -13.708724 -7.363607 -3.720968 18.141479 -14.052957 -3.242801 1.9e-05 -18.787661 -8.1e-05 -0.429712 -8.456242 2.555531 -0.0 -2e-06 -2e-06 -15.923798 -20.09482 -5.473649 30.419771 -7.190909 1.735907 1e-06 -8.163074 -3.2e-05 -1.861894 -22.862043 -6.168214 0.0 -4e-06 -0.0 152.481506 -5.317827 -7.85187 4.05504 0.150432 0.162409 -60.785488 1.041681 -7.11412 -11.991069 1.850377 2.015092 -1.000003 0.0 1e-06 16.714251 2.277687 -2.443246 18.642893 -0.180715 0.165581 -81.388077 8.535007 4.007233 -22.659584 1.003473 1.476205 -1.000005 1e-06 0.0 
0.0 0.0 0.0 0.0 -0.0 0.0 16.869064 95.456657 160.151459 89.979118 -2.519388 88.819191 -0.216561 -0.00102 0.307045 -10.868418 -0.186456 2.643186 14.653532 -1.559935 -0.404061 13.106835 -0.756636 2.479692 -2.433403 -0.690159 0.40308 -35.104366 -0.398537 -0.296377 6e-06 -0.0 -0.0 0.040076 0.015578 -0.053884 0.063501 -0.008365 -0.05743 0.050768 0.031112 -0.048791 -122.425789 -67.877014 139.783173 25.404997 -56.469498 19.110249 28.143442 -0.088746 0.069727 -5.887429 0.426131 3.184758 17.636808 -26.322937 52.411434 -19.466827 -14.395736 29.410593 9e-06 -8.77494 -8e-06 16.451122 -18.086193 5.903423 -0.609781 -1.795667 -3.889342 -4.807148 -11.04692 -2.937859 -1.4e-05 -20.976294 2.1e-05 -5.020088 -25.033981 -4.031929 8e-06 2e-06 -1e-06 -10.634626 -5.687016 -3.565593 10.573378 -17.923128 -3.113913 -9e-06 -13.82139 8e-06 -0.501827 -31.182068 -4.027066 -11.786226 -59.975555 7.656376 -13.982836 -7.150255 -2.875041 13.772874 -8.401565 -3.218264 0.347697 -34.212055 0.771693 -0.963062 -17.733688 2.62107 1e-06 -1e-06 0.0 -17.346594 -20.095379 -4.201768 21.757799 -1.63838 3.86647 -4e-06 -6.338907 4e-06 -1.69765 -22.592148 -6.194099 -2e-06 -3e-06 -1e-06 41.511047 -78.923317 153.849106 48.619469 -50.159966 -1.648956 40.518291 -0.079364 0.398603 2.198138 2.098653 2.121576 22.182177 -20.375927 49.933552 -16.70203 -16.743677 28.476801 -1.9e-05 -12.690734 1.5e-05 15.926258 -17.712639 2.684266 -0.105915 -1.51387 -4.275904 -5.039074 -5.61292 -2.953576 1.3e-05 -11.020638 -2.2e-05 -6.111341 -15.895555 -3.840542 1e-06 0.0 -1e-06 -10.283428 -5.680328 -4.341855 11.028395 -11.302494 -2.372684 -1.384252 -14.238734 -6.320208 -0.625364 -26.924576 -3.827703 -4.497053 -49.927994 -3.714986 -13.708606 -7.363524 -3.720944 18.14131 -14.052854 -3.242749 3e-05 -18.787457 -3.9e-05 -0.429706 -8.45615 2.555524 0.0 -1e-06 -3e-06 -15.923628 -20.094616 -5.473611 30.41946 -7.19088 1.73589 6e-06 -8.163 -1.5e-05 -1.86188 -22.861776 -6.168066 0.0 -2e-06 -2e-06 152.170547 -1.873345 -7.720166 7.65291 0.073099 0.100948 -54.448692 0.60816 -3.790683 -10.491755 1.748145 2.081492 -1.000002 -0.0 0.0 14.338427 -1.373946 -5.0584 26.548422 -0.343121 0.278103 -75.293549 8.891583 5.122946 -31.940182 1.205085 1.377704 -1.000006 -0.0 -0.0 
0.0 0.0 0.0 0.0 -0.0 0.0 17.772858 96.109818 165.119034 91.76368 -2.315853 89.831871 -0.11423 -0.951375 0.197639 -10.827355 -0.456087 2.64549 14.337752 -2.599188 -0.511788 13.157081 -0.129489 2.320982 -2.438987 -0.809924 0.118422 -35.271389 -0.260442 -0.745967 8e-06 -0.0 0.0 0.041459 0.02938 -0.032088 0.116118 0.025119 -0.017585 0.112377 0.023167 -0.045942 -122.051712 -69.069328 139.183289 26.273743 -56.695423 18.613575 27.071033 -0.179933 0.027991 -5.8615 0.332454 2.909747 17.636715 -26.322844 52.411415 -19.466795 -14.395672 29.410583 -0.0 -8.774892 -4e-06 16.698547 -18.199116 5.676864 -0.60978 -1.795663 -3.889343 -4.807123 -11.046882 -2.937872 6e-06 -20.976206 -6e-06 -5.020007 -25.033867 -4.031943 7e-06 2e-06 -1e-06 -10.634587 -5.687002 -3.565599 10.573339 -17.923065 -3.113927 6e-06 -13.821328 -4e-06 -0.501756 -31.181904 -4.027079 -11.704412 -59.94838 7.337083 -13.982785 -7.150238 -2.875051 13.772816 -8.401541 -3.218265 0.347744 -34.211899 0.771647 -0.963039 -17.733595 2.621054 2e-06 -1e-06 1e-06 -17.346514 -20.095324 -4.201792 21.757689 -1.638381 3.866452 2e-06 -6.338877 -2e-06 -1.697588 -22.592018 -6.194097 -0.0 -5e-06 0.0 44.592014 -78.838013 150.937363 48.204216 -52.871918 -2.04771 36.834801 -0.213474 0.338037 1.749762 1.516518 2.72645 22.182203 -20.375914 49.933517 -16.701931 -16.74358 28.476692 9e-06 -12.690682 -6e-06 16.082855 -17.686113 2.570467 -0.105923 -1.513869 -4.275898 -5.039074 -5.612919 -2.953575 -7e-06 -11.020624 -1.6e-05 -6.111349 -15.895542 -3.84054 -2e-06 0.0 2e-06 -10.283423 -5.680338 -4.341855 11.028342 -11.302469 -2.372658 -1.384283 -14.238723 -6.320197 -0.625414 -26.92453 -3.827709 -4.405071 -50.0961 -3.82334 -13.708591 -7.363539 -3.720951 18.141233 -14.052816 -3.242704 2e-06 -18.787441 -4.3e-05 -0.42971 -8.456141 2.555512 0.0 -0.0 1e-06 -15.92363 -20.094627 -5.473608 30.419361 -7.190845 1.735947 2e-06 -8.162989 -1.8e-05 -1.861879 -22.861744 -6.168075 -1e-06 -3e-06 0.0 153.2444 0.866887 -7.218624 11.735946 0.080695 0.159293 -55.556332 -0.503961 -1.577712 -8.566156 1.711432 2.058919 -1.000003 -0.0 -0.0 11.001083 -4.238167 -6.942164 36.705372 -0.325494 0.335498 -65.401665 7.703214 6.415768 -39.809788 1.288406 1.31107 -1.000009 -0.0 1e-06 
0.0 0.0 0.0 0.0 -0.0 0.0 18.700956 96.962044 170.134644 92.868538 -1.642518 90.449829 0.311771 -1.493802 0.06724 -10.591156 -0.642228 2.566636 14.121491 -3.003042 -0.54268 13.225044 -0.149338 2.199179 -2.428023 -0.940675 -0.138696 -35.328781 -0.152077 -1.021622 6e-06 0.0 -0.0 0.045331 0.018495 -0.055401 0.143466 0.017849 -0.041745 0.145986 0.00694 -0.069094 -121.84185 -69.925995 138.789612 27.702539 -56.852684 17.183239 26.875389 -0.285608 0.053338 -5.883465 0.374537 3.045024 17.636803 -26.32295 52.411629 -19.466887 -14.395721 29.410713 1.2e-05 -8.774953 -8e-06 16.863424 -18.183601 5.52727 -0.609785 -1.795673 -3.889357 -4.807161 -11.046952 -2.937885 -1.7e-05 -20.976362 -1.3e-05 -5.020073 -25.034105 -4.031993 7e-06 -0.0 -1e-06 -10.634643 -5.687038 -3.56561 10.573382 -17.923161 -3.113941 -9e-06 -13.821427 -1.2e-05 -0.50178 -31.182198 -4.027154 -11.585127 -59.878151 6.985686 -13.982855 -7.150283 -2.875059 13.772882 -8.401578 -3.218276 0.347714 -34.212166 0.771639 -0.963053 -17.733749 2.621054 -0.0 2e-06 -0.0 -17.346621 -20.095442 -4.201803 21.757822 -1.638368 3.866487 -5e-06 -6.338924 -4e-06 -1.697628 -22.592234 -6.194172 -1e-06 -4e-06 -0.0 47.477493 -79.287445 148.191437 47.948433 -55.079659 -1.446115 32.898407 -0.301047 0.250897 0.487726 -0.017363 4.108835 22.182312 -20.375984 49.933712 -16.702024 -16.743683 28.476847 2.8e-05 -12.690788 -6e-06 16.316797 -17.662619 2.471375 -0.105922 -1.513876 -4.275917 -5.039116 -5.612964 -2.953589 -2e-05 -11.020718 -1.5e-05 -6.111438 -15.895719 -3.840574 -1e-06 -1e-06 2e-06 -10.283479 -5.680376 -4.341867 11.028405 -11.302537 -2.372673 -1.384318 -14.238849 -6.320244 -0.625463 -26.924828 -3.827775 -4.269244 -50.164371 -3.992467 -13.708672 -7.363591 -3.720959 18.14134 -14.052893 -3.242723 -2.1e-05 -18.7876 -4.6e-05 -0.429724 -8.456218 2.555528 0.0 1e-06 2e-06 -15.923744 -20.094757 -5.473614 30.419563 -7.190854 1.735968 -9e-06 -8.163056 -2.7e-05 -1.861928 -22.861988 -6.168171 2e-06 -4e-06 -2e-06 155.641235 2.727151 -7.259555 14.918581 0.083972 0.167737 -60.837315 -0.83067 -0.078809 -8.005711 1.741635 2.050054 -1.000002 -0.0 -0.0 6.013941 -6.793729 -7.630036 48.644871 -0.371698 0.368747 -53.911304 6.710236 5.121714 -34.477173 1.042454 1.284038 -1.000008 -0.0 0.0 
0.0 0.0 0.0 0.0 -0.0 0.0 19.616913 97.714386 174.996979 93.739471 -1.057585 90.424538 0.752605 -2.023545 -0.044489 -10.463267 -0.742876 2.444608 14.084655 -3.075338 -0.671902 13.208629 -0.60084 2.382082 -2.44108 -0.828007 -0.218564 -35.316887 -0.128367 -1.048785 7e-06 0.0 0.0 0.066416 0.028966 -0.013999 0.146456 0.027939 -0.003835 0.164314 0.015899 -0.022804 -122.630531 -70.234528 139.537445 28.987682 -56.214493 15.898792 27.687008 -0.267626 0.086494 -5.657785 0.467052 2.273365 17.63693 -26.323046 52.411568 -19.467072 -14.395782 29.410753 -1.8e-05 -8.774994 -9e-06 16.879108 -18.131428 5.592163 -0.609779 -1.795683 -3.889365 -4.807148 -11.047019 -2.93789 4.8e-05 -20.976547 -1.2e-05 -5.020052 -25.034325 -4.03196 6e-06 -1e-06 1e-06 -10.634662 -5.687043 -3.565611 10.573487 -17.923321 -3.113971 3.6e-05 -13.821548 -1.2e-05 -0.501703 -31.182518 -4.027124 -11.42299 -59.976582 6.966445 -13.982883 -7.150287 -2.875057 13.772965 -8.401676 -3.218294 0.347835 -34.212486 0.77162 -0.962999 -17.733915 2.621086 -1e-06 0.0 -0.0 -17.346636 -20.095507 -4.201796 21.757906 -1.63844 3.866481 1.6e-05 -6.338973 -1e-05 -1.697558 -22.592442 -6.194182 0.0 -5e-06 -3e-06 47.572731 -79.411079 148.418884 47.529037 -55.859081 0.590128 29.834923 -0.410125 0.146935 -0.929031 -2.050167 6.371971 22.182329 -20.376087 49.93375 -16.702209 -16.743784 28.476995 -3.8e-05 -12.69084 1.9e-05 16.387293 -17.433575 2.416134 -0.105912 -1.513881 -4.275924 -5.039102 -5.612961 -2.953597 3.3e-05 -11.020763 -2.3e-05 -6.11138 -15.895751 -3.84056 1e-06 1e-06 0.0 -10.283482 -5.68035 -4.34187 11.028493 -11.302618 -2.372706 -1.384242 -14.23889 -6.320251 -0.625339 -26.924973 -3.827723 -4.217046 -49.907333 -3.940407 -13.708673 -7.363553 -3.720965 18.141474 -14.053006 -3.242786 6.7e-05 -18.78767 -3.4e-05 -0.429696 -8.456259 2.555552 4e-06 -1e-06 1e-06 -15.9237 -20.094734 -5.473627 30.419685 -7.190997 1.735882 2.5e-05 -8.163088 -2.1e-05 -1.861842 -22.86208 -6.168128 -2e-06 -2e-06 2e-06 159.164017 4.192313 -7.703826 15.88281 0.0598 -0.021302 -65.464317 -0.684158 0.816082 -7.973867 1.753371 2.073871 -1.000005 -0.0 0.0 0.030131 -8.831422 -6.67047 59.573826 -0.392046 0.310845 -46.293865 6.914934 2.908494 -14.32466 0.790874 1.261369 -1.000006 0.0 -0.0 
0.0 0.0 0.0 0.0 -0.0 0.0 20.357082 98.46122 179.613556 94.300964 -0.557221 90.468102 1.074415 -2.533198 -0.136929 -10.398658 -0.874938 2.071814 14.181644 -2.879007 -0.913493 13.425611 -0.890296 2.569842 -2.422445 -0.754083 -0.206497 -35.758244 -0.192246 -0.800094 6e-06 -0.0 0.0 0.074659 0.034973 0.005482 0.111061 0.041819 0.007842 0.133838 0.014045 0.006064 -123.687241 -70.282402 140.439407 30.251369 -54.998562 15.273172 28.764385 -0.200069 0.12124 -5.059653 1.152033 1.183994 17.636837 -26.322863 52.411411 -19.466904 -14.395732 29.410618 1.1e-05 -8.77496 -1.3e-05 16.800114 -18.222363 5.683834 -0.609782 -1.795675 -3.88935 -4.807164 -11.046952 -2.937875 -9e-06 -20.976345 -1.6e-05 -5.020074 -25.034056 -4.03198 6e-06 1e-06 -0.0 -10.634651 -5.687042 -3.565596 10.573396 -17.923164 -3.113947 -1e-06 -13.821421 -1.8e-05 -0.501767 -31.182163 -4.027147 -11.489468 -59.928867 7.016977 -13.982869 -7.150286 -2.875041 13.772899 -8.401579 -3.218276 0.347738 -34.212132 0.771613 -0.963024 -17.733711 2.621035 -0.0 -2e-06 0.0 -17.346645 -20.095451 -4.201771 21.757845 -1.638372 3.866476 -3e-06 -6.338916 -7e-06 -1.697626 -22.592203 -6.194157 -1e-06 -2e-06 -3e-06 46.873642 -78.995247 149.414124 46.304775 -56.029964 3.277769 28.391243 -0.578093 0.037306 -1.657149 -3.180267 8.298132 22.182329 -20.375956 49.933544 -16.702042 -16.743689 28.476765 1.9e-05 -12.690792 -6e-06 16.332798 -17.380754 2.361059 -0.105919 -1.513877 -4.275908 -5.039112 -5.612962 -2.953578 -1.4e-05 -11.020716 -1.2e-05 -6.111438 -15.895697 -3.840531 -1e-06 -0.0 1e-06 -10.283483 -5.68037 -4.341851 11.028418 -11.302546 -2.372669 -1.384319 -14.238839 -6.320203 -0.625469 -26.924795 -3.827726 -4.326881 -49.798206 -3.895596 -13.708673 -7.363582 -3.720937 18.141363 -14.052913 -3.242729 -5e-06 -18.787603 -4.3e-05 -0.429711 -8.456218 2.555521 -0.0 -1e-06 1e-06 -15.92375 -20.094755 -5.473577 30.41959 -7.190883 1.735957 -0.0 -8.163057 -2.9e-05 -1.861912 -22.861988 -6.168149 0.0 -4e-06 -2e-06 163.078995 5.389499 -7.656595 15.474431 -0.003123 -0.098774 -68.529045 -0.718441 1.002332 -7.721425 1.733609 2.058728 -1.000003 0.0 0.0 -5.684404 -9.767202 -5.719083 67.940231 -0.193109 0.159339 -51.73909 5.622921 2.179628 -10.759418 0.752033 1.387891 -1.000005 -0.0 0.0 
0.0 0.0 0.0 0.0 -0.0 0.0 20.924957 99.158737 184.12326 94.260765 0.057136 90.922783 1.411025 -2.77093 -0.318678 -10.297158 -0.91404 1.59539 14.298561 -2.464033 -1.29224 13.92528 -0.879447 2.674079 -2.393172 -0.767454 -0.175842 -36.081154 -0.329399 -0.509638 5e-06 -0.0 0.0 0.071767 0.034521 0.008058 0.078885 0.045652 -3.1e-05 0.092502 0.011237 0.019068 -123.764931 -70.704735 140.444809 32.196548 -54.049416 13.75197 29.625683 -0.265197 0.114202 -4.636554 2.228275 0.643603 17.636711 -26.323011 52.411716 -19.46682 -14.395721 29.410734 1.1e-05 -8.774918 2e-06 16.646179 -18.268356 5.788606 -0.609784 -1.795665 -3.88936 -4.807145 -11.046917 -2.937877 -3e-05 -20.97628 1.2e-05 -5.020073 -25.033978 -4.031959 5e-06 -0.0 -1e-06 -10.63461 -5.68702 -3.565616 10.57334 -17.923101 -3.113925 -2.1e-05 -13.821377 9e-06 -0.501822 -31.182043 -4.027095 -11.511664 -59.937855 7.134488 -13.982814 -7.150263 -2.875062 13.772836 -8.401546 -3.218276 0.347668 -34.212013 0.771696 -0.963084 -17.733669 2.621071 -2e-06 1e-06 -0.0 -17.346565 -20.095383 -4.201809 21.757746 -1.63836 3.866466 -7e-06 -6.338901 3e-06 -1.697633 -22.592129 -6.194115 -0.0 -5e-06 -2e-06 48.460716 -78.501549 147.985931 44.427624 -56.646641 5.17841 28.536652 -0.534421 -0.028601 -1.814747 -3.111055 9.066748 22.182312 -20.376095 49.933792 -16.701996 -16.743694 28.476866 2.4e-05 -12.690777 1e-06 16.334665 -17.465866 2.33353 -0.105925 -1.513872 -4.275922 -5.03911 -5.612956 -2.953592 -1.9e-05 -11.020711 -2e-06 -6.111436 -15.895693 -3.840549 -1e-06 -1e-06 4e-06 -10.28347 -5.680364 -4.341876 11.028399 -11.302534 -2.372663 -1.384315 -14.238828 -6.320227 -0.625488 -26.924788 -3.827717 -4.317189 -49.894974 -3.913723 -13.708657 -7.363574 -3.72097 18.141331 -14.052889 -3.242714 -2.6e-05 -18.78759 -1.8e-05 -0.429736 -8.456213 2.555543 -0.0 -0.0 -1e-06 -15.92372 -20.094728 -5.473621 30.419535 -7.190859 1.73596 -1.3e-05 -8.163055 -1.2e-05 -1.861955 -22.861979 -6.168115 0.0 -4e-06 -1e-06 167.722504 5.967583 -7.033053 13.699343 -0.013528 -0.022414 -70.753548 -0.579239 1.049698 -7.555615 1.69713 2.054294 -1.000001 0.0 0.0 -10.740949 -9.396985 -5.437417 71.833359 0.021426 0.05399 -58.490662 3.446194 2.078601 -10.400616 0.742863 1.503958 -1.000004 -0.0 0.0 
0.0 0.0 0.0 0.0 -0.0 0.0 21.386829 99.723007 188.605316 93.917 0.807657 91.749901 1.819629 -2.902857 -0.4869 -10.137897 -0.913351 1.058576 14.329723 -1.893004 -1.824001 14.639424 -0.6486 2.700585 -2.358751 -0.74303 -0.081698 -36.053009 -0.479421 -0.2006 6e-06 -0.0 0.0 0.069233 0.034094 0.008009 0.053125 0.04439 -0.005822 0.064873 0.013306 0.023435 -122.512352 -71.670517 139.09993 34.408844 -53.632477 11.787599 30.637592 -0.376401 0.091094 -4.459848 3.107478 0.372905 17.636696 -26.322807 52.411289 -19.466858 -14.395689 29.410557 -1.5e-05 -8.774899 0.0 16.375183 -18.252861 5.930087 -0.609772 -1.795665 -3.889342 -4.8071 -11.046885 -2.937871 4.5e-05 -20.976231 -2e-05 -5.019973 -25.033894 -4.031919 3e-06 2e-06 0.0 -10.63457 -5.686989 -3.565594 10.573372 -17.923094 -3.113946 2.7e-05 -13.821343 -8e-06 -0.501719 -31.181946 -4.02707 -11.546432 -59.894184 7.256176 -13.982762 -7.15022 -2.875045 13.772822 -8.40157 -3.218278 0.347813 -34.211926 0.771618 -0.963003 -17.73361 2.62105 -0.0 -2e-06 -1e-06 -17.34647 -20.095306 -4.201788 21.757689 -1.638412 3.866426 1.2e-05 -6.338883 -7e-06 -1.697549 -22.592045 -6.194097 0.0 -2e-06 2e-06 51.822208 -78.003212 144.680405 42.105461 -57.621128 6.401196 29.557825 -0.471428 -0.043155 -1.633263 -2.780221 8.984391 22.182209 -20.376019 49.933498 -16.702028 -16.743662 28.476768 -4.5e-05 -12.690722 1.6e-05 16.362417 -17.570589 2.328923 -0.105912 -1.513866 -4.275903 -5.039057 -5.612903 -2.953578 3.9e-05 -11.020644 -8e-06 -6.111305 -15.895542 -3.840516 -0.0 -0.0 -2e-06 -10.283408 -5.680299 -4.341851 11.028402 -11.302513 -2.372672 -1.384233 -14.238724 -6.320181 -0.625351 -26.92461 -3.827642 -4.21861 -49.91003 -3.984772 -13.708579 -7.363487 -3.720951 18.141325 -14.052886 -3.242732 6.1e-05 -18.787479 -9e-06 -0.429693 -8.456165 2.555542 1e-06 -0.0 -0.0 -15.923573 -20.094555 -5.473612 30.419436 -7.190945 1.735885 2.5e-05 -8.16301 -5e-06 -1.861842 -22.861799 -6.168019 0.0 -4e-06 -0.0 172.933487 6.112578 -6.174524 11.08241 0.000959 0.114318 -72.427231 -0.242155 1.101095 -7.402364 1.638408 2.052177 -1.000002 -0.0 0.0 -14.861293 -8.477064 -5.819698 71.517662 0.151366 -0.010924 -63.501068 2.366572 1.944329 -10.639914 0.740258 1.554495 -1.000007 -0.0 0.0 
0.0 0.0 0.0 0.0 -0.0 0.0 21.755054 100.011536 193.106476 93.624115 1.476654 92.829903 2.196437 -3.091907 -0.596736 -9.966677 -0.952907 0.510099 14.348797 -1.308662 -2.412792 15.307179 -0.23618 2.632631 -2.350872 -0.692754 0.066753 -35.784721 -0.591223 -0.005129 6e-06 -0.0 0.0 0.065778 0.031954 -0.004738 0.03605 0.032315 -0.02149 0.052288 0.022444 0.012025 -120.968842 -72.823242 137.31778 36.351448 -53.152092 10.285645 32.13538 -0.473206 0.05672 -4.355536 3.516988 0.311798 17.636822 -26.322985 52.411652 -19.466957 -14.395762 29.410751 3e-06 -8.774971 -5e-06 16.099859 -18.253765 6.071816 -0.609781 -1.795676 -3.889361 -4.80716 -11.046971 -2.937887 6e-06 -20.9764 -1.5e-05 -5.020059 -25.034138 -4.031986 5e-06 5e-06 -1e-06 -10.634653 -5.687042 -3.565609 10.573421 -17.923208 -3.113959 7e-06 -13.821457 -1.5e-05 -0.501747 -31.182276 -4.027153 -11.695619 -59.871288 7.435638 -13.982873 -7.150287 -2.875055 13.77292 -8.401606 -3.218291 0.347758 -34.21225 0.771624 -0.963035 -17.733782 2.621061 2e-06 2e-06 2e-06 -17.346642 -20.095467 -4.201797 21.757862 -1.638387 3.86648 2e-06 -6.338936 -7e-06 -1.697605 -22.592276 -6.19418 -1e-06 -4e-06 -2e-06 54.638966 -77.218185 141.853439 39.170124 -58.388195 7.839474 31.022821 -0.420409 -0.037841 -1.148199 -2.683519 8.418159 22.182384 -20.376083 49.933811 -16.702129 -16.743774 28.476946 8e-06 -12.690855 -2e-06 16.387932 -17.676355 2.343728 -0.105919 -1.51388 -4.275925 -5.039126 -5.612978 -2.953589 -4e-06 -11.020763 -1.2e-05 -6.111448 -15.895777 -3.840571 -1e-06 -2e-06 0.0 -10.283506 -5.68038 -4.341874 11.028468 -11.30259 -2.372686 -1.384305 -14.238902 -6.320257 -0.625441 -26.924969 -3.827754 -4.151731 -49.804058 -4.062205 -13.708707 -7.363593 -3.720968 18.141441 -14.052966 -3.242747 8e-06 -18.787674 -4.1e-05 -0.42971 -8.456252 2.555542 -1e-06 1e-06 -1e-06 -15.923779 -20.094795 -5.473619 30.419695 -7.190916 1.735947 -1e-06 -8.163088 -2e-05 -1.861916 -22.862087 -6.168165 0.0 -5e-06 -1e-06 177.946655 6.091219 -5.273593 8.608332 0.012431 0.195415 -74.018509 0.264227 1.228588 -7.217796 1.563144 2.055803 -1.000007 0.0 -0.0 -18.325289 -7.687401 -6.663186 67.801231 0.228862 -0.125442 -67.215614 2.007587 1.482758 -11.06832 0.730895 1.559624 -1.000007 0.0 -0.0 
0.0 0.0 0.0 0.0 -0.0 0.0 22.048197 99.95089 197.554703 93.674347 1.855221 93.995354 2.463776 -3.425574 -0.639397 -9.839485 -1.057732 0.01989 14.441151 -0.891491 -2.913349 15.685031 0.283587 2.52972 -2.378212 -0.694074 0.229755 -35.626854 -0.696295 -0.069556 8e-06 0.0 0.0 0.063052 0.029097 -0.025798 0.039708 0.012254 -0.040291 0.062001 0.037816 -0.011226 -120.041916 -73.841728 136.080521 38.102238 -52.159615 9.376876 33.993023 -0.449021 0.022331 -4.214378 3.661042 0.217097 17.63677 -26.322939 52.411583 -19.467016 -14.395754 29.410761 -2.6e-05 -8.774943 2e-06 15.857163 -18.275009 6.222915 -0.609774 -1.795676 -3.889362 -4.807115 -11.046947 -2.937897 7.6e-05 -20.976368 -4.1e-05 -5.019961 -25.034069 -4.031962 5e-06 -3e-06 -1e-06 -10.634612 -5.687013 -3.56561 10.573447 -17.923201 -3.113985 4.9e-05 -13.821425 -1.9e-05 -0.501648 -31.182167 -4.027121 -11.944522 -59.876492 7.716231 -13.98282 -7.150249 -2.87506 13.772904 -8.40163 -3.218304 0.347876 -34.212177 0.771588 -0.962986 -17.733742 2.621073 1e-06 0.0 2e-06 -17.346539 -20.095404 -4.201822 21.757793 -1.638442 3.866443 2e-05 -6.33892 -8e-06 -1.69751 -22.592201 -6.194157 0.0 -4e-06 0.0 56.086784 -76.179306 140.448776 36.116798 -58.772045 9.273837 32.443848 -0.370183 -0.048215 -0.612523 -2.455889 7.472856 22.182278 -20.37604 49.933582 -16.702045 -16.743664 28.476797 -3.6e-05 -12.690735 1e-06 16.393787 -17.760426 2.380012 -0.105916 -1.51387 -4.275908 -5.039073 -5.612919 -2.953583 3.3e-05 -11.020672 -9e-06 -6.111324 -15.895589 -3.840536 -1e-06 -2e-06 -1e-06 -10.283431 -5.680315 -4.341862 11.028413 -11.302534 -2.372666 -1.384239 -14.238753 -6.320199 -0.625357 -26.924656 -3.82766 -4.171118 -49.691017 -4.095348 -13.708609 -7.363512 -3.720965 18.141344 -14.052911 -3.242729 5.6e-05 -18.787512 -1.7e-05 -0.429696 -8.456178 2.555545 -1e-06 -1e-06 -1e-06 -15.923618 -20.094616 -5.473624 30.419477 -7.190949 1.735908 2.5e-05 -8.163027 -8e-06 -1.86184 -22.861849 -6.168046 -2e-06 -1e-06 1e-06 -177.743469 6.230149 -4.356991 6.680234 0.013002 0.190759 -75.80545 0.819411 1.405033 -6.994047 1.491228 2.068584 -1.000002 0.0 0.0 -21.337807 -7.415597 -7.574783 61.251328 0.201911 -0.244113 -69.902473 1.790498 0.534042 -11.283379 0.726848 1.564721 -1.000002 -0.0 0.0 
0.0 0.0 0.0 0.0 -0.0 0.0 22.307051 99.573074 201.852829 94.156731 1.952465 95.031937 2.619857 -3.91877 -0.663154 -9.748352 -1.185201 -0.385496 14.584558 -0.767433 -3.217618 15.793382 0.830741 2.449106 -2.404619 -0.791 0.248734 -35.790577 -0.760093 -0.227802 6e-06 -0.0 0.0 0.068942 0.025827 -0.03566 0.056959 -0.00924 -0.048358 0.080839 0.053506 -0.021466 -119.393593 -74.707718 135.195267 39.929169 -50.94141 8.190495 35.758331 -0.339933 -0.000126 -4.106351 3.941916 -0.0862 17.636728 -26.322844 52.411442 -19.466942 -14.395742 29.410675 5e-06 -8.774949 5e-06 15.622705 -18.290855 6.373394 -0.609778 -1.795675 -3.889352 -4.807149 -11.046957 -2.937877 -1e-06 -20.976351 -3.5e-05 -5.020052 -25.034075 -4.031986 6e-06 1e-06 -1e-06 -10.634629 -5.687039 -3.565592 10.573395 -17.923164 -3.113972 1e-06 -13.821418 -3.1e-05 -0.501746 -31.182159 -4.027173 -12.161752 -59.803581 7.9651 -13.98284 -7.150282 -2.875037 13.772883 -8.401585 -3.218299 0.347756 -34.212143 0.771581 -0.963025 -17.733717 2.621028 -0.0 -3e-06 -1e-06 -17.346603 -20.095446 -4.201773 21.757816 -1.63837 3.866442 -1e-06 -6.338919 -1.3e-05 -1.697605 -22.592222 -6.194171 -0.0 -5e-06 -2e-06 57.006149 -75.248154 139.651062 33.614632 -59.10865 10.404617 33.365311 -0.318107 -0.067912 -0.287815 -1.979957 6.535297 22.182308 -20.375946 49.933548 -16.702063 -16.743689 28.476784 -9e-06 -12.690781 -3e-06 16.382833 -17.807463 2.395472 -0.105917 -1.513873 -4.275907 -5.039098 -5.612939 -2.953582 1.2e-05 -11.020684 -2.2e-05 -6.111386 -15.895635 -3.840549 -1e-06 1e-06 -2e-06 -10.283463 -5.680344 -4.341852 11.028427 -11.302533 -2.372677 -1.384282 -14.238796 -6.320216 -0.62539 -26.924715 -3.827725 -4.214979 -49.64949 -4.112177 -13.708651 -7.363546 -3.720949 18.141375 -14.052906 -3.242739 3.1e-05 -18.787546 -4.7e-05 -0.429701 -8.456191 2.555529 3e-06 -2e-06 -1e-06 -15.923695 -20.094679 -5.473601 30.419565 -7.190912 1.735935 1.2e-05 -8.163028 -2e-05 -1.861874 -22.861874 -6.168113 1e-06 -4e-06 -1e-06 -174.263351 6.67871 -3.440668 5.688758 0.018935 0.155889 -77.952164 1.206269 1.58288 -6.806299 1.468326 2.088731 -1.0 0.0 0.0 -23.640633 -7.725727 -8.250261 52.310978 0.075526 -0.205805 -71.174446 1.434804 -0.670269 -11.33951 0.744209 1.580076 -1.000006 -0.0 0.0 
0.0 0.0 0.0 0.0 -0.0 0.0 22.526283 98.993736 206.001312 94.874603 1.850856 95.843948 2.709858 -4.436198 -0.726956 -9.700621 -1.280406 -0.686896 14.73085 -0.909339 -3.337295 15.732171 1.304015 2.347384 -2.399619 -0.89531 0.148159 -36.169857 -0.773837 -0.289818 5e-06 0.0 0.0 0.081395 0.022349 -0.018752 0.058392 -0.020637 -0.036911 0.078466 0.058523 0.00197 -118.255287 -75.4925 133.922409 41.951996 -49.946774 6.159267 37.146061 -0.204724 -0.012096 -4.044737 4.373215 -0.366898 17.636723 -26.322851 52.411461 -19.466894 -14.395727 29.410648 5e-06 -8.774937 -2e-06 15.480929 -18.292637 6.430534 -0.60978 -1.795672 -3.889349 -4.807142 -11.046931 -2.937879 1e-06 -20.976303 -2.8e-05 -5.020041 -25.03401 -4.031978 4e-06 2e-06 2e-06 -10.634619 -5.687029 -3.565598 10.573378 -17.923136 -3.113955 2e-06 -13.821395 -2.2e-05 -0.50175 -31.182098 -4.027146 -12.210917 -59.753998 8.028506 -13.982825 -7.150269 -2.875043 13.772865 -8.401569 -3.218286 0.347745 -34.212063 0.771604 -0.963027 -17.733679 2.621032 0.0 2e-06 -1e-06 -17.346588 -20.095415 -4.201782 21.757786 -1.638371 3.866451 -3e-06 -6.338902 -8e-06 -1.697608 -22.592146 -6.194148 -1e-06 -2e-06 1e-06 58.304325 -74.665703 138.439941 31.82428 -59.706078 11.410201 33.635876 -0.276529 -0.063502 -0.275041 -1.655836 6.032482 22.182293 -20.375978 49.933552 -16.702013 -16.743662 28.476751 -5e-06 -12.690752 -5e-06 16.363873 -17.821777 2.400363 -0.105918 -1.51387 -4.275903 -5.039092 -5.612932 -2.953579 6e-06 -11.020669 -1.2e-05 -6.111379 -15.895607 -3.840539 -1e-06 1e-06 2e-06 -10.283453 -5.680339 -4.341854 11.028401 -11.302517 -2.372665 -1.384282 -14.238774 -6.320204 -0.62541 -26.924667 -3.827699 -4.239243 -49.715614 -4.089573 -13.708632 -7.363542 -3.720953 18.141331 -14.052881 -3.242716 2.2e-05 -18.787521 -3.5e-05 -0.429703 -8.456182 2.555525 1e-06 1e-06 -2e-06 -15.923683 -20.094662 -5.473602 30.419512 -7.190896 1.735942 9e-06 -8.163026 -1.5e-05 -1.861882 -22.861864 -6.168098 -1e-06 -4e-06 -2e-06 -171.331802 7.268394 -2.417878 5.424996 0.035268 0.089869 -80.149956 1.286832 1.71303 -6.769382 1.515063 2.112489 -1.0 -0.0 0.0 -24.909088 -8.342058 -8.712573 40.848106 0.012417 -0.039451 -70.333328 1.009506 -1.740466 -11.524644 0.792106 1.604891 -1.000001 -0.0 -0.0 
0.0 0.0 0.0 0.0 -0.0 0.0 22.661394 98.280296 210.165237 95.716103 1.644163 96.429947 2.818611 -4.943946 -0.778563 -9.717182 -1.343689 -0.798984 14.822121 -1.14877 -3.416625 15.585431 1.540512 2.27786 -2.367014 -0.891162 0.049021 -36.691051 -0.822965 -0.373111 5e-06 -0.0 0.0 0.09507 0.018609 0.017799 0.026194 -0.01362 -0.008352 0.04249 0.044457 0.046952 -116.17511 -76.245323 131.811127 44.112511 -49.466961 3.46772 38.132545 -0.02445 -0.03143 -3.923198 4.822823 -0.533734 17.636745 -26.322927 52.411579 -19.466822 -14.395678 29.410662 8e-06 -8.774912 -5e-06 15.47391 -18.332365 6.400078 -0.609786 -1.795667 -3.889352 -4.807138 -11.046919 -2.937879 -1.3e-05 -20.976282 -4e-06 -5.020048 -25.033993 -4.031963 7e-06 0.0 2e-06 -10.634604 -5.68702 -3.565614 10.573341 -17.923111 -3.113927 -6e-06 -13.821379 -7e-06 -0.501778 -31.182068 -4.02711 -12.115686 -59.837852 7.855454 -13.982802 -7.15026 -2.875064 13.772824 -8.401559 -3.218264 0.347709 -34.212032 0.77166 -0.963058 -17.733673 2.621063 0.0 2e-06 1e-06 -17.346548 -20.095381 -4.201812 21.757729 -1.638371 3.866475 -2e-06 -6.338903 -1e-06 -1.697609 -22.592144 -6.194132 -1e-06 -4e-06 -1e-06 60.438343 -74.552284 136.408279 30.77669 -60.621647 12.441062 33.254353 -0.138828 0.01851 -0.467347 -1.881844 6.085027 22.182268 -20.376026 49.93364 -16.702015 -16.743683 28.476818 -9e-06 -12.690759 5e-06 16.409037 -17.885906 2.431748 -0.105918 -1.513868 -4.275907 -5.03909 -5.612932 -2.953582 7e-06 -11.020679 -1.2e-05 -6.111375 -15.895626 -3.84054 0.0 1e-06 -2e-06 -10.283446 -5.680336 -4.34186 11.028401 -11.30252 -2.372667 -1.384276 -14.23878 -6.320212 -0.625403 -26.924711 -3.827698 -4.271337 -50.068604 -3.958816 -13.708625 -7.363537 -3.720955 18.141329 -14.052879 -3.242725 1.7e-05 -18.787525 -2e-05 -0.429711 -8.456186 2.555541 1e-06 -4e-06 -3e-06 -15.923664 -20.094652 -5.473617 30.419504 -7.190895 1.735932 5e-06 -8.163032 -6e-06 -1.861894 -22.861889 -6.168078 1e-06 -2e-06 -3e-06 -168.594589 7.888885 -1.389117 5.454186 0.029135 -0.023654 -82.238487 1.301337 1.725675 -7.044184 1.612849 2.132285 -1.000003 -0.0 0.0 -24.892181 -9.035097 -9.171245 27.010246 0.100207 0.064981 -68.35302 1.163398 -2.773739 -11.527947 0.841885 1.623437 -1.000006 0.0 -0.0 
0.0 0.0 0.0 0.0 -0.0 0.0 22.685503 97.488678 214.540787 96.527611 1.272709 96.842621 2.798629 -5.400686 -0.748484 -9.77959 -1.407828 -0.774349 14.87321 -1.323819 -3.486411 15.283645 1.618706 2.289506 -2.351637 -0.859414 -0.112936 -37.098671 -1.013183 -0.607147 5e-06 0.0 -0.0 0.095044 0.029681 0.052964 -0.012724 0.014881 0.019662 -0.008327 0.038753 0.090479 -114.020355 -76.86985 129.483948 45.849033 -49.431419 1.074241 38.896179 0.208657 0.106599 -3.746101 5.172463 -0.748303 17.636702 -26.322943 52.411507 -19.466785 -14.395719 29.410624 6e-06 -8.774912 1e-06 15.514572 -18.370737 6.336582 -0.60978 -1.79566 -3.889345 -4.807131 -11.046892 -2.937864 -1.2e-05 -20.976236 1.7e-05 -5.020063 -25.033918 -4.031917 5e-06 0.0 4e-06 -10.634593 -5.687004 -3.565599 10.573346 -17.923084 -3.113913 -9e-06 -13.821362 1.2e-05 -0.50182 -31.182011 -4.027049 -11.887386 -59.794788 7.227682 -13.982788 -7.150238 -2.875044 13.77283 -8.401545 -3.218266 0.347698 -34.211967 0.771699 -0.963071 -17.733646 2.621074 1e-06 -2e-06 -1e-06 -17.346525 -20.095327 -4.201784 21.757725 -1.638372 3.86645 -2e-06 -6.338894 6e-06 -1.697631 -22.592093 -6.194085 1e-06 -5e-06 -2e-06 62.390366 -74.683136 134.528473 29.728611 -61.500957 13.972395 32.459694 -0.041332 0.12854 -0.914622 -2.777061 6.978303 22.182213 -20.376036 49.933624 -16.70195 -16.743628 28.47677 -8e-06 -12.690701 1e-06 16.531084 -17.959736 2.423927 -0.105921 -1.513865 -4.275903 -5.03907 -5.612916 -2.953582 9e-06 -11.020648 -4e-06 -6.111343 -15.895578 -3.840526 0.0 1e-06 -1e-06 -10.283414 -5.680319 -4.341864 11.028358 -11.302489 -2.372655 -1.384268 -14.238729 -6.320191 -0.625416 -26.924597 -3.827667 -4.339389 -50.377697 -3.802835 -13.708585 -7.363517 -3.720963 18.141262 -14.052848 -3.242707 1.2e-05 -18.787479 -6e-06 -0.429718 -8.456168 2.555544 1e-06 -1e-06 0.0 -15.923604 -20.094597 -5.47362 30.419386 -7.190877 1.735929 5e-06 -8.163011 0.0 -1.86189 -22.861809 -6.168031 1e-06 -4e-06 -3e-06 -165.941895 8.359971 -0.877788 5.55989 -0.023031 -0.132773 -83.744217 1.897441 1.851914 -7.623221 1.643607 2.155624 -1.000003 -0.0 0.0 -24.489542 -9.545695 -9.121836 13.202178 0.236117 0.035086 -67.185417 1.709925 -4.39028 -11.215425 0.913328 1.580938 -1.000006 0.0 0.0 
0.0 0.0 0.0 0.0 -0.0 0.0 22.557671 96.784111 218.974213 96.819336 0.867235 96.991463 2.615489 -5.572253 -0.589185 -9.827598 -1.454954 -0.823035 14.949017 -1.291265 -3.352617 14.938049 1.653035 2.384504 -2.378085 -0.763603 -0.246814 -37.143116 -1.223714 -0.5246 6e-06 0.0 0.0 0.078968 0.043828 0.061258 -0.013527 0.020593 0.035745 0.001383 0.061931 0.093072 -114.909195 -76.809387 130.143021 46.59586 -48.916683 -0.218405 39.460793 0.200426 0.056275 -3.680115 5.251129 -0.757894 17.63669 -26.322836 52.4114 -19.46681 -14.395684 29.41057 5e-06 -8.774903 -2e-06 15.560646 -18.383865 6.389716 -0.609779 -1.795665 -3.889342 -4.80713 -11.046898 -2.937869 -6e-06 -20.976236 -8e-06 -5.020035 -25.033924 -4.031947 8e-06 4e-06 -1e-06 -10.634589 -5.687008 -3.565595 10.573335 -17.923077 -3.113928 -5e-06 -13.821346 -1e-05 -0.501776 -31.181978 -4.027104 -11.776256 -59.786682 7.209713 -13.982785 -7.150244 -2.875042 13.772819 -8.401546 -3.21827 0.347727 -34.211952 0.771638 -0.963047 -17.733631 2.621048 -1e-06 0.0 1e-06 -17.346525 -20.095343 -4.201778 21.757706 -1.638367 3.866447 -1e-06 -6.338886 -5e-06 -1.697614 -22.592073 -6.194108 -2e-06 -1e-06 -2e-06 61.492069 -74.557785 135.571854 28.601231 -61.540581 15.5328 31.368406 0.027895 0.1302 -1.344785 -3.878425 8.67444 22.182203 -20.375965 49.933525 -16.701933 -16.743614 28.476709 5e-06 -12.690699 3e-06 16.488314 -17.866295 2.401207 -0.105921 -1.513866 -4.275897 -5.039075 -5.61292 -2.953571 -5e-06 -11.020637 -6e-06 -6.111363 -15.895567 -3.840523 -1e-06 -0.0 2e-06 -10.28342 -5.680327 -4.341851 11.028351 -11.302479 -2.372656 -1.384286 -14.238729 -6.320184 -0.625441 -26.924576 -3.827681 -4.273811 -50.280594 -3.897181 -13.70859 -7.363526 -3.720949 18.141245 -14.052828 -3.2427 -1e-06 -18.787468 -1.9e-05 -0.429721 -8.456158 2.555528 1e-06 -3e-06 -2e-06 -15.923628 -20.094614 -5.473598 30.419382 -7.190849 1.735934 -4e-06 -8.163003 -9e-06 -1.861905 -22.861795 -6.168054 1e-06 -1e-06 -1e-06 -163.677063 8.132568 -1.161058 6.342457 0.033946 -0.090825 -84.501877 2.873468 1.778141 -8.822167 1.613901 2.154802 -1.000005 -0.0 0.0 -25.008183 -9.516273 -8.117507 4.254477 0.194045 0.083497 -68.763779 2.001529 -6.645167 -10.84816 0.941844 1.532619 -1.000005 0.0 0.0 
0.0 0.0 0.0 0.0 -0.0 0.0 22.34968 96.270363 223.676346 96.621872 0.623301 97.159576 2.461798 -5.41861 -0.506875 -9.890696 -1.45936 -1.011297 15.12913 -1.12076 -3.186055 14.591832 1.700222 2.357783 -2.357013 -0.808326 -0.010463 -37.413429 -1.500647 -0.389785 5e-06 0.0 0.0 0.076004 0.038976 0.033579 -0.001511 0.009093 0.010605 0.036255 0.063672 0.064623 -116.378799 -76.694328 131.574799 46.891026 -48.616638 -1.520661 39.526363 -0.071629 -0.072305 -3.500562 5.329478 -0.322173 17.636784 -26.322851 52.411625 -19.467022 -14.39576 29.410791 1e-05 -8.774981 -2e-06 15.613441 -18.335955 6.391766 -0.609784 -1.795687 -3.889364 -4.807177 -11.046994 -2.937903 5e-06 -20.976414 -7.4e-05 -5.020038 -25.034172 -4.032071 5e-06 1e-06 0.0 -10.634667 -5.687068 -3.565608 10.573426 -17.923218 -3.113999 5e-06 -13.821462 -5.1e-05 -0.501698 -31.182283 -4.02726 -11.807182 -59.860638 7.534002 -13.98289 -7.150316 -2.87505 13.772923 -8.401601 -3.218308 0.34778 -34.212242 0.771525 -0.963005 -17.733767 2.621008 1e-06 1e-06 2e-06 -17.346676 -20.09553 -4.201803 21.757885 -1.638365 3.866478 -2e-06 -6.338932 -2.2e-05 -1.69759 -22.592278 -6.194245 -3e-06 -3e-06 -1e-06 59.653618 -74.455246 137.834549 28.480059 -61.23391 15.573848 29.974794 -0.00302 0.067127 -1.790232 -4.473439 9.418118 22.182413 -20.375996 49.933575 -16.702011 -16.74371 28.476736 2.3e-05 -12.690817 -2.1e-05 16.472589 -17.672289 2.369111 -0.105923 -1.513873 -4.275908 -5.039126 -5.612957 -2.95357 -1.6e-05 -11.020709 1e-06 -6.111466 -15.895684 -3.840532 -0.0 1e-06 0.0 -10.283503 -5.680368 -4.341852 11.028429 -11.302534 -2.372651 -1.384333 -14.238824 -6.320201 -0.625492 -26.924761 -3.827697 -4.001721 -50.039242 -4.167345 -13.708701 -7.363582 -3.720944 18.14139 -14.052902 -3.242701 -1.5e-05 -18.787596 -2.5e-05 -0.429717 -8.456215 2.555535 -1e-06 -0.0 3e-06 -15.923785 -20.094748 -5.47358 30.419634 -7.19088 1.735998 -3e-06 -8.163057 -1.8e-05 -1.861944 -22.861973 -6.168129 -2e-06 -2e-06 1e-06 -162.014526 7.186274 -1.877936 8.608215 0.045835 0.070408 -84.018272 4.232886 1.502927 -11.351157 1.680722 2.138564 -1.000001 0.0 -0.0 -26.165188 -9.092896 -7.679397 2.746028 0.08372 0.204745 -71.185616 2.564128 -8.834693 -11.030298 0.889914 1.51294 -1.000008 0.0 -0.0 
0.0 0.0 0.0 0.0 -0.0 0.0 22.088715 95.887413 228.843597 95.730392 0.260764 97.497696 2.03679 -4.821945 -0.353423 -10.004539 -1.387911 -1.290819 15.19774 -0.753072 -3.238576 14.322809 1.548875 2.329002 -2.321502 -0.819305 0.083325 -37.523922 -1.699316 -0.451017 5e-06 -0.0 0.0 0.094224 0.035958 0.037083 0.061448 0.026833 0.018885 0.114945 0.039816 0.06256 -117.420227 -76.755867 132.939423 46.759701 -48.808388 -1.827146 39.105907 -0.013404 -0.107081 -3.338116 5.237297 -0.019377 17.636705 -26.322947 52.411583 -19.466846 -14.395745 29.410671 -2e-06 -8.774924 4e-06 15.720722 -18.262964 6.331073 -0.609778 -1.795664 -3.889354 -4.807132 -11.0469 -2.937876 1.4e-05 -20.976242 -5e-06 -5.020027 -25.033916 -4.031942 6e-06 2e-06 -0.0 -10.634604 -5.687004 -3.565607 10.573378 -17.923096 -3.113942 7e-06 -13.821353 -1e-06 -0.501766 -31.181969 -4.027079 -11.693732 -59.93832 7.518996 -13.982808 -7.150241 -2.875059 13.772856 -8.401561 -3.218286 0.347749 -34.211967 0.771657 -0.963049 -17.733631 2.621068 3e-06 2e-06 1e-06 -17.346542 -20.095346 -4.201801 21.757751 -1.63839 3.866443 2e-06 -6.338889 -0.0 -1.697603 -22.592062 -6.194102 0.0 -4e-06 -1e-06 58.468346 -74.297356 139.346222 28.442394 -61.037701 15.405425 28.78433 0.022525 0.100071 -1.880262 -4.673067 8.953768 22.182253 -20.376139 49.933681 -16.701977 -16.743658 28.476809 -2e-05 -12.690716 8e-06 16.463411 -17.627489 2.318289 -0.105919 -1.513865 -4.275908 -5.039069 -5.612919 -2.95358 1.8e-05 -11.020669 1.1e-05 -6.111337 -15.895585 -3.840513 1e-06 -0.0 -3e-06 -10.283423 -5.680317 -4.341867 11.028385 -11.302526 -2.372651 -1.384258 -14.238762 -6.320184 -0.625421 -26.924675 -3.827628 -3.829292 -50.024296 -4.289958 -13.708592 -7.363514 -3.720968 18.141294 -14.052896 -3.242705 2.2e-05 -18.787529 2e-05 -0.429716 -8.456195 2.555555 1e-06 -1e-06 1e-06 -15.923612 -20.094614 -5.47362 30.419418 -7.190915 1.735919 8e-06 -8.163038 4e-06 -1.861896 -22.861891 -6.168015 -1e-06 -0.0 0.0 -162.148972 5.324535 -3.330353 13.702732 -0.115627 0.382511 -82.732529 6.014007 1.611772 -15.809066 1.845358 2.084117 -1.000004 0.0 0.0 -25.658129 -7.979257 -7.740078 4.789992 0.166291 0.251907 -70.126877 3.506466 -8.126 -11.809172 0.982855 1.519405 -1.000002 -0.0 0.0 
0.0 0.0 0.0 0.0 -0.0 0.0 21.731674 95.869743 234.218185 93.435287 -0.548203 97.838287 1.151241 -3.161714 -0.271683 -10.360479 -1.230658 -1.259469 15.164174 -0.140886 -3.504829 13.93007 1.249548 2.486306 -2.359228 -0.850003 -0.167281 -36.63393 -1.968875 -0.507809 7e-06 -0.0 0.0 0.064372 0.017081 -0.002622 0.102429 0.013887 -0.010976 0.132234 0.020293 0.012369 -122.594505 -75.854164 138.144089 44.854961 -48.42445 0.466192 38.256474 0.100062 -0.169235 -3.236412 4.72924 0.196366 17.636633 -26.322805 52.411331 -19.466812 -14.395693 29.410557 -1.4e-05 -8.774883 9e-06 15.739669 -18.188608 6.26909 -0.609773 -1.795661 -3.889342 -4.8071 -11.046862 -2.937863 3.4e-05 -20.976168 -1.4e-05 -5.019974 -25.033808 -4.031913 5e-06 4e-06 0.0 -10.634561 -5.686982 -3.565589 10.573349 -17.923046 -3.113943 1.9e-05 -13.821303 -5e-06 -0.501723 -31.181831 -4.027063 -11.29783 -59.816597 7.194711 -13.982751 -7.150211 -2.875037 13.772808 -8.401548 -3.218276 0.347797 -34.21183 0.771622 -0.963013 -17.733561 2.621051 3e-06 -3e-06 -3e-06 -17.346458 -20.095272 -4.201784 21.757656 -1.638399 3.866417 1.2e-05 -6.338863 -4e-06 -1.697555 -22.591959 -6.194077 -1e-06 -2e-06 -1e-06 54.904434 -73.434067 142.914429 27.317738 -60.081779 15.617074 27.981123 -0.090659 0.151478 -2.007621 -4.646632 8.419939 22.182186 -20.376011 49.933525 -16.701946 -16.743618 28.476728 -2.3e-05 -12.690687 8e-06 16.28211 -17.670406 2.334943 -0.105918 -1.513863 -4.275893 -5.039059 -5.612903 -2.953577 1.8e-05 -11.020622 -7e-06 -6.111321 -15.895524 -3.84052 1e-06 0.0 -4e-06 -10.283401 -5.680303 -4.341855 11.028361 -11.302481 -2.372656 -1.384253 -14.238699 -6.320177 -0.625394 -26.924524 -3.827647 -3.816979 -50.09483 -4.317734 -13.708565 -7.363495 -3.720955 18.141258 -14.052837 -3.242714 2.8e-05 -18.787434 -4e-06 -0.429708 -8.45615 2.555536 -0.0 0.0 0.0 -15.923573 -20.094559 -5.473612 30.419365 -7.190892 1.735911 1e-05 -8.162996 1e-06 -1.861874 -22.861759 -6.168011 0.0 0.0 1e-06 -163.999649 1.657521 -6.086188 20.346493 -0.283683 0.592916 -79.963676 8.77004 2.352161 -22.675423 1.952982 1.985949 -1.0 0.0 -0.0 -26.219152 -5.344637 -7.093298 9.260329 0.157714 0.207564 -64.654198 3.807969 -5.562972 -11.992494 1.02508 1.546086 -1.000004 0.0 0.0 
0.0 0.0 0.0 0.0 -0.0 0.0 21.280914 96.048111 239.516739 91.156784 -1.036396 97.971077 0.56399 -1.7421 -0.253369 -10.591653 -0.991816 -1.466076 14.917358 0.718129 -3.532382 13.592208 0.790152 2.511395 -2.471287 -1.029194 0.008016 -36.182598 -2.125406 -0.432494 7e-06 -0.0 0.0 0.023598 0.010285 -0.031118 0.017261 0.039063 -0.057497 0.032173 -0.016043 0.001774 -125.250397 -75.111 140.885361 43.204369 -49.126667 2.108958 36.556351 0.13233 -0.159642 -3.277236 4.362491 0.645531 17.636768 -26.322989 52.411659 -19.467075 -14.395826 29.410833 -2.4e-05 -8.774984 1.2e-05 15.968571 -18.03211 6.033618 -0.609774 -1.79568 -3.88937 -4.807135 -11.046977 -2.937898 6.2e-05 -20.976439 -3.4e-05 -5.020007 -25.034166 -4.031964 5e-06 -0.0 1e-06 -10.634644 -5.687031 -3.565608 10.573482 -17.92325 -3.113998 3.6e-05 -13.82148 -1.7e-05 -0.50168 -31.182341 -4.027132 -10.954957 -59.682842 6.967134 -13.982859 -7.150269 -2.875053 13.772952 -8.401645 -3.218325 0.347844 -34.212307 0.771603 -0.962999 -17.733818 2.621075 1e-06 1e-06 -1e-06 -17.3466 -20.095453 -4.201806 21.757879 -1.63843 3.866436 1.5e-05 -6.338943 -1e-05 -1.697549 -22.59231 -6.194171 -1e-06 -4e-06 -5e-06 53.313461 -73.39727 144.340088 27.096914 -59.889469 15.021915 27.066622 -0.145028 0.08741 -2.073533 -4.258853 7.52798 22.182415 -20.376123 49.933659 -16.702097 -16.743744 28.476843 -1.9e-05 -12.690827 -9e-06 16.18401 -17.680101 2.297047 -0.105917 -1.513874 -4.275913 -5.039107 -5.61295 -2.953586 1.8e-05 -11.020735 3e-06 -6.111411 -15.895701 -3.84053 1e-06 -1e-06 1e-06 -10.283483 -5.680343 -4.341863 11.028466 -11.302584 -2.372666 -1.384284 -14.23885 -6.320208 -0.62543 -26.924858 -3.827662 -3.736269 -49.928345 -4.385109 -13.708676 -7.363547 -3.720956 18.141434 -14.052973 -3.242718 3e-05 -18.787645 -3e-06 -0.429706 -8.456252 2.555561 2e-06 -0.0 -2e-06 -15.923718 -20.094707 -5.473607 30.419647 -7.190969 1.735953 1.5e-05 -8.16308 -6e-06 -1.861901 -22.862028 -6.168086 4e-06 -4e-06 -3e-06 -166.833542 -2.265653 -8.095019 28.942162 -0.36386 0.695205 -74.12928 10.099913 3.518027 -31.413355 2.105944 1.865312 -1.0 -0.0 0.0 -26.95076 -2.628395 -6.730602 14.376005 0.089448 0.105344 -61.274475 2.887884 -3.609797 -10.398726 0.951407 1.578841 -1.000004 -0.0 0.0 
0.0 0.0 0.0 0.0 -0.0 0.0 20.912086 96.543465 244.436096 89.522591 -0.79043 97.711311 0.652435 -0.652528 -0.190448 -10.586111 -0.720902 -1.571463 14.572827 1.316057 -3.41312 13.533712 0.40476 2.601807 -2.456196 -1.002766 -0.107188 -36.446346 -2.163996 -0.527005 6e-06 -0.0 1e-06 0.010886 0.037467 0.030089 0.002347 0.087951 0.016422 0.012203 -0.011699 0.050201 -123.268921 -75.217804 139.101471 42.928963 -51.406467 2.083158 34.085835 0.25319 -0.035867 -3.655665 3.929228 0.517198 17.63669 -26.322962 52.411606 -19.466856 -14.395737 29.410702 -6e-06 -8.774918 4e-06 15.986717 -18.030134 5.950217 -0.609779 -1.795664 -3.889358 -4.80712 -11.0469 -2.937875 2.1e-05 -20.97625 -4e-06 -5.020014 -25.033918 -4.031929 6e-06 6e-06 -1e-06 -10.634597 -5.687005 -3.565607 10.573376 -17.9231 -3.113941 7e-06 -13.821358 3e-06 -0.501765 -31.181993 -4.027062 -10.872049 -59.517197 6.817485 -13.982796 -7.150239 -2.875058 13.772849 -8.401563 -3.218285 0.347748 -34.211983 0.771679 -0.963049 -17.733643 2.621079 -1e-06 1e-06 -1e-06 -17.346523 -20.095345 -4.201804 21.757732 -1.638394 3.866442 5e-06 -6.338891 3e-06 -1.697592 -22.592064 -6.194095 -1e-06 -5e-06 -3e-06 55.096157 -74.593239 142.498581 28.736156 -60.860298 12.614135 26.322458 -0.320731 0.083183 -2.365628 -3.527796 6.360343 22.182264 -20.376062 49.933659 -16.702017 -16.74366 28.476809 -2.4e-05 -12.690732 3e-06 16.262255 -17.766718 2.275004 -0.105918 -1.513869 -4.275909 -5.039076 -5.612924 -2.953583 2.2e-05 -11.020672 -7e-06 -6.111339 -15.895596 -3.840529 1e-06 -2e-06 -2e-06 -10.283436 -5.680325 -4.341866 11.028402 -11.302529 -2.372667 -1.384255 -14.23877 -6.320201 -0.625381 -26.924688 -3.827667 -3.743831 -49.694939 -4.439923 -13.708611 -7.363524 -3.720962 18.141325 -14.0529 -3.242725 3.9e-05 -18.787531 -1.1e-05 -0.429706 -8.456196 2.555547 0.0 1e-06 -2e-06 -15.923632 -20.094631 -5.473624 30.419474 -7.190928 1.735923 1.7e-05 -8.163034 -6e-06 -1.861857 -22.861883 -6.168048 -1e-06 0.0 0.0 -170.811386 -5.609215 -9.058495 39.861572 -0.469422 0.764122 -64.130119 10.196651 4.611652 -36.684078 2.102697 1.83591 -0.999998 0.0 0.0 -26.086521 -0.508946 -7.09704 18.576635 0.164215 -0.065734 -62.339314 2.474888 -1.630915 -8.551044 0.883518 1.600135 -1.000003 0.0 -0.0 
0.0 0.0 0.0 0.0 -0.0 0.0 20.584362 97.097244 249.030609 88.487045 -0.269421 97.637535 1.043228 0.1405 -0.086643 -10.402347 -0.550608 -1.450532 14.312499 1.68337 -3.376636 13.50813 0.407469 2.511804 -2.439526 -0.885774 -0.206522 -36.740925 -2.17488 -0.198125 6e-06 0.0 0.0 0.00504 0.050066 0.054785 0.001059 0.09821 0.037099 0.025055 0.000236 0.074752 -121.317818 -75.321068 137.184021 42.868263 -53.375885 2.554273 31.722219 0.301416 -0.047178 -4.127793 3.14923 1.232044 17.636721 -26.322847 52.411385 -19.466856 -14.395672 29.41058 -1.1e-05 -8.774888 -3e-06 16.041046 -17.834909 5.929089 -0.609775 -1.795667 -3.889343 -4.807106 -11.046899 -2.937874 3.5e-05 -20.97625 -2e-05 -5.019976 -25.033918 -4.03193 6e-06 2e-06 2e-06 -10.634583 -5.687 -3.565599 10.573365 -17.923107 -3.113946 2.5e-05 -13.821352 -1.6e-05 -0.501708 -31.181969 -4.027085 -10.854388 -59.522079 6.815142 -13.982781 -7.150235 -2.87505 13.772826 -8.40157 -3.218272 0.347797 -34.211967 0.771619 -0.96301 -17.733631 2.62105 -1e-06 -1e-06 -1e-06 -17.3465 -20.095339 -4.201796 21.757692 -1.638403 3.86644 1.1e-05 -6.338889 -8e-06 -1.697554 -22.592066 -6.194105 0.0 -3e-06 -1e-06 56.578049 -75.628342 140.679657 30.343536 -61.306091 11.203894 26.36162 -0.434445 0.085573 -2.38773 -3.090811 5.378932 22.182287 -20.376127 49.933746 -16.702065 -16.743729 28.47691 -9e-06 -12.690789 1.5e-05 16.287794 -17.650173 2.291061 -0.105918 -1.513872 -4.275917 -5.039095 -5.61295 -2.953587 6e-06 -11.020726 0.0 -6.111399 -15.895708 -3.840536 -0.0 1e-06 -1e-06 -10.283459 -5.680346 -4.341866 11.028425 -11.302563 -2.372676 -1.384279 -14.238846 -6.320222 -0.625437 -26.924856 -3.827693 -3.795131 -49.613846 -4.326408 -13.708641 -7.36355 -3.720958 18.141365 -14.052936 -3.242735 8e-06 -18.787622 -6e-06 -0.429723 -8.456243 2.555553 -1e-06 2e-06 -2e-06 -15.923683 -20.0947 -5.473605 30.419559 -7.190915 1.735916 2e-06 -8.163073 -6e-06 -1.861912 -22.86203 -6.168089 3e-06 -3e-06 -2e-06 -176.237961 -8.248983 -8.556616 51.868912 -0.529294 0.604927 -54.756989 9.485834 3.606591 -26.769285 1.786718 1.896199 -1.000002 -0.0 -0.0 -24.053598 1.032673 -7.83594 21.586836 0.177266 -0.025827 -67.068069 2.051439 -0.174392 -7.639263 0.804383 1.635189 -1.000002 0.0 0.0 
0.0 0.0 0.0 0.0 -0.0 0.0 20.373363 97.6894 253.283188 87.873741 0.17924 97.640236 1.366713 0.712227 0.095609 -10.277729 -0.458944 -1.216355 14.355364 1.872161 -3.243813 13.47341 0.529153 2.331418 -2.462748 -0.764533 -0.365566 -36.916538 -2.102457 -0.041387 7e-06 -0.0 -0.0 0.001167 0.028567 0.0036 0.014777 0.066241 -0.012133 0.048746 -0.012768 0.019339 -121.554695 -74.816864 137.697159 42.883076 -54.033314 3.656467 29.778399 0.305527 -0.04273 -4.688897 2.147564 2.653868 17.636921 -26.323196 52.411961 -19.467119 -14.395887 29.410976 1.3e-05 -8.775063 -2e-06 16.26487 -17.778067 5.944507 -0.609787 -1.795689 -3.889385 -4.807212 -11.047075 -2.937901 -2.4e-05 -20.976633 -8e-06 -5.020174 -25.034473 -4.032028 6e-06 1e-06 1e-06 -10.634727 -5.68709 -3.565621 10.573499 -17.923361 -3.113986 -1.3e-05 -13.821602 -1.3e-05 -0.501803 -31.182682 -4.027208 -11.206688 -59.71706 7.135108 -13.982973 -7.150351 -2.87506 13.773029 -8.401667 -3.218321 0.34771 -34.212654 0.771644 -0.963067 -17.733995 2.62108 -0.0 1e-06 1e-06 -17.346783 -20.095631 -4.201792 21.758045 -1.638381 3.866502 -7e-06 -6.339 -8e-06 -1.697661 -22.592558 -6.194239 -0.0 -9e-06 0.0 55.638378 -76.051086 141.351288 31.83963 -60.306023 10.845672 27.15521 -0.487636 -3.5e-05 -2.373892 -2.906053 4.997234 22.182533 -20.376171 49.933994 -16.70219 -16.743837 28.477039 1e-05 -12.69092 -1.1e-05 16.249081 -17.538244 2.348319 -0.105922 -1.513885 -4.275942 -5.039154 -5.612995 -2.953606 -2e-06 -11.020803 -1e-05 -6.111483 -15.895831 -3.84059 -1e-06 2e-06 1e-06 -10.28356 -5.6804 -4.341887 11.028523 -11.302629 -2.37269 -1.384318 -14.238953 -6.320279 -0.625445 -26.925053 -3.827761 -3.868021 -49.773579 -4.149536 -13.708777 -7.36362 -3.72098 18.141533 -14.053019 -3.242749 8e-06 -18.78775 -3.2e-05 -0.429717 -8.456293 2.555562 1e-06 -2e-06 -2e-06 -15.923864 -20.094868 -5.47364 30.419849 -7.190957 1.73598 5e-06 -8.163121 -2e-05 -1.861923 -22.862167 -6.16819 -0.0 2e-06 1e-06 177.998428 -9.575067 -7.720642 62.025326 -0.607032 0.427659 -51.859829 5.879061 1.480887 -12.768065 1.619954 2.120325 -1.000003 0.0 1e-06 -21.167177 2.22916 -8.318647 22.392139 0.06868 -0.028163 -70.470711 1.863864 0.877888 -7.200914 0.72884 1.64281 -1.000009 -0.0 -0.0 
0.0 0.0 0.0 0.0 -0.0 0.0 20.292128 98.516342 257.562958 87.903656 0.538251 97.383591 1.478598 0.952162 0.307497 -10.193928 -0.444955 -0.906395 14.551037 1.675437 -2.932258 13.705764 0.754045 2.273282 -2.412178 -0.723023 -0.637949 -36.828629 -2.044828 -0.002884 6e-06 -0.0 0.0 0.017059 -0.004645 -0.070103 0.036472 0.015789 -0.084722 0.066749 -0.028795 -0.055419 -122.123566 -74.020943 138.66008 42.324253 -54.345657 4.730071 28.652136 0.216745 0.039907 -5.042775 1.587158 3.774743 17.636797 -26.32295 52.411526 -19.466988 -14.395747 29.410713 -2.6e-05 -8.774943 -5e-06 16.46306 -17.834568 5.890303 -0.609777 -1.795675 -3.889359 -4.807116 -11.046943 -2.937889 6.8e-05 -20.976377 -1.8e-05 -5.019977 -25.034081 -4.031936 7e-06 -1e-06 1e-06 -10.634613 -5.687011 -3.56561 10.573442 -17.923203 -3.113966 4.5e-05 -13.821432 -6e-06 -0.50167 -31.182194 -4.02708 -11.484918 -59.721611 7.276311 -13.982821 -7.150245 -2.875056 13.772902 -8.401629 -3.218296 0.347865 -34.212189 0.771624 -0.962994 -17.733751 2.621091 -2e-06 0.0 0.0 -17.346539 -20.095392 -4.201811 21.75779 -1.63844 3.866449 2.1e-05 -6.338923 -9e-06 -1.69752 -22.592216 -6.194139 1e-06 -4e-06 -0.0 53.272556 -76.097015 143.704651 34.089924 -58.488209 10.054568 27.774054 -0.495144 -0.041097 -2.146514 -2.447928 5.086792 22.182322 -20.376091 49.933712 -16.702093 -16.743719 28.476904 -2e-05 -12.690794 5e-06 16.333168 -17.544613 2.400821 -0.105918 -1.513875 -4.275918 -5.039094 -5.612949 -2.953589 1.6e-05 -11.020727 -9e-06 -6.111381 -15.8957 -3.840544 1e-06 2e-06 -2e-06 -10.283463 -5.680346 -4.341869 11.028438 -11.302573 -2.372674 -1.384267 -14.23885 -6.320232 -0.625402 -26.924873 -3.827711 -4.057951 -49.944122 -4.039028 -13.708647 -7.363548 -3.720964 18.141386 -14.052949 -3.24274 3.1e-05 -18.787619 -2e-05 -0.429709 -8.456235 2.555552 -2e-06 0.0 3e-06 -15.923679 -20.094702 -5.47362 30.419577 -7.190941 1.73592 1e-05 -8.163074 -1.1e-05 -1.861878 -22.86202 -6.168105 1e-06 -1e-06 -2e-06 172.74971 -9.613071 -7.851322 68.469078 -0.405338 0.33244 -56.672287 1.044273 1.209348 -10.844912 1.602306 2.19841 -1.000001 0.0 1e-06 -17.080708 2.963794 -7.906252 20.789736 0.005946 -0.055461 -72.638802 1.736568 1.373933 -6.991184 0.740462 1.646954 -1.000004 -0.0 0.0 
0.0 0.0 0.0 0.0 -0.0 0.0 20.269663 99.323608 261.973267 88.265045 0.912144 96.876274 1.58219 1.092149 0.513244 -10.130438 -0.468495 -0.518646 14.609399 1.168632 -2.553862 14.338342 0.94383 2.293335 -2.379709 -0.748884 -0.735746 -36.330025 -2.08856 -0.246891 6e-06 0.0 0.0 0.037633 -0.016321 -0.092619 0.04892 -0.015833 -0.102825 0.06448 -0.020174 -0.081698 -121.157066 -73.324783 137.924805 40.690723 -55.125233 5.842478 28.977156 0.073287 0.094878 -5.019427 1.398351 4.459512 17.636702 -26.322849 52.411411 -19.466774 -14.395672 29.410559 6e-06 -8.774891 -3e-06 16.473835 -17.919327 5.856124 -0.60978 -1.795662 -3.889342 -4.807127 -11.04688 -2.937867 -8e-06 -20.976194 -1e-06 -5.020028 -25.033852 -4.031943 5e-06 1e-06 2e-06 -10.634586 -5.687002 -3.565596 10.573329 -17.923052 -3.113919 -5e-06 -13.82132 -3e-06 -0.501788 -31.18189 -4.027086 -11.577559 -59.588253 7.264465 -13.982785 -7.150238 -2.875048 13.772809 -8.401531 -3.218264 0.34772 -34.211868 0.771653 -0.963048 -17.733574 2.621044 0.0 -4e-06 -1e-06 -17.346518 -20.095324 -4.201788 21.757696 -1.638373 3.866452 -2e-06 -6.338875 0.0 -1.69761 -22.592016 -6.1941 0.0 -3e-06 -2e-06 51.820511 -76.414581 145.059433 36.620506 -57.110359 8.439275 28.345423 -0.545734 -0.036677 -1.714992 -1.555498 5.001861 22.182251 -20.375978 49.933529 -16.702057 -16.743668 28.47678 -2.1e-05 -12.690748 7e-06 16.363745 -17.589695 2.448353 -0.105915 -1.513872 -4.275903 -5.039078 -5.612931 -2.953578 2e-05 -11.020684 -1.5e-05 -6.111352 -15.895633 -3.840536 0.0 -3e-06 0.0 -10.283437 -5.680329 -4.341855 11.028411 -11.302536 -2.372676 -1.384255 -14.238785 -6.320206 -0.625373 -26.924717 -3.827693 -4.185547 -49.951477 -4.018538 -13.708614 -7.363528 -3.720949 18.14134 -14.052902 -3.24274 4.1e-05 -18.787531 -3.4e-05 -0.429699 -8.456193 2.555532 -1e-06 1e-06 1e-06 -15.92364 -20.094643 -5.473604 30.419498 -7.190923 1.735908 1.8e-05 -8.163031 -1.7e-05 -1.861852 -22.861889 -6.168087 -1e-06 -2e-06 1e-06 168.118912 -8.971383 -8.683531 70.819771 -0.146131 0.233542 -61.513714 -2.314084 1.654085 -10.937475 1.598415 2.20036 -1.000001 0.0 1e-06 -12.237753 3.433682 -6.725116 17.899096 0.016904 -0.079361 -74.179749 1.515058 1.503869 -6.896928 0.769471 1.650228 -1.000005 -0.0 -0.0 
0.0 0.0 0.0 0.0 -0.0 0.0 20.287149 99.834496 266.43399 88.540977 1.286253 96.131004 1.782267 1.313967 0.709629 -10.036669 -0.421149 -0.054854 14.49619 0.601191 -2.132744 15.041685 0.856525 2.365655 -2.390264 -0.748578 -0.883115 -35.742157 -2.073927 -0.541733 5e-06 -0.0 0.0 0.051047 -0.011935 -0.083976 0.048988 -0.023133 -0.089787 0.050259 -0.004667 -0.076839 -119.382652 -72.644104 136.213104 37.976311 -56.027935 7.733161 30.76693 0.008006 0.123164 -4.599776 1.316795 4.231196 17.636772 -26.323015 52.411674 -19.466974 -14.395801 29.410799 8e-06 -8.774987 5e-06 16.341421 -18.014805 5.850599 -0.609783 -1.795677 -3.889362 -4.807169 -11.046988 -2.937882 -1.5e-05 -20.976454 -1e-05 -5.020106 -25.034243 -4.031986 5e-06 1e-06 2e-06 -10.634651 -5.687047 -3.565605 10.57342 -17.923223 -3.113964 -9e-06 -13.821487 -1.2e-05 -0.501791 -31.182375 -4.027161 -11.577667 -59.496323 7.136286 -13.982867 -7.150292 -2.875047 13.772921 -8.401603 -3.218302 0.347715 -34.212307 0.771642 -0.963058 -17.733828 2.621063 -0.0 2e-06 -1e-06 -17.34664 -20.095478 -4.201785 21.757877 -1.638372 3.866462 -7e-06 -6.338946 -5e-06 -1.697637 -22.592337 -6.194182 -0.0 -3e-06 -2e-06 51.919361 -77.186157 144.701126 39.049595 -56.244198 6.667904 29.429903 -0.494146 0.013276 -1.12428 -0.688793 3.997262 22.182302 -20.37603 49.933681 -16.701973 -16.743685 28.476809 2.2e-05 -12.690768 -6e-06 16.320841 -17.630463 2.485637 -0.105922 -1.51387 -4.275911 -5.039105 -5.612943 -2.953583 -1.6e-05 -11.020688 -0.0 -6.111425 -15.895657 -3.84055 1e-06 1e-06 0.0 -10.283463 -5.680353 -4.341866 11.028391 -11.302511 -2.372655 -1.384314 -14.238791 -6.320215 -0.62548 -26.924713 -3.827706 -4.235478 -49.816097 -4.048788 -13.708652 -7.363561 -3.720957 18.141325 -14.052869 -3.242704 -1.9e-05 -18.787554 -1.7e-05 -0.429727 -8.456201 2.555539 0.0 -0.0 -0.0 -15.923712 -20.094692 -5.473606 30.419529 -7.190856 1.735964 -7e-06 -8.163042 -9e-06 -1.86195 -22.861923 -6.168099 1e-06 -4e-06 -4e-06 164.080536 -8.274834 -9.802816 69.876297 0.059952 0.097638 -65.063751 -3.291246 1.774461 -11.251966 1.602522 2.158626 -1.000005 1e-06 0.0 -7.397961 3.884595 -5.213593 14.993819 0.050732 -0.11198 -75.682632 1.222662 1.494156 -6.926218 0.764851 1.644741 -1.000007 -0.0 -0.0 
0.0 0.0 0.0 0.0 -0.0 0.0 20.341312 99.96035 270.874268 88.525993 1.562478 95.217949 2.008614 1.696349 0.846844 -9.931904 -0.29793 0.470756 14.356525 0.132356 -1.663508 15.500679 0.468403 2.488348 -2.429609 -0.731126 -1.05968 -35.303608 -1.993799 -0.792803 6e-06 -0.0 -1e-06 0.060639 -0.014482 -0.092599 0.05575 -0.027813 -0.096348 0.047642 -0.006485 -0.086549 -118.31617 -71.837921 135.181412 34.798153 -56.469517 10.150242 32.993378 0.012598 0.130914 -4.1244 1.428146 3.52836 17.636805 -26.323032 52.41177 -19.466984 -14.39579 29.410835 6e-06 -8.774988 -2e-06 16.226137 -18.096785 5.875157 -0.609782 -1.795677 -3.889367 -4.80717 -11.046988 -2.937893 -4e-06 -20.976444 -2e-05 -5.020084 -25.034225 -4.032015 7e-06 3e-06 1e-06 -10.634657 -5.687047 -3.565619 10.573431 -17.923223 -3.113967 -0.0 -13.821484 -1.3e-05 -0.50176 -31.182358 -4.027174 -11.600669 -59.509758 7.110341 -13.982878 -7.150295 -2.875061 13.772931 -8.40161 -3.218299 0.347737 -34.212322 0.771634 -0.963049 -17.733828 2.621065 2e-06 -1e-06 -2e-06 -17.346647 -20.095484 -4.201811 21.757885 -1.638382 3.866486 -3e-06 -6.338945 -5e-06 -1.697619 -22.592337 -6.194205 -0.0 0.0 -1e-06 52.581852 -78.13575 143.735947 41.321644 -55.213966 5.140404 31.178602 -0.408589 0.048913 -0.455738 -0.054535 2.678026 22.182287 -20.376043 49.933746 -16.702068 -16.743732 28.476902 1e-05 -12.690807 1e-05 16.266462 -17.673422 2.529812 -0.105919 -1.513874 -4.275918 -5.03911 -5.612962 -2.953592 -8e-06 -11.020729 -1.3e-05 -6.111429 -15.895723 -3.840563 1e-06 0.0 0.0 -10.283475 -5.680365 -4.341863 11.028426 -11.30255 -2.372683 -1.3843 -14.238851 -6.320239 -0.625441 -26.924843 -3.827748 -4.268475 -49.717735 -4.0103 -13.708667 -7.363575 -3.720956 18.141376 -14.052917 -3.242748 -4e-06 -18.787619 -3.8e-05 -0.429719 -8.456229 2.555535 0.0 -1e-06 -1e-06 -15.923727 -20.09474 -5.47361 30.4196 -7.190878 1.735932 -6e-06 -8.163065 -1.8e-05 -1.861925 -22.862005 -6.168146 1e-06 -6e-06 1e-06 160.409744 -7.78878 -10.720435 66.1437 0.242597 -0.113288 -67.688454 -2.511417 1.222161 -11.521487 1.608696 2.116467 -1.000003 0.0 0.0 -3.034836 4.432263 -3.755836 12.732198 0.064016 -0.136508 -77.501305 0.936861 1.466068 -7.035702 0.731418 1.640649 -1.000008 -0.0 -0.0 
0.0 0.0 0.0 0.0 -0.0 0.0 20.460293 99.751854 275.145233 88.236183 1.706237 94.247505 2.2034 2.178528 0.898723 -9.847944 -0.133055 0.968343 14.284347 -0.15547 -1.180819 15.658501 -0.098025 2.570204 -2.47893 -0.715958 -1.09508 -35.092804 -1.989641 -0.98098 6e-06 -0.0 -0.0 0.067898 -0.020828 -0.10797 0.075623 -0.035156 -0.108639 0.05852 -0.013417 -0.104277 -118.275612 -70.969498 135.300217 32.362381 -56.439064 11.899091 34.286217 0.037219 0.132414 -3.942143 1.8081 3.166055 17.636747 -26.323 52.411678 -19.466953 -14.39576 29.410782 1e-06 -8.774957 3e-06 16.183805 -18.123295 5.909026 -0.609779 -1.795674 -3.889363 -4.807148 -11.046968 -2.937889 -0.0 -20.976406 -1.3e-05 -5.020065 -25.034163 -4.031979 7e-06 1e-06 -1e-06 -10.634626 -5.687033 -3.565614 10.573403 -17.923199 -3.113963 1e-06 -13.821458 -9e-06 -0.501763 -31.182289 -4.02714 -11.602674 -59.573715 7.213921 -13.982838 -7.150276 -2.875058 13.772893 -8.401602 -3.218297 0.347732 -34.212246 0.771641 -0.963049 -17.733795 2.621064 2e-06 0.0 -1e-06 -17.34659 -20.09544 -4.201803 21.757818 -1.638387 3.866465 -2e-06 -6.338936 -5e-06 -1.697605 -22.592291 -6.194167 -1e-06 -7e-06 -2e-06 53.006203 -79.058167 143.068481 43.483337 -53.779533 3.67803 33.239498 -0.357102 0.044381 0.175589 0.466051 1.780192 22.182255 -20.376003 49.933617 -16.701973 -16.743673 28.476765 7e-06 -12.690748 2e-06 16.192249 -17.705967 2.570608 -0.105919 -1.513867 -4.275908 -5.039093 -5.612927 -2.953578 -6e-06 -11.020651 -9e-06 -6.111395 -15.895585 -3.840539 0.0 -0.0 -1e-06 -10.283446 -5.680334 -4.341856 11.028387 -11.302492 -2.372662 -1.384293 -14.23875 -6.320203 -0.625442 -26.924622 -3.8277 -4.330272 -49.680016 -3.868808 -13.708629 -7.36354 -3.720954 18.141317 -14.052845 -3.242714 -2e-06 -18.787495 -2e-05 -0.429716 -8.456172 2.555529 3e-06 -2e-06 -2e-06 -15.923676 -20.094645 -5.473606 30.419487 -7.190858 1.735944 -5e-06 -8.163014 -1.2e-05 -1.861928 -22.861824 -6.168074 -1e-06 -4e-06 0.0 157.33963 -7.384861 -10.986138 59.621357 0.318824 -0.356829 -69.53286 -1.391504 0.293852 -11.709895 1.64141 2.109436 -0.999998 0.0 -0.0 0.690025 5.017222 -2.592152 11.179231 0.044191 -0.109175 -79.64579 0.801074 1.548403 -7.048898 0.691393 1.640929 -1.000003 0.0 -0.0 
0.0 0.0 0.0 0.0 -0.0 0.0 20.664618 99.321953 279.20578 87.774582 1.688165 93.280182 2.293669 2.655771 0.862036 -9.801309 0.03512 1.397221 14.303974 -0.266997 -0.770879 15.674325 -0.702636 2.582133 -2.510798 -0.697017 -0.951528 -35.074787 -2.067815 -1.054548 6e-06 -0.0 -1e-06 0.066967 -0.012395 -0.086739 0.091969 -0.03836 -0.083674 0.061751 0.005612 -0.087222 -118.786636 -70.076996 136.006027 30.754009 -56.28896 12.907356 34.397835 0.076918 0.156252 -4.052963 2.228057 3.215912 17.63681 -26.323004 52.411572 -19.466978 -14.39577 29.410723 -7e-06 -8.774966 -1e-06 16.197628 -18.115229 5.926633 -0.609777 -1.795675 -3.889358 -4.807142 -11.04697 -2.937877 2.2e-05 -20.976425 0.0 -5.020063 -25.034157 -4.03194 6e-06 2e-06 -0.0 -10.634635 -5.687028 -3.565605 10.573434 -17.923223 -3.113958 1.7e-05 -13.821468 -4e-06 -0.501754 -31.182306 -4.027094 -11.546846 -59.639702 7.315308 -13.982847 -7.150268 -2.875049 13.772913 -8.401621 -3.218292 0.347777 -34.212265 0.77165 -0.96303 -17.733795 2.621075 3e-06 -0.0 -0.0 -17.346598 -20.095446 -4.201789 21.757841 -1.638411 3.866462 6e-06 -6.338939 -5e-06 -1.697592 -22.592293 -6.194141 -3e-06 0.0 -1e-06 52.858219 -79.901894 143.043991 45.64101 -52.128994 2.070842 35.168232 -0.282615 0.06095 0.72559 0.93085 1.383028 22.182325 -20.376135 49.933876 -16.702152 -16.743752 28.477011 -1.8e-05 -12.690818 1.3e-05 16.128511 -17.735682 2.58286 -0.105918 -1.51388 -4.275934 -5.039106 -5.612966 -2.953602 1.7e-05 -11.020756 -1.8e-05 -6.111395 -15.89576 -3.840571 -0.0 -0.0 1e-06 -10.283477 -5.680359 -4.341884 11.028462 -11.3026 -2.372694 -1.384264 -14.238886 -6.320263 -0.625378 -26.924952 -3.827744 -4.384732 -49.643978 -3.761515 -13.708671 -7.363567 -3.720977 18.141438 -14.052988 -3.242765 3.7e-05 -18.787674 -2.9e-05 -0.429705 -8.456264 2.555559 1e-06 -0.0 1e-06 -15.923705 -20.094749 -5.473645 30.419638 -7.190953 1.73591 1e-05 -8.163089 -1.4e-05 -1.861878 -22.862091 -6.16814 1e-06 -4e-06 1e-06 155.099213 -6.926288 -10.455667 50.360184 0.248946 -0.542325 -69.890633 -1.071873 -0.474973 -11.922364 1.71572 2.11294 -1.0 0.0 -0.0 3.942819 5.60672 -1.682303 9.965497 -0.005907 -0.01398 -81.673958 0.822286 1.850462 -6.928552 0.667094 1.641612 -1.000002 0.0 0.0 
0.0 0.0 0.0 0.0 -0.0 0.0 20.9578 98.747597 283.218658 87.196419 1.491861 92.289848 2.273465 3.103745 0.80063 -9.795571 0.167726 1.691697 14.333478 -0.237342 -0.415191 15.68611 -1.252884 2.592517 -2.521345 -0.680334 -0.731967 -35.152813 -2.135643 -1.047193 6e-06 0.0 -0.0 0.060689 0.006633 -0.041826 0.076386 -0.028201 -0.039275 0.03821 0.032707 -0.041892 -119.207756 -69.268631 136.597183 29.638817 -56.338303 13.456018 33.768738 0.09552 0.185508 -4.412485 2.48482 3.7466 17.636847 -26.322985 52.411533 -19.467062 -14.395788 29.410757 -2.1e-05 -8.774983 0.0 16.201084 -18.072226 5.94564 -0.609776 -1.795682 -3.889362 -4.807135 -11.046992 -2.937888 5.8e-05 -20.976486 -2e-05 -5.020028 -25.034246 -4.03195 8e-06 -0.0 0.0 -10.634644 -5.687035 -3.565607 10.573479 -17.923279 -3.113981 4e-05 -13.821506 -1.5e-05 -0.501685 -31.182409 -4.027122 -11.567148 -59.662209 7.434164 -13.982861 -7.150273 -2.875049 13.772948 -8.401658 -3.218307 0.34785 -34.212379 0.771607 -0.962993 -17.733854 2.62108 2e-06 1e-06 0.0 -17.346601 -20.095465 -4.201795 21.757872 -1.638435 3.866454 1.7e-05 -6.338954 -1.1e-05 -1.697548 -22.592346 -6.194169 0.0 -5e-06 -1e-06 52.363232 -80.668007 143.294617 47.639202 -50.678211 0.302617 36.791199 -0.197156 0.121367 1.115827 1.342702 1.331913 22.182308 -20.376009 49.933765 -16.702219 -16.743788 28.476994 -2.1e-05 -12.690852 1.5e-05 16.087402 -17.742252 2.571388 -0.105911 -1.513883 -4.275928 -5.039112 -5.612968 -2.953595 1.7e-05 -11.020752 -3.7e-05 -6.111404 -15.895753 -3.84059 0.0 -1e-06 0.0 -10.28349 -5.680362 -4.341868 11.028493 -11.302594 -2.372723 -1.384261 -14.238885 -6.32027 -0.625338 -26.924929 -3.827793 -4.392058 -49.588768 -3.786762 -13.70869 -7.36357 -3.720958 18.141485 -14.052983 -3.242797 5.6e-05 -18.787651 -7.1e-05 -0.429692 -8.456244 2.55553 1e-06 -1e-06 -2e-06 -15.923729 -20.094757 -5.473631 30.41972 -7.19096 1.735885 2.1e-05 -8.163071 -3.3e-05 -1.861849 -22.862036 -6.168185 2e-06 -4e-06 1e-06 153.837997 -6.553778 -9.513322 38.626987 0.121558 -0.646117 -68.571892 -1.847936 -0.565839 -11.883255 1.759402 2.09998 -1.000001 -0.0 -0.0 7.326394 6.139811 -0.936979 8.21839 -0.059491 0.076946 -83.399033 1.133205 2.289555 -6.826665 0.669575 1.642024 -1.000005 -0.0 -0.0 
0.0 0.0 0.0 0.0 -0.0 0.0 21.335052 98.036469 287.345001 86.465805 1.239487 91.262512 2.223866 3.562657 0.815845 -9.802416 0.257468 1.823625 14.312696 -0.101169 -0.140457 15.695354 -1.66253 2.638985 -2.536886 -0.690608 -0.593376 -35.222782 -2.034564 -0.872536 4e-06 -0.0 -0.0 0.059209 0.019905 -0.020305 0.02479 -0.010149 -0.025987 -0.002235 0.039518 -0.011421 -118.990051 -68.67173 136.568802 28.779104 -56.728706 13.766493 32.891243 0.080056 0.169567 -4.884885 2.473925 4.526239 17.636736 -26.322828 52.411427 -19.466764 -14.395708 29.410572 2.6e-05 -8.774924 -6e-06 16.148046 -17.980513 6.022412 -0.609783 -1.795664 -3.889344 -4.807162 -11.046901 -2.937866 -4.7e-05 -20.976223 -2e-06 -5.020096 -25.033909 -4.031983 6e-06 1e-06 0.0 -10.63462 -5.687023 -3.565593 10.573331 -17.923052 -3.113918 -2.9e-05 -13.821336 -7e-06 -0.50184 -31.181934 -4.027125 -11.69155 -59.672619 7.659307 -13.982828 -7.150264 -2.875041 13.77284 -8.401518 -3.218261 0.347656 -34.211914 0.771659 -0.963073 -17.73361 2.621037 0.0 0.0 -1e-06 -17.346601 -20.095366 -4.20177 21.757767 -1.638339 3.866467 -1.4e-05 -6.338879 0.0 -1.697671 -22.592043 -6.19412 -1e-06 -4e-06 0.0 51.831562 -81.379326 143.479538 49.462036 -49.705673 -1.74221 38.111095 -0.120934 0.184455 1.32889 1.697283 1.603115 22.182236 -20.375959 49.933575 -16.701971 -16.743652 28.476765 1.2e-05 -12.690743 0.0 16.000763 -17.649519 2.581934 -0.10592 -1.51387 -4.275903 -5.039091 -5.612937 -2.953578 -1.2e-05 -11.020671 -1.2e-05 -6.111394 -15.895626 -3.840539 -0.0 0.0 -3e-06 -10.283444 -5.680346 -4.341854 11.028378 -11.302504 -2.372663 -1.384296 -14.238778 -6.32021 -0.625438 -26.924677 -3.827715 -4.409499 -49.477615 -3.816071 -13.70862 -7.363549 -3.720948 18.141293 -14.052856 -3.242715 -8e-06 -18.787518 -3.2e-05 -0.429718 -8.456182 2.555527 -0.0 -1e-06 -1e-06 -15.923673 -20.094667 -5.473598 30.41947 -7.190851 1.735938 -5e-06 -8.163023 -1.4e-05 -1.86192 -22.861874 -6.168091 -1e-06 -4e-06 -2e-06 153.728577 -6.563932 -8.344732 25.168518 0.053427 -0.630416 -66.696068 -2.795154 -0.191717 -11.342234 1.726127 2.088742 -1.000001 1e-06 0.0 10.727283 6.579868 -0.365166 6.494315 -0.089902 0.099801 -84.758705 1.794898 2.640235 -7.029842 0.687156 1.643913 -1.000008 0.0 -0.0 
0.0 0.0 0.0 0.0 -0.0 0.0 21.767235 97.225822 291.683624 85.593887 0.960627 90.375175 2.139372 3.996599 0.710194 -9.856303 0.334075 1.941375 14.281429 0.140579 -0.035075 15.588601 -1.831347 2.68242 -2.479025 -0.798343 -0.338651 -35.393799 -1.911353 -0.496442 5e-06 -0.0 -0.0 0.073632 0.042832 0.046775 -0.029206 0.02206 0.022939 -0.044748 0.051799 0.073131 -118.134445 -68.312141 135.989853 28.053675 -57.388515 13.965158 32.04388 0.101283 0.153799 -5.30261 2.16366 5.143003 17.636696 -26.322824 52.411304 -19.466827 -14.395674 29.410536 -7e-06 -8.774891 -2e-06 16.137716 -17.966431 6.050731 -0.609776 -1.795664 -3.889341 -4.807109 -11.046889 -2.937864 2e-05 -20.976229 -1.4e-05 -5.019999 -25.033888 -4.031929 8e-06 0.0 0.0 -10.634574 -5.686998 -3.565595 10.573351 -17.923086 -3.113937 1.5e-05 -13.821342 -7e-06 -0.501739 -31.181938 -4.027074 -11.712813 -59.737907 7.761142 -13.982766 -7.15023 -2.87504 13.772815 -8.401559 -3.218271 0.347776 -34.211933 0.771626 -0.963016 -17.733612 2.621045 2e-06 -3e-06 -0.0 -17.346485 -20.095316 -4.201779 21.757683 -1.638394 3.866434 7e-06 -6.338882 -4e-06 -1.697571 -22.592039 -6.194092 -1e-06 -3e-06 -1e-06 51.548222 -81.946243 143.425598 51.151173 -49.204712 -4.021558 39.281643 -0.121361 0.259166 1.516419 2.129957 1.899788 22.18218 -20.375994 49.933559 -16.701956 -16.743645 28.476749 -1.3e-05 -12.690699 1.3e-05 15.916276 -17.569138 2.648496 -0.105918 -1.513865 -4.275904 -5.039068 -5.612911 -2.953573 9e-06 -11.020624 -9e-06 -6.111337 -15.895526 -3.840528 2e-06 -1e-06 -2e-06 -10.283413 -5.680313 -4.341859 11.028363 -11.302477 -2.372664 -1.384263 -14.238703 -6.320181 -0.625402 -26.924517 -3.827663 -4.730927 -49.598083 -3.545861 -13.708583 -7.363513 -3.720953 18.141262 -14.052832 -3.242719 1.8e-05 -18.787437 -9e-06 -0.429717 -8.456142 2.55553 2e-06 -1e-06 1e-06 -15.923604 -20.094584 -5.473608 30.419399 -7.190871 1.735908 3e-06 -8.162993 -5e-06 -1.861898 -22.861757 -6.168023 -5e-06 0.0 -3e-06 154.000687 -7.083279 -6.783654 12.31261 0.042825 -0.411689 -66.248138 -2.577332 -0.712682 -10.67011 1.776397 2.04529 -1.000001 -0.0 0.0 13.349554 7.018239 -0.316275 6.663482 -0.077063 -0.018475 -86.080299 2.787695 2.907643 -7.702016 0.62931 1.638649 -1.000009 -0.0 -0.0 
0.0 0.0 0.0 0.0 -0.0 0.0 22.309456 96.361725 296.220551 84.787727 0.517428 89.634773 1.893241 4.260713 0.545573 -9.986073 0.390675 2.025173 14.404415 0.525305 -0.067416 15.232489 -2.085103 2.731042 -2.497415 -0.814105 -0.074166 -35.500877 -1.739075 -0.134269 4e-06 -0.0 0.0 0.082349 0.024957 0.006003 -0.036502 -0.007669 -0.023148 -0.042093 0.044127 0.037355 -118.05217 -68.027298 135.879288 26.973982 -57.993034 14.492891 31.052034 0.075738 0.115339 -5.425955 1.709246 4.941126 17.636736 -26.322878 52.411449 -19.466883 -14.39573 29.410641 6e-06 -8.774943 0.0 16.133898 -18.004416 5.994556 -0.609779 -1.795669 -3.889347 -4.807144 -11.046932 -2.937873 -3e-06 -20.976324 -1.6e-05 -5.020059 -25.034044 -4.031972 6e-06 1e-06 -0.0 -10.634615 -5.68702 -3.565595 10.573381 -17.923136 -3.11395 -0.0 -13.821402 -1.5e-05 -0.501769 -31.182125 -4.027135 -11.767646 -59.756802 7.734637 -13.98282 -7.150261 -2.875042 13.772871 -8.401573 -3.218284 0.347741 -34.212097 0.771621 -0.963031 -17.733711 2.621038 0.0 -1e-06 -0.0 -17.346573 -20.095392 -4.201778 21.757786 -1.638376 3.866454 -1e-06 -6.338908 -7e-06 -1.697616 -22.592173 -6.194141 -2e-06 -3e-06 -1e-06 50.260277 -82.054459 144.553696 52.437084 -48.645603 -5.698414 40.330688 -0.054204 0.331028 1.7746 2.374172 1.785139 22.182203 -20.375996 49.933533 -16.701962 -16.743658 28.476742 -3e-06 -12.690723 8e-06 15.748015 -17.534899 2.713107 -0.105917 -1.513865 -4.2759 -5.039078 -5.612918 -2.953573 3e-06 -11.020646 -4e-06 -6.111366 -15.895572 -3.840519 1e-06 -0.0 3e-06 -10.283422 -5.680321 -4.341852 11.028375 -11.302493 -2.372659 -1.384275 -14.238739 -6.320186 -0.625429 -26.924604 -3.827668 -4.717153 -49.554501 -3.550221 -13.708596 -7.36352 -3.720944 18.141287 -14.05285 -3.242715 7e-06 -18.787489 -1.1e-05 -0.429714 -8.456175 2.555533 -1e-06 -1e-06 -0.0 -15.923628 -20.094608 -5.473596 30.419439 -7.19087 1.735924 -1e-06 -8.163014 -6e-06 -1.861909 -22.86183 -6.168055 -0.0 -3e-06 -1e-06 153.548172 -7.837279 -5.678184 3.825326 0.022545 -0.244963 -67.058861 -1.620959 -3.472561 -10.590392 1.875815 1.954188 -1.0 0.0 1e-06 15.952448 7.249698 -0.548294 6.64617 -0.063242 -0.065712 -86.657082 4.19653 2.702749 -8.757091 0.594225 1.610903 -1.000003 0.0 -0.0 
0.0 0.0 0.0 0.0 -0.0 0.0 22.937187 95.634956 300.813843 84.446327 0.062286 89.08387 1.68632 4.197775 0.454592 -10.105267 0.387086 1.984545 14.547171 0.726891 -0.127517 14.73864 -2.269145 2.636329 -2.462766 -0.670698 0.185751 -35.903233 -1.487911 0.252514 6e-06 -0.0 -0.0 0.085319 -0.000971 -0.06087 -0.006377 -0.025339 -0.081106 -0.010028 0.008932 -0.038227 -118.485016 -67.914284 136.231705 26.186701 -58.244957 14.972816 29.967028 -0.032905 0.083201 -5.417052 1.414831 4.199874 17.636702 -26.322912 52.411476 -19.466816 -14.395704 29.410618 1e-06 -8.774907 2e-06 16.164127 -17.964773 5.914881 -0.609779 -1.795664 -3.889344 -4.807128 -11.046903 -2.937865 -3e-06 -20.976265 1e-05 -5.02004 -25.033955 -4.031921 6e-06 1e-06 -0.0 -10.634594 -5.687009 -3.565596 10.573351 -17.923098 -3.113927 -1e-06 -13.821371 4e-06 -0.501788 -31.182047 -4.027065 -11.624381 -59.746357 7.625238 -13.982795 -7.150245 -2.875045 13.772832 -8.401554 -3.21827 0.34772 -34.211998 0.771676 -0.963049 -17.73366 2.621067 4e-06 -0.0 -1e-06 -17.346535 -20.095348 -4.201781 21.757725 -1.638378 3.86645 -1e-06 -6.338898 3e-06 -1.697605 -22.592117 -6.194096 -2e-06 -4e-06 -1e-06 48.740833 -81.879234 146.083176 53.37352 -48.452255 -6.973114 40.999714 0.171027 0.430116 2.184559 2.604995 1.33469 22.182262 -20.375994 49.933598 -16.701946 -16.743614 28.476734 -8e-06 -12.690708 -1.1e-05 15.709666 -17.573191 2.740107 -0.105922 -1.513869 -4.275902 -5.039078 -5.612914 -2.953584 7e-06 -11.020626 -1e-05 -6.11134 -15.895541 -3.840546 -0.0 2e-06 -2e-06 -10.283429 -5.680326 -4.341866 11.028368 -11.302481 -2.372652 -1.384265 -14.238717 -6.320198 -0.625395 -26.924543 -3.827683 -4.591475 -49.545444 -3.59454 -13.708597 -7.363523 -3.720967 18.141275 -14.052839 -3.242697 2.4e-05 -18.787455 -1.4e-05 -0.429706 -8.456154 2.555537 4e-06 -2e-06 -0.0 -15.923627 -20.094603 -5.473626 30.419405 -7.190886 1.735954 1e-05 -8.162997 -5e-06 -1.861874 -22.861765 -6.168049 -3e-06 -3e-06 -2e-06 152.092896 -8.194571 -5.806995 2.292282 -0.001373 -0.074195 -68.477058 -0.856287 -7.001181 -10.765831 1.917094 1.883613 -1.000002 1e-06 -0.0 17.547482 6.866818 -1.40768 8.534049 -0.134635 -0.018356 -86.583641 5.822855 2.261181 -10.747587 0.628464 1.570859 -1.000006 0.0 0.0 
0.0 0.0 0.0 0.0 -0.0 0.0 23.70223 95.206459 305.503662 85.310112 -0.573078 88.755432 1.209787 3.32368 0.403262 -10.297452 0.291386 1.996613 14.605474 0.48328 -0.282929 14.303954 -2.202827 2.620822 -2.395517 -0.627312 0.334965 -35.854984 -1.208227 0.373318 4e-06 -0.0 -0.0 0.076316 -0.003009 -0.069819 -0.0284 -0.00587 -0.088357 -0.035875 -0.013533 -0.04938 -119.489799 -67.883957 137.196838 25.431103 -57.997936 15.525066 28.904306 -0.187524 0.02812 -5.522799 1.205482 3.845314 17.636848 -26.322798 52.411301 -19.466833 -14.39576 29.410542 3.5e-05 -8.774985 -1.6e-05 16.285616 -17.988417 5.927409 -0.609785 -1.79567 -3.889341 -4.807198 -11.046947 -2.937858 -6.3e-05 -20.976318 -5e-06 -5.020168 -25.034063 -4.032003 8e-06 0.0 -1e-06 -10.634672 -5.687047 -3.565578 10.573378 -17.923117 -3.113923 -3.4e-05 -13.821402 -1.8e-05 -0.501856 -31.182137 -4.027173 -11.617078 -59.745167 7.626131 -13.982897 -7.150295 -2.875021 13.772911 -8.401539 -3.218266 0.347652 -34.21209 0.771626 -0.963055 -17.733704 2.621012 0.0 -0.0 -1e-06 -17.34671 -20.095442 -4.201735 21.757898 -1.638334 3.866493 -1.7e-05 -6.33891 -6e-06 -1.697709 -22.592188 -6.194156 -0.0 -7e-06 -1e-06 46.54908 -81.144569 148.456421 53.478653 -48.832016 -7.546688 40.992401 0.476653 0.48545 2.557377 2.974349 0.634228 22.182306 -20.375879 49.933681 -16.702015 -16.743635 28.476822 4.6e-05 -12.690789 -2.2e-05 15.847714 -17.584045 2.750158 -0.10593 -1.513881 -4.275911 -5.039125 -5.612978 -2.953593 -3.7e-05 -11.020723 -3.1e-05 -6.111453 -15.895751 -3.840597 1e-06 -1e-06 3e-06 -10.283485 -5.680393 -4.341867 11.028384 -11.302523 -2.372668 -1.384336 -14.238865 -6.320263 -0.625471 -26.924843 -3.827823 -4.565746 -49.647533 -3.592259 -13.708673 -7.363607 -3.720958 18.141314 -14.052876 -3.242723 -2.6e-05 -18.787596 -8e-05 -0.429723 -8.456214 2.555512 2e-06 -1e-06 1e-06 -15.923759 -20.094784 -5.473624 30.419542 -7.190824 1.735995 -1.1e-05 -8.163054 -3.4e-05 -1.861926 -22.862005 -6.16822 1e-06 -4e-06 -2e-06 151.967972 -7.055386 -6.838892 3.910795 0.032882 0.047166 -67.897781 0.101089 -7.963772 -11.333976 1.956575 1.911401 -1.0 -0.0 -0.0 18.380266 5.058616 -2.679345 11.706839 -0.197767 0.122244 -84.879906 7.161522 1.827215 -14.610513 0.76773 1.540165 -1.000003 0.0 0.0 
0.0 0.0 0.0 0.0 -0.0 0.0 24.59413 95.204346 310.541229 87.610298 -1.573827 88.639137 0.3129 1.458689 0.262345 -10.5978 0.070195 2.181629 14.566099 -0.195752 -0.48331 13.728055 -1.819678 2.64043 -2.439761 -0.612304 0.737992 -34.928059 -1.157954 0.444795 6e-06 -0.0 -1e-06 0.058121 0.002703 -0.067114 -0.003258 0.000169 -0.069488 -0.013769 -0.006489 -0.063991 -121.515434 -67.67643 139.081558 24.605547 -57.22113 16.200176 27.678553 -0.215735 0.002933 -5.741681 0.738331 3.784226 17.636772 -26.323009 52.411602 -19.466892 -14.395764 29.410717 8e-06 -8.77496 -3e-06 16.391129 -17.955902 6.002154 -0.609781 -1.795669 -3.889357 -4.807155 -11.046955 -2.937872 -2e-05 -20.976391 1.6e-05 -5.020108 -25.034155 -4.031949 6e-06 -0.0 1e-06 -10.63463 -5.687028 -3.565605 10.573394 -17.92318 -3.113936 -1.2e-05 -13.821455 5e-06 -0.501822 -31.182283 -4.027101 -11.689962 -59.964867 7.809826 -13.982841 -7.15027 -2.875049 13.77289 -8.401587 -3.21828 0.347697 -34.212223 0.771689 -0.963072 -17.733784 2.62108 1e-06 0.0 0.0 -17.3466 -20.095417 -4.20178 21.757826 -1.638378 3.866466 -5e-06 -6.338935 3e-06 -1.697641 -22.592283 -6.194137 -2e-06 -2e-06 -2e-06 41.997242 -79.604034 153.407639 52.056576 -49.312798 -7.149401 40.195667 0.488335 0.439218 2.837529 3.472638 -0.005764 22.182243 -20.375967 49.933548 -16.701923 -16.743664 28.476707 1.3e-05 -12.690737 -5e-06 15.830661 -17.500858 2.819877 -0.105918 -1.513859 -4.275902 -5.039089 -5.612916 -2.95357 -1.3e-05 -11.020623 -3e-06 -6.111398 -15.895539 -3.840521 -0.0 2e-06 -2e-06 -10.283442 -5.680331 -4.34185 11.028375 -11.302463 -2.372651 -1.384302 -14.238713 -6.320181 -0.62546 -26.924538 -3.827671 -4.478899 -49.840508 -3.478811 -13.708623 -7.363532 -3.720944 18.141289 -14.052806 -3.2427 -1.2e-05 -18.787447 -1.2e-05 -0.429721 -8.456145 2.555527 2e-06 -1e-06 -2e-06 -15.923676 -20.094616 -5.473588 30.41946 -7.190841 1.735956 -3e-06 -8.162997 -6e-06 -1.861944 -22.861759 -6.168044 2e-06 -3e-06 -2e-06 152.06279 -4.231172 -7.61905 6.890305 0.097392 0.064726 -62.180172 0.214612 -5.26794 -11.764769 1.841388 2.034864 -1.0 0.0 0.0 17.277843 1.441429 -4.725695 17.565331 -0.173615 0.21472 -81.402901 8.806733 2.095988 -22.561584 0.966403 1.470842 -1.000004 -0.0 0.0 
0.0 0.0 0.0 0.0 -0.0 0.0 25.49864 95.539886 315.763672 90.078102 -2.145621 88.978813 -0.161532 -0.236838 0.13958 -10.82054 -0.247247 2.340241 14.395023 -1.210721 -0.719674 13.193052 -1.329083 2.503646 -2.447277 -0.679436 0.65424 -34.64241 -0.862111 0.34817 5e-06 -0.0 -0.0 0.033511 0.016365 -0.069071 0.044002 0.011689 -0.067558 0.011449 0.010879 -0.069265 -122.915306 -68.08577 140.302872 24.683157 -56.774185 16.437843 26.370749 -0.103717 0.021054 -5.636818 0.053478 3.319742 17.636978 -26.323177 52.411751 -19.467075 -14.395821 29.410826 -1.1e-05 -8.775018 -1.1e-05 16.468586 -17.97558 5.927152 -0.609781 -1.795684 -3.889371 -4.807162 -11.047029 -2.93789 3.4e-05 -20.976559 1.3e-05 -5.020086 -25.034325 -4.031947 8e-06 2e-06 -1e-06 -10.634686 -5.687051 -3.565622 10.573499 -17.923336 -3.113957 2.3e-05 -13.821555 5e-06 -0.501758 -31.182526 -4.027099 -11.830362 -59.889294 7.852761 -13.982916 -7.150298 -2.875063 13.772992 -8.401679 -3.218294 0.347791 -34.212528 0.771674 -0.963029 -17.733932 2.62111 -1e-06 0.0 1e-06 -17.34668 -20.095539 -4.201804 21.75795 -1.638439 3.866498 1.3e-05 -6.338982 0.0 -1.697597 -22.592447 -6.194165 -1e-06 -5e-06 -1e-06 40.960899 -78.267281 154.618164 50.661015 -50.952625 -7.520422 38.255421 0.170351 0.431186 2.865893 3.706284 0.173737 22.182325 -20.376051 49.93404 -16.702318 -16.743856 28.47718 -2.9e-05 -12.690905 2.6e-05 15.729781 -17.591486 2.910553 -0.105911 -1.513889 -4.275949 -5.039129 -5.612987 -2.953621 2.7e-05 -11.020781 -5.7e-05 -6.111404 -15.895816 -3.840646 1e-06 -1e-06 0.0 -10.283518 -5.680383 -4.341892 11.028534 -11.302623 -2.372753 -1.384251 -14.238931 -6.320331 -0.625284 -26.925018 -3.827873 -4.479372 -50.027008 -3.460557 -13.708731 -7.363598 -3.720978 18.141548 -14.053011 -3.242844 6.8e-05 -18.787695 -8.9e-05 -0.429691 -8.456262 2.555537 -2e-06 -0.0 -0.0 -15.923772 -20.094824 -5.473679 30.419828 -7.190975 1.735869 2.1e-05 -8.163091 -3.6e-05 -1.861826 -22.862101 -6.168233 0.0 -2e-06 -2e-06 152.128616 -1.083326 -7.764992 10.391089 0.047748 0.049835 -56.863995 -0.675696 -2.302879 -9.992779 1.730878 2.107828 -1.000003 -0.0 0.0 14.733315 -2.48036 -7.130018 26.391306 -0.32324 0.329726 -74.645409 9.572307 3.224631 -32.018028 1.175091 1.379486 -1.000006 0.0 0.0 
0.0 0.0 0.0 0.0 -0.0 0.0 26.319412 96.107307 320.692078 91.725533 -1.692352 89.85627 0.172325 -1.084529 0.050969 -10.649067 -0.507148 2.274721 14.08295 -2.247998 -0.785208 13.099657 -1.084709 2.383699 -2.412779 -0.837088 0.373805 -35.144733 -0.621435 -0.121196 6e-06 -0.0 -0.0 0.040069 0.033092 -0.034799 0.095812 0.044914 -0.020792 0.068028 0.008777 -0.047685 -122.228706 -69.389519 139.503967 26.510031 -57.314331 14.642493 25.409203 -0.189851 -0.039733 -5.560201 -0.065766 3.191417 17.636925 -26.323061 52.41156 -19.467001 -14.39573 29.410706 -1.8e-05 -8.774958 -1.3e-05 16.69521 -18.093527 5.630069 -0.609779 -1.795679 -3.88936 -4.807132 -11.046989 -2.937886 4.4e-05 -20.976477 5e-06 -5.020024 -25.03421 -4.031931 7e-06 2e-06 -0.0 -10.634641 -5.687029 -3.565613 10.573447 -17.923277 -3.113945 3.2e-05 -13.8215 -0.0 -0.501717 -31.182383 -4.027079 -11.721238 -59.78709 7.363044 -13.982855 -7.15027 -2.875063 13.772918 -8.401658 -3.218276 0.347818 -34.212372 0.771655 -0.96301 -17.733849 2.621096 1e-06 -1e-06 -0.0 -17.346588 -20.095467 -4.201804 21.757832 -1.638439 3.866482 1.6e-05 -6.338955 -1e-06 -1.697557 -22.592335 -6.194143 -1e-06 -6e-06 -2e-06 44.740742 -78.340881 150.981049 50.563877 -53.949947 -9.215658 34.9562 -0.159147 0.364438 2.237361 3.280481 -0.045095 22.182281 -20.376001 49.933857 -16.702253 -16.743799 28.477066 -3.2e-05 -12.690854 2.2e-05 15.887106 -17.538548 2.802538 -0.105911 -1.513885 -4.275933 -5.03911 -5.612967 -2.953602 2.3e-05 -11.020742 -5.2e-05 -6.111379 -15.895736 -3.840603 -2e-06 1e-06 0.0 -10.283486 -5.680364 -4.341879 11.028496 -11.302594 -2.372729 -1.384246 -14.238878 -6.320282 -0.625309 -26.924902 -3.827795 -4.295116 -50.054211 -3.650281 -13.708687 -7.363573 -3.720966 18.141487 -14.052977 -3.242818 6.6e-05 -18.787628 -7.9e-05 -0.429689 -8.456229 2.555533 1e-06 -2e-06 -0.0 -15.923724 -20.094763 -5.473655 30.419727 -7.190961 1.735868 1.8e-05 -8.163064 -2.8e-05 -1.861837 -22.862003 -6.168178 -1e-06 -5e-06 -0.0 153.214661 1.289447 -7.685898 15.138911 0.038506 0.103094 -59.150082 -1.587943 -0.469444 -8.07044 1.679966 2.07743 -1.000003 0.0 -0.0 10.960983 -5.760944 -8.573324 37.939644 -0.305511 0.406146 -64.149368 8.756669 4.382158 -37.920185 1.203681 1.335098 -1.000009 -0.0 0.0 
0.0 0.0 0.0 0.0 -0.0 0.0 27.142302 96.836159 325.413727 92.749756 -0.877792 90.280479 0.722646 -1.531344 -0.058399 -10.374873 -0.648746 2.222951 13.939646 -2.729999 -0.76834 13.075587 -1.555537 2.375853 -2.414086 -0.875363 0.127191 -35.39513 -0.495172 -0.385738 6e-06 0.0 0.0 0.04986 0.036515 -0.023789 0.118733 0.050822 -0.015039 0.095822 0.007776 -0.030177 -122.125671 -70.046799 139.312103 28.519596 -57.307793 12.325648 25.771574 -0.247661 -0.011262 -5.333287 0.260054 2.734241 17.636913 -26.322878 52.411278 -19.466965 -14.39573 29.410583 -0.0 -8.774977 -1.5e-05 16.80644 -18.094088 5.462826 -0.60978 -1.79568 -3.889349 -4.807158 -11.046984 -2.93787 1.2e-05 -20.976446 -1e-05 -5.020072 -25.034197 -4.031966 7e-06 1e-06 -1e-06 -10.634651 -5.687039 -3.56559 10.573435 -17.923239 -3.113946 1.6e-05 -13.821478 -1.8e-05 -0.501744 -31.182323 -4.027138 -11.47573 -59.707703 6.869402 -13.982871 -7.150282 -2.875034 13.772926 -8.401626 -3.218274 0.347789 -34.212311 0.7716 -0.963 -17.733822 2.621044 1e-06 -1e-06 -1e-06 -17.34664 -20.095467 -4.201759 21.757868 -1.638403 3.866481 7e-06 -6.338943 -1.3e-05 -1.697606 -22.59231 -6.194162 -1e-06 -4e-06 -4e-06 47.280121 -78.871674 148.605942 50.35231 -55.997719 -8.52956 31.225193 -0.290992 0.233154 0.577904 1.322457 1.289818 22.182304 -20.375927 49.933613 -16.702148 -16.743757 28.476866 -6e-06 -12.69084 6e-06 16.132893 -17.544567 2.683182 -0.105915 -1.513879 -4.275915 -5.039114 -5.612958 -2.95358 9e-06 -11.020718 -2.9e-05 -6.111423 -15.895697 -3.840567 -0.0 1e-06 -3e-06 -10.283486 -5.680361 -4.341852 11.028465 -11.302559 -2.372698 -1.384288 -14.238845 -6.320239 -0.625391 -26.924822 -3.827762 -4.158929 -50.014511 -3.895712 -13.708685 -7.363568 -3.720943 18.141445 -14.052933 -3.242772 3.4e-05 -18.787607 -6.7e-05 -0.429696 -8.456222 2.555523 2e-06 -0.0 -3e-06 -15.923739 -20.094732 -5.473607 30.419676 -7.190919 1.735919 1e-05 -8.163054 -2.9e-05 -1.86188 -22.861971 -6.168165 0.0 -6e-06 -2e-06 155.815994 2.841406 -8.166824 18.212679 0.054886 0.068153 -64.299622 -1.434836 0.794127 -7.767346 1.710332 2.077073 -1.000003 -0.0 0.0 5.68121 -8.44411 -8.233094 50.613457 -0.382882 0.417646 -52.621861 7.623145 3.103603 -27.574312 0.893497 1.259629 -1.000005 0.0 -0.0 
0.0 0.0 0.0 0.0 -0.0 0.0 27.92852 97.528847 329.941864 93.534012 -0.187043 90.360764 1.194908 -1.989409 -0.123777 -10.246385 -0.745124 2.087458 13.9491 -2.823099 -0.857289 13.153381 -2.335334 2.579744 -2.423924 -0.707133 0.069123 -35.489464 -0.460059 -0.323626 7e-06 -0.0 0.0 0.073049 0.051426 0.01582 0.107892 0.068664 0.016585 0.104124 0.017839 0.019874 -123.055176 -70.154976 140.084854 30.018324 -56.544266 10.742751 27.065367 -0.189622 0.015885 -4.810196 1.189803 1.186186 17.636728 -26.32284 52.411343 -19.466877 -14.395682 29.410589 -1.5e-05 -8.774899 0.0 16.743872 -18.100571 5.552962 -0.609775 -1.795667 -3.889344 -4.807106 -11.046899 -2.937874 4e-05 -20.976248 -1.9e-05 -5.019969 -25.033901 -4.031935 5e-06 1e-06 0.0 -10.634581 -5.687 -3.565597 10.573372 -17.923115 -3.113949 2.9e-05 -13.82136 -1.2e-05 -0.5017 -31.181982 -4.027078 -11.284053 -59.779907 6.798162 -13.982777 -7.150233 -2.875048 13.772832 -8.401579 -3.218278 0.34781 -34.211979 0.77162 -0.963005 -17.733641 2.621056 1e-06 -1e-06 0.0 -17.346495 -20.095337 -4.201792 21.757702 -1.638408 3.866441 1.2e-05 -6.338891 -3e-06 -1.697547 -22.592083 -6.194109 -1e-06 -3e-06 0.0 47.56588 -79.063194 148.68602 49.91819 -56.528736 -5.189623 27.908407 -0.482335 0.108631 -1.389832 -1.803637 4.723505 22.182186 -20.375933 49.933487 -16.702087 -16.743645 28.476784 -4.9e-05 -12.690714 1.7e-05 16.246065 -17.392214 2.502309 -0.105912 -1.513873 -4.275905 -5.039058 -5.612916 -2.953576 4.3e-05 -11.020656 -2.9e-05 -6.111282 -15.895563 -3.840534 -0.0 2e-06 -2e-06 -10.283413 -5.680315 -4.341851 11.02841 -11.302532 -2.372697 -1.384217 -14.238754 -6.320204 -0.625301 -26.924639 -3.827697 -4.156228 -49.783127 -3.936241 -13.708585 -7.363506 -3.72095 18.141333 -14.052909 -3.242763 8.5e-05 -18.787489 -4.9e-05 -0.429678 -8.456169 2.555522 -0.0 2e-06 -1e-06 -15.92358 -20.094603 -5.473619 30.419443 -7.190953 1.735864 3.2e-05 -8.163005 -2.3e-05 -1.861789 -22.861788 -6.168067 0.0 -4e-06 1e-06 159.089325 4.123861 -8.621954 19.433867 0.039688 -0.110472 -68.173347 -1.199222 1.47484 -7.627605 1.734659 2.089007 -1.000005 -0.0 -0.0 0.094367 -10.123958 -6.460501 61.126888 -0.34909 0.293814 -47.316029 7.36103 1.768857 -12.357952 0.757476 1.263471 -1.000004 0.0 0.0 
0.0 0.0 0.0 0.0 -0.0 0.0 28.580254 98.255821 334.389771 93.96125 0.40482 90.644806 1.523852 -2.397007 -0.207991 -10.209381 -0.845858 1.739475 14.12309 -2.628328 -1.041713 13.484296 -2.827715 2.735929 -2.415028 -0.687401 0.066745 -35.837536 -0.538746 -0.08607 5e-06 0.0 0.0 0.071236 0.053177 0.015209 0.0629 0.078171 0.005478 0.064454 0.012057 0.030495 -124.046265 -70.163879 140.895264 31.673103 -55.361488 9.400712 28.481339 -0.218386 0.041204 -4.226543 2.728206 0.218542 17.63695 -26.323057 52.411747 -19.467157 -14.395876 29.410894 -0.0 -8.775061 -5e-06 16.656286 -18.215509 5.66363 -0.609782 -1.795691 -3.889377 -4.807195 -11.047059 -2.937904 1.8e-05 -20.976599 -3.4e-05 -5.020115 -25.034418 -4.032036 8e-06 -1e-06 0.0 -10.634723 -5.687078 -3.565614 10.573529 -17.923349 -3.114003 1.6e-05 -13.82158 -2.8e-05 -0.501726 -31.1826 -4.027216 -11.37076 -59.871452 6.920779 -13.982965 -7.150329 -2.875052 13.773043 -8.401675 -3.218322 0.347797 -34.212566 0.771583 -0.963011 -17.733948 2.621057 -1e-06 -1e-06 -0.0 -17.346762 -20.095598 -4.201792 21.758049 -1.638409 3.866493 5e-06 -6.338984 -1.4e-05 -1.697614 -22.592501 -6.194251 -1e-06 -2e-06 1e-06 47.51025 -78.857796 149.077393 48.736927 -56.667503 -1.29722 25.938828 -0.748221 -0.015784 -2.700257 -3.980464 8.173091 22.182484 -20.376158 49.933975 -16.702272 -16.743856 28.477104 -9e-06 -12.690928 4e-06 16.200037 -17.315622 2.361583 -0.105917 -1.513889 -4.275943 -5.039146 -5.613005 -2.953609 9e-06 -11.02083 -2.4e-05 -6.11147 -15.895881 -3.840599 -1e-06 1e-06 0.0 -10.283548 -5.680401 -4.341887 11.028541 -11.302661 -2.372714 -1.38429 -14.238986 -6.320295 -0.625392 -26.925144 -3.827786 -4.220279 -49.691208 -3.942635 -13.708766 -7.363621 -3.720975 18.141562 -14.053064 -3.242787 3.2e-05 -18.787806 -4.9e-05 -0.429704 -8.456319 2.555557 0.0 0.0 2e-06 -15.92384 -20.094887 -5.473642 30.419876 -7.190988 1.735935 1e-05 -8.163138 -2.7e-05 -1.861894 -22.862244 -6.168221 -1e-06 -1e-06 1e-06 163.186218 5.23888 -8.206585 18.63073 -0.008326 -0.154136 -70.919418 -1.48073 1.64554 -7.302418 1.741679 2.081324 -1.000004 0.0 -0.0 -5.124176 -10.556911 -4.95099 68.330322 -0.168954 0.170701 -52.148907 6.945581 1.009314 -10.308505 0.736151 1.382449 -1.000003 -0.0 -0.0 
0.0 0.0 0.0 0.0 -0.0 0.0 29.110298 98.959404 338.856659 93.927895 0.980009 91.272049 1.819504 -2.622728 -0.367875 -10.141158 -0.866045 1.322534 14.292503 -2.241932 -1.382346 14.012083 -2.963066 2.827698 -2.397828 -0.746654 0.101844 -36.058041 -0.71976 0.124317 5e-06 -0.0 0.0 0.061876 0.046139 -0.001416 0.030311 0.070482 -0.017878 0.024393 0.007346 0.019879 -124.186813 -70.591743 140.916046 33.912983 -54.394375 7.45855 29.760719 -0.386164 0.027891 -3.934812 4.119952 0.05299 17.636951 -26.323017 52.411663 -19.467096 -14.39586 29.410833 1.6e-05 -8.775059 -9e-06 16.508678 -18.286537 5.792963 -0.609786 -1.79569 -3.889371 -4.807214 -11.047061 -2.937891 -2.2e-05 -20.976591 -2.3e-05 -5.020173 -25.034426 -4.032038 5e-06 2e-06 -2e-06 -10.634727 -5.687086 -3.565605 10.573498 -17.923328 -3.113985 -1e-05 -13.821574 -2.5e-05 -0.501793 -31.182617 -4.027226 -11.395322 -59.920376 7.049033 -13.982972 -7.150342 -2.87504 13.773028 -8.40165 -3.218313 0.347732 -34.212563 0.771597 -0.963037 -17.733955 2.621047 0.0 3e-06 -2e-06 -17.346792 -20.095604 -4.201771 21.758051 -1.638378 3.866503 -5e-06 -6.338986 -1.6e-05 -1.697664 -22.59251 -6.194237 0.0 -3e-06 -2e-06 49.43597 -78.573112 147.338089 46.912102 -57.254349 1.534731 25.514191 -0.779199 -0.110449 -3.328945 -4.656806 10.370471 22.18248 -20.376068 49.933773 -16.702204 -16.743811 28.476952 1.6e-05 -12.690915 -1.2e-05 16.185156 -17.342548 2.29865 -0.105918 -1.513889 -4.275928 -5.03915 -5.613007 -2.953594 -7e-06 -11.020828 -1.6e-05 -6.111501 -15.895885 -3.840566 0.0 -1e-06 0.0 -10.283545 -5.680405 -4.341874 11.028514 -11.302644 -2.372687 -1.384322 -14.238979 -6.32026 -0.625457 -26.925117 -3.827758 -4.19257 -49.70927 -3.992076 -13.708762 -7.363626 -3.720956 18.141521 -14.053034 -3.242757 8e-06 -18.787788 -5.7e-05 -0.429707 -8.45631 2.555539 1e-06 -2e-06 1e-06 -15.923852 -20.094887 -5.473598 30.419836 -7.19095 1.735969 7e-06 -8.163131 -3.6e-05 -1.861912 -22.862244 -6.168235 1e-06 -3e-06 -3e-06 167.901245 5.900539 -7.091496 16.550718 -0.022259 -0.068805 -72.940727 -1.766944 1.741658 -7.09039 1.710711 2.07916 -1.000004 -0.0 -0.0 -9.999251 -9.883287 -4.249243 71.41375 -0.007099 0.101125 -57.851711 5.719428 0.475024 -10.011363 0.73496 1.489187 -1.000006 0.0 -0.0 
0.0 0.0 0.0 0.0 -0.0 0.0 29.53899 99.524384 343.298706 93.624275 1.583831 92.207634 2.188841 -2.764282 -0.534582 -10.009619 -0.84763 0.867941 14.320747 -1.722376 -1.879138 14.669482 -2.787541 2.828094 -2.365469 -0.773083 0.211607 -36.14679 -0.900718 0.34819 5e-06 -1e-06 -0.0 0.059326 0.040974 -0.005486 0.010144 0.061115 -0.026249 0.002116 0.008043 0.018466 -123.059547 -71.571556 139.639664 36.431744 -53.889191 5.42302 31.104767 -0.575871 0.004163 -3.914824 4.843817 0.016592 17.636805 -26.322874 52.41153 -19.466965 -14.395754 29.410709 1e-06 -8.77497 -8e-06 16.241409 -18.266642 5.942535 -0.609781 -1.795676 -3.889354 -4.807158 -11.04696 -2.937893 1.8e-05 -20.976368 -3.9e-05 -5.020039 -25.034107 -4.032011 6e-06 -1e-06 1e-06 -10.63465 -5.687038 -3.565603 10.573424 -17.923182 -3.113973 1.2e-05 -13.821431 -2.6e-05 -0.501709 -31.182211 -4.027187 -11.512774 -59.882618 7.204725 -13.982866 -7.150283 -2.87505 13.772917 -8.401597 -3.218296 0.347789 -34.212181 0.771584 -0.963008 -17.733749 2.621043 -1e-06 -1e-06 -1e-06 -17.346632 -20.095448 -4.201795 21.757858 -1.638389 3.866473 4e-06 -6.338924 -1.5e-05 -1.697589 -22.592241 -6.194195 0.0 -2e-06 -2e-06 53.041752 -78.257645 143.723434 44.314651 -58.272621 3.446365 26.366348 -0.671832 -0.148581 -3.198755 -4.321229 10.790471 22.18231 -20.37608 49.933739 -16.702091 -16.743742 28.476921 2e-06 -12.690811 1.5e-05 16.216759 -17.399334 2.283299 -0.105918 -1.513876 -4.27592 -5.03911 -5.612966 -2.95359 -2e-06 -11.020745 -8e-06 -6.111429 -15.895747 -3.840554 -1e-06 -1e-06 1e-06 -10.283477 -5.680364 -4.341865 11.028435 -11.302573 -2.372681 -1.384294 -14.238867 -6.320239 -0.625446 -26.924881 -3.827727 -4.103517 -49.667908 -4.093688 -13.708668 -7.363574 -3.720958 18.141396 -14.052948 -3.242747 2e-06 -18.787653 -2.4e-05 -0.429727 -8.456248 2.555548 1e-06 -1e-06 -1e-06 -15.923726 -20.094749 -5.473606 30.419617 -7.190905 1.735928 -1e-06 -8.163075 -1.6e-05 -1.861922 -22.862051 -6.168128 2e-06 -3e-06 -1e-06 173.027573 6.124794 -5.749411 13.643654 -0.020864 0.070295 -74.453941 -1.764279 1.817098 -6.949294 1.643768 2.075243 -1.000003 -0.0 0.0 -14.198919 -8.774628 -4.473894 70.639252 0.124414 0.041024 -62.39061 4.546887 -0.044226 -10.126161 0.733284 1.539629 -1.000001 -0.0 -0.0 
0.0 0.0 0.0 0.0 -0.0 0.0 29.886393 99.866928 347.675476 93.240631 2.06018 93.316727 2.52519 -2.899985 -0.641431 -9.86461 -0.851054 0.396098 14.318415 -1.14651 -2.442544 15.212653 -2.377728 2.769729 -2.354309 -0.752396 0.361379 -36.107517 -1.007169 0.516405 6e-06 0.0 0.0 0.056962 0.042616 -0.000531 0.004585 0.052561 -0.023529 3e-06 0.021535 0.024304 -121.577599 -72.717957 137.928009 38.637016 -53.368572 3.941285 32.896877 -0.675147 -0.021885 -3.940847 4.917778 -0.206007 17.636755 -26.322943 52.411556 -19.466879 -14.395729 29.410675 -1e-06 -8.774932 -5e-06 15.952208 -18.252823 6.100544 -0.60978 -1.795669 -3.889353 -4.807137 -11.046928 -2.937878 6e-06 -20.976318 -6e-06 -5.020041 -25.034018 -4.031953 7e-06 -2e-06 -1e-06 -10.634613 -5.687018 -3.565604 10.573385 -17.923141 -3.113944 6e-06 -13.821401 -3e-06 -0.501758 -31.182123 -4.027102 -11.723927 -59.82967 7.438779 -13.982819 -7.150256 -2.875056 13.772865 -8.401577 -3.218282 0.347746 -34.212074 0.771653 -0.963038 -17.733696 2.621062 -1e-06 2e-06 1e-06 -17.346561 -20.095385 -4.201798 21.757771 -1.63839 3.866463 1e-06 -6.338907 -2e-06 -1.6976 -22.592155 -6.194125 -1e-06 -1e-06 -4e-06 55.824257 -77.604439 140.865585 40.695934 -59.031338 5.433133 28.131805 -0.545419 -0.152172 -2.479767 -3.631004 9.677299 22.182291 -20.376112 49.933754 -16.702055 -16.743715 28.476889 -2.1e-05 -12.690772 8e-06 16.247551 -17.500076 2.313668 -0.105919 -1.513871 -4.27592 -5.039089 -5.612936 -2.95359 1.8e-05 -11.020694 -6e-06 -6.111363 -15.895637 -3.840537 1e-06 -0.0 -3e-06 -10.283454 -5.680338 -4.341873 11.028425 -11.302548 -2.372674 -1.384262 -14.238794 -6.320217 -0.625395 -26.924738 -3.827673 -4.057898 -49.598515 -4.157064 -13.708636 -7.363541 -3.720972 18.141367 -14.052924 -3.242739 3.3e-05 -18.787563 -5e-06 -0.42971 -8.45621 2.555554 2e-06 -2e-06 0.0 -15.923668 -20.094673 -5.473629 30.419538 -7.190928 1.735915 1.1e-05 -8.163048 -3e-06 -1.861884 -22.861919 -6.168056 1e-06 -1e-06 -2e-06 178.159988 6.013402 -4.538977 10.341805 -0.016945 0.172483 -75.662292 -1.317519 1.866319 -6.865817 1.56624 2.075579 -1.000004 0.0 -0.0 -17.761038 -7.704932 -5.423647 66.579865 0.22932 -0.089028 -65.768013 3.368152 -0.678292 -10.393046 0.721075 1.554519 -1.000004 -0.0 0.0 
0.0 0.0 0.0 0.0 -0.0 0.0 30.17436 99.913124 352.013153 93.112114 2.264377 94.434464 2.735127 -3.178829 -0.675409 -9.756495 -0.924992 -0.05289 14.373491 -0.679033 -2.920172 15.459052 -1.778904 2.674427 -2.380646 -0.708878 0.524131 -36.06995 -1.020872 0.549969 5e-06 0.0 0.0 0.053602 0.042148 -0.010112 0.025917 0.036063 -0.029617 0.030428 0.038326 0.011351 -120.496422 -73.794838 136.579193 40.336456 -52.548416 3.189499 35.112541 -0.623171 -0.041691 -3.813454 4.826681 -0.8402 17.636774 -26.323076 52.411858 -19.466976 -14.395768 29.410856 2e-06 -8.774963 -1e-06 15.71027 -18.261698 6.243805 -0.609783 -1.795677 -3.889371 -4.807153 -11.046981 -2.937896 2e-06 -20.976416 -2e-05 -5.020051 -25.034166 -4.031991 7e-06 1e-06 0.0 -10.634644 -5.687046 -3.565628 10.573413 -17.923216 -3.113966 -1e-06 -13.821465 -1.1e-05 -0.501755 -31.182289 -4.027147 -11.966247 -59.797741 7.693547 -13.982861 -7.150292 -2.875074 13.772904 -8.401611 -3.218303 0.347735 -34.21228 0.771646 -0.963053 -17.733805 2.621073 -1e-06 3e-06 0.0 -17.346615 -20.09548 -4.201824 21.757832 -1.638385 3.866471 -3e-06 -6.338943 -2e-06 -1.697607 -22.592297 -6.194178 0.0 -2e-06 -4e-06 56.913887 -76.635323 139.769653 36.786694 -59.233868 7.558866 30.107365 -0.409263 -0.124728 -1.661306 -2.940738 8.041657 22.182322 -20.376143 49.933823 -16.702011 -16.743729 28.476883 4e-06 -12.690779 6e-06 16.285271 -17.632671 2.371398 -0.105922 -1.51387 -4.275919 -5.039101 -5.612938 -2.953587 -2e-06 -11.020683 2e-06 -6.111402 -15.895624 -3.840537 1e-06 -3e-06 -2e-06 -10.283472 -5.680348 -4.341873 11.028418 -11.302527 -2.372661 -1.384293 -14.23879 -6.320212 -0.625457 -26.924706 -3.827678 -4.100059 -49.575066 -4.162026 -13.708663 -7.363554 -3.720965 18.141361 -14.052892 -3.24272 -6e-06 -18.787554 -2e-06 -0.429725 -8.4562 2.555554 1e-06 1e-06 0.0 -15.923712 -20.094696 -5.473623 30.419565 -7.190892 1.735942 -3e-06 -8.163047 3e-06 -1.861938 -22.86191 -6.168055 0.0 -3e-06 -2e-06 -177.425674 5.937305 -3.637624 7.712351 -0.014146 0.179284 -76.889046 -0.579208 1.963376 -6.734789 1.506518 2.086985 -1.000005 -0.0 -0.0 -20.715855 -7.127532 -6.719757 59.689522 0.215786 -0.223452 -68.121292 2.289984 -1.469587 -10.592036 0.714328 1.564488 -1.00001 0.0 0.0 
0.0 0.0 0.0 0.0 -0.0 0.0 30.453411 99.636726 356.287445 93.414108 2.204684 95.477837 2.836811 -3.659096 -0.695688 -9.68315 -1.055168 -0.459898 14.493385 -0.474885 -3.231239 15.437029 -1.015826 2.548675 -2.420049 -0.730741 0.649274 -36.238968 -0.977573 0.484329 7e-06 0.0 -0.0 0.061188 0.035289 -0.029985 0.058087 0.010409 -0.046134 0.072153 0.050862 -0.011064 -119.646965 -74.743912 135.501099 41.859356 -51.526169 2.54691 37.326286 -0.478964 -0.06383 -3.568913 4.845929 -1.632151 17.636784 -26.322851 52.411484 -19.466866 -14.395729 29.410637 1.6e-05 -8.774948 -1.2e-05 15.510404 -18.275063 6.350799 -0.609784 -1.79567 -3.889352 -4.807165 -11.046936 -2.937874 -1.8e-05 -20.976299 -2.5e-05 -5.020067 -25.034016 -4.032001 7e-06 2e-06 1e-06 -10.634645 -5.687039 -3.565599 10.573375 -17.923122 -3.113946 -1.2e-05 -13.821389 -2.1e-05 -0.501776 -31.182089 -4.027164 -12.153215 -59.702358 7.899566 -13.982862 -7.150285 -2.875045 13.772881 -8.401555 -3.218275 0.347717 -34.212048 0.771608 -0.963032 -17.733671 2.621024 -1e-06 -0.0 -1e-06 -17.346638 -20.095428 -4.201785 21.757828 -1.638359 3.866477 -7e-06 -6.338904 -9e-06 -1.697633 -22.592152 -6.194164 -4e-06 -2e-06 -2e-06 57.174091 -75.629196 139.527023 33.504333 -59.246277 9.238021 31.601509 -0.335235 -0.122515 -1.099258 -2.220847 6.562462 22.182297 -20.375999 49.933636 -16.702007 -16.743666 28.476789 5e-06 -12.69076 -8e-06 16.339447 -17.728598 2.396297 -0.105921 -1.513872 -4.275911 -5.039098 -5.61294 -2.953582 -1e-06 -11.020685 -1.1e-05 -6.111395 -15.895641 -3.840544 -1e-06 0.0 0.0 -10.28346 -5.680348 -4.341865 11.028401 -11.302521 -2.372666 -1.384293 -14.238794 -6.320211 -0.625433 -26.924717 -3.827709 -4.161982 -49.621857 -4.129695 -13.708645 -7.363554 -3.720956 18.141333 -14.052882 -3.242715 7e-06 -18.787544 -2.6e-05 -0.429708 -8.456194 2.555535 1e-06 -3e-06 -2e-06 -15.923698 -20.094681 -5.473611 30.419521 -7.190888 1.735952 2e-06 -8.163035 -1.2e-05 -1.861899 -22.861898 -6.168093 1e-06 -6e-06 -3e-06 -173.869583 6.172652 -2.915795 6.088896 -0.001457 0.147375 -78.451424 0.123297 2.094111 -6.549387 1.481401 2.105367 -1.000002 -0.0 0.0 -22.853479 -7.143292 -7.882446 50.365921 0.09337 -0.212061 -69.141922 1.322008 -2.35656 -10.8178 0.733172 1.582891 -1.000004 -0.0 0.0 
0.0 0.0 0.0 0.0 -0.0 0.0 30.737055 99.112305 360.453644 94.057625 1.978817 96.385567 2.877268 -4.239499 -0.751406 -9.649544 -1.188009 -0.787392 14.651395 -0.566753 -3.383347 15.247185 -0.271483 2.415802 -2.434484 -0.788271 0.648948 -36.557903 -0.894371 0.409319 7e-06 0.0 0.0 0.076425 0.02562 -0.032973 0.066084 -0.009909 -0.051863 0.086054 0.052058 -0.011214 -118.812302 -75.547325 134.538315 43.454231 -50.527706 1.436562 39.072865 -0.307982 -0.085321 -3.314671 5.057357 -2.096756 17.636845 -26.323017 52.411777 -19.467033 -14.395812 29.41086 1.6e-05 -8.775012 -3e-06 15.394436 -18.267809 6.384993 -0.609782 -1.795682 -3.889373 -4.807192 -11.047022 -2.937897 -2.6e-05 -20.976496 -2.4e-05 -5.020123 -25.034292 -4.032033 7e-06 2e-06 -3e-06 -10.634691 -5.687074 -3.565616 10.573445 -17.923265 -3.113983 -1.2e-05 -13.821518 -2.6e-05 -0.501781 -31.182444 -4.027215 -12.174165 -59.602562 7.940953 -13.98292 -7.150323 -2.875057 13.772962 -8.401622 -3.218306 0.34772 -34.212399 0.771602 -0.963049 -17.733858 2.621043 -2e-06 0.0 1e-06 -17.34671 -20.095558 -4.201805 21.757948 -1.638371 3.86649 -6e-06 -6.338961 -1.2e-05 -1.697647 -22.592411 -6.194234 -1e-06 -4e-06 -2e-06 57.533298 -74.848366 139.144455 31.183144 -59.480545 10.477994 32.285995 -0.288187 -0.123533 -0.927289 -1.681589 5.555083 22.182388 -20.376133 49.933762 -16.702049 -16.743757 28.476868 4e-06 -12.690822 -4e-06 16.37026 -17.740805 2.387089 -0.10592 -1.513873 -4.275921 -5.039114 -5.612952 -2.953582 0.0 -11.02072 5e-06 -6.111431 -15.89568 -3.840524 1e-06 0.0 0.0 -10.283494 -5.680356 -4.341873 11.028447 -11.30256 -2.372659 -1.384303 -14.23883 -6.320207 -0.625468 -26.924801 -3.827666 -4.187002 -49.721909 -4.064198 -13.70869 -7.363564 -3.720957 18.141407 -14.052929 -3.242716 -3e-06 -18.787613 4e-06 -0.429723 -8.456232 2.555559 4e-06 -3e-06 -2e-06 -15.923755 -20.094728 -5.473607 30.419641 -7.190917 1.735955 -0.0 -8.163065 -1e-06 -1.861944 -22.861988 -6.168074 1e-06 -4e-06 -3e-06 -171.050156 6.67357 -2.196288 5.623278 0.015145 0.102464 -80.381927 0.514842 2.197524 -6.43737 1.513278 2.129861 -1.000004 -0.0 -0.0 -23.973288 -7.572412 -8.68662 38.844776 0.023922 -0.074785 -68.357979 0.506822 -3.061748 -11.109317 0.780647 1.609399 -1.000009 1e-06 -0.0 
0.0 0.0 0.0 0.0 -0.0 0.0 30.976879 98.43689 364.500946 94.895317 1.664239 97.158661 2.917538 -4.828385 -0.797487 -9.674327 -1.296243 -0.92963 14.781548 -0.849061 -3.525402 14.988983 0.284118 2.373131 -2.41081 -0.816304 0.574794 -36.915833 -0.859017 0.226987 7e-06 -0.0 -0.0 0.089829 0.019148 -0.006847 0.038899 -0.008935 -0.030151 0.060805 0.038477 0.019623 -117.746956 -76.242119 133.425888 45.107651 -49.860817 -0.31828 40.160065 -0.178268 -0.111137 -3.116077 5.34207 -2.185238 17.636709 -26.32288 52.411465 -19.466839 -14.39571 29.410631 -3e-06 -8.774909 2e-06 15.366007 -18.276594 6.375347 -0.609778 -1.795665 -3.889349 -4.80712 -11.046894 -2.937874 1.6e-05 -20.976233 -9e-06 -5.020015 -25.033901 -4.031942 7e-06 0.0 0.0 -10.634592 -5.687006 -3.565604 10.573364 -17.923092 -3.113939 9e-06 -13.821352 -5e-06 -0.501751 -31.181973 -4.027084 -12.059592 -59.606159 7.791471 -13.982792 -7.150236 -2.875051 13.772837 -8.401557 -3.218277 0.347759 -34.211937 0.771646 -0.963039 -17.733616 2.621063 3e-06 -1e-06 0.0 -17.346518 -20.095335 -4.201799 21.757719 -1.638393 3.866446 3e-06 -6.338886 0.0 -1.697587 -22.592052 -6.194101 -1e-06 0.0 -6e-06 58.383739 -74.420242 138.302979 29.856949 -60.074402 11.38458 32.102406 -0.185165 -0.047923 -1.044669 -1.645574 5.094389 22.182266 -20.376026 49.933598 -16.702042 -16.743687 28.476807 -2.1e-05 -12.690756 9e-06 16.4228 -17.762196 2.393145 -0.105917 -1.51387 -4.275911 -5.039083 -5.612927 -2.953583 2e-05 -11.020675 -1.3e-05 -6.111359 -15.895615 -3.840535 -0.0 -0.0 -3e-06 -10.283442 -5.68033 -4.341862 11.028414 -11.302529 -2.372672 -1.384263 -14.238779 -6.320201 -0.625387 -26.924702 -3.827687 -4.188111 -50.002529 -3.934958 -13.708622 -7.363529 -3.720958 18.141346 -14.0529 -3.242732 3.3e-05 -18.787525 -1.8e-05 -0.429702 -8.456191 2.555539 -0.0 -0.0 1e-06 -15.923651 -20.094645 -5.473608 30.419508 -7.19092 1.735916 1.2e-05 -8.16303 -1.1e-05 -1.861875 -22.861874 -6.168077 1e-06 -3e-06 -3e-06 -168.437378 7.272243 -1.428579 5.573725 0.011669 0.015003 -82.166519 0.80465 2.157907 -6.621283 1.597689 2.152115 -1.000004 -0.0 -0.0 -23.984011 -8.139492 -9.155116 25.278555 0.085828 0.040892 -66.53009 0.241122 -3.685372 -11.155579 0.847611 1.630545 -1.000007 0.0 0.0 
0.0 0.0 0.0 0.0 -0.0 0.0 31.155262 97.696625 368.676819 95.757149 1.246352 97.779968 2.854546 -5.32808 -0.777773 -9.747025 -1.39758 -0.924165 14.896569 -1.192111 -3.663981 14.629297 0.649379 2.424796 -2.379712 -0.855216 0.42019 -37.085495 -0.984132 -0.081839 6e-06 -0.0 -0.0 0.090512 0.031911 0.033439 0.009929 0.017384 0.002962 0.021527 0.038551 0.069105 -116.793816 -76.806351 132.341309 46.478313 -49.636436 -2.04131 40.66304 -0.013405 0.030354 -2.999538 5.544361 -2.183383 17.636717 -26.32284 52.411598 -19.467098 -14.395823 29.410856 -4e-06 -8.775002 1.5e-05 15.413258 -18.292551 6.331109 -0.609777 -1.795687 -3.889368 -4.807157 -11.046993 -2.937907 3.6e-05 -20.976446 -8e-05 -5.020028 -25.034216 -4.032055 8e-06 -1e-06 -0.0 -10.634653 -5.687053 -3.565602 10.573466 -17.923231 -3.114032 2.3e-05 -13.821475 -5.1e-05 -0.501668 -31.182335 -4.027251 -11.871737 -59.580212 7.30705 -13.982878 -7.150299 -2.875043 13.772956 -8.401623 -3.218339 0.347825 -34.212288 0.771505 -0.962993 -17.733805 2.62101 2e-06 1e-06 3e-06 -17.346636 -20.095493 -4.201802 21.757914 -1.638389 3.866438 4e-06 -6.338941 -2.4e-05 -1.697578 -22.592344 -6.194253 -0.0 -4e-06 -0.0 59.288071 -74.243439 137.429565 28.904873 -60.810478 12.333897 31.474411 -0.163981 0.045272 -1.492074 -2.142346 5.404404 22.182337 -20.37604 49.933624 -16.702116 -16.74371 28.47686 -2.6e-05 -12.690792 3e-06 16.496742 -17.809763 2.393999 -0.105916 -1.513877 -4.275915 -5.039093 -5.61295 -2.953587 2.3e-05 -11.020728 -1.5e-05 -6.111371 -15.895697 -3.840548 0.0 1e-06 -1e-06 -10.283464 -5.680345 -4.341866 11.02845 -11.302584 -2.372684 -1.384259 -14.238852 -6.320226 -0.625371 -26.924875 -3.827707 -4.220544 -50.220409 -3.82196 -13.708652 -7.363548 -3.720959 18.141403 -14.052963 -3.242746 4.8e-05 -18.787613 -3e-05 -0.429695 -8.456228 2.555538 3e-06 -2e-06 0.0 -15.923683 -20.094706 -5.473617 30.41959 -7.190963 1.735923 1.8e-05 -8.163065 -1.7e-05 -1.861851 -22.862001 -6.168113 1e-06 -3e-06 -0.0 -165.856461 7.763764 -0.907246 5.606463 -0.030674 -0.099805 -83.37146 1.514333 2.203971 -7.218554 1.640009 2.180531 -1.000002 0.0 0.0 -23.630251 -8.600892 -9.146694 12.040842 0.209636 0.045242 -65.646057 0.300582 -4.935635 -10.944518 0.922761 1.588141 -1.000005 0.0 1e-06 
0.0 0.0 0.0 0.0 -0.0 0.0 31.239769 96.959915 373.001038 96.331795 0.87758 98.058838 2.702738 -5.643895 -0.638486 -9.788234 -1.473573 -0.983227 14.975875 -1.399315 -3.573023 14.380525 0.78819 2.496263 -2.388958 -0.833245 0.329922 -36.959904 -1.138684 -0.103915 7e-06 -0.0 -0.0 0.078955 0.049744 0.057878 0.012049 0.032136 0.03595 0.032308 0.060154 0.087609 -117.727112 -76.820824 133.18576 47.160389 -49.215679 -3.098332 40.794518 0.003886 0.009614 -3.170006 5.450057 -1.945353 17.6367 -26.322805 52.411556 -19.466942 -14.395704 29.410734 -6e-06 -8.774928 5e-06 15.480795 -18.282347 6.377206 -0.609778 -1.795674 -3.889357 -4.807137 -11.046931 -2.937899 3e-05 -20.976297 -7.1e-05 -5.019969 -25.034006 -4.032032 6e-06 3e-06 3e-06 -10.63461 -5.687029 -3.565609 10.573385 -17.923132 -3.113988 1.9e-05 -13.821383 -4.3e-05 -0.501658 -31.182077 -4.027214 -11.836552 -59.646641 7.345495 -13.982812 -7.150268 -2.875058 13.772859 -8.401575 -3.218304 0.347811 -34.212048 0.771544 -0.962994 -17.733673 2.621019 -0.0 3e-06 1e-06 -17.346552 -20.095404 -4.201822 21.757759 -1.638383 3.866453 5e-06 -6.338899 -1.8e-05 -1.697547 -22.592138 -6.194203 0.0 -4e-06 -2e-06 58.732006 -74.003082 138.025467 27.950583 -61.101643 13.715086 30.760571 -0.033355 0.070842 -1.902445 -3.135928 6.707884 22.182276 -20.375937 49.933506 -16.701969 -16.74366 28.476711 1.5e-05 -12.690756 -7e-06 16.437233 -17.724457 2.38826 -0.105921 -1.513869 -4.275899 -5.039098 -5.612934 -2.953576 -1e-05 -11.020662 -9e-06 -6.11141 -15.895609 -3.840535 -0.0 1e-06 -1e-06 -10.283455 -5.680345 -4.341847 11.028385 -11.302493 -2.372659 -1.384308 -14.238758 -6.32019 -0.625455 -26.924625 -3.827706 -4.155694 -50.13596 -3.962444 -13.708637 -7.363548 -3.72094 18.14131 -14.052846 -3.242708 -6e-06 -18.787498 -3e-05 -0.429714 -8.456175 2.555524 -0.0 0.0 -1e-06 -15.923698 -20.094656 -5.473585 30.4195 -7.190854 1.735961 -3e-06 -8.163014 -1.5e-05 -1.861923 -22.861824 -6.16809 0.0 -2e-06 -0.0 -163.501862 7.864697 -0.946518 6.232541 0.007458 -0.066254 -83.988846 2.472504 2.085323 -8.389091 1.625743 2.178609 -1.000002 -0.0 0.0 -24.045094 -8.729103 -8.710017 3.145375 0.215103 0.093331 -67.188896 0.389408 -6.850145 -10.660433 0.953039 1.532412 -1.000003 -0.0 -0.0 
0.0 0.0 0.0 0.0 -0.0 0.0 31.237381 96.361145 377.50116 96.539185 0.706932 98.197365 2.601753 -5.669899 -0.55269 -9.832013 -1.514096 -1.166727 15.115448 -1.469474 -3.416911 14.226233 0.730246 2.48926 -2.353706 -0.858034 0.453084 -37.092693 -1.349267 0.062024 7e-06 0.0 -0.0 0.070385 0.042617 0.025688 0.006414 0.015676 0.006593 0.045642 0.062182 0.054136 -119.14489 -76.650894 134.634949 47.370762 -49.011936 -4.029416 40.379555 -0.160067 -0.075204 -3.218281 5.339153 -1.449239 17.636719 -26.32292 52.411522 -19.466843 -14.395713 29.410662 -5e-06 -8.774912 -3e-06 15.52754 -18.242613 6.38094 -0.60978 -1.795665 -3.889351 -4.807122 -11.046892 -2.937876 1.7e-05 -20.976238 -6e-06 -5.020011 -25.033916 -4.031943 5e-06 2e-06 2e-06 -10.634593 -5.687 -3.565607 10.573365 -17.923092 -3.113933 7e-06 -13.82135 2e-06 -0.501759 -31.181969 -4.027079 -11.953365 -59.756641 7.634092 -13.982793 -7.150235 -2.875058 13.772839 -8.401563 -3.218274 0.34775 -34.211975 0.771671 -0.963043 -17.733641 2.621076 2e-06 -0.0 -0.0 -17.346518 -20.095329 -4.201801 21.757729 -1.638398 3.866452 5e-06 -6.338891 4e-06 -1.697583 -22.592077 -6.194108 -0.0 -4e-06 -0.0 57.642509 -73.894188 139.445633 27.8578 -61.044449 14.259273 30.103676 0.090977 0.041858 -2.340894 -4.023879 7.870619 22.182268 -20.376068 49.933651 -16.702061 -16.743681 28.476851 -2.6e-05 -12.690749 1.1e-05 16.46372 -17.596573 2.352961 -0.105917 -1.513872 -4.275912 -5.039079 -5.612935 -2.953586 1.8e-05 -11.020695 -1.2e-05 -6.111357 -15.895648 -3.840536 0.0 0.0 -0.0 -10.283438 -5.680332 -4.341864 11.02841 -11.302547 -2.372673 -1.384257 -14.238803 -6.320211 -0.625388 -26.924759 -3.827695 -3.947055 -49.929192 -4.234417 -13.708616 -7.363532 -3.720962 18.141344 -14.05292 -3.242738 3.3e-05 -18.787561 -1.8e-05 -0.429708 -8.456205 2.555543 3e-06 -3e-06 -1e-06 -15.923638 -20.09466 -5.473619 30.419504 -7.190928 1.735908 1.3e-05 -8.163049 -1.2e-05 -1.861868 -22.861937 -6.168086 2e-06 -2e-06 0.0 -161.716827 7.433273 -1.236721 8.343571 0.022746 0.04869 -83.576569 3.616508 1.752473 -10.693494 1.68904 2.168113 -0.999999 0.0 -0.0 -25.500216 -8.559198 -8.749756 1.535247 0.134508 0.221766 -69.996956 0.790297 -9.172344 -10.73775 0.896463 1.504708 -1.000001 0.0 0.0 
0.0 0.0 0.0 0.0 -0.0 0.0 31.141748 95.885078 382.295166 96.056595 0.521634 98.458 2.297434 -5.223193 -0.409474 -9.911462 -1.463485 -1.41351 15.231312 -1.265087 -3.437855 14.129117 0.440126 2.47446 -2.310722 -0.851422 0.495594 -37.253643 -1.549708 0.108878 4e-06 -0.0 0.0 0.08035 0.036992 0.023665 0.038409 0.024428 0.006771 0.091037 0.041814 0.048892 -120.028961 -76.627335 135.842102 47.414589 -49.339203 -4.395612 39.397938 -0.03856 -0.097892 -3.169634 5.236934 -1.122322 17.63678 -26.322817 52.411526 -19.466911 -14.395717 29.410683 2e-05 -8.774953 -7e-06 15.610898 -18.191011 6.334071 -0.609784 -1.795678 -3.889352 -4.807175 -11.046962 -2.937889 -3e-05 -20.976336 -4.3e-05 -5.020076 -25.034063 -4.032028 5e-06 2e-06 2e-06 -10.634652 -5.687057 -3.565603 10.573376 -17.923157 -3.113963 -1.3e-05 -13.821413 -3.6e-05 -0.501765 -31.182158 -4.02721 -11.998876 -59.886391 7.710915 -13.982867 -7.150303 -2.875047 13.772878 -8.401566 -3.218288 0.347715 -34.212105 0.771574 -0.963037 -17.733692 2.621012 -0.0 3e-06 2e-06 -17.346651 -20.095484 -4.201791 21.757832 -1.638348 3.866481 -1e-05 -6.338916 -1.6e-05 -1.697639 -22.592205 -6.194194 -1e-06 -4e-06 -2e-06 57.301109 -73.872482 140.184967 28.214195 -60.973316 14.395403 29.527027 0.235191 0.105455 -2.363843 -4.357444 7.951381 22.18244 -20.375988 49.933567 -16.702061 -16.743734 28.476772 1.9e-05 -12.690848 -1.9e-05 16.514822 -17.544807 2.290941 -0.105921 -1.513876 -4.275905 -5.039131 -5.612966 -2.953583 -1.2e-05 -11.020733 -2e-06 -6.111469 -15.895725 -3.840537 -2e-06 0.0 1e-06 -10.283511 -5.680373 -4.341852 11.028453 -11.302563 -2.372656 -1.384327 -14.238868 -6.320214 -0.625473 -26.924879 -3.827711 -3.773337 -49.952446 -4.366181 -13.708714 -7.363586 -3.720943 18.141422 -14.052934 -3.242713 -4e-06 -18.787642 -3.6e-05 -0.429712 -8.456242 2.555538 -1e-06 1e-06 1e-06 -15.923802 -20.094765 -5.473579 30.419689 -7.190905 1.735997 4e-06 -8.163077 -2.2e-05 -1.861927 -22.862047 -6.168155 -1e-06 -3e-06 -2e-06 -161.017105 6.117213 -2.327596 12.473625 -0.120654 0.311252 -82.016777 5.248198 1.740107 -15.021106 1.855352 2.125157 -1.000007 0.0 0.0 -25.296537 -7.684212 -8.884234 3.014886 0.201175 0.284862 -69.496246 1.498254 -9.300679 -11.321121 0.954545 1.508866 -1.00001 0.0 0.0 
0.0 0.0 0.0 0.0 -0.0 0.0 30.944752 95.75441 387.390625 94.001472 -0.007821 98.785263 1.518936 -3.63491 -0.292203 -10.21156 -1.277431 -1.409338 15.311761 -0.729 -3.63335 13.949106 0.063052 2.567881 -2.344551 -0.810972 0.163659 -36.520611 -1.790386 0.194078 6e-06 0.0 1e-06 0.067076 0.02654 -0.00316 0.086486 0.012774 -0.011702 0.123368 0.037151 0.013525 -124.321617 -75.829376 140.278595 45.852154 -49.246819 -2.449523 38.113628 0.217095 -0.175154 -3.189245 4.802534 -1.042651 17.636671 -26.322807 52.411385 -19.466722 -14.395648 29.410532 1.1e-05 -8.774872 -5e-06 15.594244 -18.11042 6.316753 -0.609784 -1.795662 -3.889341 -4.807124 -11.046862 -2.937867 -1.8e-05 -20.976128 -1e-05 -5.020014 -25.033762 -4.031957 8e-06 -0.0 -0.0 -10.634578 -5.687002 -3.565599 10.573297 -17.92301 -3.113916 -1.3e-05 -13.821286 -8e-06 -0.501789 -31.181784 -4.027097 -11.63298 -59.752476 7.365962 -13.98277 -7.150235 -2.875049 13.772778 -8.401509 -3.218256 0.347694 -34.211777 0.771654 -0.963055 -17.733532 2.621035 -2e-06 -0.0 3e-06 -17.346508 -20.095308 -4.201787 21.757652 -1.638353 3.866452 -6e-06 -6.338854 -0.0 -1.697613 -22.591921 -6.194091 -2e-06 -3e-06 -2e-06 54.860092 -73.234367 142.794342 27.716547 -60.140255 14.829374 29.014029 0.216605 0.199036 -2.280315 -4.309079 7.445642 22.182137 -20.3759 49.93346 -16.701876 -16.743584 28.476641 3e-06 -12.690654 5e-06 16.333694 -17.575291 2.312569 -0.10592 -1.513861 -4.27589 -5.039061 -5.612891 -2.953568 -0.0 -11.020564 -1.5e-05 -6.111324 -15.895433 -3.840523 1e-06 -1e-06 -0.0 -10.2834 -5.680312 -4.341847 11.028321 -11.302423 -2.372654 -1.384273 -14.238633 -6.320169 -0.625408 -26.924351 -3.827677 -3.747478 -50.062748 -4.403622 -13.708564 -7.363507 -3.720947 18.141201 -14.052761 -3.242701 3e-06 -18.787342 -2.3e-05 -0.429716 -8.456088 2.555511 -2e-06 -2e-06 -0.0 -15.923593 -20.094551 -5.473602 30.41931 -7.190819 1.735926 -0.0 -8.162949 -7e-06 -1.861897 -22.861582 -6.168014 -0.0 -2e-06 -1e-06 -162.476303 2.727218 -5.157107 19.196772 -0.321977 0.56211 -79.25222 8.101795 2.33892 -22.09314 1.99977 2.032357 -1.000003 0.0 0.0 -25.336653 -5.135329 -7.847575 6.742791 0.182637 0.233573 -65.453331 1.597581 -6.822212 -11.776176 1.034496 1.543497 -1.000005 0.0 -0.0 
0.0 0.0 0.0 0.0 -0.0 0.0 30.612213 95.859512 392.452057 91.287476 -0.378479 98.962036 0.803989 -1.781121 -0.225286 -10.503877 -0.990276 -1.502568 15.202447 0.210886 -3.670778 13.758918 -0.402203 2.534781 -2.475614 -0.956135 0.324304 -35.693455 -2.007856 0.268241 5e-06 -0.0 -0.0 0.03296 0.019991 -0.040043 0.02488 0.034234 -0.062056 0.042856 0.005425 -0.010206 -128.125061 -74.791191 144.111908 43.815941 -49.615196 -0.190236 36.172276 0.193198 -0.228688 -3.288836 4.408829 -0.496796 17.636787 -26.32283 52.411564 -19.467022 -14.395766 29.410761 2e-06 -8.774983 -6e-06 15.841958 -17.995472 6.131161 -0.609778 -1.79568 -3.889361 -4.807162 -11.046972 -2.937901 2.5e-05 -20.976383 -7.4e-05 -5.020018 -25.034128 -4.032051 6e-06 1e-06 0.0 -10.634653 -5.687048 -3.565608 10.573434 -17.923195 -3.113997 1.8e-05 -13.821441 -4.8e-05 -0.501671 -31.182232 -4.027247 -11.150802 -59.661129 6.983315 -13.982876 -7.150296 -2.875053 13.772928 -8.4016 -3.218313 0.347812 -34.212196 0.771523 -0.962987 -17.733751 2.621014 -3e-06 0.0 3e-06 -17.346645 -20.095478 -4.201804 21.757874 -1.638382 3.86647 5e-06 -6.338925 -2.1e-05 -1.697574 -22.592245 -6.194238 -3e-06 -3e-06 -1e-06 52.461731 -72.988991 145.15976 27.722933 -59.466682 14.794116 27.756397 0.141013 0.156249 -2.16685 -4.027545 6.848069 22.1824 -20.37602 49.933624 -16.702063 -16.74369 28.476788 -5e-06 -12.690798 -1.8e-05 16.184813 -17.634083 2.312287 -0.105921 -1.513876 -4.275908 -5.039106 -5.612949 -2.953586 9e-06 -11.02071 -8e-06 -6.111395 -15.895662 -3.840547 3e-06 2e-06 -4e-06 -10.283484 -5.680354 -4.341863 11.028439 -11.302559 -2.372662 -1.384286 -14.238824 -6.320216 -0.625409 -26.924784 -3.827704 -3.696115 -50.071033 -4.469206 -13.708675 -7.363561 -3.720958 18.14139 -14.052931 -3.242724 2.8e-05 -18.787582 -3.2e-05 -0.429701 -8.456213 2.555537 0.0 2e-06 -1e-06 -15.923727 -20.094721 -5.473615 30.41959 -7.190936 1.735968 1.5e-05 -8.163052 -1.5e-05 -1.861875 -22.86194 -6.168113 -1e-06 -5e-06 -1e-06 -165.409851 -1.892443 -7.835197 28.301443 -0.397846 0.664204 -73.231079 10.122265 3.444735 -31.189503 2.124909 1.899072 -1.000003 0.0 0.0 -25.793253 -1.787408 -6.526635 11.222224 0.095858 0.035567 -60.000523 0.206257 -4.386579 -10.37892 0.973511 1.573172 -1.000008 -0.0 -0.0 
0.0 0.0 0.0 0.0 -0.0 0.0 30.332968 96.280693 397.378387 89.290588 0.07999 98.602112 0.808273 -0.478693 -0.148878 -10.530913 -0.701048 -1.593112 14.887052 1.134215 -3.470503 13.963982 -0.802797 2.637979 -2.468123 -0.944724 0.37734 -35.648689 -2.024266 0.212891 6e-06 -0.0 -0.0 0.023936 0.037361 0.001271 0.012397 0.082412 -0.00697 0.025266 -0.008621 0.01706 -126.4562 -74.816513 142.587219 43.332348 -51.898415 0.528226 33.361843 0.289815 -0.046161 -3.740672 3.680916 -0.677103 17.636723 -26.322809 52.411423 -19.466881 -14.395656 29.410627 -3e-06 -8.774902 -2e-06 15.959668 -18.049053 6.071487 -0.609777 -1.79567 -3.889347 -4.807124 -11.046923 -2.937888 1.8e-05 -20.976299 -4.5e-05 -5.019991 -25.034018 -4.031995 6e-06 -1e-06 1e-06 -10.634588 -5.687016 -3.565603 10.573358 -17.923128 -3.113954 1.6e-05 -13.821387 -2.7e-05 -0.501699 -31.182095 -4.027155 -11.005195 -59.624001 6.847982 -13.982787 -7.150253 -2.875057 13.772827 -8.401576 -3.21828 0.347789 -34.212055 0.771577 -0.963007 -17.733685 2.621031 2e-06 -1e-06 -1e-06 -17.346518 -20.095379 -4.201808 21.75771 -1.638385 3.866458 5e-06 -6.338901 -1.5e-05 -1.697561 -22.592154 -6.19417 -0.0 -6e-06 -3e-06 53.391727 -74.2397 144.159225 29.844656 -60.151539 12.682178 25.870417 -0.142498 0.115391 -2.737008 -3.642415 6.547016 22.182232 -20.376019 49.933548 -16.701956 -16.74362 28.476742 -1.3e-05 -12.6907 6e-06 16.167395 -17.698193 2.284235 -0.10592 -1.513865 -4.275903 -5.03907 -5.612916 -2.95358 1.1e-05 -11.020646 -2e-06 -6.111338 -15.895567 -3.840529 3e-06 4e-06 -3e-06 -10.283419 -5.680319 -4.341857 11.028368 -11.3025 -2.372655 -1.384264 -14.238738 -6.32019 -0.625407 -26.924612 -3.827664 -3.751589 -49.860657 -4.465774 -13.708587 -7.363515 -3.720957 18.141273 -14.052861 -3.242708 2e-05 -18.787481 -2e-06 -0.429714 -8.45617 2.555543 2e-06 0.0 -2e-06 -15.923613 -20.094597 -5.473605 30.419388 -7.190889 1.735927 9e-06 -8.163018 -1e-06 -1.861882 -22.861828 -6.168037 -0.0 -2e-06 -1e-06 -169.028198 -5.885619 -9.257699 39.122589 -0.49432 0.751758 -62.705345 10.523746 4.522992 -37.289261 2.116634 1.861183 -1.0 0.0 -0.0 -25.030014 0.888626 -6.267126 15.962861 0.146007 -0.173825 -60.179207 -0.440273 -2.284104 -8.377878 0.928756 1.596228 -1.000004 -0.0 0.0 
0.0 0.0 0.0 0.0 -0.0 0.0 30.08095 96.788269 402.152649 88.012955 0.899182 98.282021 1.203323 0.352046 -0.03293 -10.34619 -0.526715 -1.517286 14.58186 1.792334 -3.391633 14.272748 -0.692711 2.572065 -2.431839 -0.803301 0.416945 -35.77441 -1.925169 0.649727 6e-06 0.0 0.0 0.021413 0.047963 0.023899 0.011484 0.101005 0.014377 0.041033 -0.008359 0.036551 -123.272415 -75.21389 139.42009 43.259571 -54.212715 1.660208 30.757067 0.302135 -0.008667 -4.369839 2.420147 0.45237 17.636646 -26.322817 52.411304 -19.466648 -14.395576 29.410442 1.1e-05 -8.774833 -1.1e-05 16.101355 -17.899973 6.020381 -0.609779 -1.795653 -3.889329 -4.807106 -11.046847 -2.937857 -3e-05 -20.97612 1.7e-05 -5.020014 -25.03376 -4.031907 8e-06 0.0 -1e-06 -10.634537 -5.686987 -3.565598 10.573249 -17.922995 -3.113885 -1.7e-05 -13.82128 1.1e-05 -0.501816 -31.181782 -4.027043 -10.915211 -59.740578 6.821724 -13.98272 -7.150221 -2.875052 13.77272 -8.401501 -3.218235 0.34767 -34.211758 0.771689 -0.96307 -17.733532 2.621045 -0.0 -1e-06 2e-06 -17.346439 -20.095266 -4.201782 21.757561 -1.638351 3.866448 -6e-06 -6.338856 3e-06 -1.697613 -22.59193 -6.194053 -1e-06 -3e-06 1e-06 54.449619 -75.475426 142.805634 32.274822 -60.632416 10.678541 24.661663 -0.319721 0.116097 -3.361936 -3.584614 6.498679 22.182108 -20.375942 49.93346 -16.70182 -16.743586 28.476627 7e-06 -12.69064 1.2e-05 16.250042 -17.56731 2.272805 -0.105921 -1.513854 -4.275889 -5.039056 -5.612878 -2.953567 -7e-06 -11.020545 1e-06 -6.111336 -15.895408 -3.840503 1e-06 -0.0 2e-06 -10.283388 -5.680296 -4.341846 11.028308 -11.302399 -2.372642 -1.384283 -14.238611 -6.320152 -0.625437 -26.924309 -3.827645 -3.858069 -49.739082 -4.251354 -13.708548 -7.363487 -3.720941 18.141178 -14.052729 -3.242688 -1.7e-05 -18.787315 8e-06 -0.429728 -8.456087 2.555525 4e-06 -3e-06 -1e-06 -15.923572 -20.0945 -5.473593 30.419271 -7.190797 1.735926 -8e-06 -8.162943 7e-06 -1.861938 -22.861576 -6.167978 1e-06 -3e-06 -3e-06 -173.657639 -9.049513 -9.02895 50.453503 -0.521027 0.627088 -52.283695 9.940226 4.001563 -29.575809 1.791968 1.869777 -1.000002 -0.0 -1e-06 -23.202938 2.826654 -6.822146 20.058779 0.172704 -0.161218 -65.564713 -0.795763 -0.583582 -7.414749 0.859279 1.630325 -1.000008 -0.0 0.0 
0.0 0.0 0.0 0.0 -0.0 0.0 29.939816 97.3218 406.714539 87.307068 1.570787 98.218529 1.541934 0.876987 0.116615 -10.214089 -0.436499 -1.315322 14.557066 2.101025 -3.322407 14.42477 -0.342951 2.314383 -2.46338 -0.676128 0.481043 -35.795258 -1.793256 0.853243 6e-06 -0.0 -0.0 0.014224 0.031711 -0.006909 0.027805 0.078991 -0.01297 0.073574 -0.020452 0.000216 -122.416168 -75.072639 138.784515 42.885284 -55.11187 3.711159 28.962885 0.34151 0.011744 -5.15166 0.899519 2.226686 17.636738 -26.322931 52.411518 -19.466919 -14.395766 29.410696 5e-06 -8.774959 5e-06 16.362242 -17.824438 6.027219 -0.609781 -1.795673 -3.889356 -4.807154 -11.046951 -2.937872 -1.1e-05 -20.976362 -1e-05 -5.020083 -25.034101 -4.031966 5e-06 2e-06 -0.0 -10.63463 -5.687034 -3.565597 10.573396 -17.923166 -3.113955 -5e-06 -13.82143 -1.5e-05 -0.501784 -31.182207 -4.027133 -11.308491 -60.019371 7.222157 -13.982841 -7.150276 -2.875038 13.77289 -8.401584 -3.218292 0.347725 -34.212173 0.771637 -0.963045 -17.733747 2.621048 0.0 1e-06 -2e-06 -17.346605 -20.095427 -4.201772 21.757824 -1.638372 3.866454 -5e-06 -6.338923 -4e-06 -1.697626 -22.592236 -6.194152 -2e-06 -4e-06 -1e-06 53.524372 -75.874313 143.524612 34.024967 -59.872898 9.367005 24.955389 -0.373759 0.046326 -3.644337 -3.37025 6.428759 22.182257 -20.376032 49.933617 -16.701982 -16.743692 28.476799 9e-06 -12.690763 9e-06 16.30159 -17.441994 2.337067 -0.105921 -1.513867 -4.275911 -5.039095 -5.612938 -2.953574 -9e-06 -11.020684 -1e-06 -6.111409 -15.895645 -3.840521 1e-06 -0.0 1e-06 -10.28345 -5.680344 -4.341855 11.028389 -11.302513 -2.372658 -1.384299 -14.238788 -6.320198 -0.625459 -26.924717 -3.827689 -3.948096 -49.974178 -3.992057 -13.708632 -7.36355 -3.72095 18.141321 -14.052874 -3.242717 -1.4e-05 -18.787554 -9e-06 -0.429726 -8.456203 2.555539 0.0 -3e-06 -0.0 -15.923688 -20.094671 -5.473591 30.419508 -7.190861 1.735937 -5e-06 -8.163043 -7e-06 -1.861935 -22.861927 -6.168077 -2e-06 3e-06 1e-06 -179.01712 -10.706062 -7.896867 60.616135 -0.620867 0.425973 -47.793533 6.418595 1.671153 -13.109531 1.590972 2.134159 -0.999997 -0.0 -1e-06 -20.43259 4.128366 -7.427298 21.916677 0.071984 -0.130389 -69.711876 -0.839484 0.865305 -6.891586 0.754453 1.638162 -1.000002 0.0 0.0 
0.0 0.0 0.0 0.0 -0.0 0.0 30.000595 98.135475 411.144073 87.304047 1.934129 98.026054 1.596303 1.101306 0.276913 -10.155652 -0.432857 -1.057678 14.753658 1.903122 -3.057328 14.596365 0.089105 2.201767 -2.43533 -0.615388 0.305541 -35.731785 -1.685378 0.968068 6e-06 -0.0 0.0 0.018384 0.006594 -0.058474 0.040277 0.037324 -0.063116 0.082014 -0.028785 -0.0523 -122.825233 -74.401115 139.600708 41.865452 -55.227993 5.37413 28.226959 0.218519 0.080275 -5.470829 0.215962 3.105882 17.636726 -26.322882 52.411457 -19.466856 -14.395664 29.410618 -4e-06 -8.774899 -3e-06 16.537512 -17.844275 5.935446 -0.60978 -1.795668 -3.889348 -4.80712 -11.046914 -2.937878 1.4e-05 -20.976271 -1.9e-05 -5.019998 -25.033953 -4.031952 4e-06 3e-06 -0.0 -10.634589 -5.687014 -3.565608 10.573351 -17.92312 -3.113938 1.1e-05 -13.821374 -1.7e-05 -0.50173 -31.18203 -4.027118 -11.535504 -59.952812 7.299858 -13.982784 -7.15025 -2.875056 13.772821 -8.40157 -3.218272 0.347763 -34.212013 0.77162 -0.963027 -17.733652 2.621044 2e-06 -2e-06 -2e-06 -17.346514 -20.095371 -4.201803 21.757702 -1.638388 3.866457 6e-06 -6.3389 -8e-06 -1.697565 -22.592121 -6.194133 -0.0 -4e-06 -1e-06 51.297359 -75.689606 145.797058 35.783501 -58.254459 7.745962 25.950796 -0.344578 -0.007684 -3.118834 -2.559548 6.081749 22.18227 -20.376055 49.933655 -16.702002 -16.743673 28.476805 -1.6e-05 -12.69074 1e-06 16.424704 -17.457932 2.389374 -0.105919 -1.513866 -4.27591 -5.039082 -5.612919 -2.95358 1.6e-05 -11.02065 -7e-06 -6.111357 -15.895565 -3.840536 2e-06 -1e-06 -2e-06 -10.283439 -5.680325 -4.341869 11.028401 -11.302513 -2.372661 -1.384265 -14.238737 -6.320194 -0.62539 -26.924597 -3.827673 -4.114594 -50.13261 -3.893281 -13.708616 -7.363522 -3.720961 18.141325 -14.052878 -3.242717 3.1e-05 -18.787497 -1e-05 -0.429708 -8.456173 2.555545 1e-06 0.0 -1e-06 -15.923644 -20.094624 -5.473624 30.419474 -7.19091 1.735927 1.2e-05 -8.163022 -2e-06 -1.861881 -22.861822 -6.168044 1e-06 -0.0 -1e-06 175.664612 -10.809213 -7.502428 67.503029 -0.43898 0.321295 -52.8811 1.433328 0.944153 -10.544518 1.574316 2.199707 -1.000001 0.0 -1e-06 -16.477568 4.771226 -7.223867 20.843851 -0.006715 -0.125472 -72.258293 -0.783105 1.588477 -6.684687 0.771568 1.648386 -1.000004 0.0 -0.0 
0.0 0.0 0.0 0.0 -0.0 0.0 30.172623 98.987549 415.461914 87.763458 2.197965 97.641891 1.635796 1.176514 0.445212 -10.118194 -0.496816 -0.718039 14.844955 1.335626 -2.716614 15.049507 0.463671 2.231503 -2.41891 -0.615376 0.196041 -35.451691 -1.655028 0.818124 6e-06 0.0 1e-06 0.029417 -0.005676 -0.083048 0.047841 0.006259 -0.084749 0.074 -0.021774 -0.079363 -122.167412 -73.656914 139.237152 40.18771 -55.480247 6.572939 28.619505 0.025489 0.102292 -5.276064 0.275503 3.378948 17.636925 -26.32313 52.411732 -19.467081 -14.395844 29.410849 -4e-06 -8.775032 -4e-06 16.514246 -17.912687 5.851434 -0.609781 -1.795684 -3.889371 -4.807177 -11.047042 -2.937889 1.3e-05 -20.976585 5e-06 -5.02012 -25.034393 -4.031971 3e-06 6e-06 1e-06 -10.634693 -5.687063 -3.565616 10.573495 -17.92334 -3.113966 1.1e-05 -13.821572 -2e-06 -0.50177 -31.182611 -4.027137 -11.533918 -59.712936 7.164207 -13.982924 -7.150311 -2.875054 13.773 -8.401671 -3.218309 0.347774 -34.212574 0.771653 -0.963034 -17.733967 2.621095 -0.0 3e-06 1e-06 -17.346703 -20.095551 -4.201787 21.757975 -1.638413 3.866484 7e-06 -6.338987 -8e-06 -1.697615 -22.592497 -6.194189 -0.0 -4e-06 -0.0 49.762306 -75.763283 147.26619 37.566116 -57.015587 5.495103 27.146 -0.340377 -0.019045 -2.030904 -1.30795 5.188332 22.182474 -20.376139 49.933857 -16.702219 -16.743818 28.477015 -1.3e-05 -12.690899 -1e-06 16.435415 -17.525665 2.442709 -0.105917 -1.513885 -4.27593 -5.039135 -5.612991 -2.953598 1.3e-05 -11.020812 -1.1e-05 -6.111448 -15.895844 -3.840578 0.0 -0.0 -1e-06 -10.283532 -5.680386 -4.341876 11.028518 -11.302646 -2.372694 -1.384288 -14.238959 -6.320271 -0.625411 -26.925112 -3.827743 -4.21004 -50.119728 -3.90153 -13.708741 -7.363598 -3.720965 18.141525 -14.053044 -3.242765 3.5e-05 -18.787767 -3.6e-05 -0.429705 -8.456305 2.555561 -1e-06 0.0 3e-06 -15.923807 -20.094835 -5.473626 30.419806 -7.190989 1.735943 1.5e-05 -8.163132 -2.1e-05 -1.861884 -22.862215 -6.168184 -0.0 1e-06 -3e-06 170.771393 -9.9745 -7.854609 70.215759 -0.178166 0.229804 -58.511955 -2.27746 1.184923 -10.659972 1.569532 2.165915 -1.000006 -0.0 0.0 -11.83289 4.937877 -6.284201 18.141766 -0.002816 -0.125127 -73.831558 -0.627469 1.724644 -6.613607 0.807937 1.659441 -1.000009 -0.0 -0.0 
0.0 0.0 0.0 0.0 -0.0 0.0 30.370056 99.595573 419.654907 88.20504 2.449928 97.063377 1.780184 1.312058 0.628567 -10.027049 -0.492876 -0.266587 14.747671 0.674523 -2.326099 15.580726 0.539955 2.33908 -2.43622 -0.613283 0.018772 -35.092258 -1.5804 0.538465 5e-06 -0.0 -0.0 0.04145 -0.007181 -0.091204 0.044744 -0.010527 -0.091506 0.05663 -0.008429 -0.088334 -120.830231 -72.920547 138.008789 37.845589 -55.831638 8.356291 30.136421 -0.011806 0.092932 -4.671225 0.6704 2.962512 17.636763 -26.322981 52.411629 -19.466925 -14.395739 29.410736 -2e-06 -8.77494 1e-06 16.35614 -18.012384 5.820142 -0.609779 -1.795671 -3.889358 -4.80714 -11.046949 -2.937886 8e-06 -20.976355 -1.2e-05 -5.02004 -25.034073 -4.03197 6e-06 1e-06 2e-06 -10.634622 -5.687029 -3.56561 10.573394 -17.923174 -3.113957 7e-06 -13.821424 -9e-06 -0.501742 -31.182171 -4.027126 -11.476786 -59.529995 6.956269 -13.982834 -7.150269 -2.875055 13.77288 -8.40159 -3.218293 0.347749 -34.212154 0.771636 -0.963039 -17.733734 2.621055 1e-06 -2e-06 -0.0 -17.346579 -20.095428 -4.2018 21.757793 -1.63839 3.866459 1e-06 -6.338923 -3e-06 -1.697591 -22.592215 -6.194158 -1e-06 -3e-06 0.0 49.464905 -76.383911 147.312286 39.494946 -56.233898 3.168965 28.406656 -0.314275 0.023356 -0.91513 -0.306354 3.678951 22.182318 -20.376055 49.933647 -16.701982 -16.74369 28.476776 -1e-06 -12.690754 -8e-06 16.32777 -17.567127 2.498715 -0.105921 -1.513869 -4.27591 -5.039096 -5.612929 -2.953578 2e-06 -11.020659 0.0 -6.11139 -15.895587 -3.840533 -1e-06 0.0 1e-06 -10.283463 -5.680338 -4.341864 11.028407 -11.302511 -2.372652 -1.384292 -14.23876 -6.320194 -0.625448 -26.924648 -3.827659 -4.252464 -49.930607 -3.913322 -13.708645 -7.363541 -3.720959 18.141336 -14.052871 -3.242705 6e-06 -18.787512 -6e-06 -0.429718 -8.456177 2.555546 2e-06 1e-06 -0.0 -15.923695 -20.094654 -5.473605 30.419512 -7.190886 1.735952 3e-06 -8.163021 -3e-06 -1.86192 -22.86182 -6.168039 -2e-06 -5e-06 1e-06 166.375244 -9.041395 -8.689757 69.534706 0.01835 0.118766 -62.923447 -3.486322 1.267809 -11.059894 1.567743 2.1251 -1.000004 -1e-06 1e-06 -7.171918 5.041954 -5.027734 15.129566 0.027057 -0.130364 -75.096642 -0.47468 1.59815 -6.653965 0.799257 1.658684 -1.000003 -0.0 0.0 
0.0 0.0 0.0 0.0 -0.0 0.0 30.595129 99.829086 423.750549 88.355072 2.609425 96.303391 1.944773 1.6223 0.776611 -9.92011 -0.392913 0.272071 14.611081 0.109135 -1.869085 15.915192 0.288519 2.498222 -2.469223 -0.616412 -0.211742 -34.73064 -1.504365 0.218346 6e-06 -0.0 -1e-06 0.055967 -0.013334 -0.110996 0.053996 -0.021226 -0.108707 0.057158 -0.011344 -0.109472 -120.175079 -72.089516 137.392502 35.197536 -55.827438 10.502476 32.111732 0.046257 0.070995 -4.034451 1.267959 1.974045 17.636765 -26.322996 52.411613 -19.4669 -14.395736 29.410702 -1.3e-05 -8.774922 4e-06 16.203758 -18.091103 5.859641 -0.609778 -1.795669 -3.889355 -4.807121 -11.04692 -2.93788 3.1e-05 -20.976299 -2e-06 -5.020002 -25.033983 -4.031939 6e-06 3e-06 0.0 -10.634607 -5.687009 -3.565614 10.573397 -17.923145 -3.113947 2e-05 -13.821388 5e-06 -0.501738 -31.182055 -4.027065 -11.502178 -59.487213 6.912761 -13.982815 -7.150246 -2.875061 13.772868 -8.40159 -3.218286 0.347781 -34.21207 0.771664 -0.963033 -17.733685 2.621085 1e-06 -1e-06 -1e-06 -17.346539 -20.095375 -4.201807 21.757757 -1.63841 3.86645 7e-06 -6.338907 0.0 -1.697569 -22.592131 -6.19411 -1e-06 -1e-06 -4e-06 49.486359 -77.298996 146.993423 41.584732 -55.238247 1.436828 29.682907 -0.276426 0.072611 -0.186687 0.167102 2.403275 22.182304 -20.37612 49.933781 -16.702085 -16.74375 28.476925 -1.4e-05 -12.690796 1.8e-05 16.241726 -17.606928 2.550539 -0.105915 -1.513871 -4.275925 -5.039097 -5.612946 -2.953588 1e-05 -11.020711 -6e-06 -6.111392 -15.895671 -3.840542 -0.0 3e-06 -0.0 -10.283469 -5.680345 -4.341871 11.028438 -11.302555 -2.372681 -1.384272 -14.238824 -6.320225 -0.625412 -26.924791 -3.827705 -4.300095 -49.78104 -3.864675 -13.708659 -7.363551 -3.720962 18.141396 -14.052936 -3.242746 2.1e-05 -18.787596 -1.7e-05 -0.429717 -8.45622 2.555548 2e-06 1e-06 1e-06 -15.9237 -20.094706 -5.473621 30.4196 -7.190924 1.735915 6e-06 -8.163062 -6e-06 -1.861902 -22.861971 -6.168088 -3e-06 -4e-06 1e-06 162.43074 -8.40307 -9.577957 65.922371 0.199827 -0.072738 -66.177116 -2.763375 0.710995 -11.336858 1.5801 2.112229 -1.000006 0.0 -2e-06 -3.114537 5.271395 -3.813962 12.880479 0.047629 -0.137797 -76.684639 -0.341791 1.422343 -6.792463 0.75937 1.655756 -1.000003 0.0 0.0 
0.0 0.0 0.0 0.0 -0.0 0.0 30.891705 99.735291 427.828888 88.181831 2.652981 95.425758 2.071359 2.075309 0.84853 -9.844042 -0.230784 0.806991 14.552415 -0.25851 -1.373646 15.994662 -0.180757 2.610332 -2.511454 -0.620091 -0.293242 -34.522713 -1.508457 -0.072407 5e-06 0.0 1e-06 0.066542 -0.02206 -0.133292 0.076383 -0.032093 -0.125438 0.073496 -0.019455 -0.136179 -120.357513 -71.161018 137.727524 33.114174 -55.449512 12.001547 33.540241 0.102668 0.046667 -3.708361 1.934031 0.939052 17.63682 -26.32299 52.411495 -19.467028 -14.39576 29.410717 -3e-05 -8.774953 -0.0 16.118618 -18.141777 5.923878 -0.609773 -1.795678 -3.889356 -4.807107 -11.046963 -2.937885 7.6e-05 -20.976429 -1e-05 -5.01998 -25.034142 -4.031915 5e-06 0.0 1e-06 -10.634613 -5.687012 -3.565607 10.573459 -17.923252 -3.11397 5e-05 -13.821469 -5e-06 -0.501674 -31.18228 -4.02707 -11.533602 -59.483299 6.99421 -13.982821 -7.150248 -2.875054 13.772914 -8.401657 -3.218298 0.347868 -34.212292 0.771632 -0.962992 -17.733805 2.621094 1e-06 -2e-06 -2e-06 -17.346535 -20.095417 -4.201803 21.757803 -1.638456 3.866443 2.3e-05 -6.338942 -5e-06 -1.697517 -22.592287 -6.194131 -1e-06 -2e-06 -2e-06 48.90649 -78.259018 147.350998 43.632278 -53.714817 0.370098 30.971985 -0.222529 0.076428 0.144102 0.328372 1.705973 22.18227 -20.376055 49.933716 -16.702181 -16.743731 28.476963 -4.9e-05 -12.690785 1.9e-05 16.159018 -17.621408 2.579984 -0.105912 -1.51388 -4.275925 -5.039083 -5.612946 -2.953599 4e-05 -11.02073 -2.8e-05 -6.111336 -15.895698 -3.840571 -0.0 -1e-06 2e-06 -10.28345 -5.680334 -4.341872 11.028466 -11.302594 -2.372708 -1.384221 -14.238846 -6.320252 -0.625306 -26.92487 -3.827731 -4.355383 -49.685886 -3.753165 -13.708633 -7.363535 -3.720967 18.141426 -14.052982 -3.242792 7.8e-05 -18.787615 -4.4e-05 -0.429692 -8.456234 2.555547 1e-06 -4e-06 -0.0 -15.92364 -20.094683 -5.473645 30.419594 -7.190992 1.735867 2.9e-05 -8.163064 -1.9e-05 -1.861817 -22.861998 -6.168111 1e-06 -3e-06 1e-06 159.19989 -7.953652 -10.023364 59.465248 0.288709 -0.314442 -68.437195 -1.661822 -0.26777 -11.534582 1.617502 2.123991 -1.000002 1e-06 1e-06 0.398678 5.617087 -2.88902 11.349448 0.047038 -0.099345 -78.638405 -0.093588 1.379348 -6.876132 0.717283 1.658239 -1.000005 -0.0 -0.0 
0.0 0.0 0.0 0.0 -0.0 0.0 31.27107 99.404839 431.891449 87.737206 2.571299 94.483879 2.103337 2.60244 0.825828 -9.809346 -0.048085 1.287441 14.581617 -0.400162 -0.911866 15.975703 -0.748798 2.666221 -2.541927 -0.607788 -0.206197 -34.580452 -1.607912 -0.234736 6e-06 -0.0 -1e-06 0.070288 -0.019339 -0.124534 0.092287 -0.040785 -0.112555 0.081472 -0.006397 -0.131181 -120.896591 -70.165314 138.48111 31.739916 -55.06834 12.691832 33.990585 0.121224 0.044295 -3.732187 2.489671 0.294114 17.636864 -26.32296 52.411552 -19.466961 -14.395745 29.410688 -5e-06 -8.774965 -1.1e-05 16.077436 -18.171741 5.973932 -0.60978 -1.795676 -3.889357 -4.807148 -11.046965 -2.937885 2.5e-05 -20.976398 -1.4e-05 -5.020044 -25.034134 -4.031972 7e-06 -0.0 -1e-06 -10.634647 -5.687032 -3.565611 10.573432 -17.92321 -3.113953 1.8e-05 -13.821449 -1.2e-05 -0.501736 -31.182241 -4.027122 -11.511909 -59.470081 7.099828 -13.982864 -7.150273 -2.875055 13.772918 -8.401617 -3.218286 0.347793 -34.212231 0.771627 -0.963015 -17.73377 2.621067 1e-06 -4e-06 -0.0 -17.346615 -20.095446 -4.201802 21.757847 -1.638411 3.866481 8e-06 -6.338933 -6e-06 -1.697583 -22.592257 -6.194158 1e-06 -4e-06 -1e-06 47.60997 -79.168564 148.571396 45.677593 -51.815678 -0.561611 32.200447 -0.106377 0.066868 0.346554 0.470641 1.567959 22.182346 -20.376127 49.933907 -16.702236 -16.743822 28.477074 -1.7e-05 -12.69088 1.9e-05 16.075912 -17.618887 2.575405 -0.105913 -1.513885 -4.27594 -5.039122 -5.612988 -2.953604 1.3e-05 -11.020803 -2.4e-05 -6.111427 -15.895838 -3.840581 1e-06 -1e-06 1e-06 -10.283504 -5.680379 -4.341882 11.028502 -11.302629 -2.372714 -1.384275 -14.238942 -6.320278 -0.625382 -26.925074 -3.827781 -4.38009 -49.572788 -3.680308 -13.708706 -7.363592 -3.720965 18.141499 -14.053021 -3.242798 3.2e-05 -18.787735 -4.9e-05 -0.429707 -8.456289 2.555548 3e-06 -0.0 -1e-06 -15.923759 -20.094812 -5.473633 30.419758 -7.190961 1.735894 8e-06 -8.163111 -2.6e-05 -1.861882 -22.862169 -6.168192 -1e-06 -4e-06 -1e-06 156.893143 -7.580127 -9.851755 50.266987 0.229997 -0.502535 -69.403465 -1.385417 -1.075522 -11.762313 1.681913 2.131462 -1.000002 -1e-06 0.0 3.713885 6.108768 -2.067572 9.921793 0.00826 0.004915 -80.656021 0.180979 1.592349 -6.767943 0.691751 1.663446 -1.000008 -0.0 0.0 
0.0 0.0 0.0 0.0 -0.0 0.0 31.748222 98.907883 435.860107 87.090607 2.35056 93.534851 2.022948 3.150866 0.743354 -9.810482 0.109394 1.621358 14.610543 -0.334017 -0.49673 16.016897 -1.298709 2.697535 -2.545201 -0.577031 -0.03907 -34.735405 -1.728711 -0.248598 5e-06 -0.0 -1e-06 0.068917 -0.004024 -0.086737 0.075043 -0.033438 -0.077186 0.059858 0.016047 -0.090643 -121.255966 -69.262062 139.031448 30.756592 -55.033134 12.922692 33.616352 0.049051 0.054649 -4.010803 2.84097 0.390385 17.636686 -26.322887 52.41151 -19.466753 -14.395704 29.410606 1.8e-05 -8.774902 1e-06 16.042933 -18.132505 6.008186 -0.609782 -1.795661 -3.889349 -4.807147 -11.046885 -2.937862 -4.1e-05 -20.976191 8e-06 -5.020076 -25.033854 -4.031947 5e-06 2e-06 1e-06 -10.634604 -5.687016 -3.565598 10.573319 -17.92304 -3.113919 -2.5e-05 -13.821321 2e-06 -0.501836 -31.181873 -4.027085 -11.509001 -59.485573 7.228988 -13.982805 -7.150254 -2.875045 13.772816 -8.401514 -3.218262 0.347656 -34.211868 0.771682 -0.963079 -17.733582 2.621047 -1e-06 -1e-06 0.0 -17.346567 -20.095346 -4.201778 21.757721 -1.638345 3.866455 -1.2e-05 -6.338874 4e-06 -1.697651 -22.592001 -6.194092 1e-06 -1e-06 -3e-06 46.137146 -79.992287 149.961502 47.625957 -50.051304 -1.791876 33.320312 0.053479 0.092517 0.540653 0.718324 1.735708 22.182262 -20.37604 49.933681 -16.701904 -16.743656 28.476761 2.9e-05 -12.690728 -4e-06 16.036957 -17.64513 2.5681 -0.105922 -1.513862 -4.275908 -5.0391 -5.612934 -2.953574 -2.5e-05 -11.020648 3e-06 -6.111419 -15.895587 -3.84053 2e-06 -2e-06 -0.0 -10.283448 -5.680348 -4.341859 11.028355 -11.302477 -2.372644 -1.384318 -14.238745 -6.320192 -0.625499 -26.924578 -3.827687 -4.406123 -49.507843 -3.676063 -13.708632 -7.363561 -3.720955 18.141264 -14.052823 -3.242692 -4e-05 -18.787493 -1e-05 -0.429735 -8.456167 2.555528 3e-06 -2e-06 -1e-06 -15.923697 -20.094673 -5.473599 30.419451 -7.190817 1.735965 -1.6e-05 -8.163014 -5e-06 -1.861962 -22.861828 -6.168066 2e-06 -5e-06 1e-06 155.610275 -7.298112 -9.236936 38.46106 0.108779 -0.60273 -68.791031 -2.254673 -1.063204 -11.763298 1.726647 2.117532 -1.000004 1e-06 0.0 7.036007 6.639116 -1.316559 8.06409 -0.050988 0.105507 -82.324158 0.592827 1.953638 -6.611942 0.693016 1.666061 -1.000003 0.0 0.0 
0.0 0.0 0.0 0.0 -0.0 0.0 32.332676 98.280945 439.828918 86.332932 2.074187 92.617432 1.904783 3.655146 0.719146 -9.843218 0.221034 1.737201 14.60375 -0.111899 -0.19405 16.034029 -1.70622 2.720558 -2.549428 -0.581592 0.107664 -34.774078 -1.718533 -0.074305 5e-06 -0.0 0.0 0.064998 0.01072 -0.054366 0.010258 -0.012135 -0.057476 0.006092 0.022518 -0.045296 -120.960373 -68.629303 138.935822 30.013245 -55.500607 13.076559 32.811485 -0.039464 0.056035 -4.426922 2.867841 1.23607 17.636728 -26.322876 52.411476 -19.466869 -14.395747 29.410641 8e-06 -8.77494 3e-06 15.999695 -18.029352 6.081699 -0.609778 -1.795669 -3.88935 -4.807147 -11.046922 -2.937868 -8e-06 -20.976278 -1.6e-05 -5.020056 -25.033962 -4.031966 8e-06 0.0 1e-06 -10.634624 -5.687024 -3.565594 10.573379 -17.923117 -3.113952 -5e-06 -13.821375 -1e-05 -0.501776 -31.182034 -4.027123 -11.631969 -59.561062 7.498539 -13.982834 -7.150265 -2.875038 13.772873 -8.401559 -3.218286 0.347732 -34.212032 0.771624 -0.963038 -17.73366 2.621036 0.0 -1e-06 1e-06 -17.346592 -20.095394 -4.201776 21.75779 -1.638369 3.866448 -3e-06 -6.338902 -5e-06 -1.697622 -22.592119 -6.194131 -0.0 3e-06 -3e-06 44.728653 -80.697433 151.103302 49.216042 -48.925423 -3.536939 34.45771 0.174883 0.149392 0.627365 1.080557 2.064465 22.182222 -20.375999 49.933613 -16.701965 -16.743649 28.476776 -2e-06 -12.690716 5e-06 15.977778 -17.615499 2.598614 -0.105919 -1.513866 -4.275907 -5.039075 -5.612918 -2.95358 4e-06 -11.020634 -9e-06 -6.111351 -15.895541 -3.840534 0.0 -1e-06 3e-06 -10.283432 -5.680332 -4.34186 11.028373 -11.302485 -2.372666 -1.384274 -14.238721 -6.320196 -0.625411 -26.924541 -3.827685 -4.458099 -49.487305 -3.658846 -13.708607 -7.363532 -3.720956 18.141287 -14.052842 -3.242722 1.1e-05 -18.787455 -1.9e-05 -0.429713 -8.456146 2.555531 -0.0 -0.0 -0.0 -15.923645 -20.094631 -5.473612 30.41943 -7.190863 1.735924 0.0 -8.162999 -9e-06 -1.861904 -22.861771 -6.16805 -5e-06 -2e-06 -2e-06 155.395905 -7.243955 -8.445146 25.162842 0.039439 -0.579204 -67.479637 -3.042324 -0.508401 -11.288551 1.71922 2.099205 -1.000004 1e-06 -0.0 10.529303 7.135354 -0.758664 5.842626 -0.087449 0.123886 -83.526543 1.227563 2.320529 -6.660439 0.698891 1.664432 -1.000006 0.0 -0.0 
0.0 0.0 0.0 0.0 -0.0 0.0 32.990665 97.60321 443.93573 85.619057 1.741273 91.86985 1.719931 3.99552 0.651673 -9.902677 0.307 1.763219 14.601257 0.161613 -0.125626 15.849367 -1.878683 2.740213 -2.563271 -0.650051 0.304959 -34.657291 -1.626686 0.266001 7e-06 0.0 0.0 0.066925 0.014098 -0.040145 -0.045783 -0.002939 -0.058467 -0.031103 0.01778 -0.016084 -120.12455 -68.275421 138.307404 29.243893 -56.286095 13.389572 31.981411 -0.0876 0.038672 -4.780702 2.46137 2.520289 17.63677 -26.32295 52.411491 -19.466871 -14.395715 29.410624 -7e-06 -8.77492 -5e-06 16.010246 -17.976795 6.15398 -0.609779 -1.795667 -3.889349 -4.807123 -11.04691 -2.937869 1.9e-05 -20.976282 6e-06 -5.020028 -25.033953 -4.031919 7e-06 -2e-06 0.0 -10.634603 -5.687005 -3.565605 10.573386 -17.923134 -3.113935 1.4e-05 -13.821381 7e-06 -0.50176 -31.182041 -4.027059 -11.770738 -59.658855 7.780909 -13.982805 -7.150239 -2.875055 13.772858 -8.40158 -3.21827 0.347767 -34.212025 0.771664 -0.963032 -17.733662 2.621073 1e-06 -2e-06 -0.0 -17.346529 -20.095358 -4.201798 21.757748 -1.638409 3.866454 8e-06 -6.338901 3e-06 -1.697587 -22.59211 -6.194098 -1e-06 -3e-06 -2e-06 43.351051 -81.184052 152.191818 50.554897 -48.368362 -5.789532 35.78616 0.211183 0.144719 0.717671 1.553215 2.447221 22.182261 -20.376093 49.933666 -16.702007 -16.743717 28.476822 -1e-05 -12.690757 1.3e-05 15.880585 -17.502451 2.659901 -0.105918 -1.513869 -4.275914 -5.039081 -5.612926 -2.953575 8e-06 -11.020671 1e-06 -6.111376 -15.895606 -3.840511 -1e-06 0.0 0.0 -10.283443 -5.680325 -4.341861 11.028412 -11.302523 -2.372668 -1.384274 -14.238774 -6.320198 -0.625429 -26.924696 -3.827657 -4.569045 -49.493259 -3.551012 -13.708627 -7.363527 -3.720953 18.141344 -14.052889 -3.242725 7e-06 -18.787531 5e-06 -0.429718 -8.456195 2.555546 1e-06 1e-06 -1e-06 -15.923654 -20.094633 -5.473604 30.419518 -7.190904 1.73591 6e-06 -8.163035 -2e-06 -1.861922 -22.861883 -6.168033 -2e-06 -3e-06 1e-06 155.479782 -7.451114 -7.455923 12.86922 0.029532 -0.410361 -66.871262 -2.6466 -1.006844 -10.90903 1.751435 2.061069 -1.0 0.0 0.0 12.97801 7.379685 -0.667123 5.906063 -0.082297 0.04019 -84.916283 2.070818 2.481536 -7.155829 0.664408 1.648591 -1.000005 -0.0 -0.0 
0.0 0.0 0.0 0.0 -0.0 0.0 33.689289 96.828613 448.19455 84.971748 1.287283 91.340828 1.46625 4.178153 0.444565 -10.056588 0.371388 1.8425 14.673948 0.521016 -0.183968 15.442474 -1.833333 2.74851 -2.476228 -0.736923 0.611482 -34.643658 -1.654437 0.66662 5e-06 -0.0 0.0 0.071822 0.029035 0.015046 -0.048438 -4e-06 -0.011086 -0.022281 0.043753 0.045827 -119.974609 -68.12114 138.229187 28.193151 -56.90617 14.348237 31.268169 -0.068807 0.050042 -5.046772 1.677287 3.373725 17.636713 -26.322809 52.41132 -19.466766 -14.395701 29.410522 1.2e-05 -8.774909 -4e-06 16.137651 -17.942053 5.987172 -0.609779 -1.795662 -3.88934 -4.807139 -11.046878 -2.937856 -2e-05 -20.976177 2e-06 -5.020051 -25.033825 -4.031942 7e-06 -2e-06 1e-06 -10.634602 -5.687008 -3.565585 10.573331 -17.923037 -3.113917 -1.4e-05 -13.821311 -4e-06 -0.501811 -31.18186 -4.027082 -11.698717 -59.68515 7.627027 -13.982804 -7.150246 -2.875032 13.772826 -8.401521 -3.218261 0.347695 -34.211849 0.77166 -0.963052 -17.733564 2.621042 1e-06 -1e-06 -1e-06 -17.346561 -20.095331 -4.201761 21.757734 -1.638358 3.866449 -6e-06 -6.338871 1e-06 -1.697639 -22.59199 -6.194088 -1e-06 -1e-06 -3e-06 42.107845 -81.168137 153.203339 51.468224 -48.001968 -7.735279 37.279598 0.102355 0.206609 1.155055 2.100747 2.557155 22.182177 -20.375864 49.933434 -16.701866 -16.743563 28.476614 2.1e-05 -12.690666 -8e-06 15.774111 -17.47814 2.710163 -0.105921 -1.513866 -4.275891 -5.039072 -5.61291 -2.953566 -1.4e-05 -11.020594 -1.3e-05 -6.111355 -15.89549 -3.840524 -1e-06 1e-06 -3e-06 -10.283413 -5.680334 -4.341846 11.028319 -11.302441 -2.372644 -1.384298 -14.238682 -6.320178 -0.625448 -26.92444 -3.827692 -4.706881 -49.539536 -3.476504 -13.708584 -7.363535 -3.720944 18.141201 -14.052774 -3.242689 -7e-06 -18.787392 -3.7e-05 -0.429716 -8.456113 2.555508 4e-06 -0.0 -2e-06 -15.923634 -20.094604 -5.47359 30.419331 -7.190808 1.735958 -7e-06 -8.162966 -1.5e-05 -1.861906 -22.861666 -6.168056 -2e-06 -3e-06 -1e-06 154.948303 -7.823687 -6.68576 4.565636 0.042745 -0.209839 -67.975151 -1.614359 -3.210012 -10.662194 1.861212 1.972468 -1.0 0.0 0.0 15.241388 7.441087 -1.151531 6.190293 -0.067095 -0.081485 -85.984695 3.422002 2.369614 -8.020956 0.584691 1.627923 -1.000005 -0.0 0.0 
0.0 0.0 0.0 0.0 -0.0 0.0 34.507504 96.095566 452.484711 84.614342 0.877548 90.945213 1.249444 4.102693 0.34609 -10.186713 0.369815 1.790031 14.878822 0.85711 -0.328826 14.859425 -1.843771 2.754537 -2.468879 -0.658544 0.689305 -34.777481 -1.60589 0.984754 6e-06 -0.0 -0.0 0.06709 0.012878 -0.035512 -0.007885 -0.01149 -0.050041 0.016104 0.022792 -0.015563 -120.674568 -68.099281 138.852386 27.041372 -57.208981 15.715093 30.603821 -0.021164 0.083044 -5.17578 0.880792 3.924332 17.636719 -26.322851 52.411346 -19.46681 -14.395689 29.410559 -1e-06 -8.774902 -2e-06 16.246763 -17.888323 5.859523 -0.609777 -1.795664 -3.889339 -4.80712 -11.046891 -2.937866 7e-06 -20.976231 -4e-06 -5.02002 -25.033888 -4.031931 6e-06 -3e-06 0.0 -10.634586 -5.687001 -3.565589 10.573352 -17.923084 -3.113929 7e-06 -13.821349 -5e-06 -0.501768 -31.181973 -4.027073 -11.646109 -59.722424 7.575958 -13.982784 -7.150236 -2.875036 13.772824 -8.401553 -3.218269 0.347744 -34.211933 0.771651 -0.963035 -17.73362 2.621052 1e-06 1e-06 -1e-06 -17.346516 -20.095329 -4.201775 21.757704 -1.638386 3.866445 3e-06 -6.338885 -2e-06 -1.697593 -22.592054 -6.194092 -1e-06 -2e-06 -1e-06 40.841946 -80.720657 154.442627 51.901546 -47.687099 -8.975029 38.989998 0.132569 0.26995 1.789623 2.484314 2.086838 22.182106 -20.375843 49.933456 -16.701969 -16.743608 28.476709 -4e-06 -12.690682 1.3e-05 15.652232 -17.474195 2.723708 -0.105913 -1.513863 -4.275898 -5.039066 -5.612911 -2.953573 1e-06 -11.0206 -2.8e-05 -6.111328 -15.895503 -3.840543 1e-06 0.0 -1e-06 -10.283406 -5.680326 -4.341843 11.02835 -11.302454 -2.372681 -1.384258 -14.238688 -6.320199 -0.625362 -26.924463 -3.827739 -4.53943 -49.419575 -3.588469 -13.708576 -7.36352 -3.72094 18.141249 -14.052796 -3.242746 2.2e-05 -18.787392 -5.8e-05 -0.429702 -8.456113 2.5555 -0.0 -1e-06 1e-06 -15.923601 -20.094585 -5.473603 30.419374 -7.190836 1.735894 5e-06 -8.162968 -2.3e-05 -1.861863 -22.861671 -6.168079 0.0 -2e-06 -3e-06 153.273544 -8.095361 -6.67905 3.386751 0.01005 -0.076114 -69.33812 -1.16308 -5.877637 -10.712242 1.865367 1.923417 -0.999999 1e-06 0.0 16.939789 7.051946 -2.024387 7.810676 -0.128826 -0.063599 -86.504654 5.209122 1.897267 -9.579661 0.620604 1.599211 -1.000004 0.0 -0.0 
0.0 0.0 0.0 0.0 -0.0 0.0 35.446747 95.548378 457.007507 85.219917 0.363812 90.651733 0.890098 3.370521 0.294178 -10.358592 0.278674 1.743676 15.011713 0.844568 -0.550879 14.292558 -1.667527 2.726933 -2.393425 -0.664589 0.833546 -34.764278 -1.479403 1.167662 5e-06 -0.0 -0.0 0.062889 0.006779 -0.066025 -0.010297 0.004755 -0.074897 0.010005 -0.004148 -0.051776 -121.46759 -68.100044 139.715912 26.262531 -57.087639 16.911818 29.957436 -0.038638 0.072373 -5.31783 0.284383 4.427327 17.636887 -26.323109 52.411747 -19.467026 -14.395827 29.410835 5e-06 -8.77501 -3e-06 16.401361 -18.025537 5.870374 -0.609782 -1.795681 -3.889369 -4.807181 -11.047023 -2.937883 -1.3e-05 -20.976522 5e-06 -5.020127 -25.034311 -4.031974 6e-06 3e-06 0.0 -10.634686 -5.687061 -3.565613 10.573459 -17.923286 -3.113959 -5e-06 -13.821536 -5e-06 -0.501799 -31.182491 -4.027145 -11.725775 -59.846985 7.636223 -13.982915 -7.150309 -2.875051 13.772969 -8.401637 -3.218298 0.347723 -34.212467 0.771663 -0.963053 -17.733908 2.621082 2e-06 -0.0 -2e-06 -17.346703 -20.095539 -4.201786 21.757946 -1.638391 3.866487 -2e-06 -6.338972 -3e-06 -1.697643 -22.59243 -6.194184 1e-06 -4e-06 -1e-06 39.934566 -80.020172 155.52243 51.834423 -47.901417 -9.34228 40.085915 0.344303 0.328736 2.609711 2.899013 1.181164 22.182344 -20.376064 49.933884 -16.702118 -16.74378 28.476974 7e-06 -12.690841 6e-06 15.719867 -17.512699 2.766577 -0.105918 -1.513879 -4.275933 -5.039124 -5.612969 -2.953596 -7e-06 -11.020728 -1.7e-05 -6.11143 -15.895717 -3.840577 -0.0 -1e-06 3e-06 -10.283503 -5.680377 -4.341878 11.028452 -11.302565 -2.37269 -1.384297 -14.238857 -6.320255 -0.625423 -26.924845 -3.827754 -4.551249 -49.491356 -3.569779 -13.708704 -7.363594 -3.720968 18.141432 -14.052933 -3.242765 6e-06 -18.787628 -4.4e-05 -0.429717 -8.456229 2.555541 1e-06 -1e-06 -2e-06 -15.923774 -20.094776 -5.473634 30.41968 -7.190896 1.735935 -1e-06 -8.163064 -1.7e-05 -1.861919 -22.86199 -6.168141 0.0 -3e-06 -2e-06 152.60141 -7.286475 -7.454282 5.918142 0.037348 0.064845 -68.935043 -0.020231 -6.657015 -11.14353 1.87964 1.965078 -1.000005 0.0 0.0 18.128729 5.449892 -3.289732 10.653392 -0.182592 0.060222 -85.826653 6.942731 1.358185 -12.475842 0.733746 1.574169 -1.000007 0.0 0.0 
0.0 0.0 0.0 0.0 -0.0 0.0 36.487122 95.396667 461.77298 87.406769 -0.631829 90.457695 0.067978 1.586935 0.145123 -10.645483 0.07025 1.899921 15.079052 0.260825 -0.725161 13.608866 -1.167722 2.701528 -2.40759 -0.646511 1.195983 -34.04752 -1.540082 1.255382 5e-06 -0.0 -1e-06 0.054499 0.006727 -0.084405 0.024128 0.008804 -0.079333 0.042035 -0.006964 -0.085679 -123.235085 -67.977791 141.398438 25.392689 -56.440178 17.997644 28.977348 -0.078824 0.043505 -5.293822 -0.20564 4.487487 17.63673 -26.322981 52.411579 -19.466824 -14.395691 29.410666 -9e-06 -8.774896 -2e-06 16.459372 -18.009619 5.933359 -0.609779 -1.795664 -3.889352 -4.807111 -11.046893 -2.937876 2e-05 -20.97625 7e-06 -5.019999 -25.033913 -4.031922 6e-06 5e-06 -1e-06 -10.634583 -5.686997 -3.565615 10.573359 -17.923107 -3.113927 1.4e-05 -13.82136 1e-05 -0.501753 -31.181993 -4.027044 -11.786922 -60.031113 7.743011 -13.982777 -7.150231 -2.875066 13.772819 -8.401567 -3.218266 0.347752 -34.211983 0.77169 -0.963048 -17.73365 2.621089 3e-06 -2e-06 -1e-06 -17.346491 -20.095329 -4.201813 21.75769 -1.638402 3.866454 6e-06 -6.338892 6e-06 -1.697574 -22.592081 -6.194094 -1e-06 -0.0 -1e-06 37.6646 -78.532654 158.166214 50.575344 -48.120216 -8.546168 40.125591 0.306699 0.321542 3.410993 3.40342 0.536906 22.182209 -20.376013 49.933556 -16.701939 -16.743639 28.476725 -1.4e-05 -12.6907 6e-06 15.705476 -17.44702 2.811539 -0.105921 -1.513863 -4.275901 -5.039063 -5.612901 -2.953572 1.7e-05 -11.020608 -3e-06 -6.111327 -15.895485 -3.840513 3e-06 -1e-06 -2e-06 -10.283418 -5.680311 -4.341856 11.028369 -11.30247 -2.372654 -1.384265 -14.238682 -6.320169 -0.625413 -26.924471 -3.827629 -4.476328 -49.600334 -3.448525 -13.708581 -7.363502 -3.720957 18.141268 -14.052824 -3.242704 2.4e-05 -18.787416 -1e-06 -0.429713 -8.456131 2.555536 -0.0 0.0 -1e-06 -15.923604 -20.094566 -5.473608 30.419395 -7.19088 1.735918 8e-06 -8.162986 0.0 -1.861891 -22.861712 -6.168003 2e-06 -4e-06 1e-06 152.101669 -4.723406 -8.314284 9.721254 0.082742 0.112437 -63.966095 0.779671 -4.263868 -11.407857 1.773562 2.068638 -1.000001 -0.0 0.0 17.421133 1.806476 -5.359291 16.017504 -0.165657 0.167795 -83.933952 9.125921 1.247804 -18.628674 0.907048 1.530827 -1.000003 0.0 -0.0 
0.0 0.0 0.0 0.0 -0.0 0.0 37.610424 95.59417 466.650818 89.988037 -1.428238 90.641693 -0.473182 -0.209843 0.018948 -10.925809 -0.254294 2.079623 14.924771 -0.770996 -1.026268 12.98989 -0.441929 2.580882 -2.405205 -0.697054 1.03276 -33.913063 -1.332086 1.291601 6e-06 0.0 -0.0 0.034315 0.015827 -0.100818 0.056827 0.019066 -0.095626 0.054566 0.002388 -0.103064 -124.201622 -68.547401 142.128662 25.306126 -56.231998 18.487141 27.370071 -0.062073 0.004847 -4.946111 -0.505237 3.521957 17.6369 -26.323009 52.411625 -19.466963 -14.395821 29.410748 2.2e-05 -8.775023 -8e-06 16.509542 -17.976583 5.864123 -0.609786 -1.795679 -3.889363 -4.807203 -11.047009 -2.937876 -4.3e-05 -20.976479 4e-06 -5.020175 -25.034267 -4.031998 7e-06 -1e-06 1e-06 -10.634699 -5.687065 -3.5656 10.573441 -17.923237 -3.113947 -2.3e-05 -13.821502 -9e-06 -0.501847 -31.1824 -4.027164 -11.824878 -59.953659 7.73481 -13.982934 -7.150318 -2.875041 13.772973 -8.401602 -3.218288 0.347674 -34.212372 0.771657 -0.963067 -17.733858 2.621058 2e-06 1e-06 -2e-06 -17.346745 -20.095524 -4.201764 21.757969 -1.638361 3.866497 -1e-05 -6.338955 -4e-06 -1.697688 -22.592375 -6.194183 1e-06 -6e-06 -4e-06 37.716518 -77.187225 158.403412 49.428303 -49.509514 -8.336817 38.754524 -0.013089 0.331722 3.732914 3.875055 0.991873 22.182301 -20.375916 49.933716 -16.70207 -16.743694 28.476854 1e-05 -12.690794 -4e-06 15.589364 -17.508957 2.89265 -0.10592 -1.513878 -4.275917 -5.039114 -5.61295 -2.953596 -2e-06 -11.020667 -3.7e-05 -6.111402 -15.895624 -3.840589 1e-06 0.0 -2e-06 -10.283483 -5.680367 -4.341868 11.028423 -11.302511 -2.372691 -1.384293 -14.238794 -6.320249 -0.625376 -26.924675 -3.827789 -4.459038 -49.785244 -3.408257 -13.708673 -7.363577 -3.72096 18.141371 -14.052869 -3.242751 1.7e-05 -18.787508 -7.1e-05 -0.429703 -8.456167 2.555517 5e-06 0.0 -2e-06 -15.923738 -20.094723 -5.473638 30.41959 -7.190872 1.735942 4e-06 -8.163014 -2.5e-05 -1.861876 -22.86183 -6.168156 -1e-06 -3e-06 -2e-06 151.948273 -1.589111 -8.591249 13.229738 0.025396 0.122195 -59.001839 0.435878 -1.827569 -9.790458 1.681154 2.127596 -1.000004 0.0 0.0 15.202569 -2.329686 -7.521462 24.327251 -0.353208 0.313515 -78.69062 10.304008 2.22066 -27.983973 1.165099 1.45576 -1.000005 -0.0 -0.0 
0.0 0.0 0.0 0.0 -0.0 0.0 38.649849 96.027985 471.43985 91.92543 -1.307506 91.460037 -0.262225 -1.314066 -0.063803 -10.860603 -0.572051 1.959553 14.510034 -1.853749 -1.199235 12.837063 -0.011972 2.460987 -2.368394 -0.802718 0.680283 -34.285446 -1.189422 0.977102 7e-06 0.0 -0.0 0.035929 0.029715 -0.075331 0.089504 0.052623 -0.060876 0.085648 -0.00555 -0.088993 -122.761276 -70.180695 140.508911 27.247934 -57.077473 17.292307 25.5366 -0.128189 -0.070805 -4.996682 -0.550667 3.016666 17.636658 -26.322874 52.411472 -19.466808 -14.395669 29.410601 -6e-06 -8.774879 3e-06 16.752239 -18.019001 5.609109 -0.609777 -1.795663 -3.889347 -4.807106 -11.046877 -2.937872 1.9e-05 -20.9762 -1e-05 -5.019983 -25.03385 -4.031927 7e-06 2e-06 0.0 -10.634569 -5.686996 -3.565606 10.573338 -17.923067 -3.113932 1.2e-05 -13.821329 -3e-06 -0.501743 -31.181904 -4.027067 -11.701067 -59.800076 7.363204 -13.98276 -7.150228 -2.875055 13.772799 -8.401546 -3.218274 0.347755 -34.211876 0.77165 -0.963036 -17.733587 2.621055 2e-06 -2e-06 -1e-06 -17.346474 -20.095312 -4.201802 21.757656 -1.638388 3.866436 5e-06 -6.338875 -2e-06 -1.697571 -22.592016 -6.194086 -3e-06 -4e-06 -2e-06 41.99778 -77.331108 154.394699 49.627235 -52.647522 -9.725663 35.919212 -0.241155 0.289377 3.070857 3.663046 1.349428 22.182194 -20.37608 49.933601 -16.701939 -16.743645 28.476751 -1.2e-05 -12.690694 1.4e-05 15.746716 -17.463448 2.778701 -0.105917 -1.513862 -4.275902 -5.039064 -5.612906 -2.953574 9e-06 -11.020634 3e-06 -6.111336 -15.895537 -3.840499 1e-06 -0.0 -0.0 -10.283408 -5.68031 -4.341857 11.02836 -11.302488 -2.372653 -1.384262 -14.23872 -6.320173 -0.625424 -26.924566 -3.827638 -4.297539 -49.869316 -3.57846 -13.708583 -7.363509 -3.720954 18.141262 -14.052845 -3.24271 8e-06 -18.78747 6e-06 -0.429717 -8.456164 2.555543 1e-06 -1e-06 -0.0 -15.923601 -20.094582 -5.473604 30.419388 -7.190873 1.735914 0.0 -8.163011 2e-06 -1.86192 -22.861799 -6.168003 -2e-06 -2e-06 -5e-06 152.994385 1.053618 -8.458492 17.195036 0.027969 0.170285 -60.316944 -0.385761 -0.321928 -7.610621 1.616364 2.097826 -1.000002 -0.0 -0.0 11.7349 -5.818086 -8.646936 35.359573 -0.364054 0.401984 -68.975533 9.791664 3.926573 -36.275185 1.293122 1.402382 -1.000007 -0.0 -0.0 
0.0 0.0 0.0 0.0 -0.0 0.0 39.609776 96.693893 476.03949 93.241394 -0.603764 92.071312 0.290808 -1.951934 -0.167687 -10.604449 -0.813288 1.813931 14.290228 -2.393799 -1.289501 12.739686 -0.382013 2.30435 -2.342415 -0.871215 0.430325 -34.521454 -1.105276 0.730367 5e-06 0.0 -0.0 0.040612 0.03538 -0.048766 0.115904 0.059881 -0.037852 0.118339 -0.003767 -0.059153 -121.892227 -71.396889 139.448196 29.53561 -57.405205 15.677914 25.038647 -0.051883 -0.013757 -5.365759 -0.744847 3.181394 17.636826 -26.322935 52.411629 -19.466902 -14.395754 29.410727 2.5e-05 -8.77498 -9e-06 16.918228 -18.019316 5.443851 -0.609787 -1.795675 -3.889359 -4.807188 -11.046974 -2.937882 -4.4e-05 -20.976387 -1.5e-05 -5.02012 -25.034147 -4.032027 8e-06 -3e-06 -0.0 -10.634667 -5.687058 -3.56561 10.573388 -17.923174 -3.113946 -2.5e-05 -13.821448 -2e-05 -0.501814 -31.182262 -4.027192 -11.615211 -59.696354 6.976995 -13.98289 -7.150308 -2.875052 13.772907 -8.40157 -3.218281 0.347674 -34.212204 0.771626 -0.963062 -17.733765 2.621036 2e-06 -1e-06 -1e-06 -17.346685 -20.095486 -4.201787 21.757877 -1.638346 3.866497 -1.4e-05 -6.338928 -8e-06 -1.697672 -22.592258 -6.194191 -1e-06 -3e-06 -1e-06 46.307858 -78.071915 150.222473 49.723808 -55.513779 -9.754099 32.687443 -0.323808 0.218765 1.606945 2.202313 2.138385 22.182316 -20.37598 49.933746 -16.702026 -16.74371 28.476864 3.2e-05 -12.690806 -2e-06 16.074371 -17.504597 2.654214 -0.105924 -1.513874 -4.275917 -5.039125 -5.612964 -2.95359 -2.6e-05 -11.020708 -1.9e-05 -6.111454 -15.895703 -3.840578 -1e-06 0.0 -2e-06 -10.283489 -5.680377 -4.341865 11.028409 -11.302521 -2.372677 -1.384326 -14.238831 -6.320246 -0.625469 -26.92477 -3.827773 -4.14152 -49.914967 -3.878449 -13.708682 -7.363594 -3.720959 18.141356 -14.05288 -3.24273 -2.7e-05 -18.787588 -5e-05 -0.429729 -8.456214 2.555529 3e-06 -1e-06 2e-06 -15.923765 -20.094761 -5.473611 30.419598 -7.19084 1.735971 -1.8e-05 -8.16305 -1.8e-05 -1.861949 -22.861967 -6.168166 -0.0 -5e-06 2e-06 155.646637 3.026559 -8.553039 19.825827 0.052855 0.15778 -65.015762 -0.497125 0.753339 -6.945263 1.638667 2.086277 -1.000002 0.0 0.0 6.761049 -8.685024 -8.313556 48.130161 -0.427159 0.444923 -57.27055 8.621507 3.554727 -30.982899 1.018535 1.366059 -1.000012 0.0 0.0 
0.0 0.0 0.0 0.0 -0.0 0.0 40.529381 97.331902 480.444244 94.203873 0.077644 92.151779 0.80542 -2.438606 -0.245266 -10.450204 -0.926193 1.713808 14.267073 -2.603589 -1.41867 12.708195 -1.260596 2.383362 -2.366401 -0.740724 0.378447 -34.665108 -1.094538 0.685888 5e-06 0.0 -0.0 0.062399 0.059283 0.022837 0.096524 0.083331 0.026637 0.117983 0.018455 0.022744 -122.61837 -71.741585 140.107788 31.33115 -56.609558 14.14494 25.857216 0.118474 0.006597 -5.441555 -0.370561 2.558168 17.636719 -26.32287 52.411343 -19.466824 -14.395698 29.41057 -4e-06 -8.774904 2e-06 16.876364 -18.031078 5.53492 -0.609777 -1.795664 -3.889341 -4.80712 -11.0469 -2.937862 6e-06 -20.97625 5e-06 -5.020028 -25.033916 -4.031916 5e-06 -1e-06 0.0 -10.634586 -5.687004 -3.56559 10.573354 -17.9231 -3.113927 5e-06 -13.821362 0.0 -0.501775 -31.181999 -4.02706 -11.476172 -59.744198 6.89835 -13.982785 -7.150238 -2.87504 13.772826 -8.401558 -3.218267 0.347741 -34.211956 0.771659 -0.963042 -17.733631 2.621058 -2e-06 0.0 2e-06 -17.346518 -20.095341 -4.201774 21.757713 -1.638388 3.866439 3e-06 -6.338894 1e-06 -1.697595 -22.592087 -6.194085 -2e-06 -2e-06 -0.0 47.871006 -78.451294 148.95047 49.223351 -56.751537 -6.988364 29.852858 -0.392181 0.148309 0.171296 -0.23344 4.194665 22.182203 -20.375933 49.933434 -16.7019 -16.743589 28.476637 -6e-06 -12.690675 -3e-06 16.276787 -17.420271 2.5465 -0.105919 -1.513863 -4.275894 -5.039068 -5.612901 -2.953568 8e-06 -11.020597 -4e-06 -6.111335 -15.895479 -3.840513 -1e-06 1e-06 0.0 -10.283406 -5.68031 -4.34185 11.028345 -11.302459 -2.372648 -1.384269 -14.238672 -6.320165 -0.625414 -26.924448 -3.827641 -4.163119 -49.752357 -3.908061 -13.708578 -7.363508 -3.720945 18.141239 -14.052807 -3.242692 1.8e-05 -18.787397 -1.4e-05 -0.429706 -8.456122 2.555525 1e-06 -2e-06 -5e-06 -15.923603 -20.094566 -5.473598 30.419344 -7.19086 1.735931 6e-06 -8.162976 -7e-06 -1.861885 -22.861675 -6.168011 -3e-06 -1e-06 1e-06 159.211792 4.555556 -8.784095 20.368036 0.04809 0.002204 -68.770264 -0.404035 1.288577 -7.083692 1.650106 2.097027 -1.000004 1e-06 0.0 1.2679 -10.519084 -6.648661 59.049076 -0.41989 0.355591 -50.527092 7.297539 2.11357 -13.174347 0.761304 1.331249 -1.000005 -0.0 0.0 
0.0 0.0 0.0 0.0 -0.0 0.0 41.370819 98.126114 484.679169 94.688515 0.634165 92.171288 1.108641 -2.784647 -0.282183 -10.38932 -1.006442 1.44372 14.382158 -2.486575 -1.572322 12.927991 -2.007814 2.547511 -2.374274 -0.710099 0.389772 -35.001427 -1.154751 0.969842 7e-06 0.0 -0.0 0.06968 0.066543 0.032643 0.041316 0.098719 0.028018 0.063939 0.017907 0.042612 -123.91803 -71.508163 141.162292 32.64753 -55.303169 12.50388 27.193207 0.169268 -0.010718 -5.038992 1.136753 1.732726 17.63693 -26.323101 52.411774 -19.467051 -14.395807 29.410833 -5e-06 -8.775007 -1e-05 16.720711 -18.161612 5.700093 -0.609783 -1.795681 -3.88937 -4.807169 -11.047013 -2.937895 2e-05 -20.976496 -1.2e-05 -5.020079 -25.034262 -4.031992 6e-06 2e-06 0.0 -10.634686 -5.687053 -3.565624 10.573481 -17.923294 -3.113971 1.8e-05 -13.82152 -1e-05 -0.50174 -31.182444 -4.027152 -11.564749 -59.748665 7.037213 -13.982913 -7.1503 -2.875067 13.772975 -8.401651 -3.218297 0.347784 -34.212402 0.771638 -0.963026 -17.73386 2.621083 -0.0 1e-06 -0.0 -17.346682 -20.095524 -4.201817 21.757938 -1.638418 3.866498 7e-06 -6.33896 -5e-06 -1.697595 -22.592375 -6.194192 -0.0 -5e-06 -4e-06 47.660347 -78.484138 149.45755 47.971996 -56.98954 -2.190001 27.843216 -0.542784 0.050381 -1.152706 -3.030232 7.780192 22.182428 -20.376211 49.93388 -16.702175 -16.743803 28.477003 -3e-05 -12.690855 4e-06 16.290239 -17.408941 2.416095 -0.105917 -1.513879 -4.275932 -5.039114 -5.612967 -2.953596 2.5e-05 -11.020779 -1e-06 -6.111409 -15.89577 -3.840549 1e-06 0.0 0.0 -10.283504 -5.680358 -4.341881 11.028499 -11.302625 -2.372682 -1.384269 -14.238898 -6.320242 -0.625405 -26.924984 -3.827689 -4.253426 -49.754875 -3.92747 -13.708702 -7.363565 -3.720976 18.141485 -14.053022 -3.242752 4.1e-05 -18.787706 -1e-06 -0.429705 -8.456281 2.555571 -1e-06 3e-06 3e-06 -15.923741 -20.094763 -5.473634 30.419716 -7.190998 1.735922 1.9e-05 -8.163108 -8e-06 -1.861882 -22.862122 -6.1681 2e-06 -4e-06 -1e-06 163.583694 5.774651 -8.356002 18.72121 -0.003978 -0.041796 -70.996399 -0.77457 1.28856 -6.961825 1.647526 2.077964 -1.000005 0.0 0.0 -3.929984 -11.122059 -5.397143 66.673317 -0.239975 0.230771 -55.808659 5.585689 1.664958 -10.614669 0.740086 1.468156 -1.000007 0.0 0.0 
0.0 0.0 0.0 0.0 -0.0 0.0 42.108955 98.908821 488.690857 94.594955 1.161034 92.376251 1.360291 -2.891312 -0.369388 -10.310925 -0.997399 1.093943 14.468607 -2.075887 -1.785341 13.340916 -2.563305 2.713984 -2.389508 -0.73888 0.402941 -35.154587 -1.273141 1.31423 7e-06 -0.0 -0.0 0.063141 0.053111 -0.010767 0.005956 0.08883 -0.018964 0.015288 0.002689 0.002281 -124.121666 -71.529282 141.094879 34.184383 -54.49651 9.622054 28.820698 0.072844 -0.021339 -4.566214 2.928635 1.195136 17.636906 -26.323042 52.411732 -19.467127 -14.395829 29.410877 -7e-06 -8.775031 -6e-06 16.535761 -18.262968 5.850462 -0.60978 -1.795687 -3.889373 -4.807175 -11.047039 -2.937904 3.2e-05 -20.976562 -3.4e-05 -5.020068 -25.034363 -4.03202 9e-06 -1e-06 -3e-06 -10.634689 -5.687065 -3.565619 10.573503 -17.923332 -3.113994 2.5e-05 -13.82156 -2.4e-05 -0.501698 -31.18256 -4.0272 -11.519609 -59.807835 7.148625 -13.982921 -7.150314 -2.875058 13.772999 -8.401669 -3.218317 0.347816 -34.212521 0.771586 -0.963005 -17.733929 2.621063 0.0 1e-06 -1e-06 -17.346697 -20.09556 -4.201807 21.757978 -1.638416 3.866491 8e-06 -6.33898 -1.6e-05 -1.697581 -22.592487 -6.19424 -1e-06 0.0 -1e-06 48.456367 -78.608536 148.92717 46.519272 -57.290897 1.98012 26.912151 -0.600417 -0.031489 -2.557946 -5.495031 11.636617 22.182379 -20.376091 49.933735 -16.702093 -16.743752 28.476887 -8e-06 -12.690824 -1e-06 16.222692 -17.413094 2.390375 -0.105919 -1.513875 -4.27592 -5.039112 -5.612954 -2.953587 1.1e-05 -11.020728 -6e-06 -6.111411 -15.895698 -3.840548 -1e-06 -1e-06 0.0 -10.28349 -5.680357 -4.341871 11.028459 -11.302569 -2.372677 -1.384287 -14.238843 -6.320228 -0.625417 -26.924841 -3.827699 -4.255559 -49.815414 -3.943218 -13.708684 -7.363564 -3.720959 18.141422 -14.052947 -3.242737 2e-05 -18.787622 -1.6e-05 -0.429708 -8.456235 2.555551 1e-06 2e-06 1e-06 -15.923739 -20.094727 -5.473608 30.419651 -7.190937 1.735944 8e-06 -8.163064 -1e-05 -1.861904 -22.861988 -6.168098 0.0 -2e-06 -4e-06 168.190811 6.389007 -7.402581 16.1654 -0.013068 0.032789 -72.301552 -1.232205 1.111923 -6.804813 1.646616 2.076535 -1.000003 -0.0 -0.0 -8.947824 -10.527829 -4.847915 69.828232 -0.080817 0.172316 -61.538265 4.660923 1.421795 -10.36552 0.751271 1.57794 -1.000005 0.0 0.0 
0.0 0.0 0.0 0.0 -0.0 0.0 42.730385 99.521141 492.565674 94.306671 1.688688 92.864456 1.679915 -3.009374 -0.475307 -10.177405 -0.96169 0.704013 14.436317 -1.510209 -2.141798 13.84581 -2.815157 2.799954 -2.383173 -0.723332 0.518953 -35.107704 -1.424493 1.565004 8e-06 0.0 -0.0 0.055433 0.043402 -0.034517 -0.0094 0.079195 -0.043413 -0.003539 -0.005609 -0.022267 -122.937698 -72.111717 139.626251 35.875072 -54.268406 6.57792 30.798546 -0.044574 -0.032922 -4.239878 4.064929 0.736904 17.63682 -26.322966 52.411579 -19.467033 -14.395775 29.410784 -8e-06 -8.774983 -2e-06 16.246117 -18.255707 6.006437 -0.60978 -1.795679 -3.889363 -4.807152 -11.046993 -2.937892 2.9e-05 -20.976475 -2.6e-05 -5.020043 -25.034243 -4.031987 6e-06 -2e-06 0.0 -10.634645 -5.687041 -3.565608 10.573446 -17.92325 -3.113977 1.8e-05 -13.821491 -1.9e-05 -0.501713 -31.182375 -4.02716 -11.565795 -59.783634 7.27685 -13.982862 -7.150284 -2.875054 13.772931 -8.401636 -3.218302 0.347799 -34.212353 0.771602 -0.963011 -17.733849 2.621062 -1e-06 1e-06 -2e-06 -17.346621 -20.095478 -4.201798 21.757868 -1.638407 3.866467 9e-06 -6.338954 -1.1e-05 -1.69757 -22.592367 -6.194198 0.0 -3e-06 -1e-06 50.801319 -78.658318 146.725296 44.765755 -57.918514 4.332051 26.994688 -0.577018 -0.056455 -3.566272 -6.766692 13.861073 22.182369 -20.376137 49.933777 -16.702143 -16.743782 28.476959 -2.7e-05 -12.690838 8e-06 16.157419 -17.418451 2.439805 -0.105915 -1.513875 -4.275924 -5.039106 -5.612954 -2.953594 2.5e-05 -11.020748 -8e-06 -6.111392 -15.89573 -3.840558 -3e-06 -1e-06 6e-06 -10.283484 -5.680347 -4.341878 11.028482 -11.302597 -2.372684 -1.384264 -14.238866 -6.320239 -0.625381 -26.924923 -3.827699 -4.184232 -49.758862 -4.00498 -13.708677 -7.363552 -3.720968 18.141457 -14.052979 -3.242757 4.2e-05 -18.787647 -1e-05 -0.429709 -8.456252 2.555568 -3e-06 -1e-06 1e-06 -15.923714 -20.094719 -5.473624 30.419676 -7.190969 1.735915 1.5e-05 -8.163086 -8e-06 -1.861885 -22.862057 -6.168101 1e-06 -4e-06 -2e-06 172.924042 6.673949 -6.310418 13.140721 0.003453 0.144753 -73.207329 -1.474602 0.978551 -6.660604 1.6131 2.077032 -1.000004 -0.0 0.0 -13.320116 -9.571806 -5.157658 68.871559 0.035028 0.118272 -65.736183 4.758436 0.779097 -10.417233 0.765571 1.620602 -1.000006 0.0 0.0 
0.0 0.0 0.0 0.0 -0.0 0.0 43.237144 99.874367 496.483856 94.043175 2.098965 93.602898 1.997095 -3.192914 -0.562721 -10.039131 -0.958809 0.315642 14.39671 -0.929021 -2.599185 14.307913 -2.772185 2.797194 -2.376561 -0.663928 0.646694 -35.004745 -1.526275 1.674658 4e-06 -0.0 -0.0 0.050258 0.043437 -0.033182 -0.009308 0.07746 -0.042774 -0.001456 -0.002407 -0.021186 -121.519753 -72.9403 137.892914 37.50185 -53.948517 4.290244 32.929996 -0.168812 -0.041601 -4.050423 4.420166 0.261738 17.636745 -26.322969 52.411621 -19.46686 -14.395754 29.410706 1.9e-05 -8.774953 -0.0 15.952228 -18.177219 6.114946 -0.609783 -1.795669 -3.889356 -4.807168 -11.046949 -2.937874 -4.7e-05 -20.976347 6e-06 -5.020125 -25.0341 -4.031978 5e-06 0.0 2e-06 -10.634636 -5.687037 -3.565603 10.57337 -17.923143 -3.113935 -2.9e-05 -13.82142 -4e-06 -0.501835 -31.182184 -4.027146 -11.69773 -59.687862 7.434815 -13.982849 -7.150279 -2.875048 13.772876 -8.401559 -3.218281 0.347656 -34.212143 0.771671 -0.963077 -17.73373 2.621051 -0.0 -3e-06 -1e-06 -17.346621 -20.095421 -4.20178 21.757814 -1.638349 3.866471 -1.2e-05 -6.338915 0.0 -1.697669 -22.592211 -6.19415 -2e-06 -2e-06 -2e-06 53.099049 -78.226807 144.442322 42.272934 -58.482773 5.531361 28.005833 -0.541348 -0.053459 -3.775084 -6.552664 13.57031 22.182249 -20.375961 49.933563 -16.701962 -16.743633 28.476742 2.2e-05 -12.690733 -1e-06 16.133167 -17.413385 2.485483 -0.105922 -1.51387 -4.275907 -5.039093 -5.61294 -2.953576 -1.7e-05 -11.020669 -1.1e-05 -6.111404 -15.895628 -3.840538 -1e-06 -0.0 2e-06 -10.283444 -5.68035 -4.341856 11.028369 -11.302502 -2.372661 -1.384305 -14.238778 -6.320202 -0.625458 -26.924665 -3.827718 -4.104241 -49.614075 -4.072898 -13.708623 -7.363556 -3.720949 18.141275 -14.052853 -3.242712 -1.3e-05 -18.787518 -3.4e-05 -0.429721 -8.45618 2.555521 1e-06 -3e-06 -0.0 -15.923679 -20.094679 -5.473599 30.419451 -7.190842 1.735956 -4e-06 -8.163023 -2.1e-05 -1.861912 -22.861868 -6.168108 -1e-06 -4e-06 -1e-06 177.459213 6.784084 -5.251252 10.338422 0.020487 0.215213 -74.247993 -1.324147 1.030132 -6.5316 1.545111 2.078376 -1.000001 -0.0 0.0 -16.956558 -8.75506 -6.172906 64.516533 0.148509 -0.034199 -68.663414 4.491783 -0.079923 -10.654057 0.771549 1.624208 -1.000008 0.0 0.0 
0.0 0.0 0.0 0.0 -0.0 0.0 43.659954 99.952423 500.520569 93.971802 2.301903 94.48481 2.238688 -3.479754 -0.611002 -9.930055 -1.013574 -0.0709 14.410516 -0.436232 -3.031249 14.689531 -2.502717 2.710924 -2.402529 -0.609317 0.744497 -35.023533 -1.556917 1.607879 5e-06 -0.0 0.0 0.043678 0.041607 -0.041038 0.002559 0.064698 -0.049964 0.016335 0.008088 -0.028511 -120.352432 -73.89563 136.410217 39.17524 -53.316082 2.654986 34.938091 -0.287389 -0.06216 -3.929778 4.494595 -0.258566 17.636797 -26.322916 52.411583 -19.466976 -14.395816 29.410748 1.7e-05 -8.774998 2e-06 15.751825 -18.105562 6.159283 -0.609782 -1.795679 -3.88936 -4.807185 -11.046984 -2.93788 -2.3e-05 -20.976398 -2.9e-05 -5.020115 -25.03414 -4.032018 6e-06 1e-06 -0.0 -10.634676 -5.687059 -3.565597 10.57343 -17.923197 -3.113976 -1.5e-05 -13.821449 -2.7e-05 -0.501787 -31.182253 -4.027196 -11.790619 -59.554714 7.541711 -13.982907 -7.150309 -2.875036 13.772949 -8.401589 -3.218307 0.347717 -34.212242 0.771596 -0.963042 -17.73377 2.621026 1e-06 -2e-06 -3e-06 -17.346703 -20.095501 -4.20177 21.757927 -1.63836 3.866467 -9e-06 -6.338933 -1.1e-05 -1.69765 -22.592272 -6.194198 -1e-06 -4e-06 -1e-06 54.546665 -77.329956 142.954346 39.204155 -58.850079 6.278975 29.590956 -0.513692 -0.051005 -3.103208 -5.236961 10.923053 22.182398 -20.376045 49.933693 -16.702091 -16.743748 28.476856 9e-06 -12.690838 -1.2e-05 16.185211 -17.4856 2.494166 -0.105918 -1.513877 -4.275915 -5.039122 -5.612966 -2.953584 -5e-06 -11.02074 -5e-06 -6.111447 -15.895729 -3.840547 -1e-06 1e-06 1e-06 -10.283503 -5.680369 -4.341864 11.028457 -11.30257 -2.372671 -1.384308 -14.238859 -6.320222 -0.625454 -26.924856 -3.827711 -4.10618 -49.538376 -4.115036 -13.708703 -7.363582 -3.720951 18.141422 -14.052943 -3.242732 7e-06 -18.78763 -3.1e-05 -0.429707 -8.456227 2.555539 -1e-06 -1e-06 -0.0 -15.923774 -20.094765 -5.473604 30.419672 -7.190917 1.735962 5e-06 -8.163071 -2.1e-05 -1.861915 -22.862013 -6.168136 -3e-06 -2e-06 -1e-06 -178.499451 6.886341 -4.311882 8.087858 0.022567 0.224338 -75.502083 -0.932643 1.236986 -6.321326 1.479364 2.088104 -1.000002 0.0 -0.0 -19.922642 -8.277139 -7.579044 57.329315 0.175763 -0.199093 -70.547829 3.437514 -0.910695 -10.868093 0.772995 1.621596 -1.000003 -0.0 0.0 
0.0 0.0 0.0 0.0 -0.0 0.0 44.031845 99.75499 504.503235 94.231033 2.340424 95.319283 2.403374 -3.922838 -0.652169 -9.847268 -1.112491 -0.465322 14.469443 -0.159628 -3.312298 15.046262 -2.034912 2.54503 -2.446819 -0.620469 0.824836 -35.211426 -1.516716 1.448527 7e-06 -0.0 0.0 0.045357 0.036663 -0.048593 0.021896 0.040103 -0.058069 0.043221 0.023867 -0.033717 -119.150002 -74.841354 134.960312 40.999336 -52.509445 1.168191 36.587421 -0.39047 -0.091024 -3.85999 4.647065 -0.568235 17.636848 -26.322927 52.411629 -19.4669 -14.395753 29.4107 2.2e-05 -8.774969 -1.6e-05 15.622528 -18.058075 6.164765 -0.609787 -1.795678 -3.88936 -4.807184 -11.046968 -2.937885 -2.9e-05 -20.976358 -2.5e-05 -5.020098 -25.03409 -4.032013 5e-06 -1e-06 3e-06 -10.634677 -5.687059 -3.565606 10.573395 -17.923162 -3.113946 -1.9e-05 -13.821425 -1.9e-05 -0.501801 -31.182171 -4.027175 -11.843683 -59.399349 7.614841 -13.982901 -7.150309 -2.875049 13.772916 -8.401571 -3.218279 0.347697 -34.212166 0.771623 -0.963044 -17.733727 2.621038 -0.0 -2e-06 -3e-06 -17.346699 -20.095493 -4.201787 21.757883 -1.638356 3.866498 -9e-06 -6.338921 -1e-05 -1.69765 -22.592213 -6.194175 -1e-06 -7e-06 -2e-06 55.363617 -76.334351 142.107941 36.458237 -59.115044 6.75647 31.112024 -0.51615 -0.08672 -2.098526 -3.63635 7.844574 22.182451 -20.376051 49.933872 -16.702143 -16.743778 28.476967 2.9e-05 -12.69089 -1.6e-05 16.243881 -17.602709 2.465211 -0.105923 -1.513885 -4.275931 -5.03915 -5.612999 -2.953599 -2.3e-05 -11.020788 -1.7e-05 -6.111499 -15.895829 -3.840596 -1e-06 1e-06 -2e-06 -10.283537 -5.680407 -4.341882 11.028477 -11.302599 -2.372685 -1.384333 -14.238942 -6.320277 -0.625468 -26.925026 -3.827801 -4.152258 -49.525558 -4.142956 -13.708751 -7.36363 -3.720971 18.141466 -14.052976 -3.242747 -9e-06 -18.787731 -6.2e-05 -0.42972 -8.45628 2.555536 -0.0 -0.0 2e-06 -15.923848 -20.094868 -5.473622 30.419767 -7.1909 1.735981 -3e-06 -8.163106 -3.3e-05 -1.861929 -22.86215 -6.168228 1e-06 -4e-06 -3e-06 -175.176468 7.177023 -3.482916 6.722175 0.026804 0.20176 -77.047691 -0.669424 1.462136 -6.048551 1.44859 2.105219 -1.000004 -0.0 0.0 -21.976107 -8.205153 -8.905034 47.918877 0.09801 -0.205016 -71.114479 1.879046 -1.619027 -11.051678 0.791854 1.627796 -1.000005 0.0 -0.0 
0.0 0.0 0.0 0.0 -0.0 0.0 44.33754 99.338852 508.322235 94.782433 2.284427 95.975914 2.513509 -4.463878 -0.708728 -9.790613 -1.216195 -0.815951 14.517149 -0.161524 -3.409221 15.436198 -1.496385 2.327809 -2.463517 -0.643546 0.852665 -35.475716 -1.424781 1.302625 7e-06 1e-06 -0.0 0.061688 0.026601 -0.045453 0.034127 0.014845 -0.059448 0.059364 0.029696 -0.025313 -117.721291 -75.670563 133.360703 42.81469 -51.73914 -0.36687 37.822765 -0.412436 -0.103583 -3.785612 4.873028 -0.653747 17.636728 -26.322884 52.411457 -19.466829 -14.395727 29.410624 1.8e-05 -8.774941 -3e-06 15.553789 -18.026226 6.121535 -0.609778 -1.795666 -3.889348 -4.807157 -11.046926 -2.937866 -3.9e-05 -20.976303 3e-06 -5.020109 -25.034035 -4.03196 6e-06 2e-06 -3e-06 -10.634619 -5.687027 -3.565592 10.573352 -17.923109 -3.113925 -2.3e-05 -13.821392 -9e-06 -0.501836 -31.182112 -4.027127 -11.778511 -59.300087 7.56645 -13.982822 -7.150268 -2.875039 13.772856 -8.401548 -3.218272 0.347672 -34.212074 0.771655 -0.96307 -17.733704 2.62104 0.0 0.0 2e-06 -17.346588 -20.095392 -4.201769 21.75778 -1.638351 3.866461 -8e-06 -6.338907 -3e-06 -1.69766 -22.592169 -6.194125 0.0 -2e-06 2e-06 56.215263 -75.532166 141.164825 34.522614 -59.508514 7.257897 32.02887 -0.505117 -0.143681 -1.415951 -2.482366 5.92688 22.182241 -20.375984 49.933571 -16.701881 -16.743643 28.476709 2.1e-05 -12.690721 -4e-06 16.292822 -17.681913 2.42254 -0.105924 -1.513862 -4.2759 -5.03909 -5.612912 -2.953572 -1.6e-05 -11.02061 -3e-06 -6.111395 -15.895524 -3.840531 -1e-06 -1e-06 1e-06 -10.283435 -5.680327 -4.341857 11.028353 -11.302448 -2.372642 -1.384309 -14.238692 -6.320182 -0.62547 -26.924477 -3.82768 -4.222964 -49.592125 -4.08048 -13.708611 -7.363528 -3.720951 18.141254 -14.052787 -3.242685 -2.3e-05 -18.787418 -5e-06 -0.429731 -8.456131 2.555537 1e-06 1e-06 -0.0 -15.923662 -20.094599 -5.473602 30.41943 -7.190825 1.735962 -1.1e-05 -8.162988 2e-06 -1.86195 -22.861731 -6.168037 -2e-06 -3e-06 -1e-06 -172.410812 7.678114 -2.672579 6.220408 0.027066 0.14191 -78.874573 -0.754999 1.602583 -5.878478 1.481356 2.126096 -1.000001 0.0 0.0 -22.950739 -8.388329 -9.81024 36.437168 0.06138 -0.089744 -70.073898 0.157179 -2.036537 -11.152797 0.844335 1.646722 -1.000001 0.0 0.0 
0.0 0.0 0.0 0.0 -0.0 0.0 44.530621 98.804543 512.115295 95.460472 2.166479 96.536491 2.578632 -4.997789 -0.713308 -9.777082 -1.306902 -1.050309 14.517268 -0.34617 -3.4265 15.811364 -0.998922 2.194134 -2.440143 -0.632801 0.763446 -35.661243 -1.368006 1.066245 6e-06 0.0 1e-06 0.082088 0.013593 -0.027941 0.026454 0.005071 -0.045988 0.048271 0.014164 -0.003165 -116.336609 -76.389191 131.915756 44.410076 -51.129608 -1.901585 38.740509 -0.298784 -0.098775 -3.583971 5.075704 -0.609589 17.636791 -26.322954 52.411663 -19.466885 -14.395744 29.410719 1.9e-05 -8.774959 -7e-06 15.533513 -18.072762 6.06397 -0.609787 -1.795673 -3.889358 -4.807173 -11.046956 -2.937882 -3.3e-05 -20.976351 -9e-06 -5.020098 -25.034084 -4.032004 5e-06 4e-06 1e-06 -10.634653 -5.687046 -3.565612 10.573382 -17.923151 -3.113946 -2.1e-05 -13.821419 -1.3e-05 -0.501808 -31.182163 -4.027159 -11.645771 -59.296555 7.34357 -13.982871 -7.150294 -2.875056 13.772889 -8.401565 -3.218282 0.347689 -34.212132 0.771637 -0.963065 -17.733715 2.621044 0.0 1e-06 0.0 -17.346649 -20.095459 -4.201795 21.757837 -1.638353 3.866478 -1e-05 -6.33892 -5e-06 -1.697649 -22.592211 -6.194169 -3e-06 -3e-06 0.0 57.447063 -74.998482 139.787476 33.309059 -60.10434 8.060164 32.101856 -0.414743 -0.15966 -1.114592 -2.009751 5.161049 22.182344 -20.376143 49.933922 -16.702061 -16.743799 28.476984 2.8e-05 -12.69085 8e-06 16.360521 -17.751406 2.410935 -0.10592 -1.513872 -4.275928 -5.039132 -5.61297 -2.953595 -2.4e-05 -11.02074 -7e-06 -6.111478 -15.895749 -3.840563 -1e-06 1e-06 0.0 -10.283506 -5.680378 -4.341877 11.028444 -11.302552 -2.37268 -1.384329 -14.238871 -6.320252 -0.625498 -26.924887 -3.82775 -4.244419 -49.841537 -3.927437 -13.708707 -7.363594 -3.720964 18.141415 -14.052916 -3.242739 -4.2e-05 -18.787657 -1.5e-05 -0.429743 -8.456251 2.555552 2e-06 -2e-06 -1e-06 -15.923789 -20.094776 -5.473619 30.419689 -7.190859 1.735953 -1.8e-05 -8.163081 -7e-06 -1.861984 -22.86207 -6.168149 0.0 -3e-06 -3e-06 -169.909119 8.19276 -1.963049 6.344853 -0.003129 0.030991 -80.671196 -0.947455 1.557843 -5.984797 1.551316 2.137344 -1.000006 1e-06 0.0 -22.940434 -8.543692 -10.10445 23.390102 0.131817 -0.037347 -68.677536 -1.200072 -2.223378 -10.940617 0.911376 1.651632 -1.000006 -0.0 -0.0 
0.0 0.0 0.0 0.0 -0.0 0.0 44.593887 98.210121 516.187805 96.063034 1.936227 97.078506 2.533494 -5.429034 -0.601177 -9.809634 -1.431529 -1.199868 14.445538 -0.538369 -3.410415 16.173012 -0.523213 2.263762 -2.432448 -0.592865 0.468758 -35.516716 -1.419335 0.791599 5e-06 -0.0 -0.0 0.093198 0.013598 0.001143 0.021322 0.020785 -0.011079 0.041556 -0.000708 0.022739 -115.777702 -76.88958 131.244247 45.396233 -50.634201 -2.836971 39.406189 -0.096209 -0.10178 -3.356423 5.135201 -0.666344 17.63677 -26.322912 52.411583 -19.466923 -14.395751 29.410719 5e-06 -8.774954 -3e-06 15.576611 -18.264259 6.091924 -0.609783 -1.795677 -3.88936 -4.807156 -11.046948 -2.937885 4e-06 -20.976339 -2.5e-05 -5.020047 -25.034061 -4.031993 5e-06 1e-06 0.0 -10.634636 -5.687036 -3.565607 10.573403 -17.923162 -3.113959 4e-06 -13.821423 -1.8e-05 -0.501751 -31.182171 -4.027146 -11.451297 -59.381134 6.960056 -13.982855 -7.150279 -2.875051 13.772894 -8.401582 -3.218292 0.347755 -34.212128 0.771609 -0.963035 -17.733717 2.621051 -2e-06 2e-06 0.0 -17.346611 -20.095432 -4.201798 21.757828 -1.63838 3.866466 0.0 -6.338916 -8e-06 -1.697615 -22.592201 -6.19416 -1e-06 -6e-06 -1e-06 58.287708 -74.579636 138.718002 32.184357 -60.611115 9.801868 31.514965 -0.258654 -0.113738 -1.097737 -2.273958 5.695651 22.182327 -20.376047 49.933628 -16.701996 -16.743671 28.47678 -4e-06 -12.690756 -1e-05 16.408083 -17.816965 2.421983 -0.10592 -1.513869 -4.275905 -5.03909 -5.612927 -2.953581 7e-06 -11.020666 -1e-06 -6.111373 -15.895591 -3.840532 -2e-06 -1e-06 5e-06 -10.283455 -5.680336 -4.341867 11.028406 -11.302521 -2.372652 -1.384287 -14.238767 -6.320198 -0.625432 -26.924656 -3.827673 -4.194447 -50.155857 -3.828268 -13.708634 -7.363536 -3.720963 18.141336 -14.052885 -3.242705 1.7e-05 -18.787525 -5e-06 -0.429711 -8.456189 2.555549 1e-06 2e-06 -2e-06 -15.923677 -20.094656 -5.47361 30.419512 -7.190908 1.735951 7e-06 -8.163033 -3e-06 -1.8619 -22.861864 -6.16806 2e-06 -6e-06 -1e-06 -167.661148 8.472808 -1.554564 6.923414 -0.023264 -0.031104 -82.213715 -0.825607 1.542053 -6.448394 1.585074 2.137697 -1.000003 0.0 0.0 -22.856091 -8.567419 -9.240778 11.588313 0.232282 -0.078123 -69.126411 -2.065576 -2.643653 -10.699463 0.983282 1.60165 -1.000003 -0.0 -0.0 
0.0 0.0 0.0 0.0 -0.0 0.0 44.550877 97.620468 520.54541 96.109154 1.568136 97.51342 2.262786 -5.439648 -0.504025 -9.882893 -1.504074 -1.271454 14.416985 -0.609587 -3.24173 16.412268 -0.149861 2.259996 -2.451455 -0.593412 0.205036 -35.124599 -1.540743 0.719749 5e-06 -0.0 -0.0 0.083031 0.015013 -0.018402 0.047759 0.028039 -0.022693 0.051556 -0.003497 -0.002153 -117.416924 -76.956924 132.591263 45.556259 -50.031296 -3.322919 39.602837 -0.236579 -0.088817 -2.983648 5.251267 -0.668933 17.636723 -26.322805 52.411392 -19.466845 -14.395678 29.410593 -8e-06 -8.774904 -5e-06 15.7482 -18.465101 6.059091 -0.60978 -1.795666 -3.889346 -4.807112 -11.046882 -2.937879 3.7e-05 -20.976217 -3.4e-05 -5.019973 -25.033894 -4.031964 4e-06 2e-06 -1e-06 -10.634583 -5.686997 -3.565604 10.573365 -17.923082 -3.113944 2.4e-05 -13.821339 -1.7e-05 -0.501707 -31.181938 -4.027107 -11.343779 -59.515278 6.606772 -13.982778 -7.150228 -2.875055 13.772826 -8.401559 -3.218272 0.347803 -34.21191 0.771609 -0.963005 -17.733604 2.621049 -1e-06 1e-06 4e-06 -17.3465 -20.095314 -4.201808 21.757706 -1.638401 3.866453 9e-06 -6.338882 -4e-06 -1.697557 -22.592039 -6.194124 1e-06 -6e-06 -3e-06 57.538818 -74.106552 139.328247 31.213329 -60.517609 12.378471 30.261925 0.088688 0.001142 -1.450941 -3.097093 6.690933 22.182199 -20.375999 49.933506 -16.701933 -16.743643 28.476707 -1.1e-05 -12.690701 6e-06 16.439569 -17.88752 2.442031 -0.105918 -1.513863 -4.275895 -5.03907 -5.612902 -2.953569 1e-05 -11.020611 -4e-06 -6.111348 -15.8955 -3.840513 1e-06 0.0 -1e-06 -10.283414 -5.680308 -4.341849 11.028368 -11.302472 -2.372656 -1.384269 -14.238688 -6.320172 -0.625413 -26.924494 -3.827651 -4.29678 -50.22654 -3.730314 -13.708587 -7.363503 -3.720945 18.141275 -14.052824 -3.242707 1.5e-05 -18.787424 -5e-06 -0.429711 -8.456141 2.555532 2e-06 0.0 -2e-06 -15.923606 -20.094564 -5.473596 30.419399 -7.190874 1.735922 7e-06 -8.162988 -3e-06 -1.861896 -22.861725 -6.168012 -0.0 -5e-06 -3e-06 -165.958527 8.020446 -1.619911 8.426176 -0.042386 -0.051592 -83.609703 -0.445315 1.45425 -7.090812 1.535317 2.159239 -1.000001 0.0 -0.0 -23.60886 -8.146356 -7.805928 3.803204 0.125929 -0.048368 -71.207581 -2.79296 -3.412541 -10.425457 1.064025 1.541967 -1.000004 -0.0 -0.0 
0.0 0.0 0.0 0.0 -0.0 0.0 44.545357 96.963753 524.687744 95.837357 1.258207 97.718147 1.95093 -5.172931 -0.390337 -9.947042 -1.56065 -1.409538 14.502667 -0.660931 -3.038664 16.476925 -0.05744 2.173238 -2.48257 -0.544853 0.296781 -34.987617 -1.698704 0.770463 5e-06 0.0 0.0 0.081606 0.011023 -0.062576 0.092598 0.012979 -0.049147 0.088695 0.004684 -0.065051 -119.449776 -76.755127 134.412659 45.044739 -49.593304 -3.483484 39.658989 -0.457579 -0.199268 -2.55819 5.494027 -0.5231 17.63669 -26.322866 52.411461 -19.466774 -14.39568 29.410587 6e-06 -8.774892 -3e-06 15.901566 -18.63212 6.073785 -0.609779 -1.795661 -3.889345 -4.807129 -11.04688 -2.937868 -7e-06 -20.9762 0.0 -5.02003 -25.033871 -4.031943 6e-06 0.0 1e-06 -10.634584 -5.687001 -3.565602 10.573329 -17.923052 -3.113923 -8e-06 -13.821321 2e-06 -0.5018 -31.181887 -4.027073 -11.427081 -59.747902 6.695718 -13.982779 -7.150236 -2.875054 13.772808 -8.401535 -3.218263 0.347714 -34.211884 0.771666 -0.963054 -17.733589 2.621058 -1e-06 1e-06 -1e-06 -17.346514 -20.095318 -4.201795 21.757694 -1.638372 3.866453 -2e-06 -6.338879 4e-06 -1.697616 -22.592024 -6.194094 -0.0 -5e-06 -1e-06 56.461685 -73.843735 140.529694 31.300304 -60.261189 13.935886 28.784132 0.409923 0.105127 -1.828082 -3.689542 7.405353 22.182186 -20.375996 49.933506 -16.701956 -16.743624 28.476725 -1.6e-05 -12.690691 1.1e-05 16.411318 -17.867962 2.494576 -0.105917 -1.513865 -4.275895 -5.039065 -5.612914 -2.95357 1.2e-05 -11.020644 -2e-06 -6.111331 -15.895559 -3.84051 2e-06 0.0 -4e-06 -10.283409 -5.680316 -4.341849 11.02836 -11.302493 -2.372658 -1.384262 -14.238729 -6.320177 -0.625411 -26.924593 -3.827655 -4.279235 -50.352688 -3.777431 -13.708576 -7.363511 -3.720944 18.141262 -14.052854 -3.242714 2e-05 -18.787479 -9e-06 -0.429711 -8.456166 2.555533 3e-06 -1e-06 -1e-06 -15.923597 -20.094593 -5.473596 30.419382 -7.190877 1.735911 4e-06 -8.163011 -6e-06 -1.861887 -22.861801 -6.168029 3e-06 -1e-06 1e-06 -164.738739 7.191451 -2.048414 10.670065 -0.031745 0.022139 -84.862556 0.172763 1.162351 -8.631 1.554741 2.159731 -1.000003 -0.0 -0.0 -25.061302 -7.595189 -7.616836 1.499357 0.063442 0.178582 -73.029617 -2.826616 -4.463536 -10.470194 1.057819 1.529248 -1.000007 -0.0 -0.0 
